timestamp,H,H_chaudf,H_eupen,H_stavelot,H_troisponts,H_comblain,H_huy,Q,Q_chaudf,P_ourthe,P_vesdre,P_fagnes,H_lag1,H_lag2,H_lag3,H_lag5,H_lag7,H_eupen_lag0,H_chaudf_lag0,H_eupen_lag1,H_chaudf_lag1,H_eupen_lag2,H_chaudf_lag2,Q_lag1,Q_lag2,Q_lag3,P_ourthe_lag0,P_vesdre_lag0,P_fagnes_lag0,P_ourthe_lag1,P_vesdre_lag1,P_fagnes_lag1,P_ourthe_lag2,P_vesdre_lag2,P_fagnes_lag2,P_ourthe_lag3,P_vesdre_lag3,P_fagnes_lag3,P_ourthe_3d,P_vesdre_3d,P_fagnes_3d,P_basin_3d,P_ourthe_7d,P_vesdre_7d,P_fagnes_7d,P_basin_7d,P_ourthe_14d,P_vesdre_14d,P_fagnes_14d,P_basin_14d,H_delta1d,H_delta3d,doy,month,sin_doy,cos_doy,H_t1,H_t2,H_t3
2021-06-01 00:00:00+00:00,0.472,0.619,0.619,0.978,0.289,0.466,1.249,22.343,6.48,1.7,0.0,0.0,,,,,,0.619,0.619,,,,,,,,1.7,0.0,0.0,,,,,,,,,,,,,,,,,,,,,,,,152,6,0.5027907197793043,-0.8644081744776648,0.461,0.522,0.734
2021-06-02 00:00:00+00:00,0.461,0.662,0.619,0.996,0.392,0.452,1.243,20.885,7.901,7.06,5.4,6.5,0.472,,,,,0.619,0.662,0.619,0.619,,,22.343,,,7.06,5.4,6.5,1.7,0.0,0.0,,,,,,,,,,,,,,,,,,,-0.010999999999999954,,153,6,0.4878471454423119,-0.8729290708206411,0.522,0.734,0.625
2021-06-03 00:00:00+00:00,0.522,0.83,0.659,1.264,0.652,0.669,1.268,29.86,13.9,5.1,27.4,11.7,0.461,0.472,,,,0.659,0.83,0.619,0.662,0.619,0.619,20.885,22.343,,5.1,27.4,11.7,7.06,5.4,6.5,1.7,0.0,0.0,,,,13.86,32.8,18.2,64.86,,,,,,,,,0.061,,154,6,0.47275920928627757,-0.881191653407483,0.734,0.625,0.569
2021-06-04 00:00:00+00:00,0.734,0.915,0.66,1.311,0.755,1.006,1.248,68.771,16.534,4.0,0.7,1.6,0.522,0.461,0.472,,,0.66,0.915,0.659,0.83,0.619,0.662,29.86,20.885,22.343,4.0,0.7,1.6,5.1,27.4,11.7,7.06,5.4,6.5,1.7,0.0,0.0,16.16,33.5,19.8,69.46,,,,,,,,,0.21199999999999997,0.262,155,6,0.4575313760742512,-0.8891934772070711,0.625,0.569,0.538
2021-06-05 00:00:00+00:00,0.625,0.774,0.644,1.152,0.565,0.778,1.261,47.359,11.117,0.2,0.2,0.6,0.734,0.522,0.461,,,0.644,0.774,0.66,0.915,0.659,0.83,68.771,29.86,20.885,0.2,0.2,0.6,4.0,0.7,1.6,5.1,27.4,11.7,7.06,5.4,6.5,9.299999999999999,28.299999999999997,13.899999999999999,51.5,,,,,,,,,-0.10899999999999999,0.16399999999999998,156,6,0.44216815196707204,-0.8969321743510065,0.569,0.538,0.51
2021-06-06 00:00:00+00:00,0.569,0.722,0.639,1.101,0.502,0.677,1.261,37.339,9.422,0.0,0.0,0.0,0.625,0.734,0.522,0.472,,0.639,0.722,0.644,0.774,0.66,0.915,47.359,68.771,29.86,0.0,0.0,0.0,0.2,0.2,0.6,4.0,0.7,1.6,5.1,27.4,11.7,4.2,0.8999999999999999,2.2,7.300000000000001,,,,,,,,,-0.05600000000000005,0.04699999999999993,157,6,0.42667408318992467,-0.9044054548343001,0.538,0.51,0.483
2021-06-07 00:00:00+00:00,0.538,0.683,0.637,1.082,0.462,0.616,1.255,32.1,8.232,0.0,0.0,0.0,0.569,0.625,0.734,0.461,,0.637,0.683,0.639,0.722,0.644,0.774,37.339,47.359,68.771,0.0,0.0,0.0,0.0,0.0,0.0,0.2,0.2,0.6,4.0,0.7,1.6,0.2,0.2,0.6,1.0,18.06,33.699999999999996,20.4,72.16,,,,,-0.030999999999999917,-0.19599999999999995,158,6,0.4110537546870351,-0.9116111071930239,0.51,0.483,0.46
2021-06-08 00:00:00+00:00,0.51,0.645,0.634,1.041,0.431,0.564,1.247,27.876,7.178,0.0,0.0,0.0,0.538,0.569,0.625,0.522,0.472,0.634,0.645,0.637,0.683,0.639,0.722,32.1,37.339,47.359,0.0,0.0,0.0,0.0,0.0,0.0,0.0,0.0,0.0,0.2,0.2,0.6,0.0,0.0,0.0,0.0,16.36,33.699999999999996,20.4,70.46,,,,,-0.028000000000000025,-0.11499999999999999,159,6,0.3953117887649151,-0.9185469991587165,0.483,0.46,0.452
2021-06-09 00:00:00+00:00,0.483,0.611,0.626,0.964,0.399,0.508,1.262,23.848,6.287,0.0,0.0,0.0,0.51,0.538,0.569,0.734,0.461,0.626,0.611,0.634,0.645,0.637,0.683,27.876,32.1,37.339,0.0,0.0,0.0,0.0,0.0,0.0,0.0,0.0,0.0,0.0,0.0,0.0,0.0,0.0,0.0,0.0,9.299999999999999,28.299999999999997,13.899999999999999,51.5,,,,,-0.027000000000000024,-0.08599999999999997,160,6,0.37945284372454435,-0.925211078289358,0.46,0.452,0.444
2021-06-10 00:00:00+00:00,0.46,0.594,0.625,1.002,0.379,0.472,1.238,20.794,5.86,0.0,0.0,0.0,0.483,0.51,0.538,0.625,0.522,0.625,0.594,0.626,0.611,0.634,0.645,23.848,27.876,32.1,0.0,0.0,0.0,0.0,0.0,0.0,0.0,0.0,0.0,0.0,0.0,0.0,0.0,0.0,0.0,0.0,4.2,0.8999999999999999,2.2,7.300000000000001,,,,,-0.022999999999999965,-0.07800000000000001,161,6,0.36348161248290634,-0.9316013725767187,0.452,0.444,0.426
2021-06-11 00:00:00+00:00,0.452,0.581,0.623,0.983,0.369,0.454,1.237,19.741,5.554,0.0,0.1,0.2,0.46,0.483,0.51,0.569,0.734,0.623,0.581,0.625,0.594,0.626,0.611,20.794,23.848,27.876,0.0,0.1,0.2,0.0,0.0,0.0,0.0,0.0,0.0,0.0,0.0,0.0,0.0,0.1,0.2,0.30000000000000004,0.2,0.30000000000000004,0.8,1.3,,,,,-0.008000000000000007,-0.057999999999999996,162,6,0.3474028211842774,-0.9377159910299093,0.444,0.426,0.424
2021-06-12 00:00:00+00:00,0.444,0.572,0.621,0.927,0.355,0.433,1.256,18.731,5.336,0.0,0.0,0.0,0.452,0.46,0.483,0.538,0.625,0.621,0.572,0.623,0.581,0.625,0.594,19.741,20.794,23.848,0.0,0.0,0.0,0.0,0.1,0.2,0.0,0.0,0.0,0.0,0.0,0.0,0.0,0.1,0.2,0.30000000000000004,0.0,0.1,0.2,0.30000000000000004,,,,,-0.008000000000000007,-0.03899999999999998,163,6,0.3312212278016865,-0.9435531242349544,0.426,0.424,0.416
2021-06-13 00:00:00+00:00,0.426,0.556,0.621,0.976,0.336,0.406,1.218,16.661,4.972,0.0,0.0,0.0,0.444,0.452,0.46,0.51,0.569,0.621,0.556,0.621,0.572,0.623,0.581,18.731,19.741,20.794,0.0,0.0,0.0,0.0,0.0,0.0,0.0,0.1,0.2,0.0,0.0,0.0,0.0,0.1,0.2,0.30000000000000004,0.0,0.1,0.2,0.30000000000000004,,,,,-0.018000000000000016,-0.03400000000000003,164,6,0.31494162072895193,-0.9491110448902284,0.424,0.416,0.407
2021-06-14 00:00:00+00:00,0.424,0.547,0.621,0.956,0.328,0.402,1.235,16.392,4.791,0.0,0.0,0.0,0.426,0.444,0.452,0.483,0.538,0.621,0.547,0.621,0.556,0.621,0.572,16.661,18.731,19.741,0.0,0.0,0.0,0.0,0.0,0.0,0.0,0.0,0.0,0.0,0.1,0.2,0.0,0.0,0.0,0.0,0.0,0.1,0.2,0.30000000000000004,18.06,33.8,20.599999999999998,72.46,-0.0020000000000000018,-0.028000000000000025,165,6,0.2985688173637202,-0.9543881083175908,0.416,0.407,0.401
2021-06-15 00:00:00+00:00,0.416,0.544,0.62,0.94,0.311,0.387,1.23,15.466,4.711,0.0,0.0,0.0,0.424,0.426,0.444,0.46,0.51,0.62,0.544,0.621,0.547,0.621,0.556,16.392,16.661,18.731,0.0,0.0,0.0,0.0,0.0,0.0,0.0,0.0,0.0,0.0,0.0,0.0,0.0,0.0,0.0,0.0,0.0,0.1,0.2,0.30000000000000004,16.36,33.8,20.599999999999998,70.75999999999999,-0.008000000000000007,-0.028000000000000025,166,6,0.2821076626819194,-0.9593827529490743,0.407,0.401,0.397
2021-06-16 00:00:00+00:00,0.407,0.538,0.62,0.927,0.306,0.373,1.239,14.501,4.584,0.0,0.0,0.0,0.416,0.424,0.426,0.452,0.483,0.62,0.538,0.62,0.544,0.621,0.547,15.466,16.392,16.661,0.0,0.0,0.0,0.0,0.0,0.0,0.0,0.0,0.0,0.0,0.0,0.0,0.0,0.0,0.0,0.0,0.0,0.1,0.2,0.30000000000000004,9.299999999999999,28.4,14.1,51.800000000000004,-0.009000000000000008,-0.019000000000000017,167,6,0.26556302780405594,-0.9640935007889755,0.401,0.397,0.499
2021-06-17 00:00:00+00:00,0.401,0.532,0.624,0.92,0.297,0.36,1.243,13.934,4.458,0.0,0.0,0.2,0.407,0.416,0.424,0.444,0.46,0.624,0.532,0.62,0.538,0.62,0.544,14.501,15.466,16.392,0.0,0.0,0.2,0.0,0.0,0.0,0.0,0.0,0.0,0.0,0.0,0.0,0.0,0.0,0.2,0.2,0.0,0.1,0.4,0.5,4.2,1.0,2.6,7.800000000000001,-0.00599999999999995,-0.022999999999999965,168,6,0.24893980855376657,-0.9685189578512204,0.397,0.499,0.517
2021-06-18 00:00:00+00:00,0.397,0.554,0.627,0.902,0.321,0.351,1.243,13.495,5.029,21.7,26.0,24.35,0.401,0.407,0.416,0.426,0.452,0.627,0.554,0.624,0.532,0.62,0.538,13.934,14.501,15.466,21.7,26.0,24.35,0.0,0.0,0.2,0.0,0.0,0.0,0.0,0.0,0.0,21.7,26.0,24.55,72.25000000000001,21.7,26.0,24.55,72.25000000000001,21.9,26.3,25.35,73.55000000000001,-0.0040000000000000036,-0.01899999999999996,169,6,0.23224292400907015,-0.9726578145718654,0.499,0.517,0.544
2021-06-19 00:00:00+00:00,0.499,0.742,0.631,1.171,0.547,0.558,1.218,27.065,10.316,6.7,5.0,3.4,0.397,0.401,0.407,0.424,0.444,0.631,0.742,0.627,0.554,0.624,0.532,13.495,13.934,14.501,6.7,5.0,3.4,21.7,26.0,24.35,0.0,0.0,0.2,0.0,0.0,0.0,28.4,31.0,27.95,87.35000000000001,28.4,31.0,27.95,87.35000000000001,28.4,31.1,28.15,87.65,0.10199999999999998,0.09200000000000003,170,6,0.21547731504673012,-0.976508846196619,0.517,0.544,0.581
2021-06-20 00:00:00+00:00,0.517,0.684,0.626,1.042,0.408,0.565,1.309,28.874,8.292,3.6,11.5,14.7,0.499,0.397,0.401,0.416,0.426,0.626,0.684,0.631,0.742,0.627,0.554,27.065,13.495,13.934,3.6,11.5,14.7,6.7,5.0,3.4,21.7,26.0,24.35,0.0,0.0,0.2,32.0,42.5,42.45,116.95000000000002,32.0,42.5,42.65,117.15,32.0,42.6,42.85,117.45000000000002,0.018000000000000016,0.11599999999999999,171,6,0.19864794288017112,-0.9800709131432666,0.544,0.581,0.518
2021-06-21 00:00:00+00:00,0.544,0.713,0.629,1.041,0.451,0.612,1.264,33.124,9.198,11.3,11.2,12.0,0.517,0.499,0.397,0.407,0.424,0.629,0.713,0.626,0.684,0.631,0.742,28.874,27.065,13.495,11.3,11.2,12.0,3.6,11.5,14.7,6.7,5.0,3.4,21.7,26.0,24.35,21.6,27.7,30.1,79.4,43.3,53.7,54.65,151.65,43.3,53.8,54.85,151.95000000000002,0.027000000000000024,0.14700000000000002,172,6,0.18175978759137534,-0.9833429613388902,0.581,0.518,0.477
2021-06-22 00:00:00+00:00,0.581,0.731,0.639,1.019,0.44,0.661,1.27,39.427,9.744,0.3,0.0,0.9,0.544,0.517,0.499,0.401,0.416,0.639,0.731,0.629,0.713,0.626,0.684,33.124,28.874,27.065,0.3,0.0,0.9,11.3,11.2,12.0,3.6,11.5,14.7,6.7,5.0,3.4,15.200000000000003,22.7,27.6,65.5,43.6,53.7,55.55,152.85000000000002,43.6,53.8,55.75,153.15,0.03699999999999992,0.08199999999999996,173,6,0.16481784665719793,-0.9863240225317866,0.518,0.477,0.444
2021-06-23 00:00:00+00:00,0.518,0.641,0.633,0.998,0.384,0.538,1.26,29.066,7.061,0.0,0.0,0.0,0.581,0.544,0.517,0.397,0.407,0.633,0.641,0.639,0.731,0.629,0.713,39.427,33.124,28.874,0.0,0.0,0.0,0.3,0.0,0.9,11.3,11.2,12.0,3.6,11.5,14.7,11.600000000000001,11.2,12.9,35.7,43.6,53.7,55.55,152.85000000000002,43.6,53.8,55.75,153.15,-0.06299999999999994,0.0010000000000000009,174,6,0.14782713347053048,-0.9890132145779883,0.477,0.444,0.426
2021-06-24 00:00:00+00:00,0.477,0.604,0.634,0.93,0.352,0.466,1.221,23.096,6.116,0.0,0.0,0.0,0.518,0.581,0.544,0.499,0.401,0.634,0.604,0.633,0.641,0.639,0.731,29.066,39.427,33.124,0.0,0.0,0.0,0.0,0.0,0.0,0.3,0.0,0.9,11.3,11.2,12.0,0.3,0.0,0.9,1.2,43.6,53.7,55.349999999999994,152.65000000000003,43.6,53.8,55.75,153.15,-0.041000000000000036,-0.06700000000000006,175,6,0.13079267585675922,-0.9914097417023038,0.444,0.426,0.47
2021-06-25 00:00:00+00:00,0.444,0.585,0.637,0.904,0.316,0.414,1.214,18.793,5.632,0.0,0.0,0.0,0.477,0.518,0.581,0.517,0.397,0.637,0.585,0.634,0.604,0.633,0.641,23.096,29.066,39.427,0.0,0.0,0.0,0.0,0.0,0.0,0.0,0.0,0.0,0.3,0.0,0.9,0.0,0.0,0.0,0.0,21.900000000000002,27.7,31.0,80.6,43.6,53.7,55.550000000000004,152.85,-0.032999999999999974,-0.13699999999999996,176,6,0.11371951458594969,-0.9935128947338007,0.426,0.47,0.631
2021-06-26 00:00:00+00:00,0.426,0.57,0.633,0.95,0.354,0.395,1.205,16.623,5.312,24.1,23.9,11.9,0.444,0.477,0.518,0.544,0.499,0.633,0.57,0.637,0.585,0.634,0.604,18.793,23.096,29.066,24.1,23.9,11.9,0.0,0.0,0.0,0.0,0.0,0.0,0.0,0.0,0.0,24.1,23.9,11.9,59.9,39.300000000000004,46.599999999999994,39.5,125.4,67.7,77.6,67.45,212.75,-0.018000000000000016,-0.09200000000000003,177,6,0.0966127018812031,-0.9953220513156602,0.47,0.631,0.847
2021-06-27 00:00:00+00:00,0.47,0.661,0.634,1.088,0.486,0.498,1.242,22.2,7.673,8.7,9.0,6.2,0.426,0.444,0.477,0.581,0.517,0.634,0.661,0.633,0.57,0.637,0.585,16.623,18.793,23.096,8.7,9.0,6.2,24.1,23.9,11.9,0.0,0.0,0.0,0.0,0.0,0.0,32.8,32.9,18.1,83.8,44.400000000000006,44.099999999999994,31.0,119.5,76.4,86.6,73.65,236.65,0.043999999999999984,-0.007000000000000006,178,6,0.07947729992362097,-0.9968366760893436,0.631,0.847,0.89
2021-06-28 00:00:00+00:00,0.631,0.838,0.636,1.123,0.522,0.823,1.267,48.744,13.958,20.4,16.7,19.0,0.47,0.426,0.444,0.518,0.544,0.636,0.838,0.634,0.661,0.633,0.57,22.2,16.623,18.793,20.4,16.7,19.0,8.7,9.0,6.2,24.1,23.9,11.9,0.0,0.0,0.0,53.2,49.599999999999994,37.1,139.89999999999998,53.5,49.599999999999994,38.0,141.1,96.8,103.3,92.65,292.75,0.16100000000000003,0.187,179,6,0.062318379354325076,-0.998056320853012,0.847,0.89,0.763
2021-06-29 00:00:00+00:00,0.847,1.118,0.683,1.297,0.745,1.227,1.345,93.024,25.456,22.2,5.7,10.9,0.631,0.47,0.426,0.477,0.581,0.683,1.118,0.636,0.838,0.634,0.661,48.744,22.2,16.623,22.2,5.7,10.9,20.4,16.7,19.0,8.7,9.0,6.2,24.1,23.9,11.9,51.3,31.4,36.1,118.79999999999998,75.4,55.3,48.0,178.7,119.0,109.0,103.55000000000001,331.55,0.21599999999999997,0.421,180,6,0.04514101777397193,-0.9989806246941579,0.89,0.763,0.666
2021-06-30 00:00:00+00:00,0.89,0.97,0.663,1.207,0.64,1.238,1.312,102.039,18.617,2.0,3.1,5.7,0.847,0.631,0.47,0.444,0.518,0.663,0.97,0.683,1.118,0.636,0.838,93.024,48.744,22.2,2.0,3.1,5.7,22.2,5.7,10.9,20.4,16.7,19.0,8.7,9.0,6.2,44.599999999999994,25.5,35.6,105.69999999999999,77.4,58.39999999999999,53.7,189.5,121.0,112.1,109.25,342.34999999999997,0.04300000000000004,0.42000000000000004,181,6,0.02795029824021032,-0.999609314096404,0.763,0.666,0.623
2021-07-01 00:00:00+00:00,0.763,0.829,0.647,1.147,0.571,1.006,1.293,74.343,13.111,0.0,0.0,0.0,0.89,0.847,0.631,0.426,0.477,0.647,0.829,0.663,0.97,0.683,1.118,102.039,93.024,48.744,0.0,0.0,0.0,2.0,3.1,5.7,22.2,5.7,10.9,20.4,16.7,19.0,24.2,8.8,16.6,49.599999999999994,77.4,58.39999999999999,53.7,189.5,121.0,112.1,109.05,342.15,-0.127,0.132,182,7,0.01075130776352193,-0.9999422030204416,0.666,0.623,0.621
2021-07-02 00:00:00+00:00,0.666,0.729,0.637,1.085,0.52,0.82,1.247,54.994,9.649,0.0,0.0,0.9,0.763,0.89,0.847,0.47,0.444,0.637,0.729,0.647,0.829,0.663,0.97,74.343,102.039,93.024,0.0,0.0,0.9,0.0,0.0,0.0,2.0,3.1,5.7,22.2,5.7,10.9,2.0,3.1,6.6000000000000005,11.700000000000001,77.4,58.39999999999999,54.6,190.4,99.3,86.1,85.6,271.0,-0.09699999999999998,-0.18099999999999994,183,7,-0.00645086419810515,-0.9999791929590823,0.623,0.621,0.621
2021-07-03 00:00:00+00:00,0.623,0.743,0.637,1.048,0.497,0.732,1.273,46.846,10.218,4.3,3.7,22.1,0.666,0.763,0.89,0.631,0.426,0.637,0.743,0.637,0.729,0.647,0.829,54.994,74.343,102.039,4.3,3.7,22.1,0.0,0.0,0.9,0.0,0.0,0.0,2.0,3.1,5.7,4.3,3.7,23.0,31.0,57.599999999999994,38.2,64.80000000000001,160.6,96.89999999999999,84.8,104.30000000000001,286.0,-0.04300000000000004,-0.267,184,7,-0.023651127245231586,-0.9997202729664083,0.621,0.621,0.585
2021-07-04 00:00:00+00:00,0.621,0.816,0.638,1.142,0.516,0.732,1.292,46.563,12.604,11.7,9.7,9.2,0.623,0.666,0.763,0.847,0.47,0.638,0.816,0.637,0.743,0.637,0.729,46.846,54.994,74.343,11.7,9.7,9.2,4.3,3.7,22.1,0.0,0.0,0.9,0.0,0.0,0.0,16.0,13.399999999999999,32.2,61.599999999999994,60.599999999999994,38.9,67.8,167.29999999999998,105.0,83.0,98.8,286.79999999999995,-0.0020000000000000018,-0.14200000000000002,185,7,-0.04084439154329611,-0.9991655196610109,0.621,0.585,0.538
2021-07-05 00:00:00+00:00,0.621,0.785,0.634,1.151,0.515,0.738,1.297,46.488,11.503,3.3,3.8,5.5,0.621,0.623,0.666,0.89,0.631,0.634,0.785,0.638,0.816,0.637,0.743,46.563,46.846,54.994,3.3,3.8,5.5,11.7,9.7,9.2,4.3,3.7,22.1,0.0,0.0,0.9,19.3,17.2,36.8,73.3,43.5,26.0,54.3,123.79999999999998,97.0,75.6,92.3,264.9,0.0,-0.04500000000000004,186,7,-0.05802556932878035,-0.9983150972033183,0.585,0.538,0.494
2021-07-06 00:00:00+00:00,0.585,0.71,0.631,1.056,0.467,0.65,1.29,40.022,9.039,0.0,0.0,0.1,0.621,0.621,0.623,0.763,0.847,0.631,0.71,0.634,0.785,0.638,0.816,46.488,46.563,46.846,0.0,0.0,0.1,3.3,3.8,5.5,11.7,9.7,9.2,4.3,3.7,22.1,15.0,13.5,14.799999999999999,43.3,21.3,20.3,43.5,85.10000000000001,96.7,75.6,91.50000000000001,263.8,-0.03600000000000003,-0.038000000000000034,187,7,-0.07518957641475855,-0.9971692572470178,0.538,0.494,0.49
2021-07-07 00:00:00+00:00,0.538,0.667,0.628,0.971,0.433,0.559,1.262,32.206,7.783,1.7,0.0,0.0,0.585,0.621,0.621,0.666,0.89,0.628,0.667,0.631,0.71,0.634,0.785,40.022,46.488,46.563,1.7,0.0,0.0,0.0,0.0,0.1,3.3,3.8,5.5,11.7,9.7,9.2,5.0,3.8,5.6,14.4,21.0,17.2,37.8,76.0,98.4,75.6,91.50000000000001,265.5,-0.04699999999999993,-0.08299999999999996,188,7,-0.09233133369539122,-0.9957283388645872,0.494,0.49,0.512
2021-07-08 00:00:00+00:00,0.494,0.661,0.626,0.962,0.415,0.486,1.223,25.515,7.624,0.0,0.0,2.0,0.538,0.585,0.621,0.623,0.763,0.626,0.661,0.628,0.667,0.631,0.71,32.206,40.022,46.488,0.0,0.0,2.0,1.7,0.0,0.0,0.0,0.0,0.1,3.3,3.8,5.5,1.7,0.0,2.1,3.8,21.0,17.2,39.8,78.0,98.4,75.6,93.50000000000001,267.5,-0.04400000000000004,-0.127,189,7,-0.10944576864891556,-0.993992768446958,0.49,0.512,0.493
2021-07-09 00:00:00+00:00,0.49,0.674,0.627,0.985,0.411,0.478,1.224,24.961,8.145,13.5,8.8,8.5,0.494,0.538,0.585,0.621,0.666,0.627,0.674,0.626,0.661,0.628,0.667,25.515,32.206,40.022,13.5,8.8,8.5,0.0,0.0,2.0,1.7,0.0,0.0,0.0,0.0,0.1,15.2,8.8,10.5,34.5,34.5,26.0,47.4,107.9,111.9,84.39999999999999,102.00000000000001,298.3,-0.0040000000000000036,-0.09499999999999997,190,7,-0.12652781683868314,-0.9919630595773397,0.512,0.493,0.493
2021-07-10 00:00:00+00:00,0.512,0.702,0.63,1.005,0.423,0.515,1.172,28.094,8.843,0.1,0.3,0.3,0.49,0.494,0.538,0.621,0.623,0.63,0.702,0.627,0.674,0.626,0.661,24.961,25.515,32.206,0.1,0.3,0.3,13.5,8.8,8.5,0.0,0.0,2.0,1.7,0.0,0.0,13.6,9.100000000000001,10.8,33.5,30.3,22.6,25.599999999999998,78.5,87.89999999999999,60.800000000000004,90.4,239.1,0.02200000000000002,-0.026000000000000023,191,7,-0.1435724234118113,-0.9896398128792412,0.493,0.493,1.401
2021-07-11 00:00:00+00:00,0.493,0.631,0.63,0.967,0.394,0.477,1.22,25.357,6.795,0.2,0.2,0.1,0.512,0.49,0.494,0.585,0.621,0.63,0.631,0.63,0.702,0.627,0.674,28.094,24.961,25.515,0.2,0.2,0.1,0.1,0.3,0.3,13.5,8.8,8.5,0.0,0.0,2.0,13.8,9.3,8.9,32.0,18.8,13.100000000000001,16.5,48.4,79.39999999999999,52.0,84.3,215.7,-0.019000000000000017,-0.0010000000000000009,192,7,-0.16057454459499376,-0.9870237158387383,0.493,1.401,3.501
2021-07-12 00:00:00+00:00,0.493,0.716,0.648,1.082,0.415,0.493,1.252,25.602,10.134,42.4,17.9,37.0,0.493,0.512,0.49,0.538,0.621,0.648,0.716,0.63,0.631,0.63,0.702,25.357,28.094,24.961,42.4,17.9,37.0,0.2,0.2,0.1,0.1,0.3,0.3,13.5,8.8,8.5,42.7,18.4,37.4,98.5,57.9,27.2,48.0,133.1,101.4,53.2,102.3,256.9,0.0,0.0030000000000000027,193,7,-0.17752914918703497,-0.984115542601034,1.401,3.501,2.902
2021-07-13 00:00:00+00:00,1.401,4.033,1.658,1.991,1.134,2.367,1.587,273.619,288.923,86.6,70.4,142.3,0.493,0.493,0.512,0.494,0.585,1.658,4.033,0.648,0.716,0.63,0.631,25.602,25.357,28.094,86.6,70.4,142.3,42.4,17.9,37.0,0.2,0.2,0.1,0.1,0.3,0.3,129.2,88.5,179.4,397.1,144.5,97.60000000000001,190.20000000000002,432.3,165.8,117.9,233.7,517.4,0.908,0.889,194,7,-0.19443122004766195,-0.9809161537413774,3.501,2.902,1.693
2021-07-14 00:00:00+00:00,3.501,4.906,,2.879,2.144,,2.728,892.185,402.9,22.8,7.4,31.9,1.401,0.493,0.493,0.49,0.538,,4.906,1.658,4.033,0.648,0.716,273.619,25.602,25.357,22.8,7.4,31.9,86.6,70.4,142.3,42.4,17.9,37.0,0.2,0.2,0.1,151.8,95.7,211.20000000000002,458.70000000000005,165.60000000000002,105.00000000000001,222.10000000000002,492.70000000000005,186.6,122.20000000000002,259.9,568.7,2.0999999999999996,3.008,195,7,-0.2112757555821793,-0.9774264960104055,2.902,1.693,1.27
2021-07-15 00:00:00+00:00,2.902,2.814,,2.175,1.402,,3.122,702.424,138.395,1.7,0.1,2.7,3.501,1.401,0.493,0.512,0.494,,2.814,,4.906,1.658,4.033,892.185,273.619,25.602,1.7,0.1,2.7,22.8,7.4,31.9,86.6,70.4,142.3,42.4,17.9,37.0,111.1,77.9,176.9,365.90000000000003,167.3,105.10000000000001,222.8,495.20000000000005,188.3,122.30000000000001,262.6,573.2,-0.5989999999999998,2.4090000000000003,196,7,-0.2280577712215198,-0.9736476020539838,1.693,1.27,1.061
2021-07-16 00:00:00+00:00,1.693,1.893,,1.799,1.095,,2.021,368.786,72.476,0.0,0.0,0.0,2.902,3.501,1.401,0.493,0.49,,1.893,,2.814,,4.906,702.424,892.185,273.619,0.0,0.0,0.0,1.7,0.1,2.7,22.8,7.4,31.9,86.6,70.4,142.3,24.5,7.5,34.6,66.6,153.8,96.30000000000001,214.3,464.40000000000003,188.3,122.30000000000001,261.7,572.3000000000001,-1.209,0.29200000000000004,197,7,-0.24477230089725957,-0.9695805901076308,1.27,1.061,0.929
2021-07-17 00:00:00+00:00,1.27,1.432,,1.61,0.922,,1.741,216.043,42.858,0.0,0.0,0.0,1.693,2.902,3.501,0.493,0.512,,1.432,,1.893,,2.814,368.786,702.424,892.185,0.0,0.0,0.0,0.0,0.0,0.0,1.7,0.1,2.7,22.8,7.4,31.9,1.7,0.1,2.7,4.5,153.7,96.00000000000001,214.0,463.70000000000005,184.0,118.60000000000001,239.6,542.2,-0.42300000000000004,-2.231,198,7,-0.2614143985111562,-0.965226663665613,1.061,0.929,0.839
2021-07-18 00:00:00+00:00,1.061,1.143,,1.506,0.828,,1.551,148.111,27.016,0.0,0.0,0.0,1.27,1.693,2.902,1.401,0.493,,1.143,,1.432,,1.893,216.043,368.786,702.424,0.0,0.0,0.0,0.0,0.0,0.0,0.0,0.0,0.0,1.7,0.1,2.7,0.0,0.0,0.0,0.0,153.5,95.80000000000001,213.9,463.20000000000005,172.3,108.9,230.39999999999998,511.6,-0.20900000000000007,-1.8410000000000002,199,7,-0.2779791393987801,-0.9605871111248129,0.929,0.839,0.764
2021-07-19 00:00:00+00:00,0.929,1.021,,1.373,0.765,,1.422,111.378,20.681,0.0,0.0,0.0,1.061,1.27,1.693,3.501,0.493,,1.021,,1.143,,1.432,148.111,216.043,368.786,0.0,0.0,0.0,0.0,0.0,0.0,0.0,0.0,0.0,0.0,0.0,0.0,0.0,0.0,0.0,0.0,111.1,77.9,176.9,365.90000000000003,169.0,105.10000000000001,224.89999999999998,499.00000000000006,-0.1319999999999999,-0.764,200,7,-0.2944616217868012,-0.9556633054034704,0.839,0.764,0.72
2021-07-20 00:00:00+00:00,0.839,0.957,,1.295,0.707,,1.388,90.394,17.142,0.0,0.0,0.0,0.929,1.061,1.27,2.902,1.401,,0.957,,1.021,,1.143,111.378,148.111,216.043,0.0,0.0,0.0,0.0,0.0,0.0,0.0,0.0,0.0,0.0,0.0,0.0,0.0,0.0,0.0,0.0,24.5,7.5,34.6,66.6,169.0,105.10000000000001,224.79999999999998,498.90000000000003,-0.09000000000000008,-0.43100000000000005,201,7,-0.3108569682435036,-0.9504567035349151,0.764,0.72,0.696
2021-07-21 00:00:00+00:00,0.764,0.91,,1.215,0.663,,1.318,74.487,14.612,0.0,0.0,0.0,0.839,0.929,1.061,1.693,3.501,,0.91,,0.957,,1.021,90.394,111.378,148.111,0.0,0.0,0.0,0.0,0.0,0.0,0.0,0.0,0.0,0.0,0.0,0.0,0.0,0.0,0.0,0.0,1.7,0.1,2.7,4.5,167.3,105.10000000000001,224.79999999999998,497.20000000000005,-0.07499999999999996,-0.29699999999999993,202,7,-0.3271603271220951,-0.9449688462364056,0.72,0.696,0.734
2021-07-22 00:00:00+00:00,0.72,0.896,,1.246,0.627,,1.32,65.688,13.94,0.1,0.0,0.0,0.764,0.839,0.929,1.27,2.902,,0.896,,0.91,,0.957,74.487,90.394,111.378,0.1,0.0,0.0,0.0,0.0,0.0,0.0,0.0,0.0,0.0,0.0,0.0,0.1,0.0,0.0,0.1,0.1,0.0,0.0,0.1,167.4,105.10000000000001,222.79999999999998,495.3,-0.04400000000000004,-0.20900000000000007,203,7,-0.34336687399638804,-0.939201357453208,0.696,0.734,0.673
2021-07-23 00:00:00+00:00,0.696,1.012,,1.272,0.628,,1.287,60.841,20.218,9.4,8.1,5.1,0.72,0.764,0.839,1.061,1.693,,1.012,,0.896,,0.91,65.688,74.487,90.394,9.4,8.1,5.1,0.1,0.0,0.0,0.0,0.0,0.0,0.0,0.0,0.0,9.5,8.1,5.1,22.700000000000003,9.5,8.1,5.1,22.700000000000003,163.3,104.4,219.39999999999998,487.1,-0.02400000000000002,-0.14300000000000002,204,7,-0.3594718130884232,-0.9331559438780432,0.734,0.673,0.676
2021-07-24 00:00:00+00:00,0.734,1.086,,1.176,0.666,,1.348,68.438,24.383,1.1,0.3,2.4,0.696,0.72,0.764,0.929,1.27,,1.086,,1.012,,0.896,60.841,65.688,74.487,1.1,0.3,2.4,9.4,8.1,5.1,0.1,0.0,0.0,0.0,0.0,0.0,10.6,8.4,7.5,26.500000000000004,10.6,8.4,7.5,26.500000000000004,164.3,104.40000000000002,221.5,490.20000000000005,0.038000000000000034,-0.030000000000000027,205,7,-0.3754703786876202,-0.9268343944460494,0.673,0.676,0.657
2021-07-25 00:00:00+00:00,0.673,0.879,,1.11,0.609,,1.345,56.439,13.283,4.1,1.8,9.6,0.734,0.696,0.72,0.839,1.061,,0.879,,1.086,,1.012,68.438,60.841,65.688,4.1,1.8,9.6,1.1,0.3,2.4,9.4,8.1,5.1,0.1,0.0,0.0,14.6,10.2,17.1,41.900000000000006,14.7,10.2,17.1,42.0,168.2,106.00000000000001,230.99999999999997,505.20000000000005,-0.06099999999999994,-0.04699999999999993,206,7,-0.3913578365610259,-0.9202385798054075,0.676,0.657,0.624
2021-07-26 00:00:00+00:00,0.676,0.857,,1.13,0.582,,1.332,56.973,12.393,1.5,9.7,6.5,0.673,0.734,0.696,0.764,0.929,,0.857,,0.879,,1.086,56.439,68.438,60.841,1.5,9.7,6.5,4.1,1.8,9.6,1.1,0.3,2.4,9.4,8.1,5.1,6.699999999999999,11.799999999999999,18.5,37.0,16.2,19.9,23.6,59.7,127.30000000000001,97.80000000000001,200.5,425.6,0.0030000000000000027,-0.019999999999999907,207,7,-0.4071294853542516,-0.9133704517637858,0.657,0.624,0.587
2021-07-27 00:00:00+00:00,0.657,0.857,,1.123,0.565,,1.329,53.206,12.381,0.4,1.4,2.6,0.676,0.673,0.734,0.72,0.839,,0.857,,0.857,,0.879,56.973,56.439,68.438,0.4,1.4,2.6,1.5,9.7,6.5,4.1,1.8,9.6,1.1,0.3,2.4,6.0,12.899999999999999,18.700000000000003,37.6,16.599999999999998,21.299999999999997,26.2,64.10000000000001,41.100000000000016,28.799999999999997,60.8,130.70000000000002,-0.019000000000000017,-0.07699999999999996,208,7,-0.4227806579826773,-0.9062320427107697,0.624,0.587,0.566
2021-07-28 00:00:00+00:00,0.624,0.82,,1.08,0.527,,1.343,47.122,11.079,0.0,0.1,1.7,0.657,0.676,0.673,0.696,0.764,,0.82,,0.857,,0.857,53.206,56.973,56.439,0.0,0.1,1.7,0.4,1.4,2.6,1.5,9.7,6.5,4.1,1.8,9.6,1.9,11.2,10.8,23.9,16.599999999999998,21.4,27.9,65.9,18.300000000000015,21.5,30.599999999999998,70.4,-0.03300000000000003,-0.049000000000000044,209,7,-0.4383067230125192,-0.898825465016444,0.587,0.566,0.557
2021-07-29 00:00:00+00:00,0.587,0.802,,1.048,0.501,,1.308,40.427,10.498,0.1,0.0,0.0,0.624,0.657,0.676,0.734,0.72,,0.802,,0.82,,0.857,47.122,53.206,56.973,0.1,0.0,0.0,0.0,0.1,1.7,0.4,1.4,2.6,1.5,9.7,6.5,0.5,1.5,4.3,6.300000000000001,16.599999999999998,21.4,27.9,65.9,16.700000000000017,21.4,27.9,66.00000000000001,-0.03700000000000003,-0.08900000000000008,210,7,-0.45370308603134424,-0.8911529104063088,0.566,0.557,0.559
2021-07-30 00:00:00+00:00,0.566,0.794,,1.044,0.483,,1.288,36.793,10.247,2.2,1.9,1.1,0.587,0.624,0.657,0.673,0.696,,0.794,,0.802,,0.82,40.427,47.122,53.206,2.2,1.9,1.1,0.1,0.0,0.0,0.0,0.1,1.7,0.4,1.4,2.6,2.3000000000000003,2.0,2.8,7.1,9.399999999999999,15.2,23.9,48.5,18.900000000000016,23.299999999999997,29.0,71.19999999999999,-0.02100000000000002,-0.09100000000000008,211,7,-0.46896519100763184,-0.8832166493127127,0.557,0.559,0.558
2021-07-31 00:00:00+00:00,0.557,0.811,,1.046,0.478,,1.268,35.185,10.818,6.1,3.1,4.1,0.566,0.587,0.624,0.676,0.734,,0.811,,0.794,,0.802,36.793,40.427,47.122,6.1,3.1,4.1,2.2,1.9,1.1,0.1,0.0,0.0,0.0,0.1,1.7,8.4,5.0,5.199999999999999,18.599999999999998,14.399999999999999,18.0,25.6,58.0,25.000000000000014,26.4,33.1,84.5,-0.008999999999999897,-0.06699999999999995,212,7,-0.48408852163897587,-0.8750190302029955,0.559,0.558,0.57
2021-08-01 00:00:00+00:00,0.559,0.795,,1.038,0.47,,1.246,35.655,10.28,2.2,5.7,4.6,0.557,0.566,0.587,0.657,0.673,,0.795,,0.811,,0.794,35.185,36.793,40.427,2.2,5.7,4.6,6.1,3.1,4.1,2.2,1.9,1.1,0.1,0.0,0.0,10.5,10.7,9.799999999999999,31.0,12.5,21.9,20.599999999999998,55.0,27.200000000000017,32.1,37.7,97.0,0.0020000000000000018,-0.027999999999999914,213,8,-0.4990686026885319,-0.8665624788845385,0.558,0.57,0.541
2021-08-02 00:00:00+00:00,0.558,0.862,,1.093,0.494,,1.255,35.413,12.657,7.5,8.2,13.4,0.559,0.557,0.566,0.624,0.676,,0.862,,0.795,,0.811,35.655,35.185,36.793,7.5,8.2,13.4,2.2,5.7,4.6,6.1,3.1,4.1,2.2,1.9,1.1,15.8,17.0,22.1,54.900000000000006,18.5,20.4,27.5,66.4,34.70000000000002,40.3,51.1,126.1,-0.0010000000000000009,-0.007999999999999896,214,8,-0.5139010013093103,-0.8578494977869301,0.57,0.541,0.538
2021-08-03 00:00:00+00:00,0.57,0.806,,1.04,0.481,,1.318,37.382,10.632,0.0,0.3,0.0,0.558,0.559,0.557,0.587,0.657,,0.806,,0.862,,0.795,35.413,35.655,35.185,0.0,0.3,0.0,7.5,8.2,13.4,2.2,5.7,4.6,6.1,3.1,4.1,9.7,14.2,18.0,41.900000000000006,18.1,19.3,24.9,62.3,34.70000000000002,40.599999999999994,51.1,126.39999999999999,0.0119999999999999,0.0129999999999999,215,8,-0.5285813283559292,-0.8488826652214553,0.541,0.538,0.533
2021-08-04 00:00:00+00:00,0.541,0.767,0.663,1.021,0.464,,1.285,32.662,9.417,0.0,0.7,12.1,0.57,0.558,0.559,0.566,0.624,0.663,0.767,,0.806,,0.862,37.382,35.413,35.655,0.0,0.7,12.1,0.0,0.3,0.0,7.5,8.2,13.4,2.2,5.7,4.6,7.5,9.2,25.5,42.2,18.1,19.9,35.3,73.3,34.70000000000002,41.3,63.2,139.20000000000002,-0.028999999999999915,-0.018000000000000016,216,8,-0.5431052396834317,-0.8396646346181327,0.538,0.533,0.528
2021-08-05 00:00:00+00:00,0.538,0.773,0.663,1.038,0.464,,1.264,32.147,9.594,2.7,3.2,3.0,0.541,0.57,0.558,0.557,0.587,0.663,0.773,0.663,0.767,,0.806,32.662,37.382,35.413,2.7,3.2,3.0,0.0,0.7,12.1,0.0,0.3,0.0,7.5,8.2,13.4,2.7,4.2,15.1,22.000000000000004,20.7,23.1,38.3,82.1,37.30000000000001,44.5,66.2,148.0,-0.0030000000000000027,-0.020000000000000018,217,8,-0.5574684374327892,-0.8301981337405212,0.533,0.528,0.534
2021-08-06 00:00:00+00:00,0.533,0.76,0.665,0.998,0.458,,1.3,31.343,9.197,1.6,2.3,2.1,0.538,0.541,0.57,0.559,0.566,0.665,0.76,0.663,0.773,0.663,0.767,32.147,32.662,37.382,1.6,2.3,2.1,2.7,3.2,3.0,0.0,0.7,12.1,0.0,0.3,0.0,4.300000000000001,6.2,17.2,27.700000000000003,20.1,23.5,39.3,82.9,29.500000000000014,38.699999999999996,63.199999999999996,131.39999999999998,-0.0050000000000000044,-0.03699999999999992,218,8,-0.5716666713027052,-0.8204859638785327,0.528,0.534,0.506
2021-08-07 00:00:00+00:00,0.528,0.751,0.662,1.015,0.484,,1.275,30.635,8.96,0.2,0.6,1.9,0.533,0.538,0.541,0.558,0.557,0.662,0.751,0.665,0.76,0.663,0.773,31.343,32.147,32.662,0.2,0.6,1.9,1.6,2.3,2.1,2.7,3.2,3.0,0.0,0.7,12.1,4.5,6.1,7.0,17.600000000000005,14.2,21.0,37.1,72.3,28.600000000000016,39.0,62.7,130.29999999999998,-0.0050000000000000044,-0.013000000000000012,219,8,-0.5856957398073508,-0.8105309990194823,0.534,0.506,0.491
2021-08-08 00:00:00+00:00,0.534,0.74,0.663,0.973,0.444,,1.301,31.493,8.634,4.7,1.5,0.8,0.528,0.533,0.538,0.57,0.559,0.663,0.74,0.662,0.751,0.665,0.76,30.635,31.343,32.147,4.7,1.5,0.8,0.2,0.6,1.9,1.6,2.3,2.1,2.7,3.2,3.0,6.5,4.4,4.8,15.700000000000003,16.7,16.8,33.300000000000004,66.8,29.200000000000014,38.699999999999996,53.9,121.8,0.006000000000000005,-0.0040000000000000036,220,8,-0.5995514915196489,-0.8003361849976323,0.506,0.491,0.476
2021-08-09 00:00:00+00:00,0.506,0.76,0.637,0.944,0.419,0.585,1.348,27.282,9.219,4.1,3.4,3.6,0.534,0.528,0.533,0.541,0.558,0.637,0.76,0.663,0.74,0.662,0.751,31.493,30.635,31.343,4.1,3.4,3.6,4.7,1.5,0.8,0.2,0.6,1.9,1.6,2.3,2.1,9.0,5.5,6.300000000000001,20.800000000000004,13.3,12.000000000000002,23.5,48.8,31.800000000000015,32.4,51.0,115.19999999999999,-0.028000000000000025,-0.027000000000000024,221,8,-0.6132298262997502,-0.7899045386224707,0.491,0.476,0.466
2021-08-10 00:00:00+00:00,0.491,0.718,0.654,0.956,0.407,0.57,1.268,25.095,7.988,0.0,0.0,0.0,0.506,0.534,0.528,0.538,0.57,0.654,0.718,0.637,0.76,0.663,0.74,27.282,31.493,30.635,0.0,0.0,0.0,4.1,3.4,3.6,4.7,1.5,0.8,0.2,0.6,1.9,8.799999999999999,4.9,4.4,18.100000000000005,13.3,11.700000000000001,23.5,48.5,31.400000000000013,31.0,48.4,110.8,-0.015000000000000013,-0.03700000000000003,222,8,-0.6267266965083301,-0.7792391467859886,0.476,0.466,0.457
2021-08-11 00:00:00+00:00,0.476,0.714,0.655,0.928,0.391,0.555,1.243,22.998,7.863,0.0,0.0,0.0,0.491,0.506,0.534,0.533,0.541,0.655,0.714,0.654,0.718,0.637,0.76,25.095,27.282,31.493,0.0,0.0,0.0,0.0,0.0,0.0,4.1,3.4,3.6,4.7,1.5,0.8,4.1,3.4,3.6,11.100000000000005,13.3,11.000000000000002,11.4,35.7,31.400000000000013,30.9,46.7,109.0,-0.015000000000000013,-0.05800000000000005,223,8,-0.6400381082043503,-0.7683431655492202,0.466,0.457,0.452
2021-08-12 00:00:00+00:00,0.466,0.715,0.66,0.917,0.383,0.531,1.234,21.636,7.905,0.0,0.0,0.0,0.476,0.491,0.506,0.528,0.538,0.66,0.715,0.655,0.714,0.654,0.718,22.998,25.095,27.282,0.0,0.0,0.0,0.0,0.0,0.0,0.0,0.0,0.0,4.1,3.4,3.6,0.0,0.0,0.0,0.0,10.600000000000001,7.800000000000002,8.4,26.8,31.30000000000001,30.9,46.7,108.89999999999999,-0.009999999999999953,-0.03999999999999998,224,8,-0.65316012232693,-0.7572198192083127,0.457,0.452,0.449
2021-08-13 00:00:00+00:00,0.457,0.705,0.667,0.933,0.369,0.517,1.254,20.43,7.604,0.1,0.0,0.0,0.466,0.476,0.491,0.534,0.533,0.667,0.705,0.66,0.715,0.655,0.714,21.636,22.998,25.095,0.1,0.0,0.0,0.0,0.0,0.0,0.0,0.0,0.0,0.0,0.0,0.0,0.1,0.0,0.0,0.10000000000000356,9.1,5.500000000000002,6.300000000000001,20.900000000000002,29.200000000000014,29.0,45.6,103.8,-0.009000000000000008,-0.033999999999999975,225,8,-0.666088855860977,-0.7458723993404063,0.452,0.449,0.455
2021-08-14 00:00:00+00:00,0.452,0.699,0.668,0.936,0.351,0.503,1.243,19.835,7.448,0.0,0.0,0.0,0.457,0.466,0.476,0.506,0.528,0.668,0.699,0.667,0.705,0.66,0.715,20.43,21.636,22.998,0.0,0.0,0.0,0.1,0.0,0.0,0.0,0.0,0.0,0.0,0.0,0.0,0.1,0.0,0.0,0.10000000000000356,8.9,4.900000000000002,4.4,18.200000000000003,23.100000000000016,25.9,41.5,90.5,-0.0050000000000000044,-0.023999999999999966,226,8,-0.6788204829862355,-0.734304263829602,0.449,0.455,0.492
2021-08-15 00:00:00+00:00,0.449,0.706,0.632,0.908,0.355,0.492,1.263,19.387,7.637,4.8,5.6,10.0,0.452,0.457,0.466,0.491,0.534,0.632,0.706,0.668,0.699,0.667,0.705,19.835,20.43,21.636,4.8,5.6,10.0,0.0,0.0,0.0,0.1,0.0,0.0,0.0,0.0,0.0,4.8999999999999995,5.6,10.0,20.500000000000004,9.0,9.000000000000002,13.600000000000001,31.6,25.70000000000001,25.799999999999997,46.900000000000006,98.39999999999999,-0.0030000000000000027,-0.017000000000000015,227,8,-0.6913512362094071,-0.722518835873311,0.455,0.492,0.509
2021-08-16 00:00:00+00:00,0.455,0.701,0.612,0.962,0.383,0.513,1.25,20.165,7.504,8.5,12.9,15.0,0.449,0.452,0.457,0.476,0.506,0.612,0.701,0.632,0.706,0.668,0.699,19.387,19.835,20.43,8.5,12.9,15.0,4.8,5.6,10.0,0.0,0.0,0.0,0.1,0.0,0.0,13.3,18.5,25.0,56.8,13.4,18.5,25.0,56.9,26.70000000000001,30.5,48.5,105.7,0.006000000000000005,-0.0020000000000000018,228,8,-0.7036774074790128,-0.7105196029692745,0.492,0.509,0.48
2021-08-17 00:00:00+00:00,0.492,0.771,0.616,1.05,0.399,0.594,1.255,25.202,9.562,6.0,7.6,12.4,0.455,0.449,0.452,0.466,0.491,0.616,0.771,0.612,0.701,0.632,0.706,20.165,19.387,19.835,6.0,7.6,12.4,8.5,12.9,15.0,4.8,5.6,10.0,0.0,0.0,0.0,19.3,26.1,37.4,82.80000000000001,19.4,26.1,37.4,82.9,32.70000000000001,37.8,60.9,131.4,0.03699999999999998,0.03999999999999998,229,8,-0.7157953492826642,-0.6983101158835584,0.509,0.48,0.466
2021-08-18 00:00:00+00:00,0.509,0.738,0.62,1.027,0.389,0.608,1.252,27.681,8.569,0.5,2.3,6.9,0.492,0.455,0.449,0.457,0.476,0.62,0.738,0.616,0.771,0.612,0.701,25.202,20.165,19.387,0.5,2.3,6.9,6.0,7.6,12.4,8.5,12.9,15.0,4.8,5.6,10.0,15.0,22.799999999999997,34.3,72.10000000000001,19.9,28.400000000000002,44.3,92.6,33.20000000000001,39.4,55.699999999999996,128.3,0.017000000000000015,0.06,230,8,-0.7277014757264236,-0.6858939875998223,0.48,0.466,0.477
2021-08-19 00:00:00+00:00,0.48,0.718,0.62,0.942,0.375,0.546,1.233,23.5,7.98,1.0,2.2,5.8,0.509,0.492,0.455,0.452,0.466,0.62,0.718,0.62,0.738,0.616,0.771,27.681,25.202,20.165,1.0,2.2,5.8,0.5,2.3,6.9,6.0,7.6,12.4,8.5,12.9,15.0,7.5,12.1,25.1,44.7,20.9,30.6,50.1,101.6,31.500000000000014,38.4,58.50000000000001,128.4,-0.029000000000000026,0.024999999999999967,231,8,-0.7393922635959241,-0.673274892250183,0.466,0.477,0.587
2021-08-20 00:00:00+00:00,0.466,0.704,0.62,0.98,0.356,0.53,1.252,21.636,7.568,4.6,2.6,4.9,0.48,0.509,0.492,0.449,0.457,0.62,0.704,0.62,0.718,0.62,0.738,23.5,27.681,25.202,4.6,2.6,4.9,1.0,2.2,5.8,0.5,2.3,6.9,6.0,7.6,12.4,6.1,7.1,17.6,30.800000000000004,25.4,33.2,55.0,113.60000000000001,34.500000000000014,38.699999999999996,61.300000000000004,134.5,-0.013999999999999957,-0.025999999999999968,232,8,-0.7508642533989489,-0.6604565640279754,0.477,0.587,0.596
2021-08-21 00:00:00+00:00,0.477,0.743,0.622,1.019,0.462,0.556,1.272,23.148,8.73,10.0,12.6,14.6,0.466,0.48,0.509,0.455,0.452,0.622,0.743,0.62,0.704,0.62,0.718,21.636,23.5,27.681,10.0,12.6,14.6,4.6,2.6,4.9,1.0,2.2,5.8,0.5,2.3,6.9,15.6,17.4,25.299999999999997,58.30000000000001,35.4,45.8,69.6,150.8,44.30000000000001,50.7,74.0,169.0,0.010999999999999954,-0.03200000000000003,233,8,-0.7621140503891487,-0.6474427960827475,0.587,0.596,0.521
2021-08-22 00:00:00+00:00,0.587,0.995,0.622,1.234,0.487,0.801,1.257,40.757,19.512,8.8,11.9,11.8,0.477,0.466,0.48,0.492,0.449,0.622,0.995,0.622,0.743,0.62,0.704,23.148,21.636,23.5,8.8,11.9,11.8,10.0,12.6,14.6,4.6,2.6,4.9,1.0,2.2,5.8,23.4,27.1,31.299999999999997,81.80000000000001,39.400000000000006,52.1,71.4,162.9,48.40000000000002,61.1,85.0,194.5,0.10999999999999999,0.10699999999999998,234,8,-0.7731383255706026,-0.6342374393978054,0.596,0.521,0.5
2021-08-23 00:00:00+00:00,0.596,0.827,0.621,1.043,0.419,0.752,1.252,42.062,11.383,0.1,0.0,0.0,0.587,0.477,0.466,0.509,0.455,0.621,0.827,0.622,0.995,0.622,0.743,40.757,23.148,21.636,0.1,0.0,0.0,8.8,11.9,11.8,10.0,12.6,14.6,4.6,2.6,4.9,18.9,24.5,26.4,69.80000000000001,31.000000000000004,39.2,56.400000000000006,126.6,44.40000000000001,57.7,81.4,183.5,0.009000000000000008,0.12999999999999995,235,8,-0.7839338166829201,-0.620844401650647,0.521,0.5,0.5
2021-08-24 00:00:00+00:00,0.521,0.75,0.62,0.988,0.368,0.62,1.252,29.505,8.921,0.1,0.0,0.0,0.596,0.587,0.477,0.48,0.492,0.62,0.75,0.621,0.827,0.622,0.995,42.062,40.757,23.148,0.1,0.0,0.0,0.1,0.0,0.0,8.8,11.9,11.8,10.0,12.6,14.6,9.0,11.9,11.799999999999999,32.70000000000001,25.1,31.6,44.0,100.69999999999999,44.500000000000014,57.7,81.4,183.6,-0.07499999999999996,0.04400000000000004,236,8,-0.7944973291665992,-0.6072676460566135,0.5,0.5,0.489
2021-08-25 00:00:00+00:00,0.5,0.725,0.62,1.048,0.35,0.592,1.229,26.355,8.19,2.7,3.7,9.3,0.521,0.596,0.587,0.466,0.509,0.62,0.725,0.62,0.75,0.621,0.827,29.505,42.062,40.757,2.7,3.7,9.3,0.1,0.0,0.0,0.1,0.0,0.0,8.8,11.9,11.8,2.9000000000000004,3.7,9.299999999999999,15.900000000000007,27.300000000000004,33.0,46.4,106.7,47.20000000000002,61.400000000000006,90.7,199.29999999999998,-0.02100000000000002,-0.08699999999999997,237,8,-0.8048257371083452,-0.593511190196115,0.5,0.489,0.57
2021-08-26 00:00:00+00:00,0.5,0.724,0.623,1.023,0.348,0.588,1.227,26.304,8.16,0.7,4.5,5.6,0.5,0.521,0.596,0.477,0.48,0.623,0.724,0.62,0.725,0.62,0.75,26.355,29.505,42.062,0.7,4.5,5.6,2.7,3.7,9.3,0.1,0.0,0.0,0.1,0.0,0.0,3.5,8.2,14.899999999999999,26.60000000000001,27.000000000000004,35.3,46.2,108.5,47.90000000000001,65.9,96.3,210.1,0.0,-0.09599999999999997,238,8,-0.8149159841660791,-0.5795791048257612,0.489,0.57,0.615
2021-08-27 00:00:00+00:00,0.489,0.809,0.637,1.133,0.399,0.574,1.221,24.748,11.299,7.2,20.4,21.2,0.5,0.5,0.521,0.587,0.466,0.637,0.809,0.623,0.724,0.62,0.725,26.304,26.355,29.505,7.2,20.4,21.2,0.7,4.5,5.6,2.7,3.7,9.3,0.1,0.0,0.0,10.6,28.599999999999998,36.099999999999994,75.30000000000001,29.600000000000005,53.099999999999994,62.5,145.2,55.000000000000014,86.3,117.5,258.8,-0.01100000000000001,-0.03200000000000003,239,8,-0.8247650844733614,-0.5654755126737576,0.57,0.615,0.571
2021-08-28 00:00:00+00:00,0.57,0.984,0.666,1.264,0.457,0.745,1.262,37.6,18.694,10.9,11.3,26.4,0.489,0.5,0.5,0.596,0.477,0.666,0.984,0.637,0.809,0.623,0.724,24.748,26.304,26.355,10.9,11.3,26.4,7.2,20.4,21.2,0.7,4.5,5.6,2.7,3.7,9.3,18.8,36.2,53.199999999999996,108.2,30.5,51.800000000000004,74.3,156.60000000000002,65.90000000000002,97.6,143.9,307.4,0.08099999999999996,0.06999999999999995,240,8,-0.8343701235229537,-0.5512045872199277,0.615,0.571,0.53
2021-08-29 00:00:00+00:00,0.615,1.255,0.69,1.273,0.46,0.819,1.228,45.41,34.376,4.5,1.7,6.4,0.57,0.489,0.5,0.521,0.587,0.69,1.255,0.666,0.984,0.637,0.809,37.6,24.748,26.304,4.5,1.7,6.4,10.9,11.3,26.4,7.2,20.4,21.2,0.7,4.5,5.6,22.6,33.4,53.99999999999999,110.0,26.200000000000003,41.60000000000001,68.9,136.70000000000002,65.60000000000002,93.69999999999999,140.3,299.6,0.04500000000000004,0.11499999999999999,241,8,-0.8437282590292712,-0.5367705514607103,0.571,0.53,0.508
2021-08-30 00:00:00+00:00,0.571,0.971,0.641,1.132,0.414,0.713,1.247,37.626,17.881,0.0,0.0,0.0,0.615,0.57,0.489,0.5,0.596,0.641,0.971,0.69,1.255,0.666,0.984,45.41,37.6,24.748,0.0,0.0,0.0,4.5,1.7,6.4,10.9,11.3,26.4,7.2,20.4,21.2,15.4,13.0,32.8,61.20000000000001,26.1,41.60000000000001,68.9,136.60000000000002,57.100000000000016,80.8,125.3,263.2,-0.04400000000000004,0.08199999999999996,242,8,-0.8528367217694595,-0.522177676659508,0.53,0.508,0.495
2021-08-31 00:00:00+00:00,0.53,0.867,0.626,1.082,0.379,0.64,1.244,30.837,12.795,0.0,0.0,0.3,0.571,0.615,0.57,0.5,0.521,0.626,0.867,0.641,0.971,0.69,1.255,37.626,45.41,37.6,0.0,0.0,0.3,0.0,0.0,0.0,4.5,1.7,6.4,10.9,11.3,26.4,4.5,1.7,6.7,12.90000000000001,26.0,41.60000000000001,69.2,136.79999999999998,51.100000000000016,73.19999999999999,113.2,237.5,-0.040999999999999925,-0.039999999999999925,243,8,-0.8616928164028521,-0.5074302810827518,0.508,0.495,0.485
2021-09-01 00:00:00+00:00,0.508,0.813,0.621,1.065,0.362,0.602,1.241,27.469,10.848,0.0,0.0,0.0,0.53,0.571,0.615,0.489,0.5,0.621,0.813,0.626,0.867,0.641,0.971,30.837,37.626,45.41,0.0,0.0,0.0,0.0,0.0,0.3,0.0,0.0,0.0,4.5,1.7,6.4,0.0,0.0,0.3,0.3000000000000071,23.300000000000004,37.900000000000006,59.9,121.10000000000001,50.600000000000016,70.89999999999999,106.3,227.8,-0.02200000000000002,-0.10699999999999998,244,9,-0.8702939222685674,-0.49253272872205434,0.495,0.485,0.472
2021-09-02 00:00:00+00:00,0.495,0.772,0.618,1.071,0.348,0.58,1.228,25.66,9.575,0.0,0.0,0.0,0.508,0.53,0.571,0.57,0.5,0.618,0.772,0.621,0.813,0.626,0.867,27.469,30.837,37.626,0.0,0.0,0.0,0.0,0.0,0.0,0.0,0.0,0.3,0.0,0.0,0.0,0.0,0.0,0.3,0.3000000000000071,22.6,33.400000000000006,54.3,110.30000000000001,49.600000000000016,68.69999999999999,100.5,218.8,-0.013000000000000012,-0.07599999999999996,245,9,-0.8786374941610001,-0.4774894280028391,0.485,0.472,0.46
2021-09-03 00:00:00+00:00,0.485,0.741,0.615,1.057,0.338,0.554,1.235,24.195,8.653,0.0,0.0,0.0,0.495,0.508,0.53,0.615,0.489,0.615,0.741,0.618,0.772,0.621,0.813,25.66,27.469,30.837,0.0,0.0,0.0,0.0,0.0,0.0,0.0,0.0,0.0,0.0,0.0,0.3,0.0,0.0,0.0,0.0,15.400000000000002,13.000000000000004,33.1,61.5,45.000000000000014,66.1,95.6,206.70000000000002,-0.010000000000000009,-0.04500000000000004,246,9,-0.886721063082993,-0.46230483047981086,0.472,0.46,0.451
2021-09-04 00:00:00+00:00,0.472,0.714,0.615,1.017,0.329,0.527,1.22,22.383,7.863,0.0,0.0,0.0,0.485,0.495,0.508,0.571,0.57,0.615,0.714,0.615,0.741,0.618,0.772,24.195,25.66,27.469,0.0,0.0,0.0,0.0,0.0,0.0,0.0,0.0,0.0,0.0,0.0,0.0,0.0,0.0,0.0,0.0,4.500000000000002,1.7000000000000035,6.7,12.900000000000002,35.000000000000014,53.5,81.0,169.5,-0.013000000000000012,-0.03600000000000003,247,9,-0.8945422369764496,-0.4469834295196741,0.46,0.451,0.443
2021-09-05 00:00:00+00:00,0.46,0.699,0.614,0.997,0.322,0.506,1.205,20.76,7.43,0.0,0.0,0.0,0.472,0.485,0.495,0.53,0.615,0.614,0.699,0.615,0.714,0.615,0.741,22.383,24.195,25.66,0.0,0.0,0.0,0.0,0.0,0.0,0.0,0.0,0.0,0.0,0.0,0.0,0.0,0.0,0.0,0.0,0.0,0.0,0.3,0.3,26.200000000000017,41.6,69.19999999999999,137.0,-0.011999999999999955,-0.034999999999999976,248,9,-0.9020987014301837,-0.43152975897147144,0.451,0.443,0.426
2021-09-06 00:00:00+00:00,0.451,0.688,0.579,0.988,0.315,0.492,1.256,19.648,7.13,0.0,0.0,0.0,0.46,0.472,0.485,0.508,0.571,0.579,0.688,0.614,0.699,0.615,0.714,20.76,22.383,24.195,0.0,0.0,0.0,0.0,0.0,0.0,0.0,0.0,0.0,0.0,0.0,0.0,0.0,0.0,0.0,0.0,0.0,0.0,0.3,0.3,26.100000000000016,41.6,69.19999999999999,136.9,-0.009000000000000008,-0.033999999999999975,249,9,-0.9093882203647925,-0.4159483918249421,0.443,0.426,0.437
2021-09-07 00:00:00+00:00,0.443,0.665,0.578,0.936,0.31,0.507,1.244,18.626,6.491,0.0,0.0,0.0,0.451,0.46,0.472,0.495,0.53,0.578,0.665,0.579,0.688,0.614,0.699,19.648,20.76,22.383,0.0,0.0,0.0,0.0,0.0,0.0,0.0,0.0,0.0,0.0,0.0,0.0,0.0,0.0,0.0,0.0,0.0,0.0,0.0,0.0,26.000000000000014,41.6,69.19999999999999,136.8,-0.008000000000000007,-0.02899999999999997,250,9,-0.9164086366943458,-0.4002439388573056,0.426,0.437,0.473
2021-09-08 00:00:00+00:00,0.426,0.658,0.582,0.969,0.306,0.49,1.25,16.662,6.285,0.0,0.0,0.0,0.443,0.451,0.46,0.485,0.508,0.582,0.658,0.578,0.665,0.579,0.688,18.626,19.648,20.76,0.0,0.0,0.0,0.0,0.0,0.0,0.0,0.0,0.0,0.0,0.0,0.0,0.0,0.0,0.0,0.0,0.0,0.0,0.0,0.0,23.30000000000001,37.9,59.9,121.1,-0.017000000000000015,-0.03400000000000003,251,9,-0.9231578729647039,-0.38442104726885545,0.437,0.473,0.477
2021-09-09 00:00:00+00:00,0.437,0.666,0.58,0.973,0.323,0.511,1.238,17.975,6.5,3.5,3.7,5.0,0.426,0.443,0.451,0.472,0.495,0.58,0.666,0.582,0.658,0.578,0.665,16.662,18.626,19.648,3.5,3.7,5.0,0.0,0.0,0.0,0.0,0.0,0.0,0.0,0.0,0.0,3.5,3.7,5.0,12.200000000000006,3.5000000000000018,3.7000000000000037,5.0,12.2,26.100000000000016,37.099999999999994,59.300000000000004,122.5,0.01100000000000001,-0.014000000000000012,252,9,-0.9296339319682695,-0.3684843993077793,0.473,0.477,0.45
2021-09-10 00:00:00+00:00,0.473,0.677,0.621,0.999,0.414,0.586,1.237,22.664,6.826,0.0,3.9,1.2,0.437,0.426,0.443,0.46,0.485,0.621,0.677,0.58,0.666,0.582,0.658,17.975,16.662,18.626,0.0,3.9,1.2,3.5,3.7,5.0,0.0,0.0,0.0,0.0,0.0,0.0,3.5,7.6,6.2,17.300000000000004,3.5000000000000018,7.600000000000003,6.2,17.299999999999997,18.900000000000013,20.6,39.3,78.8,0.035999999999999976,0.02999999999999997,253,9,-0.9358348973349941,-0.35243871088460327,0.477,0.45,0.444
2021-09-11 00:00:00+00:00,0.477,0.674,0.619,0.963,0.35,0.561,1.19,23.016,6.717,0.0,0.0,0.0,0.473,0.437,0.426,0.451,0.472,0.619,0.674,0.621,0.677,0.58,0.666,22.664,17.975,16.662,0.0,0.0,0.0,0.0,3.9,1.2,3.5,3.7,5.0,0.0,0.0,0.0,3.5,7.6,6.2,17.300000000000004,3.5000000000000018,7.600000000000003,6.2,17.299999999999997,8.000000000000014,9.3,12.9,30.200000000000003,0.0040000000000000036,0.05099999999999999,254,9,-0.9417589340994617,-0.33628873017668287,0.45,0.444,0.444
2021-09-12 00:00:00+00:00,0.45,0.664,0.618,1.01,0.327,0.522,1.214,19.563,6.449,0.0,0.0,0.0,0.477,0.473,0.437,0.443,0.46,0.618,0.664,0.619,0.674,0.621,0.677,23.016,22.664,17.975,0.0,0.0,0.0,0.0,0.0,0.0,0.0,3.9,1.2,3.5,3.7,5.0,0.0,3.9,1.2,5.100000000000007,3.5000000000000018,7.600000000000003,6.2,17.299999999999997,3.500000000000014,7.6,6.5,17.6,-0.02699999999999997,0.013000000000000012,255,9,-0.9474042892438845,-0.32003923622313857,0.444,0.444,0.504
2021-09-13 00:00:00+00:00,0.444,0.664,0.617,0.964,0.311,0.502,1.176,18.731,6.461,0.0,0.1,0.0,0.45,0.477,0.473,0.426,0.451,0.617,0.664,0.618,0.664,0.619,0.674,19.563,23.016,22.664,0.0,0.1,0.0,0.0,0.0,0.0,0.0,0.0,0.0,0.0,3.9,1.2,0.0,0.1,0.0,0.10000000000000711,3.5000000000000018,7.700000000000004,6.2,17.4,3.500000000000014,7.7,6.5,17.7,-0.006000000000000005,-0.02899999999999997,256,9,-0.9527692922168511,-0.30369503751065885,0.444,0.504,0.505
2021-09-14 00:00:00+00:00,0.444,0.743,0.65,1.008,0.388,0.522,1.21,18.822,8.873,9.5,9.4,12.6,0.444,0.45,0.477,0.437,0.443,0.65,0.743,0.617,0.664,0.618,0.664,18.731,19.563,23.016,9.5,9.4,12.6,0.0,0.1,0.0,0.0,0.0,0.0,0.0,0.0,0.0,9.5,9.5,12.6,31.60000000000001,13.000000000000002,17.100000000000005,18.8,48.9,13.000000000000014,17.1,18.8,48.9,0.0,-0.032999999999999974,257,9,-0.9578523554276669,-0.28726097055059635,0.504,0.505,0.464
2021-09-15 00:00:00+00:00,0.504,0.744,0.671,1.022,0.426,0.642,1.247,26.942,8.738,0.0,0.0,0.0,0.444,0.444,0.45,0.473,0.426,0.671,0.744,0.65,0.743,0.617,0.664,18.822,18.731,19.563,0.0,0.0,0.0,9.5,9.4,12.6,0.0,0.1,0.0,0.0,0.0,0.0,9.5,9.5,12.6,31.60000000000001,13.000000000000002,17.1,18.799999999999997,48.9,13.000000000000014,17.1,18.799999999999997,48.9,0.06,0.05399999999999999,258,9,-0.9626519747161487,-0.2707418984477642,0.505,0.464,0.432
2021-09-16 00:00:00+00:00,0.505,0.714,0.665,0.983,0.357,0.582,1.228,27.149,7.866,0.0,0.0,0.0,0.504,0.444,0.444,0.477,0.437,0.665,0.714,0.671,0.744,0.65,0.743,26.942,18.822,18.731,0.0,0.0,0.0,0.0,0.0,0.0,9.5,9.4,12.6,0.0,0.1,0.0,9.5,9.4,12.6,31.500000000000007,9.500000000000002,13.400000000000004,13.799999999999999,36.7,13.000000000000014,17.1,18.799999999999997,48.9,0.0010000000000000009,0.061,259,9,-0.9671667297977312,-0.2541427094613622,0.464,0.432,0.439
2021-09-17 00:00:00+00:00,0.464,0.702,0.665,0.905,0.332,0.517,1.233,21.285,7.521,0.0,0.0,0.0,0.505,0.504,0.444,0.45,0.473,0.665,0.702,0.665,0.714,0.671,0.744,27.149,26.942,18.822,0.0,0.0,0.0,0.0,0.0,0.0,0.0,0.0,0.0,9.5,9.4,12.6,0.0,0.0,0.0,0.0,9.500000000000002,9.500000000000004,12.6,31.6,13.000000000000014,17.1,18.799999999999997,48.9,-0.04099999999999998,0.020000000000000018,260,9,-0.97139528468375,-0.23746831555846842,0.432,0.439,0.437
2021-09-18 00:00:00+00:00,0.432,0.696,0.664,0.943,0.315,0.466,1.251,17.28,7.363,0.0,0.0,0.0,0.464,0.505,0.504,0.444,0.477,0.664,0.696,0.665,0.702,0.665,0.714,21.285,27.149,26.942,0.0,0.0,0.0,0.0,0.0,0.0,0.0,0.0,0.0,0.0,0.0,0.0,0.0,0.0,0.0,0.0,9.500000000000002,9.500000000000004,12.6,31.6,13.000000000000014,17.1,18.799999999999997,48.9,-0.03200000000000003,-0.07200000000000001,261,9,-0.9753363880767837,-0.2207236509605022,0.439,0.437,0.424
2021-09-19 00:00:00+00:00,0.439,0.692,0.663,0.996,0.316,0.486,1.249,18.119,7.248,0.0,0.0,0.0,0.432,0.464,0.505,0.444,0.45,0.663,0.692,0.664,0.696,0.665,0.702,17.28,21.285,27.149,0.0,0.0,0.0,0.0,0.0,0.0,0.0,0.0,0.0,0.0,0.0,0.0,0.0,0.0,0.0,0.0,9.500000000000002,9.500000000000004,12.6,31.6,13.000000000000014,17.1,18.799999999999997,48.9,0.007000000000000006,-0.066,262,9,-0.9789888737409319,-0.20391367068311472,0.437,0.424,0.419
2021-09-20 00:00:00+00:00,0.437,0.686,0.662,0.989,0.299,0.474,1.23,17.916,7.061,0.0,0.0,0.0,0.439,0.432,0.464,0.504,0.444,0.662,0.686,0.663,0.692,0.664,0.696,18.119,17.28,21.285,0.0,0.0,0.0,0.0,0.0,0.0,0.0,0.0,0.0,0.0,0.0,0.0,0.0,0.0,0.0,0.0,9.500000000000002,9.400000000000004,12.6,31.5,13.000000000000014,17.1,18.799999999999997,48.9,-0.0020000000000000018,-0.027000000000000024,263,9,-0.9823516608469237,-0.18704334906991657,0.424,0.419,0.414
2021-09-21 00:00:00+00:00,0.424,0.688,0.662,0.989,0.29,0.455,1.242,16.423,7.123,0.0,0.0,0.0,0.437,0.439,0.432,0.505,0.444,0.662,0.688,0.662,0.686,0.663,0.692,17.916,18.119,17.28,0.0,0.0,0.0,0.0,0.0,0.0,0.0,0.0,0.0,0.0,0.0,0.0,0.0,0.0,0.0,0.0,0.0,0.0,0.0,0.0,13.000000000000014,17.1,18.799999999999997,48.9,-0.013000000000000012,-0.008000000000000007,264,9,-0.9854237542919524,-0.17011767832049052,0.419,0.414,0.412
2021-09-22 00:00:00+00:00,0.419,0.654,0.609,0.986,0.289,0.447,1.233,15.839,6.182,0.0,0.0,0.0,0.424,0.437,0.439,0.464,0.504,0.609,0.654,0.662,0.688,0.662,0.686,16.423,17.916,18.119,0.0,0.0,0.0,0.0,0.0,0.0,0.0,0.0,0.0,0.0,0.0,0.0,0.0,0.0,0.0,0.0,0.0,0.0,0.0,0.0,13.000000000000014,17.1,18.799999999999997,48.9,-0.0050000000000000044,-0.020000000000000018,265,9,-0.9882042449941422,-0.15314166701312007,0.414,0.412,0.412
2021-09-23 00:00:00+00:00,0.414,0.681,0.657,0.981,0.286,0.44,1.214,15.282,6.911,0.0,0.0,0.0,0.419,0.424,0.437,0.432,0.505,0.657,0.681,0.609,0.654,0.662,0.688,15.839,16.423,17.916,0.0,0.0,0.0,0.0,0.0,0.0,0.0,0.0,0.0,0.0,0.0,0.0,0.0,0.0,0.0,0.0,0.0,0.0,0.0,0.0,9.500000000000014,13.4,13.799999999999999,36.7,-0.0050000000000000044,-0.02300000000000002,266,9,-0.9906923101615609,-0.13612033862266704,0.412,0.412,0.412
2021-09-24 00:00:00+00:00,0.412,0.68,0.657,0.985,0.286,0.439,1.197,15.088,6.905,0.1,0.0,0.0,0.414,0.419,0.424,0.439,0.464,0.657,0.68,0.657,0.681,0.609,0.654,15.282,15.839,16.423,0.1,0.0,0.0,0.0,0.0,0.0,0.0,0.0,0.0,0.0,0.0,0.0,0.1,0.0,0.0,0.10000000000000711,0.10000000000000178,0.0,0.0,0.1,9.600000000000014,9.5,12.6,31.700000000000003,-0.0020000000000000018,-0.01200000000000001,267,9,-0.9928872135356962,-0.11905873003404988,0.412,0.412,0.419
2021-09-25 00:00:00+00:00,0.412,0.678,0.657,0.982,0.283,0.437,1.22,15.058,6.844,0.0,0.0,0.0,0.412,0.414,0.419,0.437,0.432,0.657,0.678,0.657,0.68,0.657,0.681,15.088,15.282,15.839,0.0,0.0,0.0,0.1,0.0,0.0,0.0,0.0,0.0,0.0,0.0,0.0,0.1,0.0,0.0,0.10000000000000711,0.10000000000000178,0.0,0.0,0.1,9.600000000000014,9.5,12.6,31.700000000000003,0.0,-0.007000000000000006,268,9,-0.994788305609327,-0.10196189005174576,0.412,0.419,0.427
2021-09-26 00:00:00+00:00,0.412,0.691,0.657,0.984,0.29,0.438,1.252,15.009,7.218,6.8,3.7,6.4,0.412,0.412,0.414,0.424,0.439,0.657,0.691,0.657,0.678,0.657,0.68,15.058,15.088,15.282,6.8,3.7,6.4,0.0,0.0,0.0,0.1,0.0,0.0,0.0,0.0,0.0,6.8999999999999995,3.7,6.4,17.000000000000007,6.900000000000001,3.7000000000000037,6.4,17.0,16.400000000000013,13.2,19.0,48.6,0.0,-0.0020000000000000018,269,9,-0.9963950238187231,-0.08483487790576538,0.419,0.427,0.44
2021-09-27 00:00:00+00:00,0.419,0.692,0.657,0.989,0.297,0.448,1.237,15.788,7.237,0.1,0.0,0.0,0.412,0.412,0.412,0.419,0.437,0.657,0.692,0.657,0.691,0.657,0.678,15.009,15.058,15.088,0.1,0.0,0.0,6.8,3.7,6.4,0.0,0.0,0.0,0.1,0.0,0.0,6.8999999999999995,3.7,6.4,17.000000000000007,7.000000000000001,3.7000000000000037,6.4,17.1,16.500000000000014,13.100000000000001,19.0,48.6,0.007000000000000006,0.007000000000000006,270,9,-0.9977068927101168,-0.06768276175455162,0.427,0.44,0.714
2021-09-28 00:00:00+00:00,0.427,0.722,0.64,0.998,0.328,0.462,1.23,16.68,8.114,8.1,11.8,9.3,0.419,0.412,0.412,0.414,0.424,0.64,0.722,0.657,0.692,0.657,0.691,15.788,15.009,15.058,8.1,11.8,9.3,0.1,0.0,0.0,6.8,3.7,6.4,0.0,0.0,0.0,15.0,15.5,15.700000000000001,46.2,15.100000000000001,15.500000000000004,15.700000000000001,46.3,15.100000000000014,15.500000000000002,15.700000000000001,46.3,0.008000000000000007,0.015000000000000013,271,9,-0.9987235240803972,-0.050510617185222886,0.44,0.714,0.769
2021-09-29 00:00:00+00:00,0.44,0.665,0.614,0.94,0.3,0.477,1.251,18.277,6.482,0.0,0.0,0.0,0.427,0.419,0.412,0.412,0.419,0.614,0.665,0.64,0.722,0.657,0.692,16.68,15.788,15.009,0.0,0.0,0.0,8.1,11.8,9.3,0.1,0.0,0.0,6.8,3.7,6.4,8.199999999999998,11.8,9.3,29.300000000000008,15.1,15.500000000000004,15.700000000000001,46.3,15.100000000000014,15.500000000000002,15.700000000000001,46.3,0.013000000000000012,0.028000000000000025,272,9,-0.9994446170919858,-0.033323525711631344,0.714,0.769,0.74
2023-01-01 00:00:00+00:00,0.714,0.804,0.569,1.336,0.497,0.936,1.378,63.143,11.984,10.6,9.7,16.8,0.44,0.427,0.419,0.412,0.414,0.569,0.804,0.614,0.665,0.64,0.722,18.277,16.68,15.788,10.6,9.7,16.8,0.0,0.0,0.0,8.1,11.8,9.3,0.1,0.0,0.0,18.699999999999996,21.5,26.1,66.3,25.7,25.200000000000003,32.5,83.39999999999999,25.700000000000014,25.200000000000003,32.5,83.39999999999999,0.27399999999999997,0.295,1,1,0.017201575418260506,0.9998520419557735,0.769,0.74,0.74
2023-01-02 00:00:00+00:00,0.769,0.901,0.585,1.334,0.493,1.021,1.402,74.598,15.77,0.0,0.0,0.1,0.714,0.44,0.427,0.412,0.412,0.585,0.901,0.569,0.804,0.614,0.665,63.143,18.277,16.68,0.0,0.0,0.1,10.6,9.7,16.8,0.0,0.0,0.0,8.1,11.8,9.3,10.599999999999998,9.7,16.900000000000002,37.199999999999996,25.599999999999998,25.200000000000003,32.6,83.39999999999999,25.700000000000014,25.200000000000003,32.6,83.49999999999999,0.05500000000000005,0.342,2,1,0.03439806061360801,0.9994082116062598,0.74,0.74,0.748
2023-01-03 00:00:00+00:00,0.74,0.842,0.586,1.329,0.484,0.964,1.356,68.526,13.085,2.9,9.6,7.8,0.769,0.714,0.44,0.419,0.412,0.586,0.842,0.585,0.901,0.569,0.804,74.598,63.143,18.277,2.9,9.6,7.8,0.0,0.0,0.1,10.6,9.7,16.8,0.0,0.0,0.0,13.499999999999998,19.299999999999997,24.7,57.5,28.499999999999996,34.800000000000004,40.400000000000006,103.7,28.600000000000012,34.8,40.400000000000006,103.8,-0.029000000000000026,0.3,3,1,0.051584366869408364,0.9986686402879997,0.74,0.748,0.726
2023-01-04 00:00:00+00:00,0.74,0.835,0.611,1.34,0.5,0.973,1.382,68.465,12.83,2.8,8.6,4.5,0.74,0.769,0.714,0.427,0.412,0.611,0.835,0.586,0.842,0.585,0.901,68.526,74.598,63.143,2.8,8.6,4.5,2.9,9.6,7.8,0.0,0.0,0.1,10.6,9.7,16.8,5.6999999999999975,18.2,12.399999999999999,36.30000000000001,24.5,39.7,38.50000000000001,102.69999999999999,31.400000000000013,43.4,44.900000000000006,119.69999999999999,0.0,0.026000000000000023,4,1,0.06875540848113941,0.9976335468520451,0.748,0.726,0.71
2023-01-05 00:00:00+00:00,0.748,0.845,0.634,1.334,0.5,0.981,1.387,70.138,13.201,0.3,3.0,2.7,0.74,0.74,0.769,0.44,0.419,0.634,0.845,0.611,0.835,0.586,0.842,68.465,68.526,74.598,0.3,3.0,2.7,2.8,8.6,4.5,2.9,9.6,7.8,0.0,0.0,0.1,5.999999999999998,21.2,15.0,42.2,24.7,42.7,41.2,108.6,31.700000000000014,46.4,47.6,125.69999999999999,0.008000000000000007,-0.02100000000000002,5,1,0.08590610426133272,0.9963032375991965,0.726,0.71,0.723
2023-01-06 00:00:00+00:00,0.726,0.812,0.648,1.32,0.502,0.941,1.353,65.468,11.895,0.2,0.2,1.4,0.748,0.74,0.74,0.714,0.427,0.648,0.812,0.634,0.845,0.611,0.835,70.138,68.465,68.526,0.2,0.2,1.4,0.3,3.0,2.7,2.8,8.6,4.5,2.9,9.6,7.8,3.299999999999998,11.799999999999999,8.6,23.700000000000006,16.8,31.1,33.3,81.19999999999999,31.900000000000013,46.6,49.0,127.49999999999999,-0.02200000000000002,-0.014000000000000012,6,1,0.10303137904317879,0.9946781061893646,0.71,0.723,0.794
2023-01-07 00:00:00+00:00,0.71,0.789,0.649,1.308,0.491,0.915,1.279,62.22,11.033,2.4,4.1,4.9,0.726,0.748,0.74,0.769,0.44,0.649,0.789,0.648,0.812,0.634,0.845,65.468,70.138,68.465,2.4,4.1,4.9,0.2,0.2,1.4,0.3,3.0,2.7,2.8,8.6,4.5,2.899999999999998,7.3,9.0,19.200000000000006,19.199999999999996,35.2,38.2,92.6,34.30000000000001,50.7,53.900000000000006,138.89999999999998,-0.016000000000000014,-0.030000000000000027,7,1,0.1201261651823505,0.9927586335250793,0.723,0.794,0.847
2023-01-08 00:00:00+00:00,0.723,0.795,0.651,1.316,0.535,0.946,1.361,64.823,11.334,8.4,11.2,12.5,0.71,0.726,0.748,0.74,0.714,0.651,0.795,0.649,0.789,0.648,0.812,62.22,65.468,70.138,8.4,11.2,12.5,2.4,4.1,4.9,0.2,0.2,1.4,0.3,3.0,2.7,10.999999999999998,15.5,18.8,45.30000000000001,17.0,36.7,33.900000000000006,87.6,42.70000000000002,61.9,66.4,171.0,0.013000000000000012,-0.025000000000000022,8,1,0.13718540405660057,0.9905453876091833,0.794,0.847,0.976
2023-01-09 00:00:00+00:00,0.794,0.842,0.649,1.347,0.6,1.085,1.469,80.39,13.435,1.3,2.1,5.4,0.723,0.71,0.726,0.74,0.769,0.649,0.842,0.651,0.795,0.649,0.789,64.823,62.22,65.468,1.3,2.1,5.4,8.4,11.2,12.5,2.4,4.1,4.9,0.2,0.2,1.4,12.099999999999998,17.400000000000002,22.800000000000004,52.30000000000001,18.3,38.800000000000004,39.2,96.30000000000001,43.90000000000001,64.0,71.80000000000001,179.7,0.07100000000000006,0.06800000000000006,9,1,0.1542040475626894,0.988039023376751,0.847,0.976,1.033
2023-01-10 00:00:00+00:00,0.847,0.955,0.674,1.483,0.706,1.194,1.474,92.732,18.711,9.6,20.2,18.0,0.794,0.723,0.71,0.748,0.74,0.674,0.955,0.649,0.842,0.651,0.795,80.39,64.823,62.22,9.6,20.2,18.0,1.3,2.1,5.4,8.4,11.2,12.5,2.4,4.1,4.9,19.299999999999997,33.5,35.900000000000006,88.7,25.0,49.400000000000006,49.400000000000006,123.8,53.500000000000014,84.2,89.80000000000001,227.5,0.052999999999999936,0.137,10,1,0.17117705961019986,0.985240282501282,0.976,1.033,1.025
2023-01-11 00:00:00+00:00,0.976,1.094,0.699,1.548,0.768,1.394,1.544,125.243,25.145,8.6,19.3,19.4,0.847,0.794,0.723,0.726,0.74,0.699,1.094,0.674,0.955,0.649,0.842,92.732,80.39,64.823,8.6,19.3,19.4,9.6,20.2,18.0,1.3,2.1,5.4,8.4,11.2,12.5,19.5,41.6,42.8,103.9,30.799999999999997,60.10000000000001,64.30000000000001,155.2,55.30000000000001,99.8,102.8,257.9,0.129,0.253,11,1,0.18809941761179758,0.9821499931752291,1.033,1.025,1.238
2023-01-12 00:00:00+00:00,1.033,1.27,0.785,1.592,0.849,1.496,1.605,141.372,34.843,1.6,7.5,6.1,0.976,0.847,0.794,0.71,0.748,0.785,1.27,0.699,1.094,0.674,0.955,125.243,92.732,80.39,1.6,7.5,6.1,8.6,19.3,19.4,9.6,20.2,18.0,1.3,2.1,5.4,19.799999999999997,47.0,43.5,110.30000000000001,32.1,64.60000000000001,67.7,164.4,56.80000000000001,107.3,108.89999999999999,272.99999999999994,0.05699999999999994,0.23899999999999988,12,1,0.20496611396949532,0.9787690698649216,1.025,1.238,1.313
2023-01-13 00:00:00+00:00,1.025,1.162,0.785,1.541,0.807,1.459,1.585,138.762,28.404,9.8,18.74,25.8,1.033,0.976,0.847,0.723,0.726,0.785,1.162,0.785,1.27,0.699,1.094,141.372,125.243,92.732,9.8,18.74,25.8,1.6,7.5,6.1,8.6,19.3,19.4,9.6,20.2,18.0,20.0,45.54,51.300000000000004,116.84000000000002,41.7,83.14,92.10000000000001,216.94,58.500000000000014,114.24,125.4,298.14,-0.008000000000000007,0.17799999999999994,13,1,0.22177215755648186,0.975098513039961,1.238,1.313,1.321
2023-01-14 00:00:00+00:00,1.238,1.47,0.796,1.854,1.068,1.968,1.812,205.975,47.122,6.0,12.45,13.6,1.025,1.033,0.976,0.794,0.71,0.796,1.47,0.785,1.162,0.785,1.27,138.762,141.372,125.243,6.0,12.45,13.6,9.8,18.74,25.8,1.6,7.5,6.1,8.6,19.3,19.4,17.4,38.69,45.50000000000001,101.59000000000002,45.3,91.49000000000001,100.8,237.59000000000003,64.50000000000001,126.69,139.0,330.19,0.21300000000000008,0.262,14,1,0.23851257519407648,0.9711394088771653,1.313,1.321,1.204
2023-01-15 00:00:00+00:00,1.313,1.31,0.79,1.736,0.997,2.074,1.914,229.468,37.302,5.3,9.37,16.0,1.238,1.025,1.033,0.847,0.723,0.79,1.31,0.796,1.47,0.785,1.162,205.975,138.762,141.372,5.3,9.37,16.0,6.0,12.45,13.6,9.8,18.74,25.8,1.6,7.5,6.1,21.099999999999998,40.559999999999995,55.400000000000006,117.06000000000002,42.2,89.66000000000001,104.30000000000001,236.16,59.20000000000002,126.36,138.2,323.76,0.07499999999999996,0.28,15,1,0.2551824131233728,0.9668929289391521,1.321,1.204,1.056
2023-01-16 00:00:00+00:00,1.321,1.297,0.789,1.697,0.958,2.085,1.941,232.368,36.52,0.0,0.78,1.7,1.313,1.238,1.025,0.976,0.794,0.789,1.297,0.79,1.31,0.796,1.47,229.468,205.975,138.762,0.0,0.78,1.7,5.3,9.37,16.0,6.0,12.45,13.6,9.8,18.74,25.8,11.299999999999997,22.599999999999998,31.300000000000008,65.2,40.9,88.34,100.6,229.84,59.20000000000002,127.14,139.8,326.14,0.008000000000000007,0.29600000000000004,16,1,0.2717767384711357,0.9623603298276545,1.204,1.056,0.958
2023-01-17 00:00:00+00:00,1.204,1.134,0.725,1.571,0.828,1.836,1.7,193.456,27.088,0.2,0.0,0.0,1.321,1.313,1.238,1.033,0.847,0.725,1.134,0.789,1.297,0.79,1.31,232.368,229.468,205.975,0.2,0.0,0.0,0.0,0.78,1.7,5.3,9.37,16.0,6.0,12.45,13.6,5.499999999999998,10.149999999999999,17.70000000000001,33.350000000000016,31.5,68.14000000000001,82.6,182.24,56.500000000000014,117.54,132.0,306.03999999999996,-0.11699999999999999,-0.03400000000000003,17,1,0.2882906407095177,0.9575429528116719,1.056,0.958,0.889
2023-01-18 00:00:00+00:00,1.056,0.942,0.57,1.494,0.751,1.539,1.599,147.793,18.14,0.7,0.0,0.2,1.204,1.321,1.313,1.025,0.976,0.57,0.942,0.725,1.134,0.789,1.297,193.456,232.368,229.468,0.7,0.0,0.2,0.2,0.0,0.0,0.0,0.78,1.7,5.3,9.37,16.0,0.8999999999999981,0.78,1.9000000000000088,3.5800000000000143,23.599999999999998,48.839999999999996,63.400000000000006,135.83999999999997,54.40000000000001,108.94,127.69999999999999,291.04,-0.1479999999999999,-0.2569999999999999,18,1,0.3047192331091634,0.9524422234305676,0.958,0.889,0.825
2023-01-19 00:00:00+00:00,0.958,0.829,0.503,1.446,0.7,1.335,1.52,120.458,13.194,16.7,16.5,15.3,1.056,1.204,1.321,1.238,1.033,0.503,0.829,0.57,0.942,0.725,1.134,147.793,193.456,232.368,16.7,16.5,15.3,0.7,0.0,0.2,0.2,0.0,0.0,0.0,0.78,1.7,17.599999999999998,16.5,15.500000000000009,49.600000000000016,38.7,57.84,72.60000000000001,169.14,70.80000000000001,122.44,140.3,333.54,-0.09800000000000009,-0.363,19,1,0.321057654185271,0.9470596510722283,0.889,0.825,0.782
2023-01-20 00:00:00+00:00,0.889,0.78,0.506,1.4,0.659,1.22,1.434,102.738,11.167,0.0,0.0,0.2,0.958,1.056,1.204,1.313,1.025,0.506,0.78,0.503,0.829,0.57,0.942,120.458,147.793,193.456,0.0,0.0,0.2,16.7,16.5,15.3,0.7,0.0,0.2,0.2,0.0,0.0,17.4,16.5,15.700000000000008,49.600000000000016,28.9,39.1,47.0,115.0,70.60000000000002,122.24000000000001,139.1,331.94,-0.06899999999999995,-0.31499999999999995,20,1,0.3373010691361842,0.9413968285264122,0.825,0.782,0.748
2023-01-21 00:00:00+00:00,0.825,0.764,0.555,1.364,0.621,1.104,1.387,87.262,10.503,0.1,1.5,1.7,0.889,0.958,1.056,1.321,1.238,0.555,0.764,0.506,0.78,0.503,0.829,102.738,120.458,147.793,0.1,1.5,1.7,0.0,0.0,0.2,16.7,16.5,15.3,0.7,0.0,0.2,16.8,18.0,17.20000000000001,52.000000000000014,23.0,28.150000000000002,35.1,86.25,68.30000000000001,119.63999999999999,135.9,323.84000000000003,-0.06400000000000006,-0.2310000000000001,21,1,0.3534446712740877,0.9354554315134164,0.782,0.748,0.724
2023-01-22 00:00:00+00:00,0.782,0.761,0.573,1.34,0.592,1.03,1.331,77.449,10.385,1.14,0.0,0.0,0.825,0.889,0.958,1.204,1.313,0.573,0.761,0.555,0.764,0.506,0.78,87.262,102.738,120.458,1.14,0.0,0.0,0.1,1.5,1.7,0.0,0.0,0.2,16.7,16.5,15.3,1.24,1.5,1.9000000000000088,4.640000000000014,18.839999999999996,18.78,19.1,56.72,61.04000000000002,108.44,123.39999999999999,292.88,-0.04299999999999993,-0.17599999999999993,22,1,0.3694836834473831,0.9292372181882051,0.748,0.724,0.7
2023-01-23 00:00:00+00:00,0.748,0.79,0.57,1.315,0.572,0.978,1.365,70.221,11.584,0.0,0.0,0.0,0.782,0.825,0.889,1.056,1.321,0.57,0.79,0.573,0.761,0.555,0.764,77.449,87.262,102.738,0.0,0.0,0.0,1.14,0.0,0.0,0.1,1.5,1.7,0.0,0.0,0.2,1.24,1.5,1.7000000000000088,4.440000000000014,18.839999999999996,18.000000000000004,17.400000000000002,54.24,59.740000000000016,106.34,118.0,284.08,-0.03400000000000003,-0.14100000000000001,23,1,0.38541335945432564,0.9227440286201427,0.724,0.7,0.689
2023-01-24 00:00:00+00:00,0.724,0.72,0.495,1.301,0.551,0.926,1.334,65.129,8.816,0.0,0.1,0.0,0.748,0.782,0.825,0.958,1.204,0.495,0.72,0.57,0.79,0.573,0.761,70.221,77.449,87.262,0.0,0.1,0.0,0.0,0.0,0.0,1.14,0.0,0.0,0.1,1.5,1.7,1.14,0.1,0.0,1.2400000000000142,18.639999999999997,18.100000000000005,17.400000000000002,54.14,50.140000000000015,86.24,100.0,236.38,-0.02400000000000002,-0.10099999999999998,24,1,0.4012289854475009,0.9159777842484877,0.7,0.689,0.688
2023-01-25 00:00:00+00:00,0.7,0.699,0.495,1.29,0.535,0.879,1.293,60.276,8.011,0.9,1.27,2.2,0.724,0.748,0.782,0.889,1.056,0.495,0.699,0.495,0.72,0.57,0.79,65.129,70.221,77.449,0.9,1.27,2.2,0.0,0.1,0.0,0.0,0.0,0.0,1.14,0.0,0.0,0.9,1.37,2.200000000000009,4.470000000000015,18.84,19.370000000000005,19.400000000000002,57.61,42.44000000000002,68.21,82.8,193.45,-0.02400000000000002,-0.08200000000000007,25,1,0.4169258813287287,0.908940487313808,0.689,0.688,0.667
2023-01-26 00:00:00+00:00,0.689,0.723,0.5,1.29,0.53,0.872,1.312,58.14,8.91,0.9,1.5,2.3,0.7,0.724,0.748,0.825,0.958,0.5,0.723,0.495,0.699,0.495,0.72,60.276,65.129,70.221,0.9,1.5,2.3,0.9,1.27,2.2,0.0,0.1,0.0,0.0,0.0,0.0,1.8,2.87,4.500000000000009,9.170000000000012,3.04,4.370000000000004,6.400000000000002,13.809999999999999,41.740000000000016,62.209999999999994,79.0,182.95,-0.01100000000000001,-0.05900000000000005,26,1,0.4324994021339788,0.901634220265486,0.688,0.667,0.659
2023-01-27 00:00:00+00:00,0.688,0.772,0.502,1.283,0.52,0.86,1.293,57.755,10.839,0.0,0.2,0.2,0.689,0.7,0.724,0.782,0.889,0.502,0.772,0.5,0.723,0.495,0.699,58.14,60.276,65.129,0.0,0.2,0.2,0.9,1.5,2.3,0.9,1.27,2.2,0.0,0.1,0.0,1.8,2.97,4.700000000000009,9.470000000000013,3.04,4.570000000000004,6.400000000000001,14.01,31.940000000000012,43.67,53.4,129.01,-0.0010000000000000009,-0.03600000000000003,27,1,0.44794493940789115,0.8940611451454876,0.667,0.659,0.687
2023-01-28 00:00:00+00:00,0.667,0.749,0.502,1.263,0.498,0.816,1.265,53.846,9.931,0.0,0.4,0.4,0.688,0.689,0.7,0.748,0.825,0.502,0.749,0.502,0.772,0.5,0.723,57.755,58.14,60.276,0.0,0.4,0.4,0.0,0.2,0.2,0.9,1.5,2.3,0.9,1.27,2.2,0.9,2.1,2.900000000000009,5.900000000000014,2.94,3.4700000000000037,5.100000000000001,11.51,25.940000000000012,31.619999999999997,40.199999999999996,97.76,-0.020999999999999908,-0.03299999999999992,28,1,0.4632579225674917,0.88622350294858,0.659,0.687,0.7
2023-01-29 00:00:00+00:00,0.659,0.791,0.507,1.294,0.507,0.81,1.249,52.214,11.674,2.6,2.8,5.3,0.667,0.688,0.689,0.724,0.782,0.507,0.791,0.502,0.749,0.502,0.772,53.846,57.755,58.14,2.6,2.8,5.3,0.0,0.4,0.4,0.0,0.2,0.2,0.9,1.5,2.3,2.6,3.4,5.900000000000009,11.900000000000013,4.4,6.270000000000003,10.400000000000002,21.07,23.240000000000016,25.05,29.5,77.78999999999999,-0.008000000000000007,-0.029999999999999916,29,1,0.4784338202547012,0.8781236129591848,0.687,0.7,0.733
2023-01-30 00:00:00+00:00,0.687,0.873,0.546,1.32,0.525,0.861,1.261,57.593,15.052,2.9,2.0,3.8,0.659,0.667,0.688,0.7,0.748,0.546,0.873,0.507,0.791,0.502,0.749,52.214,53.846,57.755,2.9,2.0,3.8,2.6,2.8,5.3,0.0,0.4,0.4,0.0,0.2,0.2,5.5,5.199999999999999,9.500000000000007,20.20000000000001,7.3,8.270000000000003,14.200000000000001,29.769999999999996,26.140000000000015,26.27,31.6,84.01,0.028000000000000025,-0.0009999999999998899,30,1,0.49346814167723735,0.8697638720650646,0.7,0.733,0.72
2023-01-31 00:00:00+00:00,0.7,0.986,0.623,1.369,0.552,0.896,1.285,60.275,20.111,2.0,5.5,7.2,0.687,0.659,0.667,0.689,0.724,0.623,0.986,0.546,0.873,0.507,0.791,57.593,52.214,53.846,2.0,5.5,7.2,2.9,2.0,3.8,2.6,2.8,5.3,0.0,0.4,0.4,7.5,10.3,16.300000000000008,34.10000000000001,9.3,13.670000000000003,21.400000000000002,44.37,27.940000000000015,31.77,38.8,98.51,0.0129999999999999,0.03299999999999992,31,1,0.5083564379375122,0.8611467540480452,0.733,0.72,0.745
2023-02-01 00:00:00+00:00,0.733,1.002,0.629,1.435,0.582,0.956,1.246,66.917,20.822,1.4,5.1,7.9,0.7,0.687,0.659,0.688,0.7,0.629,1.002,0.623,0.986,0.546,0.873,60.275,57.593,52.214,1.4,5.1,7.9,2.0,5.5,7.2,2.9,2.0,3.8,2.6,2.8,5.3,6.300000000000001,12.599999999999998,18.90000000000001,37.80000000000001,9.799999999999999,17.5,27.1,54.39999999999999,28.640000000000015,36.87,46.50000000000001,112.00999999999999,0.03300000000000003,0.07399999999999995,32,2,0.5230943033491326,0.8522748088519838,0.72,0.745,0.764
2023-02-02 00:00:00+00:00,0.72,1.053,0.753,1.369,0.556,0.92,1.254,64.249,23.173,2.2,7.7,13.4,0.733,0.7,0.687,0.667,0.689,0.753,1.053,0.629,1.002,0.623,0.986,66.917,60.275,57.593,2.2,7.7,13.4,1.4,5.1,7.9,2.0,5.5,7.2,2.9,2.0,3.8,5.6,18.299999999999997,28.500000000000007,52.40000000000001,11.1,23.700000000000003,38.2,73.0,14.140000000000015,28.07,44.6,86.81,-0.013000000000000012,0.03299999999999992,33,2,0.5376773767406141,0.8431506618282,0.745,0.764,0.771
2023-02-03 00:00:00+00:00,0.745,1.146,0.764,1.462,0.608,0.986,1.29,69.699,27.68,5.8,4.0,8.9,0.72,0.733,0.7,0.659,0.688,0.764,1.146,0.753,1.053,0.629,1.002,64.249,66.917,60.275,5.8,4.0,8.9,2.2,7.7,13.4,1.4,5.1,7.9,2.0,5.5,7.2,9.4,16.799999999999997,30.20000000000001,56.40000000000002,16.9,27.500000000000004,46.9,91.3,19.940000000000012,32.07,53.3,105.31,0.025000000000000022,0.04500000000000004,34,2,0.5521013427459208,0.8337770129585915,0.764,0.771,0.749
2023-02-04 00:00:00+00:00,0.764,1.13,0.766,1.451,0.607,1.01,1.263,73.582,26.766,2.6,9.3,11.9,0.745,0.72,0.733,0.687,0.667,0.766,1.13,0.764,1.146,0.753,1.053,69.699,64.249,66.917,2.6,9.3,11.9,5.8,4.0,8.9,2.2,7.7,13.4,1.4,5.1,7.9,10.6,21.0,34.20000000000001,65.80000000000001,19.5,36.400000000000006,58.400000000000006,114.3,22.440000000000012,39.870000000000005,63.5,125.81,0.019000000000000017,0.031000000000000028,35,2,0.5663619330814524,0.8241566360566663,0.771,0.749,0.725
2023-02-05 00:00:00+00:00,0.771,1.099,0.765,1.445,0.596,1.017,1.232,75.013,25.29,0.0,0.0,0.0,0.764,0.745,0.72,0.7,0.659,0.765,1.099,0.766,1.13,0.764,1.146,73.582,69.699,64.249,0.0,0.0,0.0,2.6,9.3,11.9,5.8,4.0,8.9,2.2,7.7,13.4,8.4,13.3,20.80000000000001,42.500000000000014,16.9,33.6,53.10000000000001,103.6,21.300000000000015,39.870000000000005,63.5,124.67,0.007000000000000006,0.051000000000000045,36,2,0.580454927809098,0.8142923779467267,0.749,0.725,0.704
2023-02-06 00:00:00+00:00,0.749,1.038,0.7,1.416,0.574,0.979,1.236,70.392,22.502,0.0,0.0,0.0,0.771,0.764,0.745,0.733,0.687,0.7,1.038,0.765,1.099,0.766,1.13,75.013,73.582,69.699,0.0,0.0,0.0,0.0,0.0,0.0,2.6,9.3,11.9,5.8,4.0,8.9,2.6,9.3,11.90000000000001,23.800000000000015,13.999999999999998,31.600000000000005,49.30000000000001,94.9,21.300000000000015,39.870000000000005,63.5,124.67,-0.02200000000000002,0.0040000000000000036,37,2,0.5943761565849831,0.804187157621448,0.725,0.704,0.684
2023-02-07 00:00:00+00:00,0.725,0.895,0.612,1.383,0.554,0.938,1.249,65.415,16.018,0.0,0.0,0.0,0.749,0.771,0.764,0.72,0.7,0.612,0.895,0.7,1.038,0.765,1.099,70.392,75.013,73.582,0.0,0.0,0.0,0.0,0.0,0.0,0.0,0.0,0.0,2.6,9.3,11.9,0.0,0.0,0.0,0.0,11.999999999999998,26.100000000000005,42.10000000000001,80.2,21.300000000000015,39.769999999999996,63.5,124.57000000000001,-0.02400000000000002,-0.039000000000000035,38,2,0.6081214998935418,0.7938439653781019,0.704,0.684,0.67
2023-02-08 00:00:00+00:00,0.704,0.844,0.587,1.356,0.536,0.897,1.26,60.931,13.808,0.0,0.0,0.2,0.725,0.749,0.771,0.745,0.733,0.587,0.844,0.612,0.895,0.7,1.038,65.415,70.392,75.013,0.0,0.0,0.2,0.0,0.0,0.0,0.0,0.0,0.0,0.0,0.0,0.0,0.0,0.0,0.2000000000000089,0.20000000000001422,10.599999999999998,21.000000000000007,34.400000000000006,66.0,20.400000000000013,38.5,61.5,120.4,-0.02100000000000002,-0.06700000000000006,39,2,0.6216868902665479,0.7832658619336791,0.684,0.67,0.655
2023-02-09 00:00:00+00:00,0.684,0.8,0.565,1.335,0.524,0.858,1.249,56.974,11.966,0.0,0.0,0.0,0.704,0.725,0.749,0.764,0.72,0.565,0.8,0.587,0.844,0.612,0.895,60.931,65.415,70.392,0.0,0.0,0.0,0.0,0.0,0.2,0.0,0.0,0.0,0.0,0.0,0.0,0.0,0.0,0.2000000000000089,0.20000000000001422,8.399999999999999,13.300000000000004,21.000000000000004,42.7,19.500000000000014,37.0,59.2,115.7,-0.019999999999999907,-0.06499999999999995,40,2,0.6350683134867438,0.7724559775191742,0.67,0.655,0.636
2023-02-10 00:00:00+00:00,0.67,0.764,0.554,1.318,0.515,0.83,1.233,54.38,10.507,0.5,0.5,0.5,0.684,0.704,0.725,0.771,0.745,0.554,0.764,0.565,0.8,0.587,0.844,56.974,60.931,65.415,0.5,0.5,0.5,0.0,0.0,0.0,0.0,0.0,0.2,0.0,0.0,0.0,0.5,0.5,0.7000000000000088,1.7000000000000142,3.099999999999999,9.800000000000004,12.600000000000003,25.5,20.000000000000014,37.3,59.5,116.80000000000001,-0.014000000000000012,-0.05499999999999994,41,2,0.6482618097757122,0.7614175109532997,0.655,0.636,0.601
2023-02-11 00:00:00+00:00,0.655,0.746,0.553,1.301,0.504,0.798,1.25,51.408,9.799,0.0,0.1,0.0,0.67,0.684,0.704,0.749,0.764,0.553,0.746,0.554,0.764,0.565,0.8,54.38,56.974,60.931,0.0,0.1,0.0,0.5,0.5,0.5,0.0,0.0,0.0,0.0,0.0,0.2,0.5,0.6,0.5000000000000089,1.6000000000000143,0.4999999999999991,0.6000000000000035,0.7000000000000035,1.8,20.000000000000014,37.0,59.1,116.1,-0.015000000000000013,-0.04899999999999993,42,2,0.6612634749656386,0.7501537286959042,0.636,0.601,0.587
2023-02-12 00:00:00+00:00,0.636,0.73,0.548,1.226,0.49,0.751,1.264,47.935,9.195,0.0,0.0,0.0,0.655,0.67,0.684,0.725,0.771,0.548,0.73,0.553,0.746,0.554,0.764,51.408,54.38,56.974,0.0,0.0,0.0,0.0,0.1,0.0,0.5,0.5,0.5,0.0,0.0,0.0,0.5,0.6,0.5000000000000089,1.6000000000000143,0.4999999999999991,0.6000000000000035,0.7000000000000035,1.8,17.400000000000013,34.199999999999996,53.800000000000004,105.4,-0.019000000000000017,-0.04800000000000004,43,2,0.6740694616546161,0.7386679638813748,0.601,0.587,0.564
2023-02-13 00:00:00+00:00,0.601,0.719,0.545,1.183,0.475,0.695,1.251,41.827,8.751,0.0,0.0,0.0,0.636,0.655,0.67,0.704,0.749,0.545,0.719,0.548,0.73,0.553,0.746,47.935,51.408,54.38,0.0,0.0,0.0,0.0,0.0,0.0,0.0,0.1,0.0,0.5,0.5,0.5,0.0,0.1,0.0,0.10000000000001422,0.4999999999999991,0.6000000000000035,0.7000000000000035,1.8,14.500000000000014,32.199999999999996,50.0,96.7,-0.03500000000000003,-0.06900000000000006,44,2,0.6866759803451553,0.726963615332308,0.587,0.564,0.55
2023-02-14 00:00:00+00:00,0.587,0.708,0.532,1.109,0.466,0.652,1.277,39.479,8.349,0.0,0.0,0.0,0.601,0.636,0.655,0.684,0.725,0.532,0.708,0.545,0.719,0.548,0.73,41.827,47.935,51.408,0.0,0.0,0.0,0.0,0.0,0.0,0.0,0.0,0.0,0.0,0.1,0.0,0.0,0.0,0.0,0.0,0.4999999999999991,0.6000000000000035,0.7000000000000035,1.8,12.500000000000014,26.700000000000003,42.800000000000004,82.0,-0.014000000000000012,-0.06800000000000006,45,2,0.6990793005655562,0.7150441465537444,0.564,0.55,0.563
2023-02-15 00:00:00+00:00,0.564,0.678,0.499,1.054,0.457,0.608,1.244,35.595,7.309,0.3,1.0,1.0,0.587,0.601,0.636,0.67,0.704,0.499,0.678,0.532,0.708,0.545,0.719,39.479,41.827,47.935,0.3,1.0,1.0,0.0,0.0,0.0,0.0,0.0,0.0,0.0,0.0,0.0,0.3,1.0,1.0000000000000089,2.300000000000014,0.7999999999999992,1.6000000000000036,1.5000000000000036,3.9,11.400000000000015,22.6,35.9,69.89999999999999,-0.02300000000000002,-0.07200000000000006,46,2,0.7112757519738152,0.7029130847082615,0.55,0.563,0.603
2023-02-16 00:00:00+00:00,0.55,0.666,0.499,1.08,0.451,0.594,1.266,33.269,6.886,0.3,1.4,3.1,0.564,0.587,0.601,0.655,0.684,0.499,0.666,0.499,0.678,0.532,0.708,35.595,39.479,41.827,0.3,1.4,3.1,0.3,1.0,1.0,0.0,0.0,0.0,0.0,0.0,0.0,0.6,2.4,4.1000000000000085,7.100000000000014,1.0999999999999992,3.0000000000000036,4.600000000000003,8.7,9.500000000000012,16.3,25.6,51.4,-0.013999999999999901,-0.050999999999999934,47,2,0.7232617254437388,0.6905740195722294,0.563,0.603,0.602
2023-02-17 00:00:00+00:00,0.563,0.683,0.5,1.144,0.458,0.622,1.257,35.319,7.495,4.2,5.6,11.8,0.55,0.564,0.587,0.636,0.67,0.5,0.683,0.499,0.666,0.499,0.678,33.269,35.595,39.479,4.2,5.6,11.8,0.3,1.4,3.1,0.3,1.0,1.0,0.0,0.0,0.0,4.8,8.0,15.90000000000001,28.700000000000017,4.799999999999999,8.100000000000003,15.900000000000004,28.8,7.900000000000015,17.9,28.500000000000004,54.300000000000004,0.0129999999999999,-0.02400000000000002,48,2,0.7350336741329412,0.6780306024735382,0.603,0.602,0.572
2023-02-18 00:00:00+00:00,0.603,0.788,0.519,1.216,0.489,0.706,1.254,42.087,11.48,1.5,2.1,6.2,0.563,0.55,0.564,0.601,0.655,0.519,0.788,0.5,0.683,0.499,0.666,35.319,33.269,35.595,1.5,2.1,6.2,4.2,5.6,11.8,0.3,1.4,3.1,0.3,1.0,1.0,6.0,9.1,21.10000000000001,36.20000000000002,6.3,10.100000000000003,22.100000000000005,38.5,6.800000000000015,10.7,22.8,40.3,0.040000000000000036,0.039000000000000035,49,2,0.746588114532413,0.6652865452111116,0.602,0.572,0.555
2023-02-19 00:00:00+00:00,0.602,0.746,0.56,1.159,0.465,0.683,1.263,41.854,9.815,0.0,0.0,0.1,0.603,0.563,0.55,0.587,0.636,0.56,0.746,0.519,0.788,0.5,0.683,42.087,35.319,33.269,0.0,0.0,0.1,1.5,2.1,6.2,4.2,5.6,11.8,0.3,1.4,3.1,5.7,7.699999999999999,18.10000000000001,31.50000000000002,6.3,10.100000000000003,22.200000000000003,38.6,6.800000000000015,10.7,22.900000000000002,40.4,-0.0010000000000000009,0.051999999999999935,50,2,0.7579216274973472,0.6523456189565257,0.572,0.555,0.56
2023-02-20 00:00:00+00:00,0.572,0.78,0.603,1.13,0.443,0.627,1.263,36.835,11.175,0.0,0.0,0.0,0.602,0.603,0.563,0.564,0.601,0.603,0.78,0.56,0.746,0.519,0.788,41.854,42.087,35.319,0.0,0.0,0.0,0.0,0.0,0.1,1.5,2.1,6.2,4.2,5.6,11.8,1.5,2.1,6.300000000000009,9.900000000000018,6.3,10.100000000000003,22.200000000000003,38.6,6.800000000000015,10.7,22.900000000000002,40.4,-0.030000000000000027,0.009000000000000008,51,2,0.7690308592589181,0.6392116531380588,0.555,0.56,0.556
2023-02-21 00:00:00+00:00,0.555,0.73,0.563,1.116,0.433,0.601,1.264,34.036,9.203,3.5,1.3,1.5,0.572,0.602,0.603,0.55,0.587,0.563,0.73,0.603,0.78,0.56,0.746,36.835,41.854,42.087,3.5,1.3,1.5,0.0,0.0,0.0,0.0,0.0,0.1,1.5,2.1,6.2,3.5,1.3,1.600000000000009,6.400000000000017,9.8,11.400000000000004,23.700000000000003,44.9,10.300000000000015,12.0,24.400000000000002,46.7,-0.016999999999999904,-0.04799999999999993,52,2,0.7799125224167177,0.6258885343075018,0.56,0.556,0.549
2023-02-22 00:00:00+00:00,0.56,0.749,0.562,1.116,0.442,0.603,1.234,34.799,9.928,1.7,1.6,2.8,0.555,0.572,0.602,0.563,0.564,0.562,0.749,0.563,0.73,0.603,0.78,34.036,36.835,41.854,1.7,1.6,2.8,3.5,1.3,1.5,0.0,0.0,0.0,0.0,0.0,0.1,5.2,2.9000000000000004,4.300000000000009,12.400000000000016,11.2,12.000000000000004,25.500000000000004,48.7,12.000000000000014,13.6,27.000000000000004,52.599999999999994,0.0050000000000000044,-0.041999999999999926,53,2,0.7905633969115482,0.612380204990065,0.556,0.549,0.539
2023-02-23 00:00:00+00:00,0.556,0.733,0.554,1.114,0.433,0.603,1.25,34.186,9.278,0.7,1.1,2.1,0.56,0.555,0.572,0.603,0.55,0.554,0.733,0.562,0.749,0.563,0.73,34.799,34.036,36.835,0.7,1.1,2.1,1.7,1.6,2.8,3.5,1.3,1.5,0.0,0.0,0.0,5.9,4.0,6.400000000000009,16.30000000000002,11.6,11.700000000000003,24.500000000000004,47.800000000000004,12.700000000000015,14.7,29.1,56.5,-0.0040000000000000036,-0.015999999999999903,54,2,0.8009803309782905,0.5986906625177214,0.549,0.539,0.524
2023-02-24 00:00:00+00:00,0.549,0.712,0.537,1.107,0.423,0.586,1.263,33.051,8.49,0.0,0.0,1.2,0.556,0.56,0.555,0.602,0.563,0.537,0.712,0.554,0.733,0.562,0.749,34.186,34.799,34.036,0.0,0.0,1.2,0.7,1.1,2.1,1.7,1.6,2.8,3.5,1.3,1.5,2.4,2.7,6.1000000000000085,11.200000000000017,7.4,6.100000000000004,13.900000000000004,27.4,12.200000000000015,14.2,29.8,56.199999999999996,-0.007000000000000006,-0.006000000000000005,55,2,0.8111602420785621,0.5848239578463322,0.539,0.524,0.508
2023-02-25 00:00:00+00:00,0.539,0.693,0.534,1.091,0.406,0.565,1.242,31.44,7.789,0.0,0.0,0.0,0.549,0.556,0.56,0.572,0.603,0.534,0.693,0.537,0.712,0.554,0.733,33.051,34.186,34.799,0.0,0.0,0.0,0.0,0.0,1.2,0.7,1.1,2.1,1.7,1.6,2.8,0.7,1.1,3.3000000000000087,5.100000000000018,5.9,4.0000000000000036,7.700000000000004,17.599999999999998,12.200000000000015,14.1,29.8,56.1,-0.010000000000000009,-0.02100000000000002,56,2,0.8211001178128892,0.5707841943569036,0.524,0.508,0.504
2023-02-26 00:00:00+00:00,0.524,0.678,0.515,1.048,0.392,0.538,1.251,29.156,7.271,0.0,0.0,0.0,0.539,0.549,0.556,0.555,0.602,0.515,0.678,0.534,0.693,0.537,0.712,31.44,33.051,34.186,0.0,0.0,0.0,0.0,0.0,0.0,0.0,0.0,1.2,0.7,1.1,2.1,0.0,0.0,1.2000000000000088,1.2000000000000177,5.9,4.0000000000000036,7.600000000000004,17.499999999999996,12.200000000000015,14.1,29.8,56.1,-0.015000000000000013,-0.03200000000000003,57,2,0.8307970168121247,0.5565755266413303,0.508,0.504,0.502
2023-02-27 00:00:00+00:00,0.508,0.647,0.484,1.041,0.384,0.514,1.256,26.643,6.298,0.0,0.0,0.0,0.524,0.539,0.549,0.56,0.572,0.484,0.647,0.515,0.678,0.534,0.693,29.156,31.44,33.051,0.0,0.0,0.0,0.0,0.0,0.0,0.0,0.0,0.0,0.0,0.0,1.2,0.0,0.0,0.0,0.0,5.9,4.0000000000000036,7.600000000000004,17.499999999999996,12.200000000000015,14.1,29.8,56.1,-0.016000000000000014,-0.041000000000000036,58,2,0.8402480696078469,0.5422021592729844,0.504,0.502,0.499
2023-02-28 00:00:00+00:00,0.504,0.607,0.482,1.031,0.376,0.502,1.244,25.991,5.156,0.0,0.0,0.0,0.508,0.524,0.539,0.556,0.555,0.482,0.607,0.484,0.647,0.515,0.678,26.643,29.156,31.44,0.0,0.0,0.0,0.0,0.0,0.0,0.0,0.0,0.0,0.0,0.0,0.0,0.0,0.0,0.0,0.0,2.4,2.7000000000000037,6.100000000000003,11.200000000000001,12.200000000000015,14.1,29.8,56.1,-0.0040000000000000036,-0.03500000000000003,59,2,0.8494504794814806,0.527668345562516,0.502,0.499,0.493
2023-03-01 00:00:00+00:00,0.502,0.607,0.484,1.027,0.374,0.496,1.259,25.649,5.163,0.0,0.0,0.0,0.504,0.508,0.524,0.549,0.56,0.484,0.607,0.482,0.607,0.484,0.647,25.991,26.643,29.156,0.0,0.0,0.0,0.0,0.0,0.0,0.0,0.0,0.0,0.0,0.0,0.0,0.0,0.0,0.0,0.0,0.7,1.1000000000000036,3.3000000000000034,5.1000000000000005,11.900000000000015,13.1,28.8,53.8,-0.0020000000000000018,-0.02200000000000002,60,3,0.8584015232918917,0.512978386299228,0.499,0.493,0.491
2023-03-02 00:00:00+00:00,0.499,0.599,0.482,1.019,0.366,0.486,1.245,25.175,4.945,0.0,0.0,0.0,0.502,0.504,0.508,0.539,0.556,0.482,0.599,0.484,0.607,0.482,0.607,25.649,25.991,26.643,0.0,0.0,0.0,0.0,0.0,0.0,0.0,0.0,0.0,0.0,0.0,0.0,0.0,0.0,0.0,0.0,0.0,0.0,1.2000000000000035,1.2,11.600000000000016,11.7,25.7,49.0,-0.0030000000000000027,-0.009000000000000008,61,3,0.8670985522812081,0.4981366284784055,0.493,0.491,0.491
2023-03-03 00:00:00+00:00,0.493,0.588,0.482,1.014,0.368,0.475,1.264,24.322,4.68,0.0,0.2,0.3,0.499,0.502,0.504,0.524,0.549,0.482,0.588,0.482,0.599,0.484,0.607,25.175,25.649,25.991,0.0,0.2,0.3,0.0,0.0,0.0,0.0,0.0,0.0,0.0,0.0,0.0,0.0,0.2,0.30000000000000887,0.5000000000000178,0.0,0.20000000000000356,0.30000000000000354,0.5,7.400000000000015,6.300000000000001,14.2,27.9,-0.006000000000000005,-0.01100000000000001,62,3,0.8755389928586302,0.4831474640149687,0.491,0.491,0.497
2023-03-04 00:00:00+00:00,0.491,0.586,0.48,1.015,0.368,0.473,1.216,24.1,4.61,0.7,1.6,1.3,0.493,0.499,0.502,0.508,0.539,0.48,0.586,0.482,0.588,0.482,0.599,24.322,25.175,25.649,0.7,1.6,1.3,0.0,0.2,0.3,0.0,0.0,0.0,0.0,0.0,0.0,0.7,1.8,1.600000000000009,4.100000000000017,0.7,1.8000000000000036,1.6000000000000036,4.1,6.600000000000014,5.800000000000001,9.3,21.7,-0.0020000000000000018,-0.01100000000000001,63,3,0.8837203473619977,0.4680153284438345,0.491,0.497,0.553
2023-03-05 00:00:00+00:00,0.491,0.589,0.481,1.018,0.363,0.472,1.224,24.026,4.691,1.2,2.5,1.8,0.491,0.493,0.499,0.504,0.524,0.481,0.589,0.48,0.586,0.482,0.588,24.1,24.322,25.175,1.2,2.5,1.8,0.7,1.6,1.3,0.0,0.2,0.3,0.0,0.0,0.0,1.9,4.3,3.4000000000000092,9.600000000000017,1.9,4.300000000000003,3.400000000000004,9.6,7.800000000000014,8.3,11.0,27.099999999999998,0.0,-0.008000000000000007,64,3,0.8916401947968874,0.45274469960737107,0.497,0.553,1.159
2023-03-06 00:00:00+00:00,0.497,0.635,0.505,1.039,0.376,0.485,1.22,24.96,5.98,11.5,16.4,18.0,0.491,0.491,0.493,0.502,0.508,0.505,0.635,0.481,0.589,0.48,0.586,24.026,24.1,24.322,11.5,16.4,18.0,1.2,2.5,1.8,0.7,1.6,1.3,0.0,0.2,0.3,13.4,20.5,21.10000000000001,55.000000000000014,13.4,20.700000000000003,21.400000000000006,55.5,19.300000000000015,24.7,29.0,73.0,0.006000000000000005,0.0040000000000000036,65,3,0.8992961915530253,0.4373400963303323,0.553,1.159,1.279
2023-03-07 00:00:00+00:00,0.553,0.846,0.598,1.252,0.492,0.683,1.256,34.021,14.357,27.3,38.4,30.0,0.497,0.491,0.491,0.499,0.504,0.598,0.846,0.505,0.635,0.481,0.589,24.96,24.026,24.1,27.3,38.4,30.0,11.5,16.4,18.0,1.2,2.5,1.8,0.7,1.6,1.3,40.0,57.3,49.80000000000001,147.10000000000002,40.7,59.1,51.400000000000006,151.2,43.100000000000016,61.8,57.5,162.39999999999998,0.05600000000000005,0.062000000000000055,66,3,0.9066860720977985,0.4218060770826634,1.159,1.279,1.188
2023-03-08 00:00:00+00:00,1.159,1.699,0.862,1.757,0.886,1.785,1.395,180.664,61.478,12.0,13.3,17.3,0.553,0.497,0.491,0.493,0.502,0.862,1.699,0.598,0.846,0.505,0.635,34.021,24.96,24.026,12.0,13.3,17.3,27.3,38.4,30.0,11.5,16.4,18.0,1.2,2.5,1.8,50.8,68.1,65.30000000000001,184.20000000000002,52.7,72.4,68.7,193.8,53.40000000000001,73.5,72.0,198.9,0.606,0.668,67,3,0.9138076496466615,0.40614723863057883,1.279,1.188,1.049
2023-03-09 00:00:00+00:00,1.279,1.756,0.972,1.732,0.914,1.928,1.482,217.922,64.94,4.1,13.8,13.4,1.159,0.553,0.497,0.491,0.499,0.972,1.756,0.862,1.699,0.598,0.846,180.664,34.021,24.96,4.1,13.8,13.4,12.0,13.3,17.3,27.3,38.4,30.0,11.5,16.4,18.0,43.4,65.5,60.70000000000001,169.6,56.8,86.2,82.10000000000001,225.1,56.80000000000002,86.2,83.3,226.29999999999998,0.11999999999999988,0.7819999999999999,68,3,0.9206588168102428,0.3903682146763026,1.188,1.049,0.952
2023-03-10 00:00:00+00:00,1.188,1.459,0.854,1.594,0.832,1.738,1.427,188.247,46.472,0.0,0.0,0.4,1.279,1.159,0.553,0.491,0.493,0.854,1.459,0.972,1.756,0.862,1.699,217.922,180.664,34.021,0.0,0.0,0.4,4.1,13.8,13.4,12.0,13.3,17.3,27.3,38.4,30.0,16.1,27.1,31.10000000000001,74.30000000000001,56.8,86.0,82.2,225.0,56.80000000000002,86.2,82.5,225.5,-0.09099999999999997,0.6349999999999999,69,3,0.9272375462179537,0.374473674486883,1.049,0.952,0.937
2023-03-11 00:00:00+00:00,1.049,1.184,0.716,1.515,0.748,1.489,1.363,145.898,29.845,0.1,3.3,2.2,1.188,1.279,1.159,0.497,0.491,0.716,1.184,0.854,1.459,0.972,1.756,188.247,217.922,180.664,0.1,3.3,2.2,0.0,0.0,0.4,4.1,13.8,13.4,12.0,13.3,17.3,4.200000000000003,17.1,16.000000000000007,37.30000000000001,56.199999999999996,87.7,83.10000000000001,227.0,56.90000000000002,89.5,84.7,231.1,-0.139,-0.1100000000000001,70,3,0.9335418911179212,0.35846832151248087,0.952,0.937,1.023
2023-03-12 00:00:00+00:00,0.952,1.011,0.63,1.474,0.72,1.341,1.341,118.852,21.248,1.0,3.1,6.0,1.049,1.188,1.279,0.553,0.491,0.63,1.011,0.716,1.184,0.854,1.459,145.898,188.247,217.922,1.0,3.1,6.0,0.1,3.3,2.2,0.0,0.0,0.4,4.1,13.8,13.4,1.1000000000000036,6.4,8.600000000000007,16.100000000000016,56.0,88.30000000000001,87.3,231.6,57.90000000000002,92.60000000000001,90.7,241.2,-0.09699999999999998,-0.32699999999999996,71,3,0.9395699859530622,0.342356891994542,0.937,1.023,0.949
2023-03-13 00:00:00+00:00,0.937,1.168,0.673,1.558,0.783,1.353,1.346,115.232,29.745,17.0,18.2,27.2,0.952,1.049,1.188,1.159,0.497,0.673,1.168,0.63,1.011,0.716,1.184,118.852,145.898,188.247,17.0,18.2,27.2,1.0,3.1,6.0,0.1,3.3,2.2,0.0,0.0,0.4,18.100000000000005,24.6,35.400000000000006,78.10000000000002,61.5,90.1,96.50000000000001,248.10000000000002,74.90000000000002,110.8,117.9,303.6,-0.014999999999999902,-0.2509999999999999,72,3,0.945320046913132,0.3261441535642696,1.023,0.949,0.898
2023-03-14 00:00:00+00:00,1.023,1.313,0.717,1.548,0.782,1.462,1.42,138.435,37.527,1.6,4.7,6.2,0.937,0.952,1.049,1.279,0.553,0.717,1.313,0.673,1.168,0.63,1.011,115.232,118.852,145.898,1.6,4.7,6.2,17.0,18.2,27.2,1.0,3.1,6.0,0.1,3.3,2.2,19.600000000000005,25.999999999999996,39.400000000000006,85.00000000000003,35.8,56.400000000000006,72.7,164.90000000000003,76.50000000000001,115.5,124.10000000000001,316.1,0.08599999999999985,-0.026000000000000023,73,3,0.9507903724625832,0.3098349038318025,0.949,0.898,0.854
2023-03-15 00:00:00+00:00,0.949,1.236,0.711,1.482,0.738,1.331,1.378,118.075,32.802,0.0,0.0,0.0,1.023,0.937,0.952,1.188,1.159,0.711,1.236,0.717,1.313,0.673,1.168,138.435,115.232,118.852,0.0,0.0,0.0,1.6,4.7,6.2,17.0,18.2,27.2,1.0,3.1,6.0,18.600000000000005,22.9,33.400000000000006,74.90000000000002,23.799999999999997,43.10000000000001,55.400000000000006,122.3,76.50000000000001,115.5,124.10000000000001,316.1,-0.07399999999999995,-0.0030000000000000027,74,3,0.9559793438440766,0.2934339689665273,0.898,0.854,0.814
2023-03-16 00:00:00+00:00,0.898,1.132,0.709,1.452,0.696,1.249,1.402,105.108,26.902,0.0,0.0,0.0,0.949,1.023,0.937,1.049,1.279,0.709,1.132,0.711,1.236,0.717,1.313,118.075,138.435,115.232,0.0,0.0,0.0,0.0,0.0,0.0,1.6,4.7,6.2,17.0,18.2,27.2,1.6000000000000036,4.7,6.200000000000007,12.500000000000014,19.699999999999996,29.300000000000004,42.00000000000001,91.0,76.50000000000001,115.5,124.10000000000001,316.1,-0.050999999999999934,-0.039000000000000035,75,3,0.9608854255574977,0.27694620226893646,0.854,0.814,0.787
2023-03-17 00:00:00+00:00,0.854,1.035,0.7,1.412,0.667,1.168,1.342,94.211,22.322,0.5,0.0,0.7,0.898,0.949,1.023,0.952,1.188,0.7,1.035,0.709,1.132,0.711,1.236,105.108,118.075,138.435,0.5,0.0,0.7,0.0,0.0,0.0,0.0,0.0,0.0,1.6,4.7,6.2,0.5000000000000036,0.0,0.7000000000000071,1.2000000000000142,20.199999999999996,29.300000000000004,42.300000000000004,91.80000000000001,77.00000000000001,115.3,124.5,316.8,-0.04400000000000004,-0.16899999999999993,76,3,0.9655071658143364,0.2603764827344581,0.814,0.787,0.763
2023-03-18 00:00:00+00:00,0.814,0.98,0.694,1.388,0.64,1.096,1.353,84.668,19.83,1.2,4.1,3.8,0.854,0.898,0.949,0.937,1.049,0.694,0.98,0.7,1.035,0.709,1.132,94.211,105.108,118.075,1.2,4.1,3.8,0.5,0.0,0.7,0.0,0.0,0.0,0.0,0.0,0.0,1.7000000000000035,4.1,4.500000000000007,10.300000000000013,21.299999999999997,30.100000000000005,43.900000000000006,95.30000000000001,77.50000000000001,117.79999999999998,127.0,322.3,-0.040000000000000036,-0.135,77,3,0.969843196967294,0.24372971360968387,0.787,0.763,0.719
2023-03-19 00:00:00+00:00,0.787,0.93,0.691,1.359,0.613,1.052,1.361,78.682,17.589,0.0,0.0,0.0,0.814,0.854,0.898,1.023,0.952,0.691,0.93,0.694,0.98,0.7,1.035,84.668,94.211,105.108,0.0,0.0,0.0,1.2,4.1,3.8,0.5,0.0,0.7,0.0,0.0,0.0,1.7000000000000035,4.1,4.500000000000007,10.300000000000013,20.299999999999997,27.000000000000007,37.900000000000006,85.2,76.30000000000001,115.29999999999998,125.2,316.8,-0.026999999999999913,-0.11099999999999999,78,3,0.9738922359149924,0.22701082094141847,0.763,0.719,0.698
2023-03-20 00:00:00+00:00,0.763,0.901,0.687,1.335,0.59,1.005,1.314,73.457,16.312,1.4,1.5,2.4,0.787,0.814,0.854,0.949,0.937,0.687,0.901,0.691,0.93,0.694,0.98,78.682,84.668,94.211,1.4,1.5,2.4,0.0,0.0,0.0,1.2,4.1,3.8,0.5,0.0,0.7,2.600000000000003,5.6,6.200000000000006,14.400000000000013,4.699999999999997,10.300000000000008,13.100000000000007,28.099999999999998,66.20000000000002,100.39999999999999,109.6,276.2,-0.02400000000000002,-0.09099999999999997,79,3,0.9776530844816641,0.2102247521189836,0.719,0.698,0.702
2023-03-21 00:00:00+00:00,0.719,0.872,0.611,1.313,0.572,0.925,1.34,64.091,15.047,0.2,0.4,1.2,0.763,0.787,0.814,0.898,1.023,0.611,0.872,0.687,0.901,0.691,0.93,73.457,78.682,84.668,0.2,0.4,1.2,1.4,1.5,2.4,0.0,0.0,0.0,1.2,4.1,3.8,1.6000000000000034,1.9,3.6000000000000068,7.100000000000014,3.2999999999999963,6.000000000000007,8.100000000000007,17.4,39.100000000000016,62.4,80.8,182.29999999999998,-0.04400000000000004,-0.09499999999999997,80,3,0.981124629771712,0.19337647441020586,0.698,0.702,0.702
2023-03-22 00:00:00+00:00,0.698,0.742,0.492,1.299,0.572,0.893,1.25,59.821,9.639,1.7,3.4,5.5,0.719,0.763,0.787,0.854,0.949,0.492,0.742,0.611,0.872,0.687,0.901,64.091,73.457,78.682,1.7,3.4,5.5,0.2,0.4,1.2,1.4,1.5,2.4,0.0,0.0,0.0,3.3000000000000034,5.3,9.100000000000007,17.700000000000014,4.9999999999999964,9.400000000000006,13.600000000000007,28.0,28.800000000000015,52.49999999999999,69.0,150.29999999999998,-0.02100000000000002,-0.08900000000000008,81,3,0.984305844499033,0.17647097349152166,0.702,0.702,0.736
2023-03-23 00:00:00+00:00,0.702,0.75,0.504,1.312,0.584,0.903,1.32,60.67,9.964,5.8,2.3,3.6,0.698,0.719,0.763,0.814,0.898,0.504,0.75,0.492,0.742,0.611,0.872,59.821,64.091,73.457,5.8,2.3,3.6,1.7,3.4,5.5,0.2,0.4,1.2,1.4,1.5,2.4,7.700000000000003,6.1,10.300000000000006,24.100000000000012,10.799999999999997,11.700000000000006,17.200000000000006,39.699999999999996,30.500000000000014,41.0,59.199999999999996,130.7,0.0040000000000000036,-0.061000000000000054,82,3,0.9871957872910085,0.15951325197263655,0.702,0.736,0.908
2023-03-24 00:00:00+00:00,0.702,0.762,0.531,1.322,0.585,0.909,1.302,60.749,10.455,0.7,5.1,4.9,0.702,0.698,0.719,0.787,0.854,0.531,0.762,0.504,0.75,0.492,0.742,60.67,59.821,64.091,0.7,5.1,4.9,5.8,2.3,3.6,1.7,3.4,5.5,0.2,0.4,1.2,8.200000000000003,10.799999999999999,14.000000000000007,33.000000000000014,10.999999999999996,16.800000000000004,21.400000000000006,49.199999999999996,31.200000000000014,46.099999999999994,63.7,140.99999999999997,0.0,-0.017000000000000015,83,3,0.9897936029670716,0.14250832791617088,0.736,0.908,0.812
2023-03-25 00:00:00+00:00,0.736,0.87,0.541,1.422,0.629,0.998,1.321,67.769,15.161,15.1,22.0,29.8,0.702,0.702,0.698,0.763,0.814,0.541,0.87,0.531,0.762,0.504,0.75,60.749,60.67,59.821,15.1,22.0,29.8,0.7,5.1,4.9,5.8,2.3,3.6,1.7,3.4,5.5,21.6,29.4,38.30000000000001,89.30000000000003,24.9,34.7,47.400000000000006,107.0,46.20000000000002,64.8,91.3,202.29999999999998,0.03400000000000003,0.038000000000000034,84,3,0.992098522791769,0.12546123335273648,0.908,0.812,0.781
2023-03-26 00:00:00+00:00,0.908,1.067,0.605,1.356,0.683,1.267,1.434,107.558,23.828,2.3,2.0,3.4,0.736,0.702,0.702,0.719,0.787,0.605,1.067,0.541,0.87,0.531,0.762,67.769,60.749,60.67,2.3,2.0,3.4,15.1,22.0,29.8,0.7,5.1,4.9,5.8,2.3,3.6,18.1,29.099999999999998,38.10000000000001,85.30000000000003,27.199999999999996,36.7,50.80000000000001,114.7,47.500000000000014,63.7,88.7,199.89999999999998,0.17200000000000004,0.20600000000000007,85,3,0.9941098647022418,0.10837701279187609,0.812,0.781,0.767
2023-03-27 00:00:00+00:00,0.812,0.99,0.66,1.218,0.62,1.084,1.386,84.315,20.284,0.5,1.1,1.0,0.908,0.736,0.702,0.698,0.763,0.66,0.99,0.605,1.067,0.541,0.87,107.558,67.769,60.749,0.5,1.1,1.0,2.3,2.0,3.4,15.1,22.0,29.8,0.7,5.1,4.9,17.900000000000002,25.1,34.20000000000001,77.20000000000002,26.299999999999994,36.300000000000004,49.40000000000001,112.0,31.000000000000014,46.599999999999994,62.5,140.1,-0.09599999999999997,0.1100000000000001,86,3,0.9958270335100595,0.09126072172931188,0.781,0.767,0.783
2023-03-28 00:00:00+00:00,0.781,0.973,0.69,1.254,0.599,1.039,1.37,77.288,19.517,0.0,0.0,0.1,0.812,0.908,0.736,0.702,0.719,0.69,0.973,0.66,0.99,0.605,1.067,84.315,107.558,67.769,0.0,0.0,0.1,0.5,1.1,1.0,2.3,2.0,3.4,15.1,22.0,29.8,2.8000000000000034,3.1,4.500000000000007,10.400000000000013,26.099999999999994,35.900000000000006,48.300000000000004,110.3,29.400000000000013,41.9,56.4,127.69999999999999,-0.031000000000000028,0.04500000000000004,87,3,0.9972495210773451,0.07411742515094437,0.767,0.783,0.93
2023-03-29 00:00:00+00:00,0.767,0.993,0.74,1.304,0.599,1.015,1.381,74.197,20.454,8.8,9.3,6.8,0.781,0.812,0.908,0.702,0.698,0.74,0.993,0.69,0.973,0.66,0.99,77.288,84.315,107.558,8.8,9.3,6.8,0.0,0.0,0.1,0.5,1.1,1.0,2.3,2.0,3.4,9.300000000000004,10.4,7.9000000000000075,27.600000000000016,33.199999999999996,41.800000000000004,49.60000000000001,124.6,38.20000000000002,51.2,63.199999999999996,152.6,-0.014000000000000012,-0.14100000000000001,88,3,0.998376906467142,0.056952196034039754,0.783,0.93,1.108
2023-03-30 00:00:00+00:00,0.783,1.045,0.692,1.328,0.649,1.05,1.379,77.832,22.817,6.4,8.7,12.4,0.767,0.781,0.812,0.736,0.702,0.692,1.045,0.74,0.993,0.69,0.973,74.197,77.288,84.315,6.4,8.7,12.4,8.8,9.3,6.8,0.0,0.0,0.1,0.5,1.1,1.0,15.200000000000005,18.0,19.300000000000004,52.500000000000014,33.8,48.2,58.400000000000006,140.4,44.600000000000016,59.9,75.6,180.1,0.016000000000000014,-0.029000000000000026,89,3,0.9992088560679753,0.03977011384605572,0.93,1.108,1.038
2023-03-31 00:00:00+00:00,0.93,1.311,0.713,1.546,0.813,1.351,1.446,114.437,37.587,15.3,22.0,31.1,0.783,0.767,0.781,0.908,0.702,0.713,1.311,0.692,1.045,0.74,0.993,77.832,74.197,77.288,15.3,22.0,31.1,6.4,8.7,12.4,8.8,9.3,6.8,0.0,0.0,0.1,30.500000000000007,40.0,50.300000000000004,120.80000000000001,48.4,65.10000000000001,84.60000000000001,198.10000000000002,59.40000000000001,81.9,106.0,247.3,0.14700000000000002,0.14900000000000002,90,3,0.9997451236925734,0.022576263041545485,1.108,1.038,0.95
2023-04-01 00:00:00+00:00,1.108,1.577,0.755,1.541,0.801,1.607,1.659,163.219,53.763,3.9,0.6,5.0,0.93,0.783,0.767,0.812,0.736,0.755,1.577,0.713,1.311,0.692,1.045,114.437,77.832,74.197,3.9,0.6,5.0,15.3,22.0,31.1,6.4,8.7,12.4,8.8,9.3,6.8,25.600000000000005,31.3,48.50000000000001,105.4,37.199999999999996,43.70000000000001,59.80000000000001,140.7,62.100000000000016,78.4,107.2,247.7,0.17800000000000005,0.3410000000000001,91,4,0.9999855506507186,0.005375731557583884,1.038,0.95,0.872
2023-04-02 00:00:00+00:00,1.038,1.307,0.72,1.434,0.719,1.467,1.588,142.74,37.141,0.0,0.0,0.0,1.108,0.93,0.783,0.781,0.908,0.72,1.307,0.755,1.577,0.713,1.311,163.219,114.437,77.832,0.0,0.0,0.0,3.9,0.6,5.0,15.3,22.0,31.1,6.4,8.7,12.4,19.200000000000003,22.6,36.10000000000001,77.9,34.89999999999999,41.7,56.40000000000001,133.0,62.100000000000016,78.4,107.2,247.7,-0.07000000000000006,0.255,92,4,0.9999300657962057,-0.011826390691832589,0.95,0.872,0.825
2023-04-03 00:00:00+00:00,0.95,1.147,0.704,1.381,0.671,1.323,1.481,118.345,27.674,0.0,0.0,0.0,1.038,1.108,0.93,0.767,0.812,0.704,1.147,0.72,1.307,0.755,1.577,142.74,163.219,114.437,0.0,0.0,0.0,0.0,0.0,0.0,3.9,0.6,5.0,15.3,22.0,31.1,3.9000000000000035,0.6,5.0000000000000036,9.5,34.39999999999999,40.60000000000001,55.40000000000001,130.39999999999998,60.70000000000001,76.9,104.80000000000001,242.39999999999998,-0.08800000000000008,0.019999999999999907,93,4,0.9995786855478958,-0.029025013321975237,0.872,0.825,0.845
2023-04-04 00:00:00+00:00,0.872,1.051,0.698,1.336,0.643,1.183,1.403,98.529,23.074,0.0,0.0,0.0,0.95,1.038,1.108,0.783,0.781,0.698,1.051,0.704,1.147,0.72,1.307,118.345,142.74,163.219,0.0,0.0,0.0,0.0,0.0,0.0,0.0,0.0,0.0,3.9,0.6,5.0,0.0,0.0,0.0,0.0,34.39999999999999,40.60000000000001,55.30000000000001,130.3,60.500000000000014,76.5,103.60000000000001,240.59999999999997,-0.07799999999999996,-0.2360000000000001,94,4,0.9989315138848577,-0.046215046983708354,0.825,0.845,0.802
2023-04-05 00:00:00+00:00,0.825,0.996,0.693,1.334,0.629,1.108,1.397,87.317,20.56,8.5,8.1,8.1,0.872,0.95,1.038,0.93,0.767,0.693,0.996,0.698,1.051,0.704,1.147,98.529,118.345,142.74,8.5,8.1,8.1,0.0,0.0,0.0,0.0,0.0,0.0,0.0,0.0,0.0,8.500000000000004,8.1,8.100000000000003,24.700000000000003,34.099999999999994,39.400000000000006,56.600000000000016,130.10000000000002,67.30000000000001,81.19999999999999,106.2,254.7,-0.04700000000000004,-0.21300000000000008,95,4,0.9979887423155984,-0.06339140486951038,0.845,0.802,0.736
2023-04-06 00:00:00+00:00,0.845,1.008,0.658,1.326,0.708,1.148,1.34,92.047,21.108,2.0,4.8,4.6,0.825,0.872,0.95,1.108,0.783,0.658,1.008,0.693,0.996,0.698,1.051,87.317,98.529,118.345,2.0,4.8,4.6,8.5,8.1,8.1,0.0,0.0,0.0,0.0,0.0,0.0,10.500000000000004,12.899999999999999,12.700000000000003,36.1,29.7,35.50000000000001,48.80000000000001,114.0,63.500000000000014,83.69999999999999,107.19999999999999,254.4,0.020000000000000018,-0.10499999999999998,96,4,0.9967506498213929,-0.08054900421874167,0.802,0.736,0.699
2023-04-07 00:00:00+00:00,0.802,0.909,0.621,1.223,0.643,1.06,1.318,82.18,16.648,0.0,0.0,0.0,0.845,0.825,0.872,1.038,0.93,0.621,0.909,0.658,1.008,0.693,0.996,92.047,87.317,98.529,0.0,0.0,0.0,2.0,4.8,4.6,8.5,8.1,8.1,0.0,0.0,0.0,10.500000000000004,12.899999999999999,12.700000000000003,36.1,14.399999999999997,13.500000000000007,17.70000000000001,45.6,62.80000000000001,78.6,102.30000000000001,243.7,-0.04299999999999993,-0.06999999999999995,97,4,0.9952176027737294,-0.09768276782171598,0.736,0.699,0.698
2023-04-08 00:00:00+00:00,0.736,0.865,0.618,1.173,0.595,0.944,1.252,67.577,14.716,0.0,0.0,0.0,0.802,0.845,0.825,0.95,1.108,0.618,0.865,0.621,0.909,0.658,1.008,82.18,92.047,87.317,0.0,0.0,0.0,0.0,0.0,0.0,2.0,4.8,4.6,8.5,8.1,8.1,2.0000000000000036,4.8,4.600000000000003,11.399999999999999,10.499999999999996,12.900000000000006,12.70000000000001,36.1,47.70000000000002,56.6,72.5,176.8,-0.06600000000000006,-0.08899999999999997,98,4,0.9933900548258936,-0.11478762552212701,0.699,0.698,0.708
2023-04-09 00:00:00+00:00,0.699,0.842,0.614,1.146,0.571,0.882,1.337,60.137,13.745,4.9,5.1,6.3,0.736,0.802,0.845,0.872,1.038,0.614,0.842,0.618,0.865,0.621,0.909,67.577,82.18,92.047,4.9,5.1,6.3,0.0,0.0,0.0,0.0,0.0,0.0,2.0,4.8,4.6,4.900000000000004,5.1,6.300000000000003,16.3,15.399999999999997,18.000000000000007,19.00000000000001,52.400000000000006,50.30000000000002,59.699999999999996,75.4,185.39999999999998,-0.03700000000000003,-0.14600000000000002,99,4,0.9912685467787256,-0.13185851571739118,0.698,0.708,0.754
2023-04-10 00:00:00+00:00,0.698,0.862,0.599,1.163,0.586,0.888,1.311,59.852,14.608,0.0,0.3,1.5,0.699,0.736,0.802,0.825,0.95,0.599,0.862,0.614,0.842,0.618,0.865,60.137,67.577,82.18,0.0,0.3,1.5,4.9,5.1,6.3,0.0,0.0,0.0,0.0,0.0,0.0,4.900000000000004,5.3999999999999995,7.800000000000003,18.1,15.399999999999997,18.300000000000008,20.50000000000001,54.2,49.80000000000002,58.9,75.9,184.6,-0.0010000000000000009,-0.10400000000000009,100,4,0.9888537064205885,-0.1488903868564548,0.708,0.754,0.729
2023-04-11 00:00:00+00:00,0.708,0.841,0.554,1.182,0.637,0.917,1.273,61.92,13.703,7.8,8.5,14.6,0.698,0.699,0.736,0.845,0.872,0.554,0.841,0.599,0.862,0.614,0.842,59.852,60.137,67.577,7.8,8.5,14.6,0.0,0.3,1.5,4.9,5.1,6.3,0.0,0.0,0.0,12.700000000000003,13.899999999999999,22.400000000000002,49.0,23.199999999999996,26.800000000000004,35.10000000000001,85.1,57.600000000000016,67.4,90.4,215.4,0.010000000000000009,-0.028000000000000025,101,4,0.986146248341595,-0.16587819893463143,0.754,0.729,0.679
2023-04-12 00:00:00+00:00,0.754,0.882,0.545,1.203,0.649,0.996,1.372,71.425,15.473,4.6,6.9,7.9,0.708,0.698,0.699,0.802,0.825,0.545,0.882,0.554,0.841,0.599,0.862,61.92,59.852,60.137,4.6,6.9,7.9,7.8,8.5,14.6,0.0,0.3,1.5,4.9,5.1,6.3,12.400000000000002,15.7,24.000000000000004,52.1,19.299999999999997,25.600000000000005,34.900000000000006,79.8,53.40000000000001,65.0,91.5,209.89999999999998,0.04600000000000004,0.05500000000000005,102,4,0.9831469737221499,-0.1828169249850199,0.729,0.679,0.65
2023-04-13 00:00:00+00:00,0.729,0.876,0.568,1.126,0.591,0.921,1.33,66.187,15.195,0.0,0.0,0.0,0.754,0.708,0.698,0.736,0.845,0.568,0.876,0.545,0.882,0.554,0.841,71.425,61.92,59.852,0.0,0.0,0.0,4.6,6.9,7.9,7.8,8.5,14.6,0.0,0.3,1.5,12.400000000000002,15.399999999999999,22.500000000000004,50.3,17.299999999999997,20.800000000000008,30.30000000000001,68.4,47.000000000000014,56.3,79.10000000000001,182.39999999999998,-0.025000000000000022,0.031000000000000028,103,4,0.9798567700958665,-0.1997015525660636,0.679,0.65,0.635
2023-04-14 00:00:00+00:00,0.679,0.831,0.573,1.085,0.561,0.842,1.336,56.097,13.275,0.0,0.0,1.0,0.729,0.754,0.708,0.699,0.802,0.573,0.831,0.568,0.876,0.545,0.882,66.187,71.425,61.92,0.0,0.0,1.0,0.0,0.0,0.0,4.6,6.9,7.9,7.8,8.5,14.6,4.600000000000003,6.899999999999999,8.900000000000006,20.4,17.299999999999997,20.800000000000008,31.30000000000001,69.4,31.700000000000017,34.3,48.99999999999999,114.99999999999999,-0.04999999999999993,-0.028999999999999915,104,4,0.9762766110869321,-0.21652708524481437,0.65,0.635,0.621
2023-04-15 00:00:00+00:00,0.65,0.813,0.573,1.065,0.537,0.784,1.241,50.49,12.511,2.3,0.4,3.1,0.679,0.729,0.754,0.698,0.736,0.573,0.813,0.573,0.831,0.568,0.876,56.097,66.187,71.425,2.3,0.4,3.1,0.0,0.0,1.0,0.0,0.0,0.0,4.6,6.9,7.9,2.3000000000000034,0.39999999999999825,4.100000000000005,6.8,19.599999999999994,21.200000000000006,34.40000000000001,75.2,30.100000000000016,34.099999999999994,47.1,111.29999999999998,-0.029000000000000026,-0.10399999999999998,105,4,0.9724075561219968,-0.23328854407545518,0.635,0.621,0.604
2023-04-16 00:00:00+00:00,0.635,0.821,0.573,1.065,0.525,0.758,1.286,47.789,12.849,2.0,0.5,1.7,0.65,0.679,0.729,0.708,0.699,0.573,0.821,0.573,0.813,0.573,0.831,50.49,56.097,66.187,2.0,0.5,1.7,2.3,0.4,3.1,0.0,0.0,1.0,0.0,0.0,0.0,4.300000000000003,0.8999999999999982,5.800000000000005,11.0,16.699999999999996,16.600000000000005,29.800000000000008,63.099999999999994,32.100000000000016,34.599999999999994,48.8,115.49999999999999,-0.015000000000000013,-0.09399999999999997,106,4,0.9682507501166718,-0.2499809690726521,0.621,0.604,0.592
2023-04-17 00:00:00+00:00,0.621,0.795,0.573,1.047,0.514,0.728,1.327,45.26,11.78,0.0,0.0,0.0,0.635,0.65,0.679,0.754,0.698,0.573,0.795,0.573,0.821,0.573,0.813,47.789,50.49,56.097,0.0,0.0,0.0,2.0,0.5,1.7,2.3,0.4,3.1,0.0,0.0,1.0,4.300000000000003,0.8999999999999982,4.800000000000005,10.0,16.699999999999996,16.300000000000004,28.300000000000008,61.3,32.100000000000016,34.599999999999994,48.8,115.49999999999999,-0.014000000000000012,-0.05800000000000005,107,4,0.9638074231367307,-0.26659942067929354,0.604,0.592,0.587
2023-04-18 00:00:00+00:00,0.604,0.772,0.556,1.036,0.498,0.691,1.289,42.228,10.85,0.0,0.0,0.0,0.621,0.635,0.65,0.729,0.708,0.556,0.772,0.573,0.795,0.573,0.821,45.26,47.789,50.49,0.0,0.0,0.0,0.0,0.0,0.0,2.0,0.5,1.7,2.3,0.4,3.1,2.0000000000000036,0.4999999999999982,1.7000000000000053,4.2,8.899999999999995,7.800000000000008,13.700000000000012,30.4,32.100000000000016,34.599999999999994,48.8,115.49999999999999,-0.017000000000000015,-0.04600000000000004,108,4,0.9590788900341131,-0.28313898122818354,0.592,0.587,0.582
2023-04-19 00:00:00+00:00,0.592,0.734,0.529,1.064,0.487,0.668,1.289,40.252,9.35,0.5,1.1,1.7,0.604,0.621,0.635,0.679,0.754,0.529,0.734,0.556,0.772,0.573,0.795,42.228,45.26,47.789,0.5,1.1,1.7,0.0,0.0,0.0,0.0,0.0,0.0,2.0,0.5,1.7,0.5000000000000036,1.0999999999999983,1.7000000000000053,3.3,4.799999999999996,2.000000000000007,7.500000000000011,14.3,24.100000000000016,27.6,42.4,94.09999999999998,-0.01200000000000001,-0.04300000000000004,109,4,0.9540665500578387,-0.2995947563972602,0.587,0.582,0.579
2023-04-20 00:00:00+00:00,0.587,0.728,0.531,1.063,0.48,0.658,1.252,39.312,9.099,3.5,1.5,2.3,0.592,0.604,0.621,0.65,0.729,0.531,0.728,0.529,0.734,0.556,0.772,40.252,42.228,45.26,3.5,1.5,2.3,0.5,1.1,1.7,0.0,0.0,0.0,0.0,0.0,0.0,4.0000000000000036,2.5999999999999983,4.000000000000005,10.6,8.299999999999997,3.500000000000007,9.800000000000011,21.6,25.600000000000016,24.299999999999997,40.1,89.99999999999999,-0.0050000000000000044,-0.03400000000000003,110,4,0.9487718864399473,-0.31596187665790293,0.582,0.579,0.587
2023-04-21 00:00:00+00:00,0.582,0.736,0.53,1.058,0.47,0.647,1.285,38.5,9.413,1.5,1.5,2.9,0.587,0.592,0.604,0.635,0.679,0.53,0.736,0.531,0.728,0.529,0.734,39.312,40.252,42.228,1.5,1.5,2.9,3.5,1.5,2.3,0.5,1.1,1.7,0.0,0.0,0.0,5.5000000000000036,4.099999999999998,6.900000000000006,16.5,9.799999999999997,5.000000000000007,11.70000000000001,26.5,27.100000000000016,25.799999999999997,43.0,95.89999999999998,-0.0050000000000000044,-0.02200000000000002,111,4,0.9431964659565866,-0.33223549871590435,0.579,0.587,0.602
2023-04-22 00:00:00+00:00,0.579,0.723,0.529,1.06,0.47,0.639,1.271,37.962,8.922,0.3,2.6,5.3,0.582,0.587,0.592,0.621,0.65,0.529,0.723,0.53,0.736,0.531,0.728,38.5,39.312,40.252,0.3,2.6,5.3,1.5,1.5,2.9,3.5,1.5,2.3,0.5,1.1,1.7,5.300000000000003,5.599999999999998,10.500000000000004,21.4,7.799999999999996,7.200000000000006,13.900000000000011,28.9,27.400000000000013,28.4,48.3,104.09999999999998,-0.0030000000000000027,-0.013000000000000012,112,4,0.9373419384643772,-0.3484108069446808,0.587,0.602,0.58
2023-04-23 00:00:00+00:00,0.587,0.778,0.53,1.099,0.486,0.657,1.251,39.329,11.135,6.7,10.0,12.7,0.579,0.582,0.587,0.604,0.635,0.53,0.778,0.529,0.723,0.53,0.736,37.962,38.5,39.312,6.7,10.0,12.7,0.3,2.6,5.3,1.5,1.5,2.9,3.5,1.5,2.3,8.500000000000004,14.099999999999998,20.900000000000002,43.5,12.499999999999996,16.700000000000006,24.90000000000001,54.099999999999994,29.200000000000017,33.3,54.7,117.19999999999997,0.008000000000000007,0.0,113,4,0.9312100364121947,-0.3644830148102912,0.602,0.58,0.552
2023-04-24 00:00:00+00:00,0.602,0.769,0.533,1.099,0.479,0.683,1.285,41.909,10.733,0.8,0.3,0.8,0.587,0.579,0.582,0.592,0.621,0.533,0.769,0.53,0.778,0.529,0.723,39.329,37.962,38.5,0.8,0.3,0.8,6.7,10.0,12.7,0.3,2.6,5.3,1.5,1.5,2.9,7.800000000000003,12.899999999999999,18.800000000000004,39.5,13.299999999999997,17.000000000000007,25.70000000000001,56.0,30.000000000000014,33.3,54.0,117.29999999999998,0.015000000000000013,0.020000000000000018,114,4,0.9248025743285089,-0.38044736628785164,0.58,0.552,0.54
2023-04-25 00:00:00+00:00,0.58,0.734,0.535,1.057,0.45,0.633,1.284,38.194,9.334,0.0,0.0,0.0,0.602,0.587,0.579,0.587,0.604,0.535,0.734,0.533,0.769,0.53,0.778,41.909,39.329,37.962,0.0,0.0,0.0,0.8,0.3,0.8,6.7,10.0,12.7,0.3,2.6,5.3,7.5000000000000036,10.299999999999999,13.500000000000004,31.299999999999997,13.299999999999997,17.000000000000007,25.70000000000001,56.0,22.200000000000014,24.8,39.4,86.39999999999998,-0.02200000000000002,0.0010000000000000009,115,4,0.9181214482844365,-0.39629913726891813,0.552,0.54,0.561
2023-04-26 00:00:00+00:00,0.552,0.71,0.534,1.034,0.436,0.585,1.275,33.598,8.41,0.0,0.0,0.0,0.58,0.602,0.587,0.582,0.592,0.534,0.71,0.535,0.734,0.533,0.769,38.194,41.909,39.329,0.0,0.0,0.0,0.0,0.0,0.0,0.8,0.3,0.8,6.7,10.0,12.7,0.8000000000000036,0.2999999999999982,0.8000000000000036,1.9000000000000001,12.799999999999997,15.900000000000007,24.00000000000001,52.7,17.600000000000012,17.9,31.5,66.99999999999999,-0.027999999999999914,-0.03499999999999992,116,4,0.9111686353326631,-0.41203363695942635,0.54,0.561,0.54
2023-04-27 00:00:00+00:00,0.54,0.721,0.533,1.012,0.444,0.566,1.256,31.733,8.829,5.1,9.0,5.8,0.552,0.58,0.602,0.579,0.587,0.533,0.721,0.534,0.71,0.535,0.734,33.598,38.194,41.909,5.1,9.0,5.8,0.0,0.0,0.0,0.0,0.0,0.0,0.8,0.3,0.8,5.100000000000003,8.999999999999998,5.800000000000003,19.9,14.399999999999995,23.400000000000006,27.500000000000007,65.3,22.700000000000014,26.9,37.3,86.89999999999998,-0.01200000000000001,-0.061999999999999944,117,4,0.9039461929224011,-0.42764620926777464,0.561,0.54,0.526
2023-04-28 00:00:00+00:00,0.561,0.702,0.533,1.004,0.431,0.607,1.287,35.014,8.12,0.1,0.2,0.6,0.54,0.552,0.58,0.587,0.582,0.533,0.702,0.533,0.721,0.534,0.71,31.733,33.598,38.194,0.1,0.2,0.6,5.1,9.0,5.8,0.0,0.0,0.0,0.0,0.0,0.0,5.200000000000003,9.199999999999998,6.400000000000003,20.799999999999997,12.999999999999996,22.10000000000001,25.20000000000001,60.3,22.80000000000001,27.099999999999998,36.9,86.79999999999998,0.02100000000000002,-0.018999999999999906,118,4,0.8964562582905575,-0.44313223418263453,0.54,0.526,0.523
2023-04-29 00:00:00+00:00,0.54,0.691,0.531,0.99,0.416,0.56,1.204,31.708,7.728,0.0,0.0,0.0,0.561,0.54,0.552,0.602,0.579,0.531,0.691,0.533,0.702,0.533,0.721,35.014,31.733,33.598,0.0,0.0,0.0,0.1,0.2,0.6,5.1,9.0,5.8,0.0,0.0,0.0,5.200000000000003,9.199999999999998,6.400000000000003,20.799999999999997,12.699999999999996,19.500000000000007,19.90000000000001,52.099999999999994,20.500000000000014,26.7,33.8,80.99999999999999,-0.02100000000000002,-0.01200000000000001,119,4,0.8887010478292915,-0.45848712914008766,0.526,0.523,0.508
2023-04-30 00:00:00+00:00,0.526,0.683,0.528,0.982,0.398,0.538,1.233,29.371,7.456,4.5,2.3,7.4,0.54,0.561,0.54,0.58,0.587,0.528,0.683,0.531,0.691,0.533,0.702,31.708,35.014,31.733,4.5,2.3,7.4,0.0,0.0,0.0,0.1,0.2,0.6,5.1,9.0,5.8,4.600000000000003,2.4999999999999982,8.000000000000004,15.1,10.499999999999996,11.800000000000008,14.60000000000001,36.9,23.000000000000014,28.5,39.5,90.99999999999999,-0.014000000000000012,-0.014000000000000012,120,4,0.8806828564301475,-0.47370635037968,0.523,0.508,0.498
2023-05-01 00:00:00+00:00,0.523,0.688,0.527,0.979,0.392,0.533,1.265,28.898,7.641,0.0,0.3,0.7,0.526,0.54,0.561,0.552,0.602,0.527,0.688,0.528,0.683,0.531,0.691,29.371,31.708,35.014,0.0,0.3,0.7,4.5,2.3,7.4,0.0,0.0,0.0,0.1,0.2,0.6,4.5000000000000036,2.599999999999998,8.100000000000003,15.2,9.699999999999996,11.800000000000008,14.500000000000009,36.0,23.000000000000014,28.8,40.199999999999996,91.99999999999999,-0.0030000000000000027,-0.038000000000000034,121,5,0.8724040568049612,-0.48878539428899265,0.508,0.498,0.489
2023-05-02 00:00:00+00:00,0.508,0.676,0.527,0.968,0.383,0.509,1.282,26.675,7.218,0.0,0.0,0.0,0.523,0.526,0.54,0.54,0.58,0.527,0.676,0.527,0.688,0.528,0.683,28.898,29.371,31.708,0.0,0.0,0.0,0.0,0.3,0.7,4.5,2.3,7.4,0.0,0.0,0.0,4.5000000000000036,2.599999999999998,8.100000000000003,15.2,9.699999999999996,11.800000000000008,14.500000000000009,36.0,23.000000000000014,28.8,40.199999999999996,91.99999999999999,-0.015000000000000013,-0.03200000000000003,122,5,0.8638670987837349,-0.503719798736334,0.498,0.489,0.482
2023-05-03 00:00:00+00:00,0.498,0.672,0.527,0.958,0.378,0.49,1.275,25.058,7.089,0.0,0.0,0.0,0.508,0.523,0.526,0.561,0.552,0.527,0.672,0.527,0.676,0.527,0.688,26.675,28.898,29.371,0.0,0.0,0.0,0.0,0.0,0.0,0.0,0.3,0.7,4.5,2.3,7.4,0.0,0.2999999999999982,0.7000000000000035,1.0,9.699999999999996,11.800000000000008,14.500000000000009,36.0,22.500000000000014,27.700000000000003,38.5,88.69999999999999,-0.010000000000000009,-0.028000000000000025,123,5,0.8550745085896932,-0.518505144391157,0.489,0.482,0.484
2023-05-04 00:00:00+00:00,0.489,0.664,0.527,0.954,0.372,0.48,1.23,23.795,6.82,0.2,1.2,2.0,0.498,0.508,0.523,0.54,0.54,0.527,0.664,0.527,0.672,0.527,0.676,25.058,26.675,28.898,0.2,1.2,2.0,0.0,0.0,0.0,0.0,0.0,0.0,0.0,0.3,0.7,0.20000000000000356,1.1999999999999982,2.0000000000000036,3.4,4.799999999999996,4.000000000000007,10.70000000000001,19.5,19.200000000000014,27.400000000000002,38.199999999999996,84.79999999999998,-0.009000000000000008,-0.03400000000000003,124,5,0.8460288880917339,-0.533137056031809,0.482,0.484,0.477
2023-05-05 00:00:00+00:00,0.482,0.668,0.528,0.963,0.371,0.474,1.266,22.738,6.951,0.0,4.0,0.9,0.489,0.498,0.508,0.526,0.561,0.528,0.668,0.527,0.664,0.527,0.672,23.795,25.058,26.675,0.0,4.0,0.9,0.2,1.2,2.0,0.0,0.0,0.0,0.0,0.0,0.0,0.20000000000000356,5.199999999999998,2.9000000000000035,8.3,4.699999999999997,7.800000000000007,11.00000000000001,23.5,17.70000000000001,29.9,36.199999999999996,83.79999999999998,-0.007000000000000006,-0.026000000000000023,125,5,0.8367329140344921,-0.5476112038402312,0.484,0.477,0.487
2023-05-06 00:00:00+00:00,0.484,0.66,0.53,0.964,0.368,0.475,1.226,23.04,6.712,0.1,2.7,2.5,0.482,0.489,0.498,0.523,0.54,0.53,0.66,0.528,0.668,0.527,0.664,22.738,23.795,25.058,0.1,2.7,2.5,0.0,4.0,0.9,0.2,1.2,2.0,0.0,0.0,0.0,0.3000000000000036,7.899999999999999,5.400000000000004,13.600000000000001,4.799999999999996,10.500000000000007,13.50000000000001,28.800000000000004,17.500000000000014,30.0,33.4,80.89999999999998,0.0020000000000000018,-0.014000000000000012,126,5,0.8271893372462497,-0.5619233046832195,0.477,0.487,0.573
2023-05-07 00:00:00+00:00,0.477,0.664,0.53,0.971,0.366,0.464,1.242,22.02,6.828,0.1,3.2,0.0,0.484,0.482,0.489,0.508,0.526,0.53,0.664,0.53,0.66,0.528,0.668,23.04,22.738,23.795,0.1,3.2,0.0,0.1,2.7,2.5,0.0,4.0,0.9,0.2,1.2,2.0,0.20000000000000356,9.899999999999999,3.4000000000000035,13.500000000000002,0.39999999999999647,11.400000000000006,6.10000000000001,17.900000000000002,10.900000000000013,23.200000000000003,20.7,54.79999999999999,-0.007000000000000006,-0.01200000000000001,127,5,0.8174009818249189,-0.5760691233798758,0.487,0.573,0.61
2023-05-08 00:00:00+00:00,0.487,0.747,0.53,0.995,0.406,0.489,1.289,23.43,9.911,17.1,15.6,20.1,0.477,0.484,0.482,0.498,0.523,0.53,0.747,0.53,0.664,0.53,0.66,22.02,23.04,22.738,17.1,15.6,20.1,0.1,3.2,0.0,0.1,2.7,2.5,0.0,4.0,0.9,17.300000000000004,21.5,22.600000000000005,61.400000000000006,17.499999999999996,26.70000000000001,25.50000000000001,69.7,27.200000000000014,38.5,40.0,105.69999999999999,0.010000000000000009,0.0050000000000000044,128,5,0.8073707443023492,-0.5900444739548627,0.573,0.61,0.591
2023-05-09 00:00:00+00:00,0.573,0.913,0.587,1.118,0.515,0.67,1.31,37.154,16.895,4.2,13.0,14.9,0.487,0.477,0.484,0.489,0.508,0.587,0.913,0.53,0.747,0.53,0.664,23.43,22.02,23.04,4.2,13.0,14.9,17.1,15.6,20.1,0.1,3.2,0.0,0.1,2.7,2.5,21.400000000000002,31.799999999999997,35.00000000000001,88.20000000000002,21.699999999999996,39.70000000000001,40.40000000000001,101.80000000000001,31.400000000000013,51.5,54.900000000000006,137.79999999999998,0.08599999999999997,0.08899999999999997,129,5,0.7971015927871943,-0.6038452208771035,0.61,0.591,0.598
2023-05-10 00:00:00+00:00,0.61,0.996,0.627,1.144,0.475,0.697,1.284,43.275,20.575,2.2,0.1,0.3,0.573,0.487,0.477,0.482,0.498,0.627,0.996,0.587,0.913,0.53,0.747,37.154,23.43,22.02,2.2,0.1,0.3,4.2,13.0,14.9,17.1,15.6,20.1,0.1,3.2,0.0,23.500000000000007,28.699999999999996,35.300000000000004,87.50000000000001,23.9,39.80000000000001,40.70000000000001,104.4,33.600000000000016,51.6,55.2,140.39999999999998,0.03700000000000003,0.133,130,5,0.7865965660866021,-0.6174672802835514,0.591,0.598,0.561
2023-05-11 00:00:00+00:00,0.591,1.057,0.628,1.108,0.453,0.659,1.307,40.13,23.365,14.5,4.9,7.2,0.61,0.573,0.487,0.484,0.489,0.628,1.057,0.627,0.996,0.587,0.913,43.275,37.154,23.43,14.5,4.9,7.2,2.2,0.1,0.3,4.2,13.0,14.9,17.1,15.6,20.1,20.900000000000006,18.0,22.400000000000006,61.3,38.199999999999996,43.50000000000001,45.90000000000001,127.60000000000001,43.000000000000014,47.5,56.60000000000001,147.1,-0.019000000000000017,0.10399999999999998,131,5,0.7758587728069828,-0.6309066211876704,0.598,0.561,0.541
2023-05-12 00:00:00+00:00,0.598,0.992,0.627,1.074,0.419,0.671,1.301,41.125,20.382,0.6,0.6,0.8,0.591,0.61,0.573,0.477,0.482,0.627,0.992,0.628,1.057,0.627,0.996,40.13,43.275,37.154,0.6,0.6,0.8,14.5,4.9,7.2,2.2,0.1,0.3,4.2,13.0,14.9,17.300000000000004,5.599999999999998,8.300000000000004,31.2,38.8,40.10000000000001,45.80000000000001,124.70000000000002,43.500000000000014,47.9,56.800000000000004,148.2,0.007000000000000006,0.025000000000000022,132,5,0.7648913904341226,-0.6441592666722685,0.561,0.541,0.521
2023-05-13 00:00:00+00:00,0.561,0.912,0.624,1.041,0.388,0.6,1.342,34.919,16.784,0.0,0.0,0.0,0.598,0.591,0.61,0.487,0.484,0.624,0.912,0.627,0.992,0.628,1.057,41.125,40.13,43.275,0.0,0.0,0.0,0.6,0.6,0.8,14.5,4.9,7.2,2.2,0.1,0.3,15.100000000000003,5.499999999999998,8.000000000000004,28.599999999999998,38.699999999999996,37.40000000000001,43.30000000000001,119.4,43.500000000000014,47.9,56.800000000000004,148.2,-0.03699999999999992,-0.04899999999999993,133,5,0.753697664392914,-0.6572212950663319,0.541,0.521,0.507
2023-05-14 00:00:00+00:00,0.541,0.86,0.591,1.025,0.37,0.57,1.3,31.822,14.511,1.5,0.5,3.9,0.561,0.598,0.591,0.573,0.477,0.591,0.86,0.624,0.912,0.627,0.992,34.919,41.125,40.13,1.5,0.5,3.9,0.0,0.0,0.0,0.6,0.6,0.8,14.5,4.9,7.2,2.1000000000000036,1.0999999999999983,4.700000000000004,7.9,40.099999999999994,34.70000000000001,47.20000000000001,122.0,40.500000000000014,46.1,53.300000000000004,139.9,-0.020000000000000018,-0.04999999999999993,134,5,0.742280907086982,-0.6700888411055113,0.521,0.507,0.491
2023-05-15 00:00:00+00:00,0.521,0.785,0.552,1.026,0.361,0.539,1.293,28.756,11.387,1.6,1.6,2.7,0.541,0.561,0.598,0.61,0.487,0.552,0.785,0.591,0.86,0.624,0.912,31.822,34.919,41.125,1.6,1.6,2.7,1.5,0.5,3.9,0.0,0.0,0.0,0.6,0.6,0.8,3.1000000000000036,2.0999999999999983,6.600000000000004,11.8,24.599999999999998,20.70000000000001,29.80000000000001,75.10000000000001,42.100000000000016,47.400000000000006,55.300000000000004,144.8,-0.020000000000000018,-0.07699999999999996,135,5,0.7306444969184916,-0.6827580970759147,0.507,0.491,0.48
2023-05-16 00:00:00+00:00,0.507,0.739,0.552,1.011,0.349,0.514,1.268,26.538,9.529,0.0,0.0,0.0,0.521,0.541,0.561,0.591,0.573,0.552,0.739,0.552,0.785,0.591,0.86,28.756,31.822,34.919,0.0,0.0,0.0,1.6,1.6,2.7,1.5,0.5,3.9,0.0,0.0,0.0,3.1000000000000036,2.0999999999999983,6.600000000000004,11.8,20.4,7.700000000000009,14.900000000000011,43.00000000000001,42.100000000000016,47.400000000000006,55.300000000000004,144.8,-0.014000000000000012,-0.05400000000000005,136,5,0.7187918772884232,-0.6952253139408722,0.491,0.48,0.47
2023-05-17 00:00:00+00:00,0.491,0.706,0.548,0.999,0.337,0.488,1.239,24.249,8.263,0.0,0.0,0.0,0.507,0.521,0.541,0.598,0.61,0.548,0.706,0.552,0.739,0.552,0.785,26.538,28.756,31.822,0.0,0.0,0.0,0.0,0.0,0.0,1.6,1.6,2.7,1.5,0.5,3.9,1.6000000000000036,1.5999999999999983,2.7000000000000037,5.9,18.199999999999996,7.600000000000009,14.60000000000001,40.400000000000006,42.100000000000016,47.400000000000006,55.300000000000004,144.8,-0.016000000000000014,-0.050000000000000044,137,5,0.7067265555776158,-0.7074868024503348,0.48,0.47,0.463
2023-05-18 00:00:00+00:00,0.48,0.685,0.545,0.993,0.33,0.469,1.257,22.605,7.534,0.0,0.0,0.0,0.491,0.507,0.521,0.561,0.591,0.545,0.685,0.548,0.706,0.552,0.739,24.249,26.538,28.756,0.0,0.0,0.0,0.0,0.0,0.0,0.0,0.0,0.0,1.6,1.6,2.7,0.0,0.0,0.0,0.0,3.6999999999999966,2.700000000000009,7.400000000000011,13.800000000000008,41.90000000000002,46.2,53.300000000000004,141.4,-0.01100000000000001,-0.041000000000000036,138,5,0.6944521021088763,-0.719538934232584,0.47,0.463,0.458
2023-05-19 00:00:00+00:00,0.47,0.686,0.544,0.985,0.324,0.452,1.25,21.264,7.572,0.0,0.0,0.0,0.48,0.491,0.507,0.541,0.598,0.544,0.686,0.545,0.685,0.548,0.706,22.605,24.249,26.538,0.0,0.0,0.0,0.0,0.0,0.0,0.0,0.0,0.0,0.0,0.0,0.0,0.0,0.0,0.0,0.0,3.0999999999999965,2.100000000000009,6.600000000000011,11.800000000000008,41.90000000000002,42.2,52.400000000000006,136.5,-0.010000000000000009,-0.03700000000000003,139,5,0.6819721490904629,-0.7313781428679254,0.463,0.458,0.453
2023-05-20 00:00:00+00:00,0.463,0.677,0.544,0.981,0.314,0.443,1.278,20.282,7.244,0.0,0.0,0.0,0.47,0.48,0.491,0.521,0.561,0.544,0.677,0.544,0.686,0.545,0.685,21.264,22.605,24.249,0.0,0.0,0.0,0.0,0.0,0.0,0.0,0.0,0.0,0.0,0.0,0.0,0.0,0.0,0.0,0.0,3.0999999999999965,2.100000000000009,6.600000000000011,11.800000000000008,41.80000000000002,39.5,49.900000000000006,131.2,-0.006999999999999951,-0.02799999999999997,140,5,0.6692903895412567,-0.7430009249440493,0.458,0.453,0.446
2023-05-21 00:00:00+00:00,0.458,0.671,0.544,0.976,0.315,0.432,1.239,19.575,7.049,0.0,0.0,0.1,0.463,0.47,0.48,0.507,0.541,0.544,0.671,0.544,0.677,0.544,0.686,20.282,21.264,22.605,0.0,0.0,0.1,0.0,0.0,0.0,0.0,0.0,0.0,0.0,0.0,0.0,0.0,0.0,0.10000000000000356,0.1,1.5999999999999965,1.600000000000009,2.800000000000011,6.000000000000007,41.70000000000002,36.300000000000004,50.00000000000001,128.0,-0.0050000000000000044,-0.021999999999999964,141,5,0.6564105761979381,-0.7544038410927472,0.453,0.446,0.439
2023-05-22 00:00:00+00:00,0.453,0.665,0.544,0.972,0.312,0.425,1.276,18.958,6.875,0.4,0.0,0.8,0.458,0.463,0.47,0.491,0.521,0.544,0.665,0.544,0.671,0.544,0.677,19.575,20.282,21.264,0.4,0.0,0.8,0.0,0.0,0.1,0.0,0.0,0.0,0.0,0.0,0.0,0.4000000000000036,0.0,0.9000000000000036,1.3000000000000003,0.39999999999999647,0.0,0.9000000000000107,1.3000000000000074,25.000000000000014,20.7,30.7,76.39999999999999,-0.0050000000000000044,-0.01699999999999996,142,5,0.6433365204044917,-0.765583517007675,0.446,0.439,0.419
2023-05-23 00:00:00+00:00,0.446,0.655,0.541,0.964,0.302,0.422,1.244,18.154,6.553,0.0,0.0,0.0,0.453,0.458,0.463,0.48,0.507,0.541,0.655,0.544,0.665,0.544,0.671,18.958,19.575,20.282,0.0,0.0,0.0,0.4,0.0,0.8,0.0,0.0,0.1,0.0,0.0,0.0,0.4000000000000036,0.0,0.9000000000000036,1.3000000000000003,0.39999999999999647,0.0,0.9000000000000107,1.3000000000000074,20.800000000000015,7.7,15.8,44.29999999999998,-0.007000000000000006,-0.017000000000000015,143,5,0.6300720909843687,-0.7765366444428655,0.439,0.419,0.413
2023-05-24 00:00:00+00:00,0.439,0.647,0.537,0.949,0.294,0.401,1.245,17.438,6.288,0.0,0.0,0.0,0.446,0.453,0.458,0.47,0.491,0.537,0.647,0.541,0.655,0.544,0.665,18.154,18.958,19.575,0.0,0.0,0.0,0.0,0.0,0.0,0.4,0.0,0.8,0.0,0.0,0.1,0.4000000000000036,0.0,0.8000000000000036,1.2000000000000002,0.39999999999999647,0.0,0.9000000000000107,1.3000000000000074,18.600000000000016,7.6000000000000005,15.5,41.69999999999998,-0.007000000000000006,-0.019000000000000017,144,5,0.6166212130956382,-0.7872599821916922,0.419,0.413,0.402
2023-05-25 00:00:00+00:00,0.419,0.639,0.536,0.932,0.289,0.374,1.21,15.143,6.043,0.0,0.0,0.0,0.439,0.446,0.453,0.463,0.48,0.536,0.639,0.537,0.647,0.541,0.655,17.438,18.154,18.958,0.0,0.0,0.0,0.0,0.0,0.0,0.0,0.0,0.0,0.4,0.0,0.8,0.0,0.0,0.0,0.0,0.39999999999999647,0.0,0.9000000000000107,1.3000000000000074,4.100000000000015,2.7,8.3,15.099999999999987,-0.020000000000000018,-0.03400000000000003,145,5,0.6029878670694714,-0.7977503570459932,0.413,0.402,0.397
2023-05-26 00:00:00+00:00,0.413,0.635,0.537,0.878,0.283,0.366,1.239,14.514,5.938,0.0,0.0,0.0,0.419,0.439,0.446,0.458,0.47,0.537,0.635,0.536,0.639,0.537,0.647,15.143,17.438,18.154,0.0,0.0,0.0,0.0,0.0,0.0,0.0,0.0,0.0,0.0,0.0,0.0,0.0,0.0,0.0,0.0,0.39999999999999647,0.0,0.9000000000000107,1.3000000000000074,3.500000000000014,2.1,7.500000000000001,13.099999999999987,-0.006000000000000005,-0.03300000000000003,146,5,0.5891760872322963,-0.8080046647350754,0.402,0.397,0.391
2023-05-27 00:00:00+00:00,0.402,0.629,0.537,0.872,0.281,0.347,1.254,13.487,5.752,0.0,0.0,0.0,0.413,0.419,0.439,0.453,0.463,0.537,0.629,0.537,0.635,0.536,0.639,14.514,15.143,17.438,0.0,0.0,0.0,0.0,0.0,0.0,0.0,0.0,0.0,0.0,0.0,0.0,0.0,0.0,0.0,0.0,0.39999999999999647,0.0,0.9000000000000107,1.3000000000000074,3.500000000000014,2.1,7.500000000000001,13.099999999999987,-0.010999999999999954,-0.03699999999999998,147,5,0.5751899607119775,-0.8180198708443175,0.397,0.391,0.385
2023-05-28 00:00:00+00:00,0.397,0.622,0.536,0.868,0.276,0.34,1.251,13.021,5.56,0.0,0.0,0.0,0.402,0.413,0.419,0.446,0.458,0.536,0.622,0.537,0.629,0.537,0.635,13.487,14.514,15.143,0.0,0.0,0.0,0.0,0.0,0.0,0.0,0.0,0.0,0.0,0.0,0.0,0.0,0.0,0.0,0.0,0.39999999999999647,0.0,0.8000000000000107,1.2000000000000073,2.000000000000014,1.6,3.6,7.199999999999987,-0.0050000000000000044,-0.021999999999999964,148,5,0.5610336262283677,-0.8277930117131022,0.391,0.385,0.388
2023-05-29 00:00:00+00:00,0.391,0.615,0.535,0.865,0.269,0.329,1.243,12.576,5.371,0.0,0.0,0.0,0.397,0.402,0.413,0.439,0.453,0.535,0.615,0.536,0.622,0.537,0.629,13.021,13.487,14.514,0.0,0.0,0.0,0.0,0.0,0.0,0.0,0.0,0.0,0.0,0.0,0.0,0.0,0.0,0.0,0.0,0.0,0.0,0.0,0.0,0.40000000000001423,0.0,0.9,1.299999999999986,-0.006000000000000005,-0.021999999999999964,149,5,0.5467112728685939,-0.8373211953118121,0.385,0.388,0.382
2023-05-30 00:00:00+00:00,0.385,0.615,0.535,0.904,0.261,0.332,1.259,12.127,5.383,0.0,0.0,0.0,0.391,0.397,0.402,0.419,0.446,0.535,0.615,0.535,0.615,0.536,0.622,12.576,13.021,13.487,0.0,0.0,0.0,0.0,0.0,0.0,0.0,0.0,0.0,0.0,0.0,0.0,0.0,0.0,0.0,0.0,0.0,0.0,0.0,0.0,0.40000000000001423,0.0,0.9,1.299999999999986,-0.006000000000000005,-0.017000000000000015,150,5,0.5322271388474397,-0.8466016020976267,0.388,0.382,0.376
2023-05-31 00:00:00+00:00,0.388,0.616,0.535,0.902,0.257,0.332,1.211,12.359,5.391,0.0,0.0,0.0,0.385,0.391,0.397,0.413,0.439,0.535,0.616,0.535,0.615,0.535,0.615,12.127,12.576,13.021,0.0,0.0,0.0,0.0,0.0,0.0,0.0,0.0,0.0,0.0,0.0,0.0,0.0,0.0,0.0,0.0,0.0,0.0,0.0,0.0,0.40000000000001423,0.0,0.9,1.299999999999986,0.0030000000000000027,-0.009000000000000008,151,5,0.5175855102531889,-0.8556314858488706,0.382,0.376,0.374
2023-06-01 00:00:00+00:00,0.382,0.611,0.513,0.899,0.248,0.323,1.226,11.899,5.254,0.0,0.0,0.0,0.388,0.385,0.391,0.402,0.419,0.513,0.611,0.535,0.616,0.535,0.615,12.359,12.127,12.576,0.0,0.0,0.0,0.0,0.0,0.0,0.0,0.0,0.0,0.0,0.0,0.0,0.0,0.0,0.0,0.0,0.0,0.0,0.0,0.0,0.40000000000001423,0.0,0.9,1.299999999999986,-0.006000000000000005,-0.009000000000000008,152,6,0.5027907197793043,-0.8644081744776648,0.376,0.374,0.369
2023-06-02 00:00:00+00:00,0.376,0.58,0.497,0.896,0.246,0.323,1.242,11.563,4.465,0.0,0.0,0.0,0.382,0.388,0.385,0.397,0.413,0.497,0.58,0.513,0.611,0.535,0.616,11.899,12.359,12.127,0.0,0.0,0.0,0.0,0.0,0.0,0.0,0.0,0.0,0.0,0.0,0.0,0.0,0.0,0.0,0.0,0.0,0.0,0.0,0.0,0.40000000000001423,0.0,0.9,1.299999999999986,-0.006000000000000005,-0.009000000000000008,153,6,0.4878471454423119,-0.8729290708206411,0.374,0.369,0.366
2023-06-03 00:00:00+00:00,0.374,0.577,0.496,0.894,0.244,0.322,1.247,11.41,4.408,0.0,0.0,0.0,0.376,0.382,0.388,0.391,0.402,0.496,0.577,0.497,0.58,0.513,0.611,11.563,11.899,12.359,0.0,0.0,0.0,0.0,0.0,0.0,0.0,0.0,0.0,0.0,0.0,0.0,0.0,0.0,0.0,0.0,0.0,0.0,0.0,0.0,0.40000000000001423,0.0,0.9,1.299999999999986,-0.0020000000000000018,-0.014000000000000012,154,6,0.47275920928627757,-0.881191653407483,0.369,0.366,0.359
2023-06-04 00:00:00+00:00,0.369,0.572,0.496,0.89,0.241,0.312,1.268,11.165,4.289,0.0,0.0,0.0,0.374,0.376,0.382,0.385,0.397,0.496,0.572,0.496,0.577,0.497,0.58,11.41,11.563,11.899,0.0,0.0,0.0,0.0,0.0,0.0,0.0,0.0,0.0,0.0,0.0,0.0,0.0,0.0,0.0,0.0,0.0,0.0,0.0,0.0,0.40000000000001423,0.0,0.8,1.199999999999986,-0.0050000000000000044,-0.013000000000000012,155,6,0.4575313760742512,-0.8891934772070711,0.366,0.359,0.359
2023-06-05 00:00:00+00:00,0.366,0.57,0.495,0.886,0.234,0.304,1.274,10.982,4.238,0.0,0.0,0.0,0.369,0.374,0.376,0.388,0.391,0.495,0.57,0.496,0.572,0.496,0.577,11.165,11.41,11.563,0.0,0.0,0.0,0.0,0.0,0.0,0.0,0.0,0.0,0.0,0.0,0.0,0.0,0.0,0.0,0.0,0.0,0.0,0.0,0.0,0.0,0.0,0.0,0.0,-0.0030000000000000027,-0.010000000000000009,156,6,0.44216815196707204,-0.8969321743510065,0.359,0.359,0.388
2023-06-06 00:00:00+00:00,0.359,0.552,0.496,0.885,0.23,0.299,1.273,10.7,3.836,0.0,1.1,0.3,0.366,0.369,0.374,0.382,0.385,0.496,0.552,0.495,0.57,0.496,0.572,10.982,11.165,11.41,0.0,1.1,0.3,0.0,0.0,0.0,0.0,0.0,0.0,0.0,0.0,0.0,0.0,1.0999999999999983,0.30000000000000354,1.4000000000000001,0.0,1.100000000000009,0.30000000000001065,1.4000000000000072,0.0,1.1,0.3,1.399999999999986,-0.007000000000000006,-0.015000000000000013,157,6,0.42667408318992467,-0.9044054548343001,0.359,0.388,0.365
2023-06-07 00:00:00+00:00,0.359,0.545,0.495,0.888,0.241,0.318,1.267,10.72,3.699,15.9,0.0,0.0,0.359,0.366,0.369,0.376,0.388,0.495,0.545,0.496,0.552,0.495,0.57,10.7,10.982,11.165,15.9,0.0,0.0,0.0,1.1,0.3,0.0,0.0,0.0,0.0,0.0,0.0,15.900000000000004,1.0999999999999983,0.30000000000000354,17.3,15.899999999999997,1.100000000000009,0.30000000000001065,17.300000000000008,15.900000000000015,1.1,0.3,17.299999999999986,0.0,-0.010000000000000009,158,6,0.4110537546870351,-0.9116111071930239,0.388,0.365,0.338
2023-06-08 00:00:00+00:00,0.388,0.54,0.496,0.883,0.252,0.323,1.269,12.356,3.587,0.0,0.0,0.0,0.359,0.359,0.366,0.374,0.382,0.496,0.54,0.495,0.545,0.496,0.552,10.72,10.7,10.982,0.0,0.0,0.0,15.9,0.0,0.0,0.0,1.1,0.3,0.0,0.0,0.0,15.900000000000004,1.0999999999999983,0.30000000000000354,17.3,15.899999999999997,1.100000000000009,0.30000000000001065,17.300000000000008,15.900000000000015,1.1,0.3,17.299999999999986,0.029000000000000026,0.02200000000000002,159,6,0.3953117887649151,-0.9185469991587165,0.365,0.338,0.31
2023-06-09 00:00:00+00:00,0.365,0.535,0.495,0.831,0.222,0.297,1.264,11.001,3.482,0.0,0.0,0.0,0.388,0.359,0.359,0.369,0.376,0.495,0.535,0.496,0.54,0.495,0.545,12.356,10.72,10.7,0.0,0.0,0.0,0.0,0.0,0.0,15.9,0.0,0.0,0.0,1.1,0.3,15.900000000000004,0.0,0.0,15.9,15.899999999999997,1.100000000000009,0.30000000000001065,17.300000000000008,15.900000000000015,1.1,0.3,17.299999999999986,-0.02300000000000002,0.006000000000000005,160,6,0.37945284372454435,-0.925211078289358,0.338,0.31,0.286
2023-06-10 00:00:00+00:00,0.338,0.531,0.496,0.816,0.214,0.281,1.289,10.101,3.411,0.0,0.0,0.0,0.365,0.388,0.359,0.366,0.374,0.496,0.531,0.495,0.535,0.496,0.54,11.001,12.356,10.72,0.0,0.0,0.0,0.0,0.0,0.0,0.0,0.0,0.0,15.9,0.0,0.0,0.0,0.0,0.0,0.0,15.899999999999997,1.100000000000009,0.30000000000001065,17.300000000000008,15.900000000000015,1.1,0.3,17.299999999999986,-0.02699999999999997,-0.020999999999999963,161,6,0.36348161248290634,-0.9316013725767187,0.31,0.286,0.26
2023-06-11 00:00:00+00:00,0.31,0.529,0.497,0.813,0.211,0.273,1.247,9.486,3.361,0.0,0.0,0.0,0.338,0.365,0.388,0.359,0.369,0.497,0.529,0.496,0.531,0.495,0.535,10.101,11.001,12.356,0.0,0.0,0.0,0.0,0.0,0.0,0.0,0.0,0.0,0.0,0.0,0.0,0.0,0.0,0.0,0.0,15.899999999999997,1.100000000000009,0.30000000000001065,17.300000000000008,15.900000000000015,1.1,0.3,17.299999999999986,-0.028000000000000025,-0.07800000000000001,162,6,0.3474028211842774,-0.9377159910299093,0.286,0.26,0.232
2023-06-12 00:00:00+00:00,0.286,0.527,0.497,0.809,0.204,0.26,1.271,8.954,3.328,0.0,0.0,0.0,0.31,0.338,0.365,0.359,0.366,0.497,0.527,0.497,0.529,0.496,0.531,9.486,10.101,11.001,0.0,0.0,0.0,0.0,0.0,0.0,0.0,0.0,0.0,0.0,0.0,0.0,0.0,0.0,0.0,0.0,15.899999999999997,1.100000000000009,0.30000000000001065,17.300000000000008,15.900000000000015,1.1,0.3,17.299999999999986,-0.02400000000000002,-0.07900000000000001,163,6,0.3312212278016865,-0.9435531242349544,0.26,0.232,0.214
2023-06-13 00:00:00+00:00,0.26,0.525,0.496,0.801,0.196,0.249,1.259,8.378,3.297,0.0,0.0,0.0,0.286,0.31,0.338,0.388,0.359,0.496,0.525,0.497,0.527,0.497,0.529,8.954,9.486,10.101,0.0,0.0,0.0,0.0,0.0,0.0,0.0,0.0,0.0,0.0,0.0,0.0,0.0,0.0,0.0,0.0,15.899999999999997,0.0,0.0,15.900000000000007,15.900000000000015,1.1,0.3,17.299999999999986,-0.025999999999999968,-0.07800000000000001,164,6,0.31494162072895193,-0.9491110448902284,0.232,0.214,0.201
2023-06-14 00:00:00+00:00,0.232,0.531,0.496,0.801,0.194,0.234,1.259,7.794,3.401,0.0,0.0,0.0,0.26,0.286,0.31,0.365,0.359,0.496,0.531,0.496,0.525,0.497,0.527,8.378,8.954,9.486,0.0,0.0,0.0,0.0,0.0,0.0,0.0,0.0,0.0,0.0,0.0,0.0,0.0,0.0,0.0,0.0,0.0,0.0,0.0,0.0,15.900000000000015,1.1,0.3,17.299999999999986,-0.027999999999999997,-0.07799999999999999,165,6,0.2985688173637202,-0.9543881083175908,0.214,0.201,0.189
2023-06-15 00:00:00+00:00,0.214,0.526,0.496,0.8,0.187,0.261,1.239,7.425,3.304,0.0,0.0,0.0,0.232,0.26,0.286,0.338,0.388,0.496,0.526,0.496,0.531,0.496,0.525,7.794,8.378,8.954,0.0,0.0,0.0,0.0,0.0,0.0,0.0,0.0,0.0,0.0,0.0,0.0,0.0,0.0,0.0,0.0,0.0,0.0,0.0,0.0,15.900000000000015,1.1,0.3,17.299999999999986,-0.018000000000000016,-0.07199999999999998,166,6,0.2821076626819194,-0.9593827529490743,0.201,0.189,0.191
2023-06-16 00:00:00+00:00,0.201,0.524,0.495,0.798,0.182,0.293,1.275,7.143,3.276,0.0,0.0,0.0,0.214,0.232,0.26,0.31,0.365,0.495,0.524,0.496,0.526,0.496,0.531,7.425,7.794,8.378,0.0,0.0,0.0,0.0,0.0,0.0,0.0,0.0,0.0,0.0,0.0,0.0,0.0,0.0,0.0,0.0,0.0,0.0,0.0,0.0,15.900000000000015,1.1,0.3,17.299999999999986,-0.012999999999999984,-0.059,167,6,0.26556302780405594,-0.9640935007889755,0.189,0.191,0.19
2023-06-17 00:00:00+00:00,0.189,0.525,0.495,0.797,0.179,0.291,1.28,6.908,3.288,0.0,0.0,0.5,0.201,0.214,0.232,0.286,0.338,0.495,0.525,0.495,0.524,0.496,0.526,7.143,7.425,7.794,0.0,0.0,0.5,0.0,0.0,0.0,0.0,0.0,0.0,0.0,0.0,0.0,0.0,0.0,0.5000000000000036,0.5,0.0,0.0,0.5000000000000107,0.5000000000000071,15.900000000000015,1.1,0.8,17.799999999999986,-0.01200000000000001,-0.04300000000000001,168,6,0.24893980855376657,-0.9685189578512204,0.191,0.19,0.215
2023-06-18 00:00:00+00:00,0.191,0.525,0.495,0.795,0.18,0.292,1.261,6.948,3.284,0.6,0.2,0.3,0.189,0.201,0.214,0.26,0.31,0.495,0.525,0.495,0.525,0.495,0.524,6.908,7.143,7.425,0.6,0.2,0.3,0.0,0.0,0.5,0.0,0.0,0.0,0.0,0.0,0.0,0.6000000000000035,0.19999999999999823,0.8000000000000036,1.6,0.5999999999999964,0.2000000000000089,0.8000000000000107,1.6000000000000072,16.500000000000014,1.3,1.1,18.899999999999988,0.0020000000000000018,-0.022999999999999993,169,6,0.23224292400907015,-0.9726578145718654,0.19,0.215,0.348
2023-06-19 00:00:00+00:00,0.19,0.525,0.495,0.805,0.192,0.292,1.251,6.921,3.285,0.3,4.8,5.2,0.191,0.189,0.201,0.232,0.286,0.495,0.525,0.495,0.525,0.495,0.525,6.948,6.908,7.143,0.3,4.8,5.2,0.6,0.2,0.3,0.0,0.0,0.5,0.0,0.0,0.0,0.9000000000000035,4.999999999999998,6.0000000000000036,11.9,0.8999999999999964,5.000000000000009,6.000000000000011,11.900000000000007,16.800000000000015,6.1,6.300000000000001,29.19999999999999,-0.0010000000000000009,-0.01100000000000001,170,6,0.21547731504673012,-0.976508846196619,0.215,0.348,0.451
2023-06-20 00:00:00+00:00,0.215,0.527,0.502,0.892,0.187,0.275,1.287,7.438,3.318,0.0,0.6,0.0,0.19,0.191,0.189,0.214,0.26,0.502,0.527,0.495,0.525,0.495,0.525,6.921,6.948,6.908,0.0,0.6,0.0,0.3,4.8,5.2,0.6,0.2,0.3,0.0,0.0,0.5,0.9000000000000035,5.599999999999998,5.5000000000000036,12.0,0.8999999999999964,5.6000000000000085,6.000000000000011,12.500000000000007,16.800000000000015,5.6,6.0,28.399999999999988,0.024999999999999994,0.025999999999999995,171,6,0.19864794288017112,-0.9800709131432666,0.348,0.451,0.39
2023-06-21 00:00:00+00:00,0.348,0.725,0.554,1.003,0.226,0.334,1.263,12.325,11.017,12.0,13.4,36.6,0.215,0.19,0.191,0.201,0.232,0.554,0.725,0.502,0.527,0.495,0.525,7.438,6.921,6.948,12.0,13.4,36.6,0.0,0.6,0.0,0.3,4.8,5.2,0.6,0.2,0.3,12.300000000000004,18.799999999999997,41.800000000000004,72.9,12.899999999999997,19.000000000000007,42.60000000000001,74.5,12.900000000000015,19.0,42.6,74.49999999999999,0.13299999999999998,0.15699999999999997,172,6,0.18175978759137534,-0.9833429613388902,0.451,0.39,0.335
2023-06-22 00:00:00+00:00,0.451,0.756,0.532,0.881,0.244,0.398,1.246,19.094,10.473,0.01,0.0,0.0,0.348,0.215,0.19,0.189,0.214,0.532,0.756,0.554,0.725,0.502,0.527,12.325,7.438,6.921,0.01,0.0,0.0,12.0,13.4,36.6,0.0,0.6,0.0,0.3,4.8,5.2,12.010000000000003,13.999999999999998,36.6,62.61,12.909999999999997,19.000000000000007,42.600000000000016,74.51,12.910000000000014,19.0,42.6,74.50999999999999,0.10300000000000004,0.261,173,6,0.16481784665719793,-0.9863240225317866,0.39,0.335,0.293
2023-06-23 00:00:00+00:00,0.39,0.586,0.5,0.811,0.199,0.324,1.298,12.644,4.664,0.3,0.0,0.0,0.451,0.348,0.215,0.191,0.201,0.5,0.586,0.532,0.756,0.554,0.725,19.094,12.325,7.438,0.3,0.0,0.0,0.01,0.0,0.0,12.0,13.4,36.6,0.0,0.6,0.0,12.310000000000004,13.399999999999999,36.6,62.31,13.209999999999997,19.000000000000007,42.600000000000016,74.81,13.210000000000015,19.0,42.6,74.80999999999999,-0.061,0.17500000000000002,174,6,0.14782713347053048,-0.9890132145779883,0.335,0.293,0.23
2023-06-24 00:00:00+00:00,0.335,0.551,0.498,0.795,0.209,0.279,1.276,10.031,3.807,0.1,0.0,0.0,0.39,0.451,0.348,0.19,0.189,0.498,0.551,0.5,0.586,0.532,0.756,12.644,19.094,12.325,0.1,0.0,0.0,0.3,0.0,0.0,0.01,0.0,0.0,12.0,13.4,36.6,0.4100000000000036,0.0,0.0,0.41000000000000003,13.309999999999997,19.000000000000007,42.100000000000016,74.41000000000001,13.310000000000015,19.0,42.6,74.90999999999998,-0.05499999999999999,-0.012999999999999956,175,6,0.13079267585675922,-0.9914097417023038,0.293,0.23,0.207
2023-06-25 00:00:00+00:00,0.293,0.539,0.492,0.787,0.205,0.253,1.29,9.101,3.563,0.5,0.0,0.0,0.335,0.39,0.451,0.215,0.191,0.492,0.539,0.498,0.551,0.5,0.586,10.031,12.644,19.094,0.5,0.0,0.0,0.1,0.0,0.0,0.3,0.0,0.0,0.01,0.0,0.0,0.9000000000000036,0.0,0.0,0.9,13.209999999999997,18.80000000000001,41.80000000000002,73.81000000000002,13.810000000000015,19.0,42.6,75.40999999999998,-0.04200000000000004,-0.15800000000000003,176,6,0.11371951458594969,-0.9935128947338007,0.23,0.207,0.184
2023-06-26 00:00:00+00:00,0.23,0.528,0.484,0.784,0.199,0.228,1.311,7.76,3.349,0.5,0.0,0.0,0.293,0.335,0.39,0.348,0.19,0.484,0.528,0.492,0.539,0.498,0.551,9.101,10.031,12.644,0.5,0.0,0.0,0.5,0.0,0.0,0.1,0.0,0.0,0.3,0.0,0.0,1.1000000000000036,0.0,0.0,1.1,13.409999999999997,14.000000000000009,36.600000000000016,64.01,14.310000000000015,19.0,42.6,75.90999999999998,-0.06299999999999997,-0.16,177,6,0.0966127018812031,-0.9953220513156602,0.207,0.184,0.208
2023-06-27 00:00:00+00:00,0.207,0.519,0.481,0.783,0.189,0.218,1.29,7.264,3.167,0.7,0.1,0.3,0.23,0.293,0.335,0.451,0.215,0.481,0.519,0.484,0.528,0.492,0.539,7.76,9.101,10.031,0.7,0.1,0.3,0.5,0.0,0.0,0.5,0.0,0.0,0.1,0.0,0.0,1.7000000000000035,0.09999999999999823,0.3,2.0999999999999996,14.109999999999996,13.500000000000009,36.90000000000001,64.51,15.010000000000014,19.1,42.9,77.00999999999999,-0.02300000000000002,-0.12800000000000003,178,6,0.07947729992362097,-0.9968366760893436,0.184,0.208,0.259
2023-06-28 00:00:00+00:00,0.184,0.516,0.479,0.791,0.188,0.257,1.301,6.804,3.116,1.8,0.9,11.1,0.207,0.23,0.293,0.39,0.348,0.479,0.516,0.481,0.519,0.484,0.528,7.264,7.76,9.101,1.8,0.9,11.1,0.7,0.1,0.3,0.5,0.0,0.0,0.5,0.0,0.0,3.0000000000000036,0.9999999999999982,11.4,15.4,3.9099999999999966,1.0000000000000089,11.400000000000015,16.31000000000001,16.810000000000016,20.0,54.0,90.80999999999999,-0.022999999999999993,-0.10899999999999999,179,6,0.062318379354325076,-0.998056320853012,0.208,0.259,0.239
2023-06-29 00:00:00+00:00,0.208,0.537,0.48,0.804,0.185,0.271,1.283,7.301,3.528,0.2,0.2,1.1,0.184,0.207,0.23,0.335,0.451,0.48,0.537,0.479,0.516,0.481,0.519,6.804,7.264,7.76,0.2,0.2,1.1,1.8,0.9,11.1,0.7,0.1,0.3,0.5,0.0,0.0,2.7000000000000037,1.1999999999999982,12.5,16.4,4.099999999999997,1.2000000000000088,12.500000000000014,17.800000000000004,17.010000000000016,20.2,55.1,92.30999999999999,0.023999999999999994,-0.02200000000000002,180,6,0.04514101777397193,-0.9989806246941579,0.259,0.239,0.238
2023-06-30 00:00:00+00:00,0.259,0.527,0.478,0.793,0.172,0.254,1.301,8.366,3.323,1.9,6.2,6.9,0.208,0.184,0.207,0.293,0.39,0.478,0.527,0.48,0.537,0.479,0.516,7.301,6.804,7.264,1.9,6.2,6.9,0.2,0.2,1.1,1.8,0.9,11.1,0.7,0.1,0.3,3.900000000000003,7.299999999999998,19.1,30.3,5.699999999999997,7.400000000000009,19.400000000000013,32.50000000000001,18.910000000000014,26.4,62.0,107.30999999999999,0.05100000000000002,0.05200000000000002,181,6,0.02795029824021032,-0.999609314096404,0.239,0.238,0.22
2023-07-01 00:00:00+00:00,0.239,0.518,0.478,0.802,0.178,0.249,1.287,7.944,3.153,0.0,0.0,0.0,0.259,0.208,0.184,0.23,0.335,0.478,0.518,0.478,0.527,0.48,0.537,8.366,7.301,6.804,0.0,0.0,0.0,1.9,6.2,6.9,0.2,0.2,1.1,1.8,0.9,11.1,2.100000000000003,6.399999999999999,8.0,16.5,5.599999999999997,7.400000000000009,19.400000000000013,32.400000000000006,18.910000000000014,26.4,61.5,106.80999999999999,-0.020000000000000018,0.05499999999999999,182,7,0.01075130776352193,-0.9999422030204416,0.238,0.22,0.196
2023-07-02 00:00:00+00:00,0.238,0.506,0.481,0.785,0.161,0.251,1.29,7.914,2.93,0.0,0.4,0.0,0.239,0.259,0.208,0.207,0.293,0.481,0.506,0.478,0.518,0.478,0.527,7.944,8.366,7.301,0.0,0.4,0.0,0.0,0.0,0.0,1.9,6.2,6.9,0.2,0.2,1.1,1.9000000000000035,6.599999999999999,6.9,15.4,5.099999999999997,7.80000000000001,19.400000000000013,32.300000000000004,18.310000000000013,26.6,61.2,106.10999999999999,-0.0010000000000000009,0.03,183,7,-0.00645086419810515,-0.9999791929590823,0.22,0.196,0.248
2023-07-03 00:00:00+00:00,0.22,0.506,0.483,0.781,0.151,0.255,1.299,7.729,2.938,0.4,0.6,1.8,0.238,0.239,0.259,0.184,0.23,0.483,0.506,0.481,0.506,0.478,0.518,7.914,7.944,8.366,0.4,0.6,1.8,0.0,0.4,0.0,0.0,0.0,0.0,1.9,6.2,6.9,0.4000000000000036,0.9999999999999982,1.8,3.1999999999999997,4.9999999999999964,8.40000000000001,21.200000000000014,34.60000000000001,18.410000000000014,22.4,57.800000000000004,98.60999999999999,-0.017999999999999988,-0.03900000000000001,184,7,-0.023651127245231586,-0.9997202729664083,0.196,0.248,0.242
2023-07-04 00:00:00+00:00,0.196,0.539,0.483,0.815,0.19,0.255,1.291,7.048,3.567,5.8,11.1,7.7,0.22,0.238,0.239,0.208,0.207,0.483,0.539,0.483,0.506,0.481,0.506,7.729,7.914,7.944,5.8,11.1,7.7,0.4,0.6,1.8,0.0,0.4,0.0,0.0,0.0,0.0,6.200000000000004,12.099999999999998,9.5,27.799999999999997,10.099999999999996,19.40000000000001,28.600000000000016,58.10000000000001,24.210000000000015,32.9,65.5,122.60999999999999,-0.023999999999999994,-0.04299999999999998,185,7,-0.04084439154329611,-0.9991655196610109,0.248,0.242,0.218
2023-07-05 00:00:00+00:00,0.248,0.521,0.491,0.821,0.177,0.257,1.264,8.15,3.214,0.0,0.0,0.0,0.196,0.22,0.238,0.259,0.184,0.491,0.521,0.483,0.539,0.483,0.506,7.048,7.729,7.914,0.0,0.0,0.0,5.8,11.1,7.7,0.4,0.6,1.8,0.0,0.4,0.0,6.200000000000004,11.699999999999998,9.5,27.4,8.299999999999995,18.500000000000007,17.500000000000014,44.30000000000001,12.210000000000015,19.5,28.9,60.609999999999985,0.05199999999999999,0.010000000000000009,186,7,-0.05802556932878035,-0.9983150972033183,0.242,0.218,0.147
2023-07-06 00:00:00+00:00,0.242,0.515,0.495,0.789,0.15,0.256,1.254,8.012,3.095,0.4,0.0,0.0,0.248,0.196,0.22,0.239,0.208,0.495,0.515,0.491,0.521,0.483,0.539,8.15,7.048,7.729,0.4,0.0,0.0,0.0,0.0,0.0,5.8,11.1,7.7,0.4,0.6,1.8,6.200000000000004,11.099999999999998,7.7,24.999999999999996,8.499999999999996,18.300000000000008,16.400000000000013,43.20000000000001,12.600000000000014,19.5,28.9,60.999999999999986,-0.006000000000000005,0.021999999999999992,187,7,-0.07518957641475855,-0.9971692572470178,0.218,0.147,0.124
2023-07-07 00:00:00+00:00,0.218,0.511,0.496,0.777,0.146,0.273,1.298,7.508,3.027,0.0,0.0,0.0,0.242,0.248,0.196,0.238,0.259,0.496,0.511,0.495,0.515,0.491,0.521,8.012,8.15,7.048,0.0,0.0,0.0,0.4,0.0,0.0,0.0,0.0,0.0,5.8,11.1,7.7,0.4000000000000036,0.0,0.0,0.4,6.599999999999996,12.100000000000009,9.500000000000014,28.200000000000006,12.300000000000013,19.5,28.9,60.69999999999998,-0.023999999999999994,0.021999999999999992,188,7,-0.09233133369539122,-0.9957283388645872,0.147,0.124,0.132
2023-07-08 00:00:00+00:00,0.147,0.514,0.496,0.776,0.147,0.264,1.305,6.083,3.077,1.5,2.3,1.1,0.218,0.242,0.248,0.22,0.239,0.496,0.514,0.496,0.511,0.495,0.515,7.508,8.012,8.15,1.5,2.3,1.1,0.0,0.0,0.0,0.4,0.0,0.0,0.0,0.0,0.0,1.9000000000000035,2.299999999999998,1.1,5.300000000000001,8.099999999999996,14.40000000000001,10.600000000000014,33.10000000000001,13.700000000000014,21.8,30.0,65.49999999999999,-0.07100000000000001,-0.101,189,7,-0.10944576864891556,-0.993992768446958,0.124,0.132,0.125
2023-07-09 00:00:00+00:00,0.124,0.527,0.496,0.786,0.136,0.263,1.284,5.638,3.335,0.0,0.0,0.1,0.147,0.218,0.242,0.196,0.238,0.496,0.527,0.496,0.514,0.496,0.511,6.083,7.508,8.012,0.0,0.0,0.1,1.5,2.3,1.1,0.0,0.0,0.0,0.4,0.0,0.0,1.5000000000000036,2.299999999999998,1.2000000000000002,5.0,8.099999999999996,14.000000000000007,10.700000000000014,32.800000000000004,13.200000000000014,21.8,30.1,65.1,-0.022999999999999993,-0.118,190,7,-0.12652781683868314,-0.9919630595773397,0.132,0.125,0.139
2023-07-10 00:00:00+00:00,0.132,0.507,0.496,0.771,0.134,0.261,1.292,5.783,2.958,0.0,0.5,0.0,0.124,0.147,0.218,0.248,0.22,0.496,0.507,0.496,0.527,0.496,0.514,5.638,6.083,7.508,0.0,0.5,0.0,0.0,0.0,0.1,1.5,2.3,1.1,0.0,0.0,0.0,1.5000000000000036,2.799999999999998,1.2000000000000002,5.5,7.699999999999996,13.90000000000001,8.900000000000013,30.500000000000007,12.700000000000014,22.3,30.1,65.1,0.008000000000000007,-0.086,191,7,-0.1435724234118113,-0.9896398128792412,0.125,0.139,0.205
2023-07-11 00:00:00+00:00,0.125,0.529,0.496,0.769,0.126,0.264,1.274,5.664,3.366,7.0,3.9,2.3,0.132,0.124,0.147,0.242,0.196,0.496,0.529,0.496,0.507,0.496,0.527,5.783,5.638,6.083,7.0,3.9,2.3,0.0,0.5,0.0,0.0,0.0,0.1,1.5,2.3,1.1,7.0000000000000036,4.399999999999999,2.4,13.799999999999999,8.899999999999995,6.700000000000008,3.500000000000014,19.10000000000001,19.000000000000014,26.099999999999998,32.1,77.19999999999999,-0.007000000000000006,-0.021999999999999992,192,7,-0.16057454459499376,-0.9870237158387383,0.139,0.205,0.103
2023-07-12 00:00:00+00:00,0.139,0.515,0.495,0.763,0.123,0.276,1.28,5.933,3.093,0.0,0.0,0.1,0.125,0.132,0.124,0.218,0.248,0.495,0.515,0.496,0.529,0.496,0.507,5.664,5.783,5.638,0.0,0.0,0.1,7.0,3.9,2.3,0.0,0.5,0.0,0.0,0.0,0.1,7.0000000000000036,4.399999999999999,2.4,13.799999999999999,8.899999999999995,6.700000000000008,3.6000000000000143,19.200000000000006,17.200000000000014,25.2,21.099999999999998,63.499999999999986,0.014000000000000012,0.015000000000000013,193,7,-0.17752914918703497,-0.984115542601034,0.205,0.103,0.145
2023-07-13 00:00:00+00:00,0.205,0.506,0.494,0.761,0.126,0.257,1.268,7.242,2.938,0.0,0.0,0.0,0.139,0.125,0.132,0.147,0.242,0.494,0.506,0.495,0.515,0.496,0.529,5.933,5.664,5.783,0.0,0.0,0.0,0.0,0.0,0.1,7.0,3.9,2.3,0.0,0.5,0.0,7.0000000000000036,3.899999999999998,2.4,13.299999999999999,8.499999999999996,6.700000000000008,3.6000000000000143,18.800000000000008,17.000000000000014,25.0,20.0,61.999999999999986,0.06599999999999998,0.07299999999999998,194,7,-0.19443122004766195,-0.9809161537413774,0.103,0.145,0.171
2023-07-14 00:00:00+00:00,0.103,0.51,0.495,0.778,0.139,0.24,1.287,5.285,3.017,2.8,5.4,12.5,0.205,0.139,0.125,0.124,0.218,0.495,0.51,0.494,0.506,0.495,0.515,7.242,5.933,5.664,2.8,5.4,12.5,0.0,0.0,0.0,0.0,0.0,0.1,7.0,3.9,2.3,2.8000000000000034,5.399999999999999,12.6,20.799999999999997,11.299999999999995,12.100000000000009,16.100000000000016,39.50000000000001,17.900000000000013,24.199999999999996,25.6,67.69999999999999,-0.102,-0.022000000000000006,195,7,-0.2112757555821793,-0.9774264960104055,0.145,0.171,0.111
2023-07-15 00:00:00+00:00,0.145,0.535,0.495,0.789,0.145,0.27,1.267,6.034,3.507,0.0,0.0,0.0,0.103,0.205,0.139,0.132,0.147,0.495,0.535,0.495,0.51,0.494,0.506,5.285,7.242,5.933,0.0,0.0,0.0,2.8,5.4,12.5,0.0,0.0,0.0,0.0,0.0,0.1,2.8000000000000034,5.399999999999999,12.5,20.7,9.799999999999995,9.800000000000008,15.000000000000014,34.60000000000001,17.900000000000013,24.199999999999996,25.6,67.69999999999999,0.041999999999999996,0.005999999999999978,196,7,-0.2280577712215198,-0.9736476020539838,0.171,0.111,0.088
2023-07-16 00:00:00+00:00,0.171,0.507,0.495,0.766,0.127,0.259,1.313,6.534,2.95,0.2,0.0,0.0,0.145,0.103,0.205,0.125,0.124,0.495,0.507,0.495,0.535,0.495,0.51,6.034,5.285,7.242,0.2,0.0,0.0,0.0,0.0,0.0,2.8,5.4,12.5,0.0,0.0,0.0,3.0000000000000036,5.399999999999999,12.5,20.9,9.999999999999995,9.800000000000008,14.900000000000015,34.70000000000001,18.100000000000012,23.799999999999997,25.6,67.49999999999999,0.026000000000000023,-0.033999999999999975,197,7,-0.24477230089725957,-0.9695805901076308,0.111,0.088,0.084
2023-07-17 00:00:00+00:00,0.111,0.505,0.495,0.759,0.129,0.237,1.295,5.402,2.915,0.0,0.0,0.0,0.171,0.145,0.103,0.139,0.132,0.495,0.505,0.495,0.507,0.495,0.535,6.534,6.034,5.285,0.0,0.0,0.0,0.2,0.0,0.0,0.0,0.0,0.0,2.8,5.4,12.5,0.20000000000000356,0.0,0.0,0.2,9.999999999999995,9.300000000000008,14.900000000000015,34.20000000000001,17.700000000000014,23.199999999999996,23.799999999999997,64.69999999999997,-0.06000000000000001,0.008000000000000007,198,7,-0.2614143985111562,-0.965226663665613,0.088,0.084,0.07
2023-07-18 00:00:00+00:00,0.088,0.501,0.495,0.761,0.117,0.233,1.275,4.996,2.843,0.0,0.0,0.0,0.111,0.171,0.145,0.205,0.125,0.495,0.501,0.495,0.505,0.495,0.507,5.402,6.534,6.034,0.0,0.0,0.0,0.0,0.0,0.0,0.2,0.0,0.0,0.0,0.0,0.0,0.20000000000000356,0.0,0.0,0.2,2.9999999999999956,5.400000000000009,12.600000000000014,21.000000000000004,11.900000000000015,12.1,16.1,40.09999999999999,-0.023000000000000007,-0.056999999999999995,199,7,-0.2779791393987801,-0.9605871111248129,0.084,0.07,0.055
2023-07-19 00:00:00+00:00,0.084,0.5,0.495,0.755,0.112,0.226,1.302,4.941,2.842,0.0,0.0,0.0,0.088,0.111,0.171,0.103,0.139,0.495,0.5,0.495,0.501,0.495,0.505,4.996,5.402,6.534,0.0,0.0,0.0,0.0,0.0,0.0,0.0,0.0,0.0,0.2,0.0,0.0,0.0,0.0,0.0,0.0,2.9999999999999956,5.400000000000009,12.500000000000014,20.900000000000006,11.900000000000013,12.1,16.1,40.09999999999999,-0.00399999999999999,-0.08700000000000001,200,7,-0.2944616217868012,-0.9556633054034704,0.07,0.055,0.051
2023-07-20 00:00:00+00:00,0.07,0.503,0.494,0.755,0.112,0.219,1.285,4.703,2.882,2.7,0.5,0.7,0.084,0.088,0.111,0.145,0.205,0.494,0.503,0.495,0.5,0.495,0.501,4.941,4.996,5.402,2.7,0.5,0.7,0.0,0.0,0.0,0.0,0.0,0.0,0.0,0.0,0.0,2.7000000000000037,0.4999999999999982,0.7,3.9000000000000004,5.699999999999996,5.900000000000009,13.200000000000014,24.800000000000008,14.200000000000014,12.6,16.8,43.59999999999999,-0.013999999999999999,-0.040999999999999995,201,7,-0.3108569682435036,-0.9504567035349151,0.055,0.051,0.088
2023-07-21 00:00:00+00:00,0.055,0.5,0.493,0.761,0.114,0.207,1.277,4.462,2.834,0.0,0.0,0.0,0.07,0.084,0.088,0.171,0.103,0.493,0.5,0.494,0.503,0.495,0.5,4.703,4.941,4.996,0.0,0.0,0.0,2.7,0.5,0.7,0.0,0.0,0.0,0.0,0.0,0.0,2.7000000000000037,0.4999999999999982,0.7,3.9000000000000004,2.899999999999996,0.5000000000000089,0.7000000000000142,4.100000000000008,14.200000000000014,12.6,16.8,43.59999999999999,-0.015000000000000006,-0.032999999999999995,202,7,-0.3271603271220951,-0.9449688462364056,0.051,0.088,0.147
2023-07-22 00:00:00+00:00,0.051,0.506,0.487,0.756,0.108,0.211,1.285,4.401,2.947,4.8,4.7,6.7,0.055,0.07,0.084,0.111,0.145,0.487,0.506,0.493,0.5,0.494,0.503,4.462,4.703,4.941,4.8,4.7,6.7,0.0,0.0,0.0,2.7,0.5,0.7,0.0,0.0,0.0,7.5000000000000036,5.199999999999998,7.4,20.1,7.699999999999996,5.200000000000009,7.400000000000015,20.300000000000008,17.500000000000014,15.0,22.4,54.89999999999999,-0.0040000000000000036,-0.03300000000000001,203,7,-0.34336687399638804,-0.939201357453208,0.088,0.147,0.14
2023-07-23 00:00:00+00:00,0.088,0.549,0.479,0.768,0.131,0.233,1.301,5.013,3.844,8.5,5.6,6.7,0.051,0.055,0.07,0.088,0.171,0.479,0.549,0.487,0.506,0.493,0.5,4.401,4.462,4.703,8.5,5.6,6.7,4.8,4.7,6.7,0.0,0.0,0.0,2.7,0.5,0.7,13.300000000000004,10.299999999999997,13.4,37.0,15.999999999999996,10.800000000000008,14.100000000000016,40.900000000000006,26.000000000000014,20.6,29.0,75.6,0.037,0.017999999999999988,204,7,-0.3594718130884232,-0.9331559438780432,0.147,0.14,0.194
2023-07-24 00:00:00+00:00,0.147,0.553,0.475,0.786,0.151,0.247,1.293,6.067,3.903,0.0,0.0,0.0,0.088,0.051,0.055,0.084,0.111,0.475,0.553,0.479,0.549,0.487,0.506,5.013,4.401,4.462,0.0,0.0,0.0,8.5,5.6,6.7,4.8,4.7,6.7,0.0,0.0,0.0,13.300000000000004,10.299999999999997,13.4,37.0,15.999999999999996,10.800000000000008,14.100000000000016,40.900000000000006,26.000000000000014,20.1,29.0,75.1,0.059,0.092,205,7,-0.3754703786876202,-0.9268343944460494,0.14,0.194,0.351
2023-07-25 00:00:00+00:00,0.14,0.514,0.474,0.774,0.132,0.255,1.268,5.944,3.082,3.1,1.7,13.1,0.147,0.088,0.051,0.07,0.088,0.474,0.514,0.475,0.553,0.479,0.549,6.067,5.013,4.401,3.1,1.7,13.1,0.0,0.0,0.0,8.5,5.6,6.7,4.8,4.7,6.7,11.600000000000003,7.299999999999998,19.8,38.699999999999996,19.099999999999998,12.500000000000009,27.200000000000014,58.80000000000001,22.100000000000016,17.9,39.8,79.79999999999998,-0.0069999999999999785,0.08900000000000002,206,7,-0.3913578365610259,-0.9202385798054075,0.194,0.351,0.405
2023-07-26 00:00:00+00:00,0.194,0.611,0.483,0.84,0.163,0.262,1.273,7.006,5.674,19.6,32.8,33.5,0.14,0.147,0.088,0.055,0.084,0.483,0.611,0.474,0.514,0.475,0.553,5.944,6.067,5.013,19.6,32.8,33.5,3.1,1.7,13.1,0.0,0.0,0.0,8.5,5.6,6.7,22.700000000000003,34.49999999999999,46.6,103.8,38.7,45.300000000000004,60.70000000000002,144.70000000000002,41.70000000000002,50.699999999999996,73.19999999999999,165.6,0.05399999999999999,0.10600000000000001,207,7,-0.4071294853542516,-0.9133704517637858,0.351,0.405,0.408
2023-07-27 00:00:00+00:00,0.351,0.671,0.487,0.952,0.227,0.341,1.229,11.023,7.155,4.4,20.0,23.3,0.194,0.14,0.147,0.051,0.07,0.487,0.671,0.483,0.611,0.474,0.514,7.006,5.944,6.067,4.4,20.0,23.3,19.6,32.8,33.5,3.1,1.7,13.1,0.0,0.0,0.0,27.1,54.49999999999999,69.9,151.5,40.4,64.80000000000001,83.30000000000001,188.5,46.100000000000016,70.69999999999999,96.5,213.3,0.15699999999999997,0.204,208,7,-0.4227806579826773,-0.9062320427107697,0.405,0.408,0.369
2023-07-28 00:00:00+00:00,0.405,0.716,0.483,0.986,0.231,0.367,1.233,13.72,8.739,7.5,19.6,6.8,0.351,0.194,0.14,0.088,0.055,0.483,0.716,0.487,0.671,0.483,0.611,11.023,7.006,5.944,7.5,19.6,6.8,4.4,20.0,23.3,19.6,32.8,33.5,3.1,1.7,13.1,31.5,72.39999999999999,63.6,167.5,47.9,84.4,90.10000000000001,222.4,50.80000000000002,84.89999999999999,90.8,226.5,0.05400000000000005,0.265,209,7,-0.4383067230125192,-0.898825465016444,0.408,0.369,0.484
2023-07-29 00:00:00+00:00,0.408,0.627,0.48,0.926,0.176,0.355,1.252,14.035,5.795,0.9,0.9,2.4,0.405,0.351,0.194,0.147,0.051,0.48,0.627,0.483,0.716,0.487,0.671,13.72,11.023,7.006,0.9,0.9,2.4,7.5,19.6,6.8,4.4,20.0,23.3,19.6,32.8,33.5,12.8,40.49999999999999,32.5,85.79999999999998,44.0,80.60000000000001,85.80000000000001,210.40000000000003,51.70000000000002,85.80000000000001,93.2,230.70000000000002,0.002999999999999947,0.21399999999999997,210,7,-0.45370308603134424,-0.8911529104063088,0.369,0.484,0.55
2023-07-30 00:00:00+00:00,0.369,0.589,0.479,0.907,0.164,0.309,1.267,11.213,4.713,12.8,23.63,17.1,0.408,0.405,0.351,0.14,0.088,0.479,0.589,0.48,0.627,0.483,0.716,14.035,13.72,11.023,12.8,23.63,17.1,0.9,0.9,2.4,7.5,19.6,6.8,4.4,20.0,23.3,21.200000000000003,44.129999999999995,26.3,91.63,48.3,98.63000000000001,96.20000000000002,243.13000000000002,64.30000000000001,109.43,110.3,284.03,-0.03899999999999998,0.018000000000000016,211,7,-0.46896519100763184,-0.8832166493127127,0.484,0.55,0.574
2023-07-31 00:00:00+00:00,0.484,0.783,0.493,1.195,0.479,0.577,1.273,25.234,11.315,14.9,19.0,22.7,0.369,0.408,0.405,0.194,0.147,0.493,0.783,0.479,0.589,0.48,0.627,11.213,14.035,13.72,14.9,19.0,22.7,12.8,23.63,17.1,0.9,0.9,2.4,7.5,19.6,6.8,28.6,43.52999999999999,42.2,114.32999999999998,63.2,117.63000000000001,118.90000000000002,299.73,79.20000000000002,128.43,133.0,340.63,0.11499999999999999,0.07899999999999996,212,7,-0.48408852163897587,-0.8750190302029955,0.55,0.574,0.612
2023-08-01 00:00:00+00:00,0.55,0.734,0.506,1.131,0.4,0.613,1.282,33.216,9.403,13.4,23.9,18.1,0.484,0.369,0.408,0.351,0.14,0.506,0.734,0.493,0.783,0.479,0.589,25.234,11.213,14.035,13.4,23.9,18.1,14.9,19.0,22.7,12.8,23.63,17.1,0.9,0.9,2.4,41.1,66.52999999999999,57.900000000000006,165.52999999999997,73.5,139.83,123.90000000000002,337.23,92.60000000000002,152.33,151.1,396.03,0.06600000000000006,0.14200000000000007,213,8,-0.4990686026885319,-0.8665624788845385,0.574,0.612,0.55
2023-08-02 00:00:00+00:00,0.574,0.826,0.544,1.245,0.501,0.689,1.295,37.116,13.105,6.5,21.3,18.2,0.55,0.484,0.369,0.405,0.194,0.544,0.826,0.506,0.734,0.493,0.783,33.216,25.234,11.213,6.5,21.3,18.2,13.4,23.9,18.1,14.9,19.0,22.7,12.8,23.63,17.1,34.8,64.19999999999999,59.0,157.99999999999997,60.4,128.33,108.60000000000002,297.33,99.10000000000002,173.63,169.3,442.03,0.02399999999999991,0.20499999999999996,214,8,-0.5139010013093103,-0.8578494977869301,0.612,0.55,0.541
2023-08-03 00:00:00+00:00,0.612,0.77,0.562,1.14,0.458,0.729,1.291,43.532,10.773,0.0,0.5,0.2,0.574,0.55,0.484,0.408,0.351,0.562,0.77,0.544,0.826,0.506,0.734,37.116,33.216,25.234,0.0,0.5,0.2,6.5,21.3,18.2,13.4,23.9,18.1,14.9,19.0,22.7,19.9,45.699999999999996,36.5,102.09999999999998,56.0,108.83000000000001,85.50000000000001,250.33,96.40000000000002,173.63,168.8,438.83,0.038000000000000034,0.128,215,8,-0.5285813283559292,-0.8488826652214553,0.55,0.541,0.76
2023-08-04 00:00:00+00:00,0.55,0.673,0.53,1.089,0.339,0.586,1.289,33.227,7.145,8.4,6.3,6.7,0.612,0.574,0.55,0.369,0.405,0.53,0.673,0.562,0.77,0.544,0.826,43.532,37.116,33.216,8.4,6.3,6.7,0.0,0.5,0.2,6.5,21.3,18.2,13.4,23.9,18.1,14.9,28.099999999999994,25.1,68.09999999999998,56.9,95.53000000000002,85.40000000000002,237.83,104.80000000000001,179.93,175.5,460.23,-0.061999999999999944,0.0,216,8,-0.5431052396834317,-0.8396646346181327,0.541,0.76,0.629
2023-08-05 00:00:00+00:00,0.541,0.876,0.535,1.312,0.485,0.65,1.301,31.922,15.681,23.8,38.6,56.9,0.55,0.612,0.574,0.484,0.408,0.535,0.876,0.53,0.673,0.562,0.77,33.227,43.532,37.116,23.8,38.6,56.9,8.4,6.3,6.7,0.0,0.5,0.2,6.5,21.3,18.2,32.2,45.39999999999999,63.8,141.39999999999998,79.80000000000001,133.23000000000002,139.9,352.93,123.80000000000001,213.82999999999998,225.7,563.3299999999999,-0.009000000000000008,-0.03299999999999992,217,8,-0.5574684374327892,-0.8301981337405212,0.76,0.629,0.606
2023-08-06 00:00:00+00:00,0.76,1.01,0.593,1.349,0.498,1.016,1.269,73.036,21.429,0.1,2.3,3.0,0.541,0.55,0.612,0.55,0.369,0.593,1.01,0.535,0.876,0.53,0.673,31.922,33.227,43.532,0.1,2.3,3.0,23.8,38.6,56.9,8.4,6.3,6.7,0.0,0.5,0.2,32.3,47.199999999999996,66.6,146.1,67.1,111.9,125.80000000000001,304.8,115.40000000000002,210.53,222.0,547.9300000000001,0.21899999999999997,0.14800000000000002,218,8,-0.5716666713027052,-0.8204859638785327,0.629,0.606,0.573
2023-08-07 00:00:00+00:00,0.629,0.807,0.571,1.193,0.36,0.731,1.257,46.746,12.291,12.4,15.2,15.9,0.76,0.541,0.55,0.574,0.484,0.571,0.807,0.593,1.01,0.535,0.876,73.036,31.922,33.227,12.4,15.2,15.9,0.1,2.3,3.0,23.8,38.6,56.9,8.4,6.3,6.7,36.3,56.1,75.80000000000001,168.2,64.6,108.10000000000001,119.00000000000001,291.70000000000005,127.80000000000001,225.73,237.9,591.4300000000001,-0.131,0.07899999999999996,219,8,-0.5856957398073508,-0.8105309990194823,0.606,0.573,0.524
2023-08-08 00:00:00+00:00,0.606,0.988,0.549,1.353,0.343,0.726,1.257,42.601,20.223,3.3,7.9,12.9,0.629,0.76,0.541,0.612,0.55,0.549,0.988,0.571,0.807,0.593,1.01,46.746,73.036,31.922,3.3,7.9,12.9,12.4,15.2,15.9,0.1,2.3,3.0,23.8,38.6,56.9,15.799999999999997,25.4,31.800000000000008,72.99999999999999,54.49999999999999,92.10000000000001,113.80000000000001,260.40000000000003,128.00000000000003,231.93,237.70000000000002,597.63,-0.02300000000000002,0.06499999999999995,220,8,-0.5995514915196489,-0.8003361849976323,0.573,0.524,0.571
2023-08-09 00:00:00+00:00,0.573,0.809,0.539,1.235,0.294,0.631,1.248,36.978,12.408,0.0,0.0,0.0,0.606,0.629,0.76,0.55,0.574,0.539,0.809,0.549,0.988,0.571,0.807,42.601,46.746,73.036,0.0,0.0,0.0,3.3,7.9,12.9,12.4,15.2,15.9,0.1,2.3,3.0,15.699999999999996,23.1,28.800000000000008,67.59999999999998,48.0,70.80000000000001,95.60000000000002,214.40000000000003,108.40000000000002,199.13,204.2,511.73,-0.03300000000000003,-0.18700000000000006,221,8,-0.6132298262997502,-0.7899045386224707,0.524,0.571,0.61
2023-08-10 00:00:00+00:00,0.524,0.713,0.548,1.206,0.251,0.558,1.238,29.143,8.536,11.6,13.8,7.4,0.573,0.606,0.629,0.541,0.612,0.548,0.713,0.539,0.809,0.549,0.988,36.978,42.601,46.746,11.6,13.8,7.4,0.0,0.0,0.0,3.3,7.9,12.9,12.4,15.2,15.9,14.899999999999997,21.700000000000003,20.300000000000008,56.899999999999984,59.6,84.10000000000001,102.80000000000001,246.50000000000003,115.60000000000001,192.92999999999998,188.29999999999998,496.8299999999999,-0.04899999999999993,-0.10499999999999998,222,8,-0.6267266965083301,-0.7792391467859886,0.571,0.61,0.55
2023-08-11 00:00:00+00:00,0.571,0.865,0.58,1.407,0.448,0.7,1.252,37.128,14.743,9.2,17.9,15.2,0.524,0.573,0.606,0.76,0.55,0.58,0.865,0.548,0.713,0.539,0.809,29.143,36.978,42.601,9.2,17.9,15.2,11.6,13.8,7.4,0.0,0.0,0.0,3.3,7.9,12.9,20.799999999999997,31.700000000000003,22.60000000000001,75.09999999999998,60.39999999999999,95.70000000000002,111.30000000000001,267.40000000000003,117.30000000000001,191.23,196.7,505.22999999999996,0.04699999999999993,-0.03500000000000003,223,8,-0.6400381082043503,-0.7683431655492202,0.61,0.55,0.522
2023-08-12 00:00:00+00:00,0.61,0.781,0.58,1.284,0.36,0.707,1.226,43.33,11.226,0.0,0.0,0.0,0.571,0.524,0.573,0.629,0.541,0.58,0.781,0.58,0.865,0.548,0.713,37.128,29.143,36.978,0.0,0.0,0.0,9.2,17.9,15.2,11.6,13.8,7.4,0.0,0.0,0.0,20.799999999999997,31.700000000000003,22.60000000000001,75.09999999999998,36.599999999999994,57.10000000000001,54.40000000000001,148.10000000000002,116.40000000000002,190.32999999999998,194.29999999999998,501.03,0.039000000000000035,0.03700000000000003,224,8,-0.65316012232693,-0.7572198192083127,0.55,0.522,0.5
2023-08-13 00:00:00+00:00,0.55,0.71,0.576,1.231,0.311,0.598,1.22,33.176,8.407,0.0,0.0,0.0,0.61,0.571,0.524,0.606,0.76,0.576,0.71,0.58,0.781,0.58,0.865,43.33,37.128,29.143,0.0,0.0,0.0,0.0,0.0,0.0,9.2,17.9,15.2,11.6,13.8,7.4,9.199999999999996,17.900000000000002,15.200000000000006,42.29999999999998,36.5,54.80000000000001,51.40000000000001,142.7,103.60000000000002,166.7,177.2,447.49999999999994,-0.05999999999999994,0.026000000000000023,225,8,-0.666088855860977,-0.7458723993404063,0.522,0.5,0.461
2023-08-14 00:00:00+00:00,0.522,0.722,0.573,1.226,0.319,0.563,1.247,28.939,8.871,4.7,2.8,3.8,0.55,0.61,0.571,0.573,0.629,0.573,0.722,0.576,0.71,0.58,0.781,33.176,43.33,37.128,4.7,2.8,3.8,0.0,0.0,0.0,0.0,0.0,0.0,9.2,17.9,15.2,4.699999999999997,2.8000000000000034,3.800000000000007,11.299999999999986,28.799999999999997,42.400000000000006,39.30000000000002,110.5,93.40000000000002,150.5,158.29999999999998,402.2,-0.028000000000000025,-0.04899999999999993,226,8,-0.6788204829862355,-0.734304263829602,0.5,0.461,0.451
2023-08-15 00:00:00+00:00,0.5,0.688,0.573,1.028,0.292,0.509,1.24,25.623,7.64,0.0,0.0,0.0,0.522,0.55,0.61,0.524,0.606,0.573,0.688,0.573,0.722,0.576,0.71,28.939,33.176,43.33,0.0,0.0,0.0,4.7,2.8,3.8,0.0,0.0,0.0,0.0,0.0,0.0,4.699999999999997,2.8000000000000034,3.800000000000007,11.299999999999986,25.499999999999996,34.50000000000001,26.400000000000013,86.4,80.00000000000001,126.60000000000001,140.2,346.79999999999995,-0.02200000000000002,-0.10999999999999999,227,8,-0.6913512362094071,-0.722518835873311,0.461,0.451,0.438
2023-08-16 00:00:00+00:00,0.461,0.672,0.573,1.015,0.274,0.445,1.27,20.094,7.089,0.1,0.1,0.1,0.5,0.522,0.55,0.571,0.573,0.573,0.672,0.573,0.688,0.573,0.722,25.623,28.939,33.176,0.1,0.1,0.1,0.0,0.0,0.0,4.7,2.8,3.8,0.0,0.0,0.0,4.799999999999996,2.9000000000000035,3.900000000000007,11.599999999999987,25.599999999999998,34.60000000000001,26.500000000000014,86.7,73.60000000000001,105.4,122.09999999999998,301.09999999999997,-0.03899999999999998,-0.08900000000000002,228,8,-0.7036774074790128,-0.7105196029692745,0.451,0.438,0.426
2023-08-17 00:00:00+00:00,0.451,0.662,0.573,1.036,0.256,0.447,1.232,18.735,6.763,0.0,0.0,0.0,0.461,0.5,0.522,0.61,0.524,0.573,0.662,0.573,0.672,0.573,0.688,20.094,25.623,28.939,0.0,0.0,0.0,0.1,0.1,0.1,0.0,0.0,0.0,4.7,2.8,3.8,0.09999999999999645,0.10000000000000356,0.10000000000000711,0.29999999999998583,14.0,20.800000000000004,19.100000000000016,53.90000000000001,73.60000000000001,104.9,121.89999999999999,300.4,-0.010000000000000009,-0.07100000000000001,229,8,-0.7157953492826642,-0.6983101158835584,0.438,0.426,0.405
2023-08-18 00:00:00+00:00,0.438,0.651,0.572,1.02,0.234,0.413,1.255,17.191,6.412,0.0,0.0,0.3,0.451,0.461,0.5,0.55,0.571,0.572,0.651,0.573,0.662,0.573,0.672,18.735,20.094,25.623,0.0,0.0,0.3,0.0,0.0,0.0,0.1,0.1,0.1,0.0,0.0,0.0,0.09999999999999645,0.10000000000000356,0.4000000000000071,0.5999999999999859,4.8,2.900000000000007,4.200000000000014,11.900000000000015,65.20000000000002,98.6,115.49999999999999,279.3,-0.013000000000000012,-0.062,230,8,-0.7277014757264236,-0.6858939875998223,0.426,0.405,0.403
2023-08-19 00:00:00+00:00,0.426,0.641,0.571,1.008,0.216,0.391,1.249,15.766,6.109,0.0,0.0,0.0,0.438,0.451,0.461,0.522,0.61,0.571,0.641,0.572,0.651,0.573,0.662,17.191,18.735,20.094,0.0,0.0,0.0,0.0,0.0,0.3,0.0,0.0,0.0,0.1,0.1,0.1,0.0,0.0,0.3000000000000071,0.2999999999999858,4.8,2.900000000000007,4.200000000000014,11.900000000000015,41.40000000000001,60.0,58.599999999999994,159.99999999999997,-0.01200000000000001,-0.03500000000000003,231,8,-0.7393922635959241,-0.673274892250183,0.405,0.403,0.395
2023-08-20 00:00:00+00:00,0.405,0.634,0.548,0.998,0.219,0.373,1.249,13.767,5.903,0.0,0.0,0.0,0.426,0.438,0.451,0.5,0.55,0.548,0.634,0.571,0.641,0.572,0.651,15.766,17.191,18.735,0.0,0.0,0.0,0.0,0.0,0.0,0.0,0.0,0.3,0.0,0.0,0.0,0.0,0.0,0.30000000000000704,0.2999999999999858,4.8,2.900000000000007,4.200000000000014,11.900000000000015,41.30000000000001,57.7,55.599999999999994,154.59999999999997,-0.020999999999999963,-0.045999999999999985,232,8,-0.7508642533989489,-0.6604565640279754,0.403,0.395,0.398
2023-08-21 00:00:00+00:00,0.403,0.595,0.524,0.986,0.202,0.358,1.254,13.555,4.842,0.1,0.0,0.0,0.405,0.426,0.438,0.461,0.522,0.524,0.595,0.548,0.634,0.571,0.641,13.767,15.766,17.191,0.1,0.0,0.0,0.0,0.0,0.0,0.0,0.0,0.0,0.0,0.0,0.3,0.09999999999999645,0.0,0.0,0.0999999999999858,0.2,0.10000000000000711,0.40000000000001423,0.7000000000000143,29.00000000000001,42.5,39.699999999999996,111.19999999999997,-0.0020000000000000018,-0.034999999999999976,233,8,-0.7621140503891487,-0.6474427960827475,0.395,0.398,0.443
2023-08-22 00:00:00+00:00,0.395,0.592,0.522,0.981,0.197,0.346,1.281,12.87,4.773,0.0,0.0,0.0,0.403,0.405,0.426,0.451,0.5,0.522,0.592,0.524,0.595,0.548,0.634,13.555,13.767,15.766,0.0,0.0,0.0,0.1,0.0,0.0,0.0,0.0,0.0,0.0,0.0,0.0,0.09999999999999645,0.0,0.0,0.0999999999999858,0.2,0.10000000000000711,0.40000000000001423,0.7000000000000143,25.70000000000001,34.6,26.799999999999994,87.09999999999998,-0.008000000000000007,-0.030999999999999972,234,8,-0.7731383255706026,-0.6342374393978054,0.398,0.443,0.446
2023-08-23 00:00:00+00:00,0.398,0.641,0.517,1.015,0.235,0.358,1.277,13.159,6.312,15.0,14.9,13.6,0.395,0.403,0.405,0.438,0.461,0.517,0.641,0.522,0.592,0.524,0.595,12.87,13.555,13.767,15.0,14.9,13.6,0.0,0.0,0.0,0.1,0.0,0.0,0.0,0.0,0.0,15.099999999999996,14.900000000000004,13.600000000000007,43.59999999999999,15.1,14.900000000000007,13.900000000000015,43.90000000000001,40.70000000000001,49.5,40.39999999999999,130.59999999999997,0.0030000000000000027,-0.007000000000000006,235,8,-0.7839338166829201,-0.620844401650647,0.443,0.446,0.42
2023-08-24 00:00:00+00:00,0.443,0.671,0.515,1.033,0.286,0.433,1.251,17.891,7.093,3.6,0.5,1.3,0.398,0.395,0.403,0.426,0.451,0.515,0.671,0.517,0.641,0.522,0.592,13.159,12.87,13.555,3.6,0.5,1.3,15.0,14.9,13.6,0.0,0.0,0.0,0.1,0.0,0.0,18.599999999999998,15.400000000000004,14.900000000000007,48.899999999999984,18.7,15.400000000000007,15.200000000000015,49.30000000000001,32.70000000000002,36.2,34.29999999999999,103.19999999999999,0.044999999999999984,0.03999999999999998,236,8,-0.7944973291665992,-0.6072676460566135,0.446,0.42,0.406
2023-08-25 00:00:00+00:00,0.446,0.62,0.499,1.001,0.25,0.424,1.268,18.105,5.533,0.0,0.0,0.0,0.443,0.398,0.395,0.405,0.438,0.499,0.62,0.515,0.671,0.517,0.641,17.891,13.159,12.87,0.0,0.0,0.0,3.6,0.5,1.3,15.0,14.9,13.6,0.0,0.0,0.0,18.599999999999998,15.400000000000004,14.900000000000007,48.899999999999984,18.7,15.400000000000007,14.900000000000015,49.000000000000014,23.500000000000014,18.3,19.09999999999999,60.899999999999984,0.0030000000000000027,0.05099999999999999,237,8,-0.8048257371083452,-0.593511190196115,0.42,0.406,0.398
2023-08-26 00:00:00+00:00,0.42,0.578,0.497,0.989,0.229,0.377,1.24,15.152,4.429,0.3,2.4,1.7,0.446,0.443,0.398,0.403,0.426,0.497,0.578,0.499,0.62,0.515,0.671,18.105,17.891,13.159,0.3,2.4,1.7,0.0,0.0,0.0,3.6,0.5,1.3,15.0,14.9,13.6,3.8999999999999964,2.9000000000000035,3.000000000000007,9.799999999999985,19.0,17.800000000000008,16.600000000000016,53.40000000000001,23.800000000000015,20.7,20.799999999999994,65.29999999999998,-0.026000000000000023,0.021999999999999964,238,8,-0.8149159841660791,-0.5795791048257612,0.406,0.398,0.39
2023-08-27 00:00:00+00:00,0.406,0.571,0.498,0.981,0.221,0.357,1.264,13.848,4.264,0.1,0.0,0.1,0.42,0.446,0.443,0.395,0.405,0.498,0.571,0.497,0.578,0.499,0.62,15.152,18.105,17.891,0.1,0.0,0.1,0.3,2.4,1.7,0.0,0.0,0.0,3.6,0.5,1.3,0.39999999999999647,2.4000000000000035,1.8000000000000071,4.599999999999985,19.1,17.800000000000008,16.700000000000014,53.600000000000016,23.900000000000016,20.7,20.89999999999999,65.49999999999999,-0.013999999999999957,-0.03699999999999998,239,8,-0.8247650844733614,-0.5654755126737576,0.398,0.39,0.402
2023-08-28 00:00:00+00:00,0.398,0.572,0.491,0.968,0.205,0.35,1.252,13.122,4.28,0.0,0.0,0.0,0.406,0.42,0.446,0.398,0.403,0.491,0.572,0.498,0.571,0.497,0.578,13.848,15.152,18.105,0.0,0.0,0.0,0.1,0.0,0.1,0.3,2.4,1.7,0.0,0.0,0.0,0.39999999999999647,2.4000000000000035,1.8000000000000071,4.599999999999985,19.0,17.800000000000008,16.700000000000014,53.500000000000014,19.200000000000017,17.9,17.099999999999994,54.19999999999999,-0.008000000000000007,-0.04799999999999999,240,8,-0.8343701235229537,-0.5512045872199277,0.39,0.402,0.408
2023-08-29 00:00:00+00:00,0.39,0.613,0.493,0.956,0.212,0.335,1.269,12.499,5.491,11.5,8.3,12.3,0.398,0.406,0.42,0.443,0.395,0.493,0.613,0.491,0.572,0.498,0.571,13.122,13.848,15.152,11.5,8.3,12.3,0.0,0.0,0.0,0.1,0.0,0.1,0.3,2.4,1.7,11.599999999999996,8.300000000000004,12.400000000000007,32.29999999999999,30.5,26.10000000000001,29.000000000000014,85.60000000000002,30.700000000000017,26.200000000000003,29.39999999999999,86.29999999999998,-0.008000000000000007,-0.02999999999999997,241,8,-0.8437282590292712,-0.5367705514607103,0.402,0.408,0.439
2023-08-30 00:00:00+00:00,0.402,0.628,0.5,0.97,0.214,0.335,1.255,13.517,5.745,0.7,1.3,0.5,0.39,0.398,0.406,0.446,0.398,0.5,0.628,0.493,0.613,0.491,0.572,12.499,13.122,13.848,0.7,1.3,0.5,11.5,8.3,12.3,0.0,0.0,0.0,0.1,0.0,0.1,12.199999999999996,9.600000000000005,12.800000000000008,34.59999999999999,16.2,12.500000000000009,15.900000000000015,44.600000000000016,31.300000000000015,27.400000000000002,29.79999999999999,88.5,0.01200000000000001,-0.0040000000000000036,242,8,-0.8528367217694595,-0.522177676659508,0.408,0.439,0.438
2023-08-31 00:00:00+00:00,0.408,0.699,0.507,0.975,0.247,0.353,1.29,13.974,8.327,13.7,5.6,13.7,0.402,0.39,0.398,0.42,0.443,0.507,0.699,0.5,0.628,0.493,0.613,13.517,12.499,13.122,13.7,5.6,13.7,0.7,1.3,0.5,11.5,8.3,12.3,0.0,0.0,0.0,25.899999999999995,15.200000000000003,26.500000000000007,67.6,26.299999999999997,17.60000000000001,28.30000000000001,72.20000000000002,45.000000000000014,33.0,43.49999999999999,121.5,0.00599999999999995,0.009999999999999953,243,8,-0.8616928164028521,-0.5074302810827518,0.439,0.438,0.407
2023-09-01 00:00:00+00:00,0.439,0.678,0.507,0.987,0.264,0.428,1.239,17.316,7.319,0.0,0.0,0.0,0.408,0.402,0.39,0.406,0.446,0.507,0.678,0.507,0.699,0.5,0.628,13.974,13.517,12.499,0.0,0.0,0.0,13.7,5.6,13.7,0.7,1.3,0.5,11.5,8.3,12.3,14.399999999999995,6.900000000000003,14.200000000000006,35.499999999999986,26.299999999999997,17.60000000000001,28.30000000000001,72.20000000000002,45.000000000000014,33.0,43.199999999999996,121.19999999999999,0.031000000000000028,0.04899999999999999,244,9,-0.8702939222685674,-0.49253272872205434,0.438,0.407,0.388
2023-09-02 00:00:00+00:00,0.438,0.621,0.502,0.953,0.234,0.399,1.28,17.245,5.55,0.0,0.0,0.0,0.439,0.408,0.402,0.398,0.42,0.502,0.621,0.507,0.678,0.507,0.699,17.316,13.974,13.517,0.0,0.0,0.0,0.0,0.0,0.0,13.7,5.6,13.7,0.7,1.3,0.5,13.699999999999996,5.600000000000003,13.700000000000006,32.999999999999986,26.0,15.200000000000006,26.600000000000016,67.80000000000001,45.000000000000014,33.0,43.199999999999996,121.19999999999999,-0.0010000000000000009,0.035999999999999976,245,9,-0.8786374941610001,-0.4774894280028391,0.407,0.388,0.374
2023-09-03 00:00:00+00:00,0.407,0.595,0.501,0.938,0.216,0.357,1.272,13.953,4.853,0.1,0.0,0.0,0.438,0.439,0.408,0.39,0.406,0.501,0.595,0.502,0.621,0.507,0.678,17.245,17.316,13.974,0.1,0.0,0.0,0.0,0.0,0.0,0.0,0.0,0.0,13.7,5.6,13.7,0.09999999999999645,0.0,0.0,0.0999999999999858,25.999999999999996,15.200000000000006,26.500000000000014,67.70000000000002,45.100000000000016,33.0,43.199999999999996,121.29999999999998,-0.031000000000000028,-0.0010000000000000009,246,9,-0.886721063082993,-0.46230483047981086,0.388,0.374,0.365
2023-09-04 00:00:00+00:00,0.388,0.6,,0.929,0.195,0.334,1.253,12.362,4.985,0.0,0.0,0.0,0.407,0.438,0.439,0.402,0.398,,0.6,0.501,0.595,0.502,0.621,13.953,17.245,17.316,0.0,0.0,0.0,0.1,0.0,0.0,0.0,0.0,0.0,0.0,0.0,0.0,0.09999999999999645,0.0,0.0,0.0999999999999858,25.999999999999996,15.200000000000006,26.500000000000014,67.70000000000002,45.000000000000014,33.0,43.199999999999996,121.19999999999999,-0.01899999999999996,-0.05099999999999999,247,9,-0.8945422369764496,-0.4469834295196741,0.374,0.365,0.363
2023-09-05 00:00:00+00:00,0.374,0.59,,0.924,0.183,0.315,1.229,11.422,4.713,0.0,0.0,0.0,0.388,0.407,0.438,0.408,0.39,,0.59,,0.6,0.501,0.595,12.362,13.953,17.245,0.0,0.0,0.0,0.0,0.0,0.0,0.1,0.0,0.0,0.0,0.0,0.0,0.09999999999999645,0.0,0.0,0.0999999999999858,14.499999999999998,6.900000000000007,14.200000000000014,35.600000000000016,45.000000000000014,33.0,43.199999999999996,121.19999999999999,-0.014000000000000012,-0.064,248,9,-0.9020987014301837,-0.43152975897147144,0.365,0.363,0.355
2023-09-06 00:00:00+00:00,0.365,0.587,,0.921,0.172,0.311,1.255,10.967,4.652,0.0,0.0,0.0,0.374,0.388,0.407,0.439,0.402,,0.587,,0.59,,0.6,11.422,12.362,13.953,0.0,0.0,0.0,0.0,0.0,0.0,0.0,0.0,0.0,0.1,0.0,0.0,0.0,0.0,0.0,0.0,13.799999999999999,5.600000000000007,13.700000000000014,33.100000000000016,30.00000000000001,18.1,29.599999999999994,77.69999999999999,-0.009000000000000008,-0.04199999999999998,249,9,-0.9093882203647925,-0.4159483918249421,0.363,0.355,0.353
2023-09-07 00:00:00+00:00,0.363,0.585,,0.916,0.168,0.306,1.237,10.903,4.606,0.0,0.0,0.0,0.365,0.374,0.388,0.438,0.408,,0.585,,0.587,,0.59,10.967,11.422,12.362,0.0,0.0,0.0,0.0,0.0,0.0,0.0,0.0,0.0,0.0,0.0,0.0,0.0,0.0,0.0,0.0,0.1,0.0,0.0,0.10000000000001422,26.400000000000013,17.6,28.29999999999999,72.29999999999998,-0.0020000000000000018,-0.025000000000000022,250,9,-0.9164086366943458,-0.4002439388573056,0.355,0.353,0.351
2023-09-08 00:00:00+00:00,0.355,0.561,,0.915,0.164,0.295,1.261,10.54,4.044,0.0,0.0,0.0,0.363,0.365,0.374,0.407,0.439,,0.561,,0.585,,0.587,10.903,10.967,11.422,0.0,0.0,0.0,0.0,0.0,0.0,0.0,0.0,0.0,0.0,0.0,0.0,0.0,0.0,0.0,0.0,0.1,0.0,0.0,0.10000000000001422,26.400000000000013,17.6,28.29999999999999,72.29999999999998,-0.008000000000000007,-0.019000000000000017,251,9,-0.9231578729647039,-0.38442104726885545,0.353,0.351,0.351
2023-09-09 00:00:00+00:00,0.353,0.552,,0.912,0.159,0.294,1.217,10.465,3.831,0.0,0.0,0.0,0.355,0.363,0.365,0.388,0.438,,0.552,,0.561,,0.585,10.54,10.903,10.967,0.0,0.0,0.0,0.0,0.0,0.0,0.0,0.0,0.0,0.0,0.0,0.0,0.0,0.0,0.0,0.0,0.1,0.0,0.0,0.10000000000001422,26.100000000000012,15.2,26.599999999999994,67.89999999999999,-0.0020000000000000018,-0.01200000000000001,252,9,-0.9296339319682695,-0.3684843993077793,0.351,0.351,0.419
2023-09-10 00:00:00+00:00,0.351,0.549,,0.911,0.159,0.294,1.273,10.405,3.778,0.0,0.0,0.0,0.353,0.355,0.363,0.374,0.407,,0.549,,0.552,,0.561,10.465,10.54,10.903,0.0,0.0,0.0,0.0,0.0,0.0,0.0,0.0,0.0,0.0,0.0,0.0,0.0,0.0,0.0,0.0,0.0,0.0,0.0,0.0,26.00000000000001,15.2,26.499999999999993,67.69999999999999,-0.0020000000000000018,-0.01200000000000001,253,9,-0.9358348973349941,-0.35243871088460327,0.351,0.419,0.449
2023-09-11 00:00:00+00:00,0.351,0.578,,0.957,0.165,0.298,1.309,10.533,4.466,12.2,17.4,29.9,0.351,0.353,0.355,0.365,0.388,,0.578,,0.549,,0.552,10.405,10.465,10.54,12.2,17.4,29.9,0.0,0.0,0.0,0.0,0.0,0.0,0.0,0.0,0.0,12.199999999999996,17.400000000000002,29.900000000000006,59.499999999999986,12.2,17.400000000000006,29.900000000000013,59.500000000000014,38.20000000000001,32.599999999999994,56.39999999999999,127.19999999999999,0.0,-0.0040000000000000036,254,9,-0.9417589340994617,-0.33628873017668287,0.419,0.449,0.388
2023-09-12 00:00:00+00:00,0.419,0.621,,1.064,0.227,0.414,1.281,15.924,5.579,0.8,0.8,3.7,0.351,0.351,0.353,0.363,0.374,,0.621,,0.578,,0.549,10.533,10.405,10.465,0.8,0.8,3.7,12.2,17.4,29.9,0.0,0.0,0.0,0.0,0.0,0.0,12.999999999999996,18.200000000000003,33.60000000000001,64.79999999999998,13.0,18.200000000000006,33.600000000000016,64.80000000000001,27.50000000000001,25.099999999999998,47.8,100.39999999999999,0.068,0.066,255,9,-0.9474042892438845,-0.32003923622313857,0.449,0.388,0.373
2023-09-13 00:00:00+00:00,0.449,0.572,,0.911,0.191,0.381,1.297,18.574,4.297,0.1,0.0,0.0,0.419,0.351,0.351,0.355,0.365,,0.572,,0.621,,0.578,15.924,10.533,10.405,0.1,0.0,0.0,0.8,0.8,3.7,12.2,17.4,29.9,0.0,0.0,0.0,13.099999999999996,18.200000000000003,33.60000000000001,64.89999999999999,13.1,18.200000000000006,33.600000000000016,64.90000000000002,26.90000000000001,23.799999999999997,47.3,97.99999999999999,0.030000000000000027,0.09800000000000003,256,9,-0.9527692922168511,-0.30369503751065885,0.388,0.373,0.379
2023-09-14 00:00:00+00:00,0.388,0.56,,0.888,0.197,0.272,1.273,12.436,4.023,0.0,0.0,0.0,0.449,0.419,0.351,0.353,0.363,,0.56,,0.572,,0.621,18.574,15.924,10.533,0.0,0.0,0.0,0.1,0.0,0.0,0.8,0.8,3.7,12.2,17.4,29.9,0.8999999999999965,0.8000000000000036,3.7000000000000073,5.399999999999986,13.1,18.200000000000006,33.600000000000016,64.90000000000002,13.200000000000014,18.2,33.599999999999994,65.0,-0.061,0.03700000000000003,257,9,-0.9578523554276669,-0.28726097055059635,0.373,0.379,0.393
2023-09-15 00:00:00+00:00,0.373,0.554,,0.914,0.186,0.301,1.265,11.369,3.89,1.0,0.0,0.0,0.388,0.449,0.419,0.351,0.355,,0.554,,0.56,,0.572,12.436,18.574,15.924,1.0,0.0,0.0,0.0,0.0,0.0,0.1,0.0,0.0,0.8,0.8,3.7,1.0999999999999965,0.0,0.0,1.0999999999999859,14.1,18.200000000000006,33.600000000000016,65.90000000000002,14.200000000000014,18.2,33.599999999999994,66.0,-0.015000000000000013,-0.045999999999999985,258,9,-0.9626519747161487,-0.2707418984477642,0.379,0.393,0.405
2023-09-16 00:00:00+00:00,0.379,0.601,,0.927,0.231,0.339,1.27,11.749,5.09,2.7,3.3,7.0,0.373,0.388,0.449,0.351,0.353,,0.601,,0.554,,0.56,11.369,12.436,18.574,2.7,3.3,7.0,1.0,0.0,0.0,0.0,0.0,0.0,0.1,0.0,0.0,3.6999999999999966,3.3000000000000034,7.000000000000007,13.999999999999986,16.8,21.500000000000007,40.600000000000016,78.90000000000002,16.900000000000013,21.5,40.599999999999994,79.0,0.006000000000000005,-0.07,259,9,-0.9671667297977312,-0.2541427094613622,0.393,0.405,0.406
2023-09-17 00:00:00+00:00,0.393,0.572,,0.929,0.238,0.341,1.303,12.699,4.306,2.5,12.1,3.2,0.379,0.373,0.388,0.419,0.351,,0.572,,0.601,,0.554,11.749,11.369,12.436,2.5,12.1,3.2,2.7,3.3,7.0,1.0,0.0,0.0,0.0,0.0,0.0,6.199999999999997,15.400000000000002,10.200000000000006,31.799999999999986,19.3,33.60000000000001,43.80000000000001,96.70000000000002,19.30000000000001,33.599999999999994,43.79999999999999,96.69999999999999,0.014000000000000012,0.0050000000000000044,260,9,-0.97139528468375,-0.23746831555846842,0.405,0.406,0.391
2023-09-18 00:00:00+00:00,0.405,0.585,,0.936,0.232,0.373,1.278,13.707,4.627,0.0,1.8,0.7,0.393,0.379,0.373,0.449,0.351,,0.585,,0.572,,0.601,12.699,11.749,11.369,0.0,1.8,0.7,2.5,12.1,3.2,2.7,3.3,7.0,1.0,0.0,0.0,5.199999999999997,17.200000000000003,10.900000000000007,33.29999999999998,7.1,18.000000000000007,14.600000000000014,39.70000000000002,19.30000000000001,35.4,44.49999999999999,99.19999999999999,0.01200000000000001,0.03200000000000003,261,9,-0.9753363880767837,-0.2207236509605022,0.406,0.391,0.426
2023-09-19 00:00:00+00:00,0.406,0.561,,0.913,0.206,0.358,1.284,13.797,4.036,0.0,0.0,0.0,0.405,0.393,0.379,0.388,0.419,,0.561,,0.585,,0.572,13.707,12.699,11.749,0.0,0.0,0.0,0.0,1.8,0.7,2.5,12.1,3.2,2.7,3.3,7.0,2.4999999999999964,13.900000000000004,3.9000000000000075,20.299999999999986,6.300000000000001,17.200000000000006,10.900000000000013,34.40000000000002,19.30000000000001,35.4,44.49999999999999,99.19999999999999,0.0010000000000000009,0.027000000000000024,262,9,-0.9789888737409319,-0.20391367068311472,0.391,0.426,0.443
2023-09-20 00:00:00+00:00,0.391,0.583,,0.947,0.228,0.353,1.298,12.585,4.661,10.4,14.1,22.3,0.406,0.405,0.393,0.373,0.449,,0.583,,0.561,,0.585,13.797,13.707,12.699,10.4,14.1,22.3,0.0,0.0,0.0,0.0,1.8,0.7,2.5,12.1,3.2,10.399999999999997,15.900000000000006,23.000000000000007,49.29999999999998,16.6,31.300000000000004,33.20000000000002,81.10000000000002,29.70000000000001,49.5,66.8,146.0,-0.015000000000000013,-0.0020000000000000018,263,9,-0.9823516608469237,-0.18704334906991657,0.426,0.443,0.44
2023-09-21 00:00:00+00:00,0.426,0.638,,1.009,0.281,0.405,1.266,16.088,6.098,10.2,5.5,5.3,0.391,0.406,0.405,0.379,0.388,,0.638,,0.583,,0.561,12.585,13.797,13.707,10.2,5.5,5.3,10.4,14.1,22.3,0.0,0.0,0.0,0.0,1.8,0.7,20.599999999999994,19.600000000000005,27.60000000000001,67.79999999999998,26.799999999999997,36.800000000000004,38.500000000000014,102.10000000000002,39.90000000000001,55.0,72.1,167.0,0.034999999999999976,0.020999999999999963,264,9,-0.9854237542919524,-0.17011767832049052,0.443,0.44,0.411
2023-09-22 00:00:00+00:00,0.443,0.627,,0.979,0.27,0.428,1.29,17.564,5.745,0.0,0.0,0.0,0.426,0.391,0.406,0.393,0.373,,0.627,,0.638,,0.583,16.088,12.585,13.797,0.0,0.0,0.0,10.2,5.5,5.3,10.4,14.1,22.3,0.0,0.0,0.0,20.599999999999994,19.600000000000005,27.60000000000001,67.79999999999998,25.799999999999997,36.800000000000004,38.500000000000014,101.10000000000002,39.90000000000001,55.0,72.1,167.0,0.017000000000000015,0.03699999999999998,265,9,-0.9882042449941422,-0.15314166701312007,0.44,0.411,0.393
2023-09-23 00:00:00+00:00,0.44,0.579,,0.939,0.239,0.405,1.28,17.063,4.447,0.0,0.0,0.0,0.443,0.426,0.391,0.405,0.379,,0.579,,0.627,,0.638,17.564,16.088,12.585,0.0,0.0,0.0,0.0,0.0,0.0,10.2,5.5,5.3,10.4,14.1,22.3,10.199999999999996,5.500000000000005,5.300000000000007,20.999999999999986,23.1,33.50000000000001,31.500000000000014,88.10000000000002,39.90000000000001,55.0,72.1,167.0,-0.0030000000000000027,0.04899999999999999,266,9,-0.9906923101615609,-0.13612033862266704,0.411,0.393,0.38
2023-09-24 00:00:00+00:00,0.411,0.565,,0.92,0.209,0.38,1.284,13.929,4.13,0.0,0.0,0.0,0.44,0.443,0.426,0.406,0.393,,0.565,,0.579,,0.627,17.063,17.564,16.088,0.0,0.0,0.0,0.0,0.0,0.0,0.0,0.0,0.0,10.2,5.5,5.3,0.0,0.0,0.0,0.0,20.6,21.400000000000006,28.300000000000015,70.30000000000001,39.90000000000001,55.0,72.1,167.0,-0.029000000000000026,-0.015000000000000013,267,9,-0.9928872135356962,-0.11905873003404988,0.393,0.38,0.372
2023-09-25 00:00:00+00:00,0.393,0.559,,0.912,0.192,0.336,1.29,12.199,3.984,0.0,0.0,0.0,0.411,0.44,0.443,0.391,0.405,,0.559,,0.565,,0.579,13.929,17.063,17.564,0.0,0.0,0.0,0.0,0.0,0.0,0.0,0.0,0.0,0.0,0.0,0.0,0.0,0.0,0.0,0.0,20.6,19.60000000000001,27.600000000000016,67.80000000000001,27.700000000000017,37.6,42.199999999999996,107.49999999999999,-0.01799999999999996,-0.04999999999999999,268,9,-0.994788305609327,-0.10196189005174576,0.38,0.372,0.37
2023-09-26 00:00:00+00:00,0.38,0.554,,0.906,0.181,0.326,1.279,11.158,3.88,0.0,0.1,0.0,0.393,0.411,0.44,0.426,0.406,,0.554,,0.559,,0.565,12.199,13.929,17.063,0.0,0.1,0.0,0.0,0.0,0.0,0.0,0.0,0.0,0.0,0.0,0.0,0.0,0.10000000000000533,0.0,0.0999999999999858,20.6,19.700000000000006,27.600000000000016,67.9,26.900000000000013,36.900000000000006,38.49999999999999,102.29999999999998,-0.013000000000000012,-0.06,269,9,-0.9963950238187231,-0.08483487790576538,0.372,0.37,0.374
2023-09-27 00:00:00+00:00,0.372,0.551,,0.904,0.178,0.316,1.294,10.513,3.817,0.0,0.0,0.0,0.38,0.393,0.411,0.443,0.391,,0.551,,0.554,,0.559,11.158,12.199,13.929,0.0,0.0,0.0,0.0,0.1,0.0,0.0,0.0,0.0,0.0,0.0,0.0,0.0,0.10000000000000533,0.0,0.0999999999999858,10.2,5.600000000000007,5.300000000000014,21.100000000000016,26.80000000000001,36.900000000000006,38.49999999999999,102.19999999999997,-0.008000000000000007,-0.03899999999999998,270,9,-0.9977068927101168,-0.06768276175455162,0.37,0.374,0.373
2023-09-28 00:00:00+00:00,0.37,0.556,,0.91,0.176,0.314,1.277,10.253,3.952,2.5,5.8,9.7,0.372,0.38,0.393,0.44,0.426,,0.556,,0.551,,0.554,10.513,11.158,12.199,2.5,5.8,9.7,0.0,0.0,0.0,0.0,0.1,0.0,0.0,0.0,0.0,2.4999999999999964,5.900000000000005,9.700000000000006,18.099999999999987,2.5,5.900000000000007,9.700000000000014,18.100000000000016,29.30000000000001,42.7,48.19999999999999,120.19999999999999,-0.0020000000000000018,-0.02300000000000002,271,9,-0.9987235240803972,-0.050510617185222886,0.374,0.373,0.363
2023-09-29 00:00:00+00:00,0.374,0.546,,0.928,0.18,0.325,1.285,10.419,3.723,0.1,0.0,0.0,0.37,0.372,0.38,0.411,0.443,,0.546,,0.556,,0.551,10.253,10.513,11.158,0.1,0.0,0.0,2.5,5.8,9.7,0.0,0.0,0.0,0.0,0.1,0.0,2.5999999999999965,5.800000000000005,9.700000000000006,18.099999999999987,2.6,5.900000000000007,9.700000000000014,18.200000000000017,28.400000000000013,42.7,48.19999999999999,119.29999999999998,0.0040000000000000036,-0.006000000000000005,272,9,-0.9994446170919858,-0.033323525711631344,0.373,0.363,0.359
2023-09-30 00:00:00+00:00,0.373,0.524,,0.908,0.168,0.308,1.281,10.194,3.276,0.0,0.0,0.0,0.374,0.37,0.372,0.393,0.44,,0.524,,0.546,,0.556,10.419,10.253,10.513,0.0,0.0,0.0,0.1,0.0,0.0,2.5,5.8,9.7,0.0,0.0,0.0,2.5999999999999965,5.800000000000005,9.700000000000006,18.099999999999987,2.6,5.900000000000007,9.700000000000014,18.200000000000017,25.700000000000014,39.4,41.19999999999999,106.29999999999998,-0.0010000000000000009,0.0010000000000000009,273,9,-0.9998699583618592,-0.016126573270657762,0.363,0.359,0.381
2023-10-01 00:00:00+00:00,0.363,0.518,,0.898,0.174,0.3,1.274,9.521,3.155,0.0,0.0,0.0,0.373,0.374,0.37,0.38,0.411,,0.518,,0.524,,0.546,10.194,10.419,10.253,0.0,0.0,0.0,0.0,0.0,0.0,0.1,0.0,0.0,2.5,5.8,9.7,0.09999999999999645,0.0,0.0,0.0999999999999858,2.6,5.900000000000007,9.700000000000014,18.200000000000017,23.200000000000014,27.3,38.0,88.49999999999999,-0.010000000000000009,-0.007000000000000006,274,10,-0.9999994220246925,0.001075151282798226,0.359,0.381,0.38
2023-10-02 00:00:00+00:00,0.359,0.541,,0.924,0.188,0.305,1.261,9.285,3.659,7.0,11.6,11.5,0.363,0.373,0.374,0.372,0.393,,0.541,,0.518,,0.524,9.521,10.194,10.419,7.0,11.6,11.5,0.0,0.0,0.0,0.0,0.0,0.0,0.1,0.0,0.0,6.9999999999999964,11.600000000000005,11.500000000000007,30.099999999999987,9.6,17.500000000000007,21.200000000000014,48.30000000000002,30.200000000000014,37.099999999999994,48.8,116.1,-0.0040000000000000036,-0.015000000000000013,275,10,-0.999832969770105,0.018276557681691223,0.381,0.38,0.385
2023-10-03 00:00:00+00:00,0.381,0.555,,0.93,0.211,0.333,1.275,10.763,3.926,0.0,0.0,0.0,0.359,0.363,0.373,0.37,0.38,,0.555,,0.541,,0.518,9.285,9.521,10.194,0.0,0.0,0.0,7.0,11.6,11.5,0.0,0.0,0.0,0.0,0.0,0.0,6.9999999999999964,11.600000000000005,11.500000000000007,30.099999999999987,9.6,17.400000000000006,21.200000000000014,48.20000000000002,30.200000000000014,37.099999999999994,48.8,116.1,0.02200000000000002,0.008000000000000007,276,10,-0.9993706508539969,0.03547255575312556,0.38,0.385,0.394
2023-10-04 00:00:00+00:00,0.38,0.53,,0.931,0.192,0.322,1.255,10.6,3.39,0.0,0.0,0.0,0.381,0.359,0.363,0.374,0.372,,0.53,,0.555,,0.541,10.763,9.285,9.521,0.0,0.0,0.0,0.0,0.0,0.0,7.0,11.6,11.5,0.0,0.0,0.0,6.9999999999999964,11.600000000000005,11.500000000000007,30.099999999999987,9.6,17.400000000000006,21.200000000000014,48.20000000000002,19.80000000000001,22.999999999999996,26.499999999999993,69.29999999999998,-0.0010000000000000009,0.017000000000000015,277,10,-0.9986126020839734,0.052658056924614005,0.385,0.394,0.38
2023-10-05 00:00:00+00:00,0.385,0.521,,0.978,0.186,0.341,1.274,11.025,3.208,0.0,0.0,0.1,0.38,0.381,0.359,0.373,0.37,,0.521,,0.53,,0.555,10.6,10.763,9.285,0.0,0.0,0.1,0.0,0.0,0.0,0.0,0.0,0.0,7.0,11.6,11.5,0.0,0.0,0.10000000000000711,0.0999999999999858,7.1,11.600000000000007,11.600000000000014,30.30000000000002,9.600000000000014,17.5,21.299999999999994,48.39999999999999,0.0050000000000000044,0.026000000000000023,278,10,-0.9975590477788613,0.06982797572987089,0.394,0.38,0.377
2023-10-06 00:00:00+00:00,0.394,0.515,,0.975,0.174,0.319,1.269,11.69,3.105,0.0,0.0,0.0,0.385,0.38,0.381,0.363,0.374,,0.515,,0.521,,0.53,11.025,10.6,10.763,0.0,0.0,0.0,0.0,0.0,0.1,0.0,0.0,0.0,0.0,0.0,0.0,0.0,0.0,0.10000000000000711,0.0999999999999858,7.0,11.600000000000005,11.600000000000014,30.200000000000017,9.600000000000014,17.5,21.299999999999994,48.39999999999999,0.009000000000000008,0.013000000000000012,279,10,-0.9962102997023297,0.0869772313136861,0.38,0.377,0.396
2023-10-07 00:00:00+00:00,0.38,0.511,,0.972,0.167,0.311,1.261,10.626,3.025,0.0,0.0,0.0,0.394,0.385,0.38,0.359,0.373,,0.511,,0.515,,0.521,11.69,11.025,10.6,0.0,0.0,0.0,0.0,0.0,0.0,0.0,0.0,0.1,0.0,0.0,0.0,0.0,0.0,0.10000000000000711,0.0999999999999858,7.0,11.600000000000005,11.600000000000014,30.200000000000017,9.600000000000014,17.5,21.299999999999994,48.39999999999999,-0.014000000000000012,0.0,280,10,-0.9945667569706337,0.1041007489354256,0.377,0.396,0.372
2023-10-08 00:00:00+00:00,0.377,0.511,,0.97,0.168,0.321,1.275,10.411,3.024,0.0,0.0,0.0,0.38,0.394,0.385,0.381,0.363,,0.511,,0.511,,0.515,10.626,11.69,11.025,0.0,0.0,0.0,0.0,0.0,0.0,0.0,0.0,0.0,0.0,0.0,0.1,0.0,0.0,0.0,0.0,7.0,11.600000000000005,11.600000000000014,30.200000000000017,9.600000000000014,17.5,21.299999999999994,48.39999999999999,-0.0030000000000000027,-0.008000000000000007,281,10,-0.9926289059345095,0.121193461470736,0.396,0.372,0.377
2023-10-09 00:00:00+00:00,0.396,0.506,,0.966,0.163,0.324,1.281,11.834,2.945,0.0,0.0,0.0,0.377,0.38,0.394,0.38,0.359,,0.506,,0.511,,0.511,10.411,10.626,11.69,0.0,0.0,0.0,0.0,0.0,0.0,0.0,0.0,0.0,0.0,0.0,0.0,0.0,0.0,0.0,0.0,0.0,0.0,0.10000000000001422,0.10000000000001422,9.600000000000014,17.5,21.299999999999994,48.39999999999999,0.019000000000000017,0.0020000000000000018,282,10,-0.9903973200352558,0.1382503109109819,0.372,0.377,0.379
2023-10-10 00:00:00+00:00,0.372,0.506,,0.965,0.156,0.302,1.291,10.099,2.932,0.0,0.0,0.0,0.396,0.377,0.38,0.385,0.381,,0.506,,0.506,,0.511,11.834,10.411,10.626,0.0,0.0,0.0,0.0,0.0,0.0,0.0,0.0,0.0,0.0,0.0,0.0,0.0,0.0,0.0,0.0,0.0,0.0,0.10000000000001422,0.10000000000001422,9.600000000000014,17.4,21.299999999999994,48.29999999999999,-0.02400000000000002,-0.008000000000000007,283,10,-0.9878726596350429,0.15526624985999563,0.377,0.379,0.384
2023-10-11 00:00:00+00:00,0.377,0.549,,0.973,0.162,0.304,1.258,10.405,3.939,10.8,7.0,11.0,0.372,0.396,0.377,0.394,0.38,,0.549,,0.506,,0.506,10.099,11.834,10.411,10.8,7.0,11.0,0.0,0.0,0.0,0.0,0.0,0.0,0.0,0.0,0.0,10.799999999999997,7.000000000000005,11.000000000000007,28.799999999999986,10.8,7.000000000000007,11.100000000000014,28.900000000000016,20.400000000000013,24.4,32.29999999999999,77.1,0.0050000000000000044,0.0,284,10,-0.9850556718215013,0.172236243027682,0.379,0.384,0.39
2023-10-12 00:00:00+00:00,0.379,0.54,,0.978,0.163,0.315,1.266,10.578,3.601,0.4,2.1,4.3,0.377,0.372,0.396,0.38,0.385,,0.54,,0.549,,0.506,10.405,10.099,11.834,0.4,2.1,4.3,10.8,7.0,11.0,0.0,0.0,0.0,0.0,0.0,0.0,11.199999999999998,9.100000000000005,15.300000000000008,35.59999999999999,11.200000000000001,9.100000000000007,15.300000000000015,35.600000000000016,18.300000000000015,20.7,26.89999999999999,65.89999999999999,0.0020000000000000018,-0.017000000000000015,285,10,-0.981947190186646,0.18915526872004093,0.384,0.39,0.382
2023-10-13 00:00:00+00:00,0.384,0.576,,1.002,0.182,0.321,1.261,10.895,4.457,5.7,5.1,11.2,0.379,0.377,0.372,0.377,0.394,,0.576,,0.54,,0.549,10.578,10.405,10.099,5.7,5.1,11.2,0.4,2.1,4.3,10.8,7.0,11.0,0.0,0.0,0.0,16.9,14.200000000000005,26.500000000000007,57.59999999999999,16.900000000000002,14.200000000000006,26.500000000000014,57.600000000000016,23.900000000000013,25.799999999999997,38.099999999999994,87.8,0.0050000000000000044,0.01200000000000001,286,10,-0.9785481345802031,0.20601832032517084,0.39,0.382,0.369
2023-10-14 00:00:00+00:00,0.39,0.547,,0.989,0.173,0.328,1.268,11.377,3.735,0.0,0.9,2.2,0.384,0.379,0.377,0.396,0.38,,0.547,,0.576,,0.54,10.895,10.578,10.405,0.0,0.9,2.2,5.7,5.1,11.2,0.4,2.1,4.3,10.8,7.0,11.0,6.099999999999997,8.100000000000005,17.700000000000006,31.899999999999988,16.900000000000002,15.100000000000007,28.700000000000014,60.70000000000002,23.900000000000013,26.699999999999996,40.29999999999999,90.89999999999999,0.006000000000000005,0.013000000000000012,287,10,-0.9748595108374125,0.22282040779479959,0.382,0.369,0.385
2023-10-15 00:00:00+00:00,0.382,0.54,,0.936,0.168,0.313,1.266,10.738,3.582,0.0,0.0,0.3,0.39,0.384,0.379,0.372,0.377,,0.54,,0.547,,0.576,11.377,10.895,10.578,0.0,0.0,0.3,0.0,0.9,2.2,5.7,5.1,11.2,0.4,2.1,4.3,5.699999999999997,6.000000000000005,13.700000000000006,25.399999999999984,16.900000000000002,15.100000000000007,29.000000000000014,61.000000000000014,23.900000000000013,26.699999999999996,40.599999999999994,91.2,-0.008000000000000007,0.0030000000000000027,288,10,-0.9708824104813836,0.23955655912092708,0.369,0.385,0.4
2023-10-16 00:00:00+00:00,0.369,0.526,,0.98,0.159,0.305,1.256,10.006,3.314,0.0,0.0,0.0,0.382,0.39,0.384,0.377,0.396,,0.526,,0.54,,0.547,10.738,11.377,10.895,0.0,0.0,0.0,0.0,0.0,0.3,0.0,0.9,2.2,5.7,5.1,11.2,0.0,0.9000000000000054,2.500000000000007,3.3999999999999857,16.900000000000002,15.100000000000007,29.000000000000014,61.000000000000014,16.900000000000013,15.1,29.09999999999999,61.09999999999999,-0.013000000000000012,-0.015000000000000013,289,10,-0.9666180104000972,0.2562218218071163,0.385,0.4,0.423
2023-10-17 00:00:00+00:00,0.385,0.52,,0.996,0.156,0.335,1.29,11.011,3.205,5.9,6.9,8.3,0.369,0.382,0.39,0.379,0.372,,0.52,,0.526,,0.54,10.006,10.738,11.377,5.9,6.9,8.3,0.0,0.0,0.0,0.0,0.0,0.3,0.0,0.9,2.2,5.899999999999997,6.900000000000006,8.600000000000009,21.399999999999988,22.8,22.000000000000007,37.30000000000001,82.10000000000002,22.800000000000015,22.0,37.39999999999999,82.19999999999999,0.016000000000000014,-0.0050000000000000044,290,10,-0.9620675724981452,0.27281126433401914,0.4,0.423,0.506
2023-10-18 00:00:00+00:00,0.4,0.562,,1.02,0.206,0.308,1.289,12.179,4.095,1.5,1.3,3.1,0.385,0.369,0.382,0.384,0.377,,0.562,,0.52,,0.526,11.011,10.006,10.738,1.5,1.3,3.1,5.9,6.9,8.3,0.0,0.0,0.0,0.0,0.0,0.3,7.399999999999997,8.200000000000006,11.400000000000007,26.999999999999986,13.5,16.300000000000008,29.400000000000016,59.20000000000002,24.30000000000002,23.3,40.49999999999999,88.1,0.015000000000000013,0.018000000000000016,291,10,-0.957232443323312,0.28931997761869527,0.423,0.506,0.557
2023-10-19 00:00:00+00:00,0.423,0.651,,1.057,0.263,0.325,1.29,14.317,6.758,17.2,11.1,16.0,0.4,0.385,0.369,0.39,0.379,,0.651,,0.562,,0.52,12.179,11.011,10.006,17.2,11.1,16.0,1.5,1.3,3.1,5.9,6.9,8.3,0.0,0.0,0.0,24.599999999999994,19.300000000000004,27.400000000000006,71.29999999999998,30.299999999999997,25.300000000000008,41.100000000000016,96.70000000000002,41.500000000000014,34.4,56.39999999999999,132.29999999999998,0.022999999999999965,0.05399999999999999,292,10,-0.9521140536681102,0.3057430764672831,0.506,0.557,0.502
2023-10-20 00:00:00+00:00,0.506,0.686,,1.201,0.454,0.548,1.257,25.181,7.55,0.9,14.2,11.5,0.423,0.4,0.385,0.382,0.384,,0.686,,0.651,,0.562,14.317,12.179,11.011,0.9,14.2,11.5,17.2,11.1,16.0,1.5,1.3,3.1,5.9,6.9,8.3,19.599999999999998,26.600000000000005,30.60000000000001,76.79999999999998,25.5,34.400000000000006,41.40000000000001,101.30000000000001,42.40000000000002,48.6,67.89999999999999,158.89999999999998,0.08300000000000002,0.121,293,10,-0.9467139181463862,0.3220757010206104,0.557,0.502,0.489
2023-10-21 00:00:00+00:00,0.557,0.637,,1.101,0.351,0.556,1.266,32.678,6.0,3.6,3.4,7.6,0.506,0.423,0.4,0.369,0.39,,0.637,,0.686,,0.651,25.181,14.317,12.179,3.6,3.4,7.6,0.9,14.2,11.5,17.2,11.1,16.0,1.5,1.3,3.1,21.699999999999996,28.700000000000003,35.10000000000001,85.49999999999997,29.1,36.90000000000001,46.80000000000001,112.80000000000001,46.000000000000014,52.0,75.49999999999999,173.5,0.051000000000000045,0.15700000000000003,294,10,-0.9410336347451197,0.3383130181923076,0.502,0.489,0.526
2023-10-22 00:00:00+00:00,0.502,0.615,,1.087,0.319,0.465,1.274,24.269,5.383,2.7,2.4,4.0,0.557,0.506,0.423,0.385,0.382,,0.615,,0.637,,0.686,32.678,25.181,14.317,2.7,2.4,4.0,3.6,3.4,7.6,0.9,14.2,11.5,17.2,11.1,16.0,7.2,20.000000000000004,23.100000000000005,50.29999999999998,31.8,39.30000000000001,50.500000000000014,121.60000000000001,48.70000000000002,54.4,79.49999999999999,182.6,-0.05500000000000005,0.07900000000000001,295,10,-0.9350748843515574,0.3544502230989869,0.489,0.526,0.61
2023-10-23 00:00:00+00:00,0.489,0.632,,1.108,0.339,0.464,1.27,22.534,5.88,4.2,7.7,7.3,0.502,0.557,0.506,0.4,0.369,,0.632,,0.615,,0.637,24.269,32.678,25.181,4.2,7.7,7.3,2.7,2.4,4.0,3.6,3.4,7.6,0.9,14.2,11.5,10.5,13.500000000000005,18.900000000000006,42.899999999999984,36.0,47.000000000000014,57.80000000000001,140.8,52.90000000000002,62.1,86.79999999999998,201.79999999999998,-0.013000000000000012,-0.017000000000000015,296,10,-0.9288394302558068,0.3704825404820963,0.526,0.61,0.635
2023-10-24 00:00:00+00:00,0.526,0.709,,1.171,0.406,0.548,1.272,27.866,8.55,10.9,12.9,16.6,0.489,0.502,0.557,0.423,0.385,,0.709,,0.632,,0.615,22.534,24.269,32.678,10.9,12.9,16.6,4.2,7.7,7.3,2.7,2.4,4.0,3.6,3.4,7.6,17.8,23.000000000000007,27.900000000000006,68.69999999999999,41.0,53.00000000000001,66.10000000000002,160.10000000000002,63.80000000000002,75.0,103.39999999999999,242.2,0.03700000000000003,-0.031000000000000028,297,10,-0.9223291176290545,0.3864052261209853,0.61,0.635,0.711
2023-10-25 00:00:00+00:00,0.61,0.753,,1.193,0.454,0.723,1.287,41.164,10.106,0.3,2.8,3.1,0.526,0.489,0.502,0.506,0.4,,0.753,,0.709,,0.632,27.866,22.534,24.269,0.3,2.8,3.1,10.9,12.9,16.6,4.2,7.7,7.3,2.7,2.4,4.0,15.400000000000002,23.400000000000006,27.000000000000007,65.8,39.8,54.50000000000001,66.10000000000002,160.4,53.30000000000001,70.8,95.49999999999999,219.6,0.08399999999999996,0.10799999999999998,298,10,-0.9155458729775467,0.40221356823680365,0.635,0.711,0.71
2023-10-26 00:00:00+00:00,0.635,0.806,0.728,1.268,0.488,0.773,1.34,45.425,12.328,9.9,17.0,16.0,0.61,0.526,0.489,0.557,0.423,0.728,0.806,,0.753,,0.709,41.164,27.866,22.534,9.9,17.0,16.0,0.3,2.8,3.1,10.9,12.9,16.6,4.2,7.7,7.3,21.1,32.7,35.7,89.49999999999999,32.5,60.400000000000006,66.10000000000002,159.00000000000003,62.80000000000002,85.7,107.19999999999999,255.7,0.025000000000000022,0.14600000000000002,299,10,-0.9084917035725082,0.41790288888678667,0.711,0.71,0.72
2023-10-27 00:00:00+00:00,0.711,0.793,0.72,1.271,0.493,0.909,1.303,59.26,11.694,2.8,6.1,13.1,0.635,0.61,0.526,0.502,0.506,0.72,0.793,0.728,0.806,,0.753,45.425,41.164,27.866,2.8,6.1,13.1,9.9,17.0,16.0,0.3,2.8,3.1,10.9,12.9,16.6,13.0,25.900000000000006,32.2,71.09999999999998,34.400000000000006,52.300000000000004,67.70000000000002,154.40000000000003,59.90000000000001,86.7,109.1,255.7,0.07599999999999996,0.18499999999999994,300,10,-0.9011686968561569,0.4334685453485363,0.71,0.72,0.75
2023-10-28 00:00:00+00:00,0.71,0.776,0.714,1.27,0.505,0.909,1.318,58.956,10.998,3.4,2.2,2.7,0.711,0.635,0.61,0.489,0.557,0.714,0.776,0.72,0.793,0.728,0.806,59.26,45.425,41.164,3.4,2.2,2.7,2.8,6.1,13.1,9.9,17.0,16.0,0.3,2.8,3.1,16.1,25.300000000000004,31.8,73.19999999999997,34.2,51.1,62.80000000000002,148.10000000000002,63.30000000000001,88.0,109.6,260.9,-0.0010000000000000009,0.09999999999999998,301,10,-0.8935790198239952,0.4489059314938798,0.72,0.75,0.752
2023-10-29 00:00:00+00:00,0.72,0.735,0.709,1.244,0.48,0.916,1.337,60.951,9.408,6.7,11.8,11.1,0.71,0.711,0.635,0.526,0.502,0.709,0.735,0.714,0.776,0.72,0.793,58.956,59.26,45.425,6.7,11.8,11.1,3.4,2.2,2.7,2.8,6.1,13.1,9.9,17.0,16.0,12.9,20.100000000000005,26.900000000000006,59.89999999999999,38.2,60.50000000000001,69.90000000000002,168.60000000000002,70.00000000000001,99.80000000000001,120.39999999999999,290.2,0.010000000000000009,0.08499999999999996,302,10,-0.8857249183835637,0.4642104791518923,0.75,0.752,0.728
2023-10-30 00:00:00+00:00,0.75,0.807,0.776,1.292,0.539,0.983,1.349,66.627,12.279,1.1,6.4,3.8,0.72,0.71,0.711,0.61,0.489,0.776,0.807,0.709,0.735,0.714,0.776,60.951,58.956,59.26,1.1,6.4,3.8,6.7,11.8,11.1,3.4,2.2,2.7,2.8,6.1,13.1,11.200000000000001,20.400000000000006,17.600000000000005,49.19999999999999,35.1,59.20000000000001,66.4,160.70000000000005,71.10000000000001,106.2,124.19999999999999,301.5,0.030000000000000027,0.039000000000000035,303,10,-0.8776087166898392,0.4793776594606945,0.752,0.728,0.701
2023-10-31 00:00:00+00:00,0.752,0.799,0.845,1.315,0.496,0.969,1.354,67.09,11.926,1.9,1.9,3.9,0.75,0.72,0.71,0.635,0.526,0.845,0.799,0.776,0.807,0.709,0.735,66.627,60.951,58.956,1.9,1.9,3.9,1.1,6.4,3.8,6.7,11.8,11.1,3.4,2.2,2.7,9.700000000000001,20.100000000000005,18.800000000000004,48.599999999999994,26.1,48.2,53.70000000000002,128.00000000000003,67.10000000000002,101.2,119.8,288.1,0.0020000000000000018,0.04200000000000004,304,10,-0.8692328164574792,0.49440298420761813,0.728,0.701,0.67
2023-11-01 00:00:00+00:00,0.728,0.761,0.844,1.282,0.47,0.921,1.342,62.492,10.407,0.1,1.2,2.3,0.752,0.75,0.72,0.711,0.61,0.844,0.761,0.845,0.799,0.776,0.807,67.09,66.627,60.951,0.1,1.2,2.3,1.9,1.9,3.9,1.1,6.4,3.8,6.7,11.8,11.1,3.1,9.500000000000005,10.000000000000004,22.599999999999987,25.900000000000002,46.60000000000001,52.90000000000001,125.40000000000002,65.70000000000002,101.10000000000001,119.0,285.79999999999995,-0.02400000000000002,0.008000000000000007,305,11,-0.8605996962501181,0.5092820071573356,0.701,0.67,0.717
2023-11-02 00:00:00+00:00,0.701,0.735,0.844,1.254,0.44,0.865,1.348,57.215,9.356,0.0,0.0,0.0,0.728,0.752,0.75,0.71,0.635,0.844,0.735,0.844,0.761,0.845,0.799,62.492,67.09,66.627,0.0,0.0,0.0,0.1,1.2,2.3,1.9,1.9,3.9,1.1,6.4,3.8,2.0,3.100000000000005,6.200000000000003,11.299999999999985,15.999999999999998,29.60000000000001,36.900000000000006,82.50000000000001,48.50000000000002,90.0,103.0,241.5,-0.027000000000000024,-0.049000000000000044,306,11,-0.8517119107469189,0.5240103253675756,0.67,0.717,0.803
2023-11-03 00:00:00+00:00,0.67,0.716,0.841,1.259,0.453,0.802,1.336,51.58,8.66,2.7,7.0,10.7,0.701,0.728,0.752,0.72,0.711,0.841,0.716,0.844,0.735,0.844,0.761,57.215,62.492,67.09,2.7,7.0,10.7,0.0,0.0,0.0,0.1,1.2,2.3,1.9,1.9,3.9,2.8000000000000003,8.200000000000005,13.000000000000002,23.999999999999986,15.9,30.500000000000007,34.500000000000014,80.9,50.30000000000001,82.80000000000001,102.2,235.29999999999998,-0.030999999999999917,-0.08199999999999996,307,11,-0.8425720899866032,0.5385835804920232,0.717,0.803,0.767
2023-11-04 00:00:00+00:00,0.717,0.809,0.854,1.358,0.605,0.939,1.365,60.395,12.401,15.4,5.7,15.5,0.67,0.701,0.728,0.75,0.71,0.854,0.809,0.841,0.716,0.844,0.735,51.58,57.215,62.492,15.4,5.7,15.5,2.7,7.0,10.7,0.0,0.0,0.0,0.1,1.2,2.3,18.1,12.700000000000005,26.200000000000003,56.999999999999986,27.900000000000002,34.00000000000001,47.30000000000001,109.20000000000002,62.10000000000002,85.10000000000001,110.1,257.3,0.04699999999999993,-0.01100000000000001,308,11,-0.8331829385891785,0.5529974600700271,0.803,0.767,0.764
2023-11-05 00:00:00+00:00,0.803,0.824,0.859,1.312,0.588,1.051,1.381,77.317,12.975,2.5,3.5,3.4,0.717,0.67,0.701,0.752,0.72,0.859,0.824,0.854,0.809,0.841,0.716,60.395,51.58,57.215,2.5,3.5,3.4,15.4,5.7,15.5,2.7,7.0,10.7,0.0,0.0,0.0,20.6,16.200000000000003,29.6,66.39999999999999,23.700000000000003,25.700000000000006,39.600000000000016,89.00000000000001,61.90000000000002,86.2,109.49999999999999,257.6,0.08600000000000008,0.10200000000000009,309,11,-0.8235472349556007,0.5672476988027229,0.767,0.764,0.793
2023-11-06 00:00:00+00:00,0.767,0.795,0.854,1.293,0.546,0.985,1.358,70.112,11.792,1.7,5.7,5.0,0.803,0.717,0.67,0.728,0.75,0.854,0.795,0.859,0.824,0.854,0.809,77.317,60.395,51.58,1.7,5.7,5.0,2.5,3.5,3.4,15.4,5.7,15.5,2.7,7.0,10.7,19.6,14.900000000000006,23.900000000000006,58.39999999999999,24.3,25.000000000000007,40.80000000000001,90.10000000000001,59.40000000000001,84.2,107.19999999999999,250.79999999999998,-0.03600000000000003,0.09699999999999998,310,11,-0.8136678304455991,0.5813300798152042,0.764,0.793,0.963
2023-11-07 00:00:00+00:00,0.764,0.79,0.856,1.256,0.554,0.98,1.376,69.488,11.589,5.4,4.8,5.9,0.767,0.803,0.717,0.701,0.752,0.856,0.79,0.854,0.795,0.859,0.824,70.112,77.317,60.395,5.4,4.8,5.9,1.7,5.7,5.0,2.5,3.5,3.4,15.4,5.7,15.5,9.599999999999998,14.000000000000005,14.300000000000004,37.89999999999999,27.8,27.900000000000006,42.80000000000001,98.50000000000001,53.90000000000002,76.10000000000001,96.5,226.49999999999997,-0.0030000000000000027,0.04700000000000004,311,11,-0.8035476485339116,0.5952404359043674,0.793,0.963,0.995
2023-11-08 00:00:00+00:00,0.793,0.898,0.875,1.373,0.613,1.051,1.391,75.438,16.211,11.6,15.2,21.7,0.764,0.767,0.803,0.67,0.728,0.875,0.898,0.856,0.79,0.854,0.795,69.488,70.112,77.317,11.6,15.2,21.7,5.4,4.8,5.9,1.7,5.7,5.0,2.5,3.5,3.4,18.7,25.700000000000003,32.6,77.0,39.3,41.900000000000006,62.20000000000002,143.40000000000003,65.20000000000002,88.5,115.1,268.8,0.029000000000000026,-0.010000000000000009,312,11,-0.7931896839451843,0.6089746507720486,0.963,0.995,0.974
2023-11-09 00:00:00+00:00,0.963,1.11,0.904,1.434,0.672,1.355,1.465,113.25,25.987,9.5,8.6,13.1,0.793,0.764,0.767,0.717,0.701,0.904,1.11,0.875,0.898,0.856,0.79,75.438,69.488,70.112,9.5,8.6,13.1,11.6,15.2,21.7,5.4,4.8,5.9,1.7,5.7,5.0,26.5,28.6,40.7,95.79999999999998,48.8,50.50000000000001,75.30000000000001,174.60000000000002,64.80000000000001,80.10000000000001,112.19999999999999,257.1,0.16999999999999993,0.19599999999999995,313,11,-0.7825970017677834,0.6225286602431057,0.995,0.974,0.918
2023-11-10 00:00:00+00:00,0.995,1.175,0.904,1.512,0.729,1.398,1.537,120.936,29.168,12.3,9.3,14.2,0.963,0.793,0.764,0.803,0.67,0.904,1.175,0.904,1.11,0.875,0.898,113.25,75.438,69.488,12.3,9.3,14.2,9.5,8.6,13.1,11.6,15.2,21.7,5.4,4.8,5.9,33.4,33.1,49.00000000000001,115.5,58.4,52.800000000000004,78.80000000000001,190.0,74.30000000000001,83.3,113.3,270.9,0.03200000000000003,0.23099999999999998,314,11,-0.7717727365467837,0.6358984534680745,0.974,0.918,1.056
2023-11-11 00:00:00+00:00,0.974,1.103,0.882,1.444,0.649,1.325,1.412,115.848,25.565,0.0,0.1,0.1,0.995,0.963,0.793,0.767,0.717,0.882,1.103,0.904,1.175,0.904,1.11,120.936,113.25,75.438,0.0,0.1,0.1,12.3,9.3,14.2,9.5,8.6,13.1,11.6,15.2,21.7,21.8,18.000000000000004,27.400000000000002,67.19999999999999,43.0,47.2,63.40000000000001,153.60000000000002,70.9,81.2,110.69999999999999,262.79999999999995,-0.02100000000000002,0.18099999999999994,315,11,-0.7607200913564104,0.6490800741100398,0.918,1.056,1.096
2023-11-12 00:00:00+00:00,0.918,1.046,0.878,1.506,0.682,1.266,1.406,102.598,22.903,11.4,20.3,17.6,0.974,0.995,0.963,0.764,0.803,0.878,1.046,0.882,1.103,0.904,1.175,115.848,120.936,113.25,11.4,20.3,17.6,0.0,0.1,0.1,12.3,9.3,14.2,9.5,8.6,13.1,23.700000000000003,29.700000000000003,31.900000000000006,85.3,51.9,64.0,77.60000000000002,193.50000000000003,75.60000000000002,89.69999999999999,117.2,282.5,-0.05599999999999994,-0.04499999999999993,316,11,-0.7494423368521953,0.6620696215153815,1.056,1.096,1.055
2023-11-13 00:00:00+00:00,1.056,1.127,0.892,1.595,0.752,1.502,1.509,136.037,26.746,11.9,16.5,19.5,0.918,0.974,0.995,0.793,0.767,0.892,1.127,0.878,1.046,0.882,1.103,102.598,115.848,120.936,11.9,16.5,19.5,11.4,20.3,17.6,0.0,0.1,0.1,12.3,9.3,14.2,23.3,36.900000000000006,37.2,97.4,62.099999999999994,74.80000000000001,92.10000000000002,229.0,86.40000000000002,99.80000000000001,132.89999999999998,319.09999999999997,0.138,0.061000000000000054,317,11,-0.7379428103031386,0.6748632518680403,1.096,1.055,1.053
2023-11-14 00:00:00+00:00,1.096,1.217,0.92,1.676,0.775,1.565,1.537,146.282,31.755,0.3,8.0,2.0,1.056,0.918,0.974,0.963,0.764,0.92,1.217,0.892,1.127,0.878,1.046,136.037,102.598,115.848,0.3,8.0,2.0,11.9,16.5,19.5,11.4,20.3,17.6,0.0,0.1,0.1,23.6,44.800000000000004,39.10000000000001,107.5,57.0,78.00000000000001,88.20000000000002,223.20000000000002,84.80000000000003,105.9,130.99999999999997,321.7,0.040000000000000036,0.12200000000000011,318,11,-0.7262249146041543,0.6874571793269664,1.055,1.053,1.003
2023-11-15 00:00:00+00:00,1.055,1.043,0.886,1.567,0.741,1.48,1.545,135.811,22.702,3.6,2.2,2.5,1.096,1.056,0.918,0.995,0.793,0.886,1.043,0.92,1.217,0.892,1.127,146.282,136.037,102.598,3.6,2.2,2.5,0.3,8.0,2.0,11.9,16.5,19.5,11.4,20.3,17.6,15.8,26.700000000000003,24.000000000000004,66.5,49.00000000000001,65.00000000000001,69.00000000000003,183.00000000000003,88.30000000000001,106.89999999999999,131.2,326.4,-0.04100000000000015,0.1369999999999999,319,11,-0.7142921172691032,0.699847677146407,1.053,1.003,1.041
2023-11-16 00:00:00+00:00,1.053,0.962,0.885,1.529,0.744,1.481,1.563,135.155,19.03,1.1,1.3,3.8,1.055,1.096,1.056,0.974,0.963,0.885,0.962,0.886,1.043,0.92,1.217,135.811,146.282,136.037,1.1,1.3,3.8,3.6,2.2,2.5,0.3,8.0,2.0,11.9,16.5,19.5,5.0,11.500000000000004,8.300000000000004,24.799999999999994,40.599999999999994,57.70000000000001,59.70000000000001,158.0,89.40000000000002,108.2,135.0,332.59999999999997,-0.0020000000000000018,-0.0030000000000001137,320,11,-0.7021479494046978,0.7120310787787131,1.003,1.041,1.025
2023-11-17 00:00:00+00:00,1.003,0.931,0.877,1.532,0.706,1.382,1.482,122.879,17.613,9.5,10.8,12.7,1.053,1.055,1.096,0.918,0.995,0.877,0.931,0.885,0.962,0.886,1.043,135.155,135.811,146.282,9.5,10.8,12.7,1.1,1.3,3.8,3.6,2.2,2.5,0.3,8.0,2.0,14.2,14.300000000000004,19.000000000000004,47.49999999999999,37.8,59.20000000000001,58.20000000000002,155.20000000000002,96.20000000000002,112.0,137.0,345.2,-0.050000000000000044,-0.0930000000000002,321,11,-0.6897960046655887,0.7240037789593305,1.041,1.025,1.093
2023-11-18 00:00:00+00:00,1.041,1.018,0.886,1.618,0.768,1.467,1.55,132.307,21.576,2.7,5.5,3.3,1.003,1.053,1.055,1.056,0.974,0.886,1.018,0.877,0.931,0.885,0.962,122.879,135.155,135.811,2.7,5.5,3.3,9.5,10.8,12.7,1.1,1.3,3.8,3.6,2.2,2.5,13.3,17.600000000000005,19.800000000000004,50.69999999999999,40.5,64.60000000000001,61.40000000000001,166.50000000000003,83.50000000000003,111.8,124.8,320.1,0.038000000000000034,-0.014000000000000012,322,11,-0.6772399381909491,0.7357622347736527,1.025,1.093,1.045
2023-11-19 00:00:00+00:00,1.025,0.985,0.886,1.592,0.736,1.423,1.536,128.275,20.043,8.4,17.9,19.1,1.041,1.003,1.053,1.096,0.918,0.886,0.985,0.886,1.018,0.877,0.931,132.307,122.879,135.155,8.4,17.9,19.1,2.7,5.5,3.3,9.5,10.8,12.7,1.1,1.3,3.8,20.599999999999998,34.2,35.10000000000001,89.89999999999999,37.5,62.20000000000001,62.90000000000002,162.60000000000002,89.40000000000002,126.19999999999999,140.5,356.1,-0.016000000000000014,-0.028000000000000025,323,11,-0.6644834655228552,0.7473029667054297,1.093,1.045,0.964
2023-11-20 00:00:00+00:00,1.093,1.106,0.905,1.638,0.79,1.559,1.541,145.748,25.649,1.9,0.8,3.6,1.025,1.041,1.003,1.055,1.056,0.905,1.106,0.886,0.985,0.886,1.018,128.275,132.307,122.879,1.9,0.8,3.6,8.4,17.9,19.1,2.7,5.5,3.3,9.5,10.8,12.7,12.999999999999998,24.200000000000003,26.000000000000007,63.19999999999999,27.5,46.5,47.000000000000014,121.00000000000001,89.60000000000002,121.3,139.1,350.0,0.06800000000000006,0.09000000000000008,324,11,-0.6515303615068021,0.75862255966641,1.045,0.964,0.948
2023-11-21 00:00:00+00:00,1.045,0.989,0.884,1.53,0.705,1.438,1.504,133.221,20.239,0.0,0.0,0.0,1.093,1.025,1.041,1.053,1.096,0.884,0.989,0.905,1.106,0.886,0.985,145.748,128.275,132.307,0.0,0.0,0.0,1.9,0.8,3.6,8.4,17.9,19.1,2.7,5.5,3.3,10.299999999999997,18.700000000000003,22.700000000000006,51.69999999999999,27.2,38.5,45.000000000000014,110.70000000000002,84.20000000000002,116.49999999999999,133.2,333.9,-0.04800000000000004,0.0040000000000000036,325,11,-0.6383844591746642,0.769717664006921,0.964,0.948,1.047
2023-11-22 00:00:00+00:00,0.964,0.915,0.874,1.481,0.667,1.301,1.477,113.408,16.894,0.2,2.9,4.6,1.045,1.093,1.025,1.003,1.055,0.874,0.915,0.884,0.989,0.905,1.106,133.221,145.748,128.275,0.2,2.9,4.6,0.0,0.0,0.0,1.9,0.8,3.6,8.4,17.9,19.1,2.0999999999999983,3.7000000000000037,8.200000000000003,13.999999999999993,23.800000000000004,39.20000000000001,47.100000000000016,110.10000000000001,72.80000000000003,104.2,116.1,293.1,-0.08099999999999996,-0.06099999999999994,326,11,-0.6250496486104377,0.7805849965070866,0.948,1.047,1.052
2023-11-23 00:00:00+00:00,0.948,0.949,0.88,1.556,0.722,1.307,1.439,109.656,18.446,10.4,15.5,17.7,0.964,1.045,1.093,1.041,1.053,0.88,0.949,0.874,0.915,0.884,0.989,113.408,133.221,145.748,10.4,15.5,17.7,0.2,2.9,4.6,0.0,0.0,0.0,1.9,0.8,3.6,10.599999999999998,18.400000000000006,22.300000000000004,51.29999999999998,33.1,53.400000000000006,61.000000000000014,147.5,73.70000000000002,111.1,120.69999999999999,305.5,-0.016000000000000014,-0.14500000000000002,327,11,-0.6115298757991053,0.7912213413483807,1.047,1.052,1.062
2023-11-24 00:00:00+00:00,1.047,1.028,0.898,1.577,0.782,1.46,1.448,133.752,21.999,5.7,6.1,6.6,0.948,0.964,1.045,1.025,1.003,0.898,1.028,0.88,0.949,0.874,0.915,109.656,113.408,133.221,5.7,6.1,6.6,10.4,15.5,17.7,0.2,2.9,4.6,0.0,0.0,0.0,16.3,24.500000000000004,28.9,69.69999999999999,29.3,48.7,54.90000000000001,132.9,67.10000000000002,107.89999999999999,113.1,288.09999999999997,0.09899999999999998,0.0020000000000000018,328,11,-0.5978291414589552,0.801623551065242,1.052,1.062,1.196
2023-11-25 00:00:00+00:00,1.052,1.028,0.889,1.578,0.794,1.464,1.42,134.969,22.006,1.1,5.9,8.5,1.047,0.948,0.964,1.093,1.041,0.889,1.028,0.898,1.028,0.88,0.949,133.752,109.656,113.408,1.1,5.9,8.5,5.7,6.1,6.6,10.4,15.5,17.7,0.2,2.9,4.6,17.2,27.5,32.8,77.49999999999997,27.700000000000003,49.10000000000001,60.100000000000016,136.9,68.20000000000002,113.7,121.49999999999999,303.4,0.0050000000000001155,0.08800000000000008,329,11,-0.5839514998576998,0.8117885474764613,1.062,1.196,1.113
2023-11-26 00:00:00+00:00,1.062,1.197,0.924,1.606,0.794,1.489,1.381,137.694,31.11,19.7,22.2,31.3,1.052,1.047,0.948,1.045,1.025,0.924,1.197,0.889,1.028,0.898,1.028,134.969,133.752,109.656,19.7,22.2,31.3,1.1,5.9,8.5,5.7,6.1,6.6,10.4,15.5,17.7,26.5,34.2,46.400000000000006,107.1,39.0,53.400000000000006,72.30000000000001,164.70000000000002,76.50000000000001,115.60000000000001,135.2,327.29999999999995,0.010000000000000009,0.1140000000000001,330,11,-0.5699010576127624,0.821713322596059,1.196,1.113,1.043
2023-11-27 00:00:00+00:00,1.196,1.388,0.896,1.68,0.847,1.72,1.552,173.593,42.089,2.0,1.5,4.8,1.062,1.052,1.047,0.964,1.093,0.896,1.388,0.924,1.197,0.889,1.028,137.694,134.969,133.752,2.0,1.5,4.8,19.7,22.2,31.3,1.1,5.9,8.5,5.7,6.1,6.6,22.799999999999997,29.6,44.6,96.99999999999999,39.1,54.10000000000001,73.50000000000001,166.70000000000002,66.60000000000001,100.6,120.5,287.7,0.1339999999999999,0.14900000000000002,331,11,-0.5556819724760489,0.8313949395234058,1.113,1.043,0.98
2023-11-28 00:00:00+00:00,1.113,1.161,0.908,1.564,0.773,1.56,1.497,151.045,28.423,0.8,1.1,3.5,1.196,1.062,1.052,0.948,1.045,0.908,1.161,0.896,1.388,0.924,1.197,173.593,137.694,134.969,0.8,1.1,3.5,2.0,1.5,4.8,19.7,22.2,31.3,1.1,5.9,8.5,22.499999999999996,24.800000000000004,39.6,86.9,39.9,55.20000000000001,77.00000000000001,172.1,67.10000000000001,93.69999999999999,122.0,282.8,-0.08299999999999996,0.06099999999999994,332,11,-0.5412984521036173,0.8408305333122887,1.043,0.98,0.903
2023-11-29 00:00:00+00:00,1.043,1.071,0.895,1.53,0.745,1.443,1.4,132.656,23.97,2.5,3.8,3.3,1.113,1.196,1.062,1.047,0.964,0.895,1.071,0.908,1.161,0.896,1.388,151.045,173.593,137.694,2.5,3.8,3.3,0.8,1.1,3.5,2.0,1.5,4.8,19.7,22.2,31.3,5.299999999999996,6.400000000000004,11.600000000000007,23.299999999999986,42.199999999999996,56.1,75.70000000000002,174.00000000000003,66.00000000000001,95.3,122.8,284.09999999999997,-0.07000000000000006,-0.019000000000000128,333,11,-0.5267547528105542,0.8500173118187018,0.98,0.903,0.843
2023-11-30 00:00:00+00:00,0.98,0.999,0.886,1.479,0.706,1.332,1.393,117.213,20.675,0.0,0.0,0.0,1.043,1.113,1.196,1.052,0.948,0.886,0.999,0.895,1.071,0.908,1.161,132.656,151.045,173.593,0.0,0.0,0.0,2.5,3.8,3.3,0.8,1.1,3.5,2.0,1.5,4.8,3.2999999999999963,4.900000000000004,6.800000000000007,14.999999999999986,31.8,40.60000000000001,58.000000000000014,130.40000000000003,64.90000000000002,93.99999999999999,119.0,277.9,-0.06299999999999994,-0.21599999999999997,334,11,-0.5120551783114646,0.8589525565270845,0.903,0.843,0.801
2023-12-01 00:00:00+00:00,0.903,0.932,0.876,1.426,0.661,1.206,1.341,99.04,17.662,0.0,0.0,0.0,0.98,1.043,1.113,1.062,1.047,0.876,0.932,0.886,0.999,0.895,1.071,117.213,132.656,151.045,0.0,0.0,0.0,0.0,0.0,0.0,2.5,3.8,3.3,0.8,1.1,3.5,2.4999999999999964,3.8000000000000034,3.300000000000007,9.599999999999985,26.1,34.50000000000001,51.40000000000002,112.00000000000001,55.40000000000002,83.19999999999999,106.3,244.89999999999998,-0.07699999999999996,-0.20999999999999996,335,12,-0.4972040784469378,0.8676336233547726,0.843,0.801,0.828
2023-12-02 00:00:00+00:00,0.843,0.883,0.869,1.381,0.62,1.098,1.294,85.763,15.507,0.3,0.6,1.1,0.903,0.98,1.043,1.196,1.052,0.869,0.883,0.876,0.932,0.886,0.999,99.04,117.213,132.656,0.3,0.6,1.1,0.0,0.0,0.0,0.0,0.0,0.0,2.5,3.8,3.3,0.29999999999999644,0.6000000000000035,1.1000000000000072,1.9999999999999858,25.3,29.200000000000006,44.00000000000002,98.50000000000003,53.000000000000014,78.3,104.1,235.39999999999998,-0.06000000000000005,-0.19999999999999996,336,12,-0.4822058478963526,0.8760579434344281,0.801,0.828,0.934
2023-12-03 00:00:00+00:00,0.801,0.86,0.866,1.344,0.612,1.032,1.294,76.892,14.493,1.8,3.8,5.2,0.843,0.903,0.98,1.113,1.062,0.866,0.86,0.869,0.883,0.876,0.932,85.763,99.04,117.213,1.8,3.8,5.2,0.3,0.6,1.1,0.0,0.0,0.0,0.0,0.0,0.0,2.0999999999999965,4.400000000000003,6.300000000000008,12.799999999999986,7.4,10.800000000000008,17.900000000000013,36.100000000000016,46.40000000000001,64.2,90.19999999999999,200.79999999999998,-0.041999999999999926,-0.17899999999999994,337,12,-0.46706492487743034,0.8842230238742036,0.828,0.934,0.861
2023-12-04 00:00:00+00:00,0.828,0.982,0.883,1.471,0.676,1.113,1.434,82.675,19.98,11.3,8.1,16.9,0.801,0.843,0.903,1.043,1.196,0.883,0.982,0.866,0.86,0.869,0.883,76.892,85.763,99.04,11.3,8.1,16.9,1.8,3.8,5.2,0.3,0.6,1.1,0.0,0.0,0.0,13.399999999999997,12.500000000000004,23.200000000000006,49.09999999999998,16.700000000000003,17.400000000000006,30.00000000000001,64.10000000000001,55.80000000000001,71.5,103.5,230.79999999999998,0.026999999999999913,-0.07500000000000007,338,12,-0.451785789832884,0.8921264484954345,0.934,0.861,0.816
2023-12-05 00:00:00+00:00,0.934,1.044,0.899,1.452,0.688,1.267,1.478,106.221,22.759,0.5,2.3,2.3,0.828,0.801,0.843,0.98,1.113,0.899,1.044,0.883,0.982,0.866,0.86,82.675,76.892,85.763,0.5,2.3,2.3,11.3,8.1,16.9,1.8,3.8,5.2,0.3,0.6,1.1,13.599999999999996,14.200000000000003,24.400000000000006,52.19999999999998,16.4,18.600000000000005,28.80000000000001,63.80000000000001,56.30000000000001,73.8,105.8,235.89999999999998,0.1060000000000001,0.09100000000000008,339,12,-0.4363729641045924,0.8997658785476209,0.861,0.816,0.823
2023-12-06 00:00:00+00:00,0.861,0.943,0.882,1.382,0.633,1.133,1.437,89.824,18.163,0.0,0.0,0.0,0.934,0.828,0.801,0.903,1.043,0.882,0.943,0.899,1.044,0.883,0.982,106.221,82.675,76.892,0.0,0.0,0.0,0.5,2.3,2.3,11.3,8.1,16.9,1.8,3.8,5.2,11.799999999999997,10.400000000000002,19.200000000000006,41.39999999999998,13.9,14.800000000000004,25.500000000000014,54.20000000000001,56.100000000000016,70.89999999999999,101.19999999999999,228.2,-0.07300000000000006,0.05999999999999994,340,12,-0.42083100859565564,0.9071390534005044,0.816,0.823,0.9
2023-12-07 00:00:00+00:00,0.816,0.914,0.877,1.299,0.623,1.057,1.376,80.154,16.854,1.5,2.5,2.9,0.861,0.934,0.828,0.843,0.98,0.877,0.914,0.882,0.943,0.899,1.044,89.824,106.221,82.675,1.5,2.5,2.9,0.0,0.0,0.0,0.5,2.3,2.3,11.3,8.1,16.9,1.9999999999999964,4.800000000000002,5.200000000000006,11.999999999999979,15.400000000000002,17.300000000000004,28.400000000000013,61.10000000000001,47.20000000000002,57.9,86.39999999999999,191.49999999999997,-0.04500000000000004,-0.01200000000000001,341,12,-0.4051645224207563,0.9142437912130223,0.823,0.9,0.866
2023-12-08 00:00:00+00:00,0.823,0.919,0.875,1.414,0.648,1.078,1.419,81.539,17.099,5.9,10.6,11.3,0.816,0.861,0.934,0.801,0.903,0.875,0.919,0.877,0.914,0.882,0.943,80.154,89.824,106.221,5.9,10.6,11.3,1.5,2.5,2.9,0.0,0.0,0.0,0.5,2.3,2.3,7.399999999999997,13.100000000000001,14.200000000000006,34.69999999999998,21.300000000000004,27.900000000000006,39.70000000000002,88.9,47.40000000000002,62.39999999999999,91.1,200.89999999999998,0.007000000000000006,-0.1110000000000001,342,12,-0.3893781415452015,0.9210779895789526,0.9,0.866,0.833
2023-12-09 00:00:00+00:00,0.9,1.001,0.884,1.477,0.713,1.227,1.523,98.424,20.771,4.0,3.8,6.2,0.823,0.816,0.861,0.828,0.843,0.884,1.001,0.875,0.919,0.877,0.914,81.539,80.154,89.824,4.0,3.8,6.2,5.9,10.6,11.3,1.5,2.5,2.9,0.0,0.0,0.0,11.399999999999997,16.900000000000002,20.400000000000006,48.699999999999974,25.0,31.10000000000001,44.80000000000001,100.9,50.30000000000001,60.3,88.79999999999998,199.39999999999998,0.07700000000000007,0.039000000000000035,343,12,-0.37347653741307074,0.9276396261490467,0.866,0.833,0.826
2023-12-10 00:00:00+00:00,0.866,0.993,0.959,1.434,0.661,1.144,1.469,90.908,20.394,1.5,3.4,4.7,0.9,0.823,0.816,0.934,0.801,0.959,0.993,0.884,1.001,0.875,0.919,98.424,81.539,80.154,1.5,3.4,4.7,4.0,3.8,6.2,5.9,10.6,11.3,1.5,2.5,2.9,11.399999999999997,17.8,22.20000000000001,51.39999999999998,24.700000000000003,30.700000000000006,44.30000000000001,99.70000000000002,32.100000000000016,41.49999999999999,62.19999999999999,135.79999999999998,-0.03400000000000003,0.050000000000000044,344,12,-0.3574644155648614,0.9339267592294762,0.833,0.826,0.827
2023-12-11 00:00:00+00:00,0.833,0.996,0.998,1.394,0.633,1.088,1.415,83.776,20.539,5.2,5.7,8.4,0.866,0.9,0.823,0.861,0.828,0.998,0.996,0.959,0.993,0.884,1.001,90.908,98.424,81.539,5.2,5.7,8.4,1.5,3.4,4.7,4.0,3.8,6.2,5.9,10.6,11.3,10.699999999999996,12.900000000000002,19.300000000000004,42.89999999999998,18.6,28.300000000000004,35.80000000000001,82.70000000000002,35.30000000000002,45.7,65.8,146.79999999999998,-0.03300000000000003,0.010000000000000009,345,12,-0.34134651424503615,0.9399375283564133,0.826,0.827,0.804
2023-12-12 00:00:00+00:00,0.826,1.03,0.997,1.405,0.628,1.081,1.437,82.239,22.083,0.8,2.7,2.7,0.833,0.866,0.9,0.816,0.934,0.997,1.03,0.998,0.996,0.959,0.993,83.776,90.908,98.424,0.8,2.7,2.7,5.2,5.7,8.4,1.5,3.4,4.7,4.0,3.8,6.2,7.4999999999999964,11.8,15.800000000000008,35.09999999999998,18.900000000000002,28.700000000000006,36.20000000000002,83.80000000000003,35.30000000000002,47.3,65.0,147.59999999999997,-0.007000000000000006,-0.07400000000000007,346,12,-0.3251276029999093,0.9456701548465688,0.827,0.804,0.769
2023-12-13 00:00:00+00:00,0.827,1.01,0.997,1.381,0.625,1.084,1.46,82.51,21.207,2.0,2.7,6.3,0.826,0.833,0.866,0.823,0.861,0.997,1.01,0.997,1.03,0.998,0.996,82.239,83.776,90.908,2.0,2.7,6.3,0.8,2.7,2.7,5.2,5.7,8.4,1.5,3.4,4.7,7.9999999999999964,11.100000000000003,17.400000000000006,36.49999999999997,20.900000000000002,31.400000000000006,42.500000000000014,94.80000000000003,34.80000000000002,46.199999999999996,67.99999999999999,148.99999999999997,0.0010000000000000009,-0.039000000000000035,347,12,-0.30881248126625377,0.9511229423235357,0.804,0.769,0.743
2023-12-14 00:00:00+00:00,0.804,0.985,0.928,1.339,0.603,1.032,1.369,77.666,20.035,2.1,2.8,3.1,0.827,0.826,0.833,0.9,0.816,0.928,0.985,0.997,1.01,0.997,1.03,82.51,82.239,83.776,2.1,2.8,3.1,2.0,2.7,6.3,0.8,2.7,2.7,5.2,5.7,8.4,4.899999999999997,8.200000000000003,12.100000000000005,25.199999999999974,21.5,31.700000000000006,42.70000000000001,95.90000000000002,36.90000000000002,48.99999999999999,71.1,156.99999999999997,-0.02299999999999991,-0.028999999999999915,348,12,-0.29240597695107734,0.9562942772197719,0.769,0.743,0.726
2023-12-15 00:00:00+00:00,0.769,0.898,0.865,1.315,0.577,0.972,1.358,70.496,16.165,0.0,0.0,0.0,0.804,0.827,0.826,0.866,0.823,0.865,0.898,0.928,0.985,0.997,1.01,77.666,82.51,82.239,0.0,0.0,0.0,2.1,2.8,3.1,2.0,2.7,6.3,0.8,2.7,2.7,4.099999999999996,5.500000000000002,9.400000000000006,18.999999999999975,15.600000000000001,21.10000000000001,31.400000000000013,68.10000000000002,36.90000000000002,48.99999999999999,71.1,156.99999999999997,-0.03500000000000003,-0.05699999999999994,349,12,-0.27591294500296043,0.9611826292540837,0.743,0.726,0.713
2023-12-16 00:00:00+00:00,0.743,0.868,0.858,1.294,0.558,0.936,1.338,65.343,14.86,0.0,0.0,0.0,0.769,0.804,0.827,0.833,0.9,0.858,0.868,0.865,0.898,0.928,0.985,70.496,77.666,82.51,0.0,0.0,0.0,0.0,0.0,0.0,2.1,2.8,3.1,2.0,2.7,6.3,2.0999999999999965,2.8000000000000016,3.1000000000000054,7.999999999999975,11.600000000000001,17.300000000000008,25.200000000000014,54.10000000000002,36.600000000000016,48.4,70.0,154.99999999999997,-0.026000000000000023,-0.08399999999999996,350,12,-0.2593382659754056,0.9657865518844574,0.726,0.713,0.834
2023-12-17 00:00:00+00:00,0.726,0.848,0.855,1.277,0.543,0.904,1.381,62.092,14.002,0.0,0.1,0.0,0.743,0.769,0.804,0.826,0.866,0.855,0.848,0.858,0.868,0.865,0.898,65.343,70.496,77.666,0.0,0.1,0.0,0.0,0.0,0.0,0.0,0.0,0.0,2.1,2.8,3.1,0.0,0.10000000000000178,0.0,0.09999999999997514,10.100000000000001,14.000000000000009,20.500000000000014,44.60000000000001,34.80000000000002,44.699999999999996,64.8,144.29999999999995,-0.017000000000000015,-0.07800000000000007,351,12,-0.2426868445825954,0.9701046827361175,0.713,0.834,0.916
2023-12-18 00:00:00+00:00,0.713,0.853,0.859,1.306,0.541,0.883,1.369,59.577,14.219,11.7,18.2,22.4,0.726,0.743,0.769,0.827,0.833,0.859,0.853,0.855,0.848,0.858,0.868,62.092,65.343,70.496,11.7,18.2,22.4,0.0,0.1,0.0,0.0,0.0,0.0,0.0,0.0,0.0,11.699999999999996,18.3,22.400000000000006,52.39999999999997,16.6,26.500000000000007,34.500000000000014,77.60000000000001,35.20000000000001,54.8,70.3,160.29999999999998,-0.013000000000000012,-0.05600000000000005,352,12,-0.22596360824801906,0.974135744004672,0.834,0.916,1.109
2023-12-19 00:00:00+00:00,0.834,1.09,0.907,1.491,0.631,1.127,1.429,84.247,24.908,2.8,4.7,7.3,0.713,0.726,0.743,0.804,0.826,0.907,1.09,0.859,0.853,0.855,0.848,59.577,62.092,65.343,2.8,4.7,7.3,11.7,18.2,22.4,0.0,0.1,0.0,0.0,0.0,0.0,14.499999999999996,23.0,29.700000000000006,67.19999999999997,18.6,28.500000000000007,39.10000000000001,86.2,37.500000000000014,57.199999999999996,75.3,169.99999999999997,0.121,0.09099999999999997,353,12,-0.20917350564635637,0.9778785428342386,0.916,1.109,1.208
2023-12-20 00:00:00+00:00,0.916,1.254,1.062,1.611,0.704,1.282,1.431,102.327,34.427,7.5,16.0,23.6,0.834,0.713,0.726,0.769,0.827,1.062,1.254,0.907,1.09,0.859,0.853,84.247,59.577,62.092,7.5,16.0,23.6,2.8,4.7,7.3,11.7,18.2,22.4,0.0,0.1,0.0,21.999999999999996,38.9,53.30000000000001,114.19999999999997,24.1,41.800000000000004,56.40000000000002,122.30000000000001,45.000000000000014,73.19999999999999,98.9,217.09999999999997,0.08200000000000007,0.19000000000000006,354,12,-0.19232150523909483,0.9813319716704275,1.109,1.208,1.285
2023-12-21 00:00:00+00:00,1.109,1.564,1.247,1.732,0.849,1.593,1.505,149.975,52.972,12.0,20.4,22.6,0.916,0.834,0.713,0.743,0.804,1.247,1.564,1.062,1.254,0.907,1.09,102.327,84.247,59.577,12.0,20.4,22.6,7.5,16.0,23.6,2.8,4.7,7.3,11.7,18.2,22.4,22.299999999999997,41.099999999999994,53.500000000000014,116.89999999999998,34.0,59.400000000000006,75.90000000000002,169.3,55.500000000000014,91.1,118.6,265.2,0.19299999999999995,0.396,355,12,-0.17541259380427843,0.9844950085880858,1.208,1.285,1.468
2023-12-22 00:00:00+00:00,1.208,1.551,1.244,1.823,0.869,1.755,1.506,176.75,52.163,0.9,6.6,11.9,1.109,0.916,0.834,0.726,0.769,1.244,1.551,1.247,1.564,1.062,1.254,149.975,102.327,84.247,0.9,6.6,11.9,12.0,20.4,22.6,7.5,16.0,23.6,2.8,4.7,7.3,20.399999999999995,42.99999999999999,58.100000000000016,121.49999999999997,34.9,66.0,87.80000000000001,188.70000000000002,50.500000000000014,87.1,119.2,256.79999999999995,0.09899999999999998,0.374,356,12,-0.15845177496083632,0.9873667175937016,1.285,1.468,1.523
2023-12-23 00:00:00+00:00,1.285,1.604,1.253,1.988,0.953,1.943,1.47,199.685,55.488,9.7,14.1,20.3,1.208,1.109,0.916,0.713,0.743,1.253,1.604,1.244,1.551,1.247,1.564,176.75,149.975,102.327,9.7,14.1,20.3,0.9,6.6,11.9,12.0,20.4,22.6,7.5,16.0,23.6,22.599999999999994,41.099999999999994,54.80000000000001,118.49999999999996,44.6,80.10000000000001,108.10000000000002,232.8,56.20000000000001,97.4,133.3,286.9,0.07699999999999996,0.3689999999999999,357,12,-0.14144406768794202,0.9899462489023779,1.468,1.523,1.391
2023-12-24 00:00:00+00:00,1.468,1.849,1.318,2.109,1.046,2.315,1.557,255.792,70.79,7.4,14.0,19.1,1.285,1.208,1.109,0.834,0.726,1.318,1.849,1.253,1.604,1.244,1.551,199.685,176.75,149.975,7.4,14.0,19.1,9.7,14.1,20.3,0.9,6.6,11.9,12.0,20.4,22.6,17.999999999999996,34.7,51.300000000000004,103.99999999999996,52.0,94.00000000000001,127.20000000000002,273.2,62.10000000000001,108.0,147.70000000000002,317.79999999999995,0.18300000000000005,0.359,358,12,-0.12439450483979998,0.9922328391893008,1.523,1.391,1.249
2023-12-25 00:00:00+00:00,1.523,1.792,1.383,2.065,1.065,2.405,1.643,273.642,66.327,1.2,2.6,3.4,1.468,1.285,1.208,0.916,0.713,1.383,1.792,1.318,1.849,1.253,1.604,255.792,199.685,176.75,1.2,2.6,3.4,7.4,14.0,19.1,9.7,14.1,20.3,0.9,6.6,11.9,18.299999999999997,30.7,42.800000000000004,91.79999999999997,41.50000000000001,78.4,108.20000000000002,228.1,58.10000000000001,104.89999999999999,142.70000000000002,305.7,0.05499999999999994,0.31499999999999995,359,12,-0.10730813165636247,0.9942258118156161,1.391,1.249,1.131
2023-12-26 00:00:00+00:00,1.391,1.571,1.331,1.938,0.932,2.137,1.563,231.272,51.576,0.0,0.0,0.5,1.523,1.468,1.285,1.109,0.834,1.331,1.571,1.383,1.792,1.318,1.849,273.642,255.792,199.685,0.0,0.0,0.5,1.2,2.6,3.4,7.4,14.0,19.1,9.7,14.1,20.3,8.599999999999996,16.6,23.000000000000007,48.19999999999996,38.7,73.7,101.40000000000002,213.8,57.30000000000001,102.19999999999999,140.5,299.99999999999994,-0.1319999999999999,0.1060000000000001,360,12,-0.09019000427034513,0.9959245770286599,1.249,1.131,1.022
2023-12-27 00:00:00+00:00,1.249,1.241,0.989,1.872,0.862,1.885,1.492,188.54,32.176,0.0,0.9,1.6,1.391,1.523,1.468,1.208,0.916,0.989,1.241,1.331,1.571,1.383,1.792,231.272,273.642,255.792,0.0,0.9,1.6,0.0,0.0,0.5,1.2,2.6,3.4,7.4,14.0,19.1,1.1999999999999964,3.5,5.500000000000007,10.199999999999964,31.200000000000003,58.60000000000001,79.4,169.2,55.30000000000001,100.4,135.8,291.49999999999994,-0.1419999999999999,-0.21899999999999986,361,12,-0.07304518821104743,0.9973286321364752,1.131,1.022,0.951
2023-12-28 00:00:00+00:00,1.131,1.051,0.864,1.741,0.797,1.662,1.443,155.736,22.45,3.7,2.2,5.0,1.249,1.391,1.523,1.285,1.109,0.864,1.051,0.989,1.241,1.331,1.571,188.54,231.272,273.642,3.7,2.2,5.0,0.0,0.9,1.6,0.0,0.0,0.5,1.2,2.6,3.4,3.6999999999999966,3.1,7.100000000000007,13.899999999999965,22.900000000000006,40.400000000000006,61.80000000000001,125.10000000000001,56.90000000000001,99.8,137.70000000000002,294.3999999999999,-0.1180000000000001,-0.3919999999999999,362,12,-0.05587875690537313,0.9984375616565666,1.022,0.951,0.903
2023-12-29 00:00:00+00:00,1.022,0.99,0.843,1.609,0.756,1.449,1.388,127.574,19.584,0.2,0.0,0.4,1.131,1.249,1.391,1.468,1.208,0.843,0.99,0.864,1.051,0.989,1.241,155.736,188.54,231.272,0.2,0.0,0.4,3.7,2.2,5.0,0.0,0.9,1.6,0.0,0.0,0.5,3.899999999999997,3.1,7.000000000000007,13.999999999999964,22.200000000000006,33.800000000000004,50.30000000000001,106.30000000000001,57.10000000000001,99.8,138.10000000000002,294.99999999999994,-0.10899999999999999,-0.369,363,12,-0.03869579017652689,0.9992510374388481,0.951,0.903,1.028
2023-12-30 00:00:00+00:00,0.951,0.956,0.875,1.501,0.726,1.297,1.339,110.205,18.008,0.4,0.7,2.0,1.022,1.131,1.249,1.523,1.285,0.875,0.956,0.843,0.99,0.864,1.051,127.574,155.736,188.54,0.4,0.7,2.0,0.2,0.0,0.4,3.7,2.2,5.0,0.0,0.9,1.6,4.299999999999996,2.9000000000000004,7.4000000000000075,14.599999999999966,12.900000000000004,20.400000000000006,32.00000000000001,65.30000000000001,57.500000000000014,100.49999999999999,140.10000000000002,298.0999999999999,-0.07100000000000006,-0.29800000000000015,364,12,-0.021501372740813793,0.999768818762748,0.903,1.028,1.562
2023-12-31 00:00:00+00:00,0.903,0.925,0.871,1.507,0.723,1.228,1.29,99.026,16.642,2.6,4.9,3.6,0.951,1.022,1.131,1.391,1.468,0.871,0.925,0.875,0.956,0.843,0.99,110.205,127.574,155.736,2.6,4.9,3.6,0.4,0.7,2.0,0.2,0.0,0.4,3.7,2.2,5.0,3.1999999999999966,5.6000000000000005,6.000000000000007,14.799999999999963,8.100000000000005,11.300000000000008,16.500000000000007,35.90000000000001,60.10000000000001,105.3,143.70000000000002,309.09999999999997,-0.04799999999999993,-0.22799999999999998,365,12,-0.004300592702981974,0.9999907524084426,1.028,1.562,1.525
2024-01-01 00:00:00+00:00,1.028,1.219,1.022,1.775,1.052,1.526,1.532,130.504,31.597,23.2,29.8,43.2,0.903,0.951,1.022,1.249,1.523,1.022,1.219,0.871,0.925,0.875,0.956,99.026,110.205,127.574,23.2,29.8,43.2,2.6,4.9,3.6,0.4,0.7,2.0,0.2,0.0,0.4,26.199999999999996,35.4,48.80000000000001,110.39999999999996,30.100000000000005,38.50000000000001,56.30000000000001,124.90000000000002,71.60000000000002,116.89999999999999,164.5,352.99999999999994,0.125,0.006000000000000005,1,1,0.017201575418260506,0.9998520419557735,1.562,1.525,1.415
2024-01-02 00:00:00+00:00,1.562,1.607,1.167,1.994,1.311,2.471,2.129,287.116,52.998,7.5,16.1,9.4,1.028,0.903,0.951,1.131,1.391,1.167,1.607,1.022,1.219,0.871,0.925,130.504,99.026,110.205,7.5,16.1,9.4,23.2,29.8,43.2,2.6,4.9,3.6,0.4,0.7,2.0,33.3,50.8,56.20000000000001,140.29999999999995,37.60000000000001,54.60000000000001,65.20000000000002,157.40000000000003,76.30000000000001,128.29999999999998,166.6,371.19999999999993,0.534,0.6110000000000001,2,1,0.03439806061360801,0.9994082116062598,1.525,1.415,1.246
2024-01-03 00:00:00+00:00,1.525,1.65,1.203,1.892,1.097,2.364,2.178,274.519,55.595,9.9,8.3,13.7,1.562,1.028,0.903,1.022,1.249,1.203,1.65,1.167,1.607,1.022,1.219,287.116,130.504,99.026,9.9,8.3,13.7,7.5,16.1,9.4,23.2,29.8,43.2,2.6,4.9,3.6,40.599999999999994,54.2,66.30000000000001,161.09999999999997,47.50000000000001,62.000000000000014,77.30000000000001,186.8,78.70000000000002,120.6,156.7,356.0,-0.037000000000000144,0.6219999999999999,3,1,0.051584366869408364,0.9986686402879997,1.415,1.246,1.132
2024-01-04 00:00:00+00:00,1.415,1.489,1.208,1.734,0.961,2.162,2.151,238.693,45.917,1.2,0.4,1.4,1.525,1.562,1.028,0.951,1.131,1.208,1.489,1.203,1.65,1.167,1.607,274.519,287.116,130.504,1.2,0.4,1.4,9.9,8.3,13.7,7.5,16.1,9.4,23.2,29.8,43.2,18.599999999999998,24.8,24.500000000000007,67.89999999999996,45.0,60.20000000000001,73.7,178.9,67.90000000000002,100.60000000000001,135.5,304.0,-0.10999999999999988,0.387,4,1,0.06875540848113941,0.9976335468520451,1.246,1.132,1.024
2024-01-05 00:00:00+00:00,1.246,1.414,1.13,1.594,0.881,1.868,1.957,187.762,41.569,2.7,4.2,8.4,1.415,1.525,1.562,0.903,1.022,1.13,1.414,1.208,1.489,1.203,1.65,238.693,274.519,287.116,2.7,4.2,8.4,1.2,0.4,1.4,9.9,8.3,13.7,7.5,16.1,9.4,13.799999999999997,12.900000000000002,23.500000000000007,50.19999999999996,47.50000000000001,64.4,81.70000000000002,193.60000000000002,69.70000000000002,98.2,132.0,299.9,-0.16900000000000004,-0.31600000000000006,5,1,0.08590610426133272,0.9963032375991965,1.132,1.024,0.955
2024-01-06 00:00:00+00:00,1.132,1.246,0.95,1.513,0.817,1.665,1.801,155.914,32.355,0.1,0.1,0.1,1.246,1.415,1.525,1.028,0.951,0.95,1.246,1.13,1.414,1.208,1.489,187.762,238.693,274.519,0.1,0.1,0.1,2.7,4.2,8.4,1.2,0.4,1.4,9.9,8.3,13.7,3.999999999999997,4.7,9.900000000000007,18.59999999999996,47.20000000000001,63.80000000000002,79.80000000000003,190.80000000000004,60.100000000000016,84.2,111.8,256.09999999999997,-0.1140000000000001,-0.393,6,1,0.10303137904317879,0.9946781061893646,1.024,0.955,0.874
2024-01-07 00:00:00+00:00,1.024,1.057,0.857,1.457,0.748,1.452,1.602,127.961,22.716,0.0,0.0,0.0,1.132,1.246,1.415,1.562,0.903,0.857,1.057,0.95,1.246,1.13,1.414,155.914,187.762,238.693,0.0,0.0,0.0,0.1,0.1,0.1,2.7,4.2,8.4,1.2,0.4,1.4,2.799999999999997,4.3,8.500000000000007,15.599999999999959,44.60000000000001,58.90000000000001,76.20000000000002,179.70000000000005,52.70000000000002,70.2,92.7,215.6,-0.10799999999999987,-0.391,7,1,0.1201261651823505,0.9927586335250793,0.955,0.874,0.825
2024-01-08 00:00:00+00:00,0.955,0.995,0.877,1.415,0.698,1.307,1.581,111.197,19.792,0.0,0.0,0.0,1.024,1.132,1.246,1.525,1.028,0.877,0.995,0.857,1.057,0.95,1.246,127.961,155.914,187.762,0.0,0.0,0.0,0.0,0.0,0.0,0.1,0.1,0.1,2.7,4.2,8.4,0.0999999999999969,0.1,0.10000000000000711,0.2999999999999574,21.400000000000006,29.100000000000012,33.00000000000001,83.50000000000001,51.500000000000014,67.60000000000001,89.3,208.39999999999998,-0.06900000000000006,-0.29100000000000004,8,1,0.13718540405660057,0.9905453876091833,0.874,0.825,0.788
2024-01-09 00:00:00+00:00,0.874,0.93,0.835,1.368,0.663,1.176,1.525,92.634,16.875,0.0,0.0,0.0,0.955,1.024,1.132,1.415,1.562,0.835,0.93,0.877,0.995,0.857,1.057,111.197,127.961,155.914,0.0,0.0,0.0,0.0,0.0,0.0,0.0,0.0,0.0,0.1,0.1,0.1,0.0,0.0,0.0,0.0,13.900000000000004,13.000000000000012,23.60000000000001,50.500000000000014,51.500000000000014,67.60000000000001,88.8,207.89999999999998,-0.08099999999999996,-0.2579999999999999,9,1,0.1542040475626894,0.988039023376751,0.825,0.788,0.763
2024-01-10 00:00:00+00:00,0.825,0.856,0.802,1.339,0.633,1.092,1.499,82.013,13.638,0.0,0.0,0.0,0.874,0.955,1.024,1.246,1.525,0.802,0.856,0.835,0.93,0.877,0.995,92.634,111.197,127.961,0.0,0.0,0.0,0.0,0.0,0.0,0.0,0.0,0.0,0.0,0.0,0.0,0.0,0.0,0.0,0.0,4.0000000000000036,4.700000000000011,9.900000000000007,18.600000000000016,51.500000000000014,66.7,87.2,205.39999999999998,-0.049000000000000044,-0.19900000000000007,10,1,0.17117705961019986,0.985240282501282,0.788,0.763,0.743
2024-01-11 00:00:00+00:00,0.788,0.824,0.809,1.322,0.613,1.032,1.437,74.255,12.354,0.0,0.0,0.0,0.825,0.874,0.955,1.132,1.415,0.809,0.824,0.802,0.856,0.835,0.93,82.013,92.634,111.197,0.0,0.0,0.0,0.0,0.0,0.0,0.0,0.0,0.0,0.0,0.0,0.0,0.0,0.0,0.0,0.0,2.800000000000004,4.3000000000000105,8.500000000000007,15.600000000000016,47.80000000000001,64.5,82.2,194.5,-0.03699999999999992,-0.16699999999999993,11,1,0.18809941761179758,0.9821499931752291,0.763,0.743,0.724
2024-01-12 00:00:00+00:00,0.763,0.806,0.804,1.309,0.604,0.989,1.386,69.273,11.645,0.0,0.0,0.1,0.788,0.825,0.874,1.024,1.246,0.804,0.806,0.809,0.824,0.802,0.856,74.255,82.013,92.634,0.0,0.0,0.1,0.0,0.0,0.0,0.0,0.0,0.0,0.0,0.0,0.0,0.0,0.0,0.10000000000000711,0.09999999999995737,0.10000000000000356,0.10000000000001066,0.20000000000000712,0.40000000000001423,47.600000000000016,64.5,81.89999999999999,193.99999999999997,-0.025000000000000022,-0.11099999999999999,12,1,0.20496611396949532,0.9787690698649216,0.743,0.724,0.7
2024-01-13 00:00:00+00:00,0.743,0.79,0.774,1.297,0.589,0.956,1.388,65.37,11.032,0.5,1.9,1.6,0.763,0.788,0.825,0.955,1.132,0.774,0.79,0.804,0.806,0.809,0.824,69.273,74.255,82.013,0.5,1.9,1.6,0.0,0.0,0.1,0.0,0.0,0.0,0.0,0.0,0.0,0.4999999999999969,1.9,1.7000000000000073,4.099999999999957,0.5000000000000036,1.9000000000000106,1.7000000000000073,4.100000000000014,47.70000000000001,65.7,81.49999999999999,194.89999999999998,-0.020000000000000018,-0.08199999999999996,13,1,0.22177215755648186,0.975098513039961,0.724,0.7,0.68
2024-01-14 00:00:00+00:00,0.724,0.762,0.744,1.279,0.58,0.92,1.367,61.706,9.99,2.5,6.4,8.9,0.743,0.763,0.788,0.874,1.024,0.744,0.762,0.774,0.79,0.804,0.806,65.37,69.273,74.255,2.5,6.4,8.9,0.5,1.9,1.6,0.0,0.0,0.1,0.0,0.0,0.0,2.999999999999997,8.3,10.600000000000009,21.899999999999956,3.0000000000000036,8.300000000000011,10.600000000000009,21.900000000000013,47.600000000000016,67.2,86.8,201.59999999999997,-0.019000000000000017,-0.06400000000000006,14,1,0.23851257519407648,0.9711394088771653,0.7,0.68,0.716
2024-01-15 00:00:00+00:00,0.7,0.783,0.718,1.254,0.557,0.873,1.332,57.054,10.767,0.0,0.0,0.0,0.724,0.743,0.763,0.825,0.955,0.718,0.783,0.744,0.762,0.774,0.79,61.706,65.37,69.273,0.0,0.0,0.0,2.5,6.4,8.9,0.5,1.9,1.6,0.0,0.0,0.1,2.999999999999997,8.3,10.500000000000007,21.799999999999958,3.0000000000000036,8.300000000000011,10.600000000000007,21.900000000000016,24.400000000000016,37.400000000000006,43.599999999999994,105.39999999999998,-0.02400000000000002,-0.06300000000000006,15,1,0.2551824131233728,0.9668929289391521,0.68,0.716,0.692
2024-01-16 00:00:00+00:00,0.68,0.761,0.684,1.251,0.561,0.844,1.299,53.37,9.971,9.5,16.7,13.8,0.7,0.724,0.743,0.788,0.874,0.684,0.761,0.718,0.783,0.744,0.762,57.054,61.706,65.37,9.5,16.7,13.8,0.0,0.0,0.0,2.5,6.4,8.9,0.5,1.9,1.6,11.999999999999996,23.1,22.700000000000006,57.799999999999955,12.500000000000004,25.00000000000001,24.400000000000006,61.90000000000002,26.400000000000013,38.0,48.0,112.39999999999998,-0.019999999999999907,-0.06299999999999994,16,1,0.2717767384711357,0.9623603298276545,0.716,0.692,0.644
2024-01-17 00:00:00+00:00,0.716,0.765,0.676,1.243,0.58,0.92,1.383,60.191,10.098,2.4,3.6,4.7,0.68,0.7,0.724,0.763,0.825,0.676,0.765,0.684,0.761,0.718,0.783,53.37,57.054,61.706,2.4,3.6,4.7,9.5,16.7,13.8,0.0,0.0,0.0,2.5,6.4,8.9,11.899999999999997,20.3,18.500000000000007,50.69999999999996,14.900000000000004,28.600000000000012,29.10000000000001,72.60000000000002,18.900000000000016,33.3,38.99999999999999,91.19999999999997,0.03599999999999992,-0.008000000000000007,17,1,0.2882906407095177,0.9575429528116719,0.692,0.644,0.624
2024-01-18 00:00:00+00:00,0.692,0.749,0.74,1.207,0.528,0.846,1.33,55.557,9.554,0.0,0.1,0.0,0.716,0.68,0.7,0.743,0.788,0.74,0.749,0.676,0.765,0.684,0.761,60.191,53.37,57.054,0.0,0.1,0.0,2.4,3.6,4.7,9.5,16.7,13.8,0.0,0.0,0.0,11.899999999999997,20.399999999999995,18.500000000000007,50.799999999999955,14.900000000000004,28.70000000000001,29.10000000000001,72.70000000000002,17.700000000000014,33.0,37.599999999999994,88.29999999999997,-0.02400000000000002,-0.008000000000000007,18,1,0.3047192331091634,0.9524422234305676,0.644,0.624,0.722
2024-01-19 00:00:00+00:00,0.644,0.723,0.735,1.171,0.502,0.763,1.315,47.025,8.652,0.0,0.0,0.0,0.692,0.716,0.68,0.724,0.763,0.735,0.723,0.74,0.749,0.676,0.765,55.557,60.191,53.37,0.0,0.0,0.0,0.0,0.1,0.0,2.4,3.6,4.7,9.5,16.7,13.8,2.3999999999999964,3.7,4.700000000000007,10.799999999999956,14.900000000000004,28.70000000000001,29.000000000000007,72.60000000000002,15.000000000000014,28.799999999999997,29.199999999999996,72.99999999999997,-0.04799999999999993,-0.03600000000000003,19,1,0.321057654185271,0.9470596510722283,0.624,0.722,0.912
2024-01-20 00:00:00+00:00,0.624,0.724,0.738,1.162,0.491,0.727,1.303,43.533,8.697,0.5,0.0,0.5,0.644,0.692,0.716,0.7,0.743,0.738,0.724,0.735,0.723,0.74,0.749,47.025,55.557,60.191,0.5,0.0,0.5,0.0,0.0,0.0,0.0,0.1,0.0,2.4,3.6,4.7,0.49999999999999645,0.1,0.5000000000000071,1.0999999999999575,14.900000000000004,26.80000000000001,27.90000000000001,69.60000000000002,15.400000000000015,28.7,29.599999999999994,73.69999999999997,-0.020000000000000018,-0.09199999999999997,20,1,0.3373010691361842,0.9413968285264122,0.722,0.912,0.831
2024-01-21 00:00:00+00:00,0.722,0.985,0.764,1.373,0.689,0.971,1.431,62.25,19.562,6.0,5.9,10.8,0.624,0.644,0.692,0.68,0.724,0.764,0.985,0.738,0.724,0.735,0.723,43.533,47.025,55.557,6.0,5.9,10.8,0.5,0.0,0.5,0.0,0.0,0.0,0.0,0.1,0.0,6.4999999999999964,5.9,11.300000000000008,23.69999999999996,18.400000000000006,26.30000000000001,29.800000000000008,74.50000000000003,21.400000000000013,34.6,40.39999999999999,96.39999999999998,0.09799999999999998,0.030000000000000027,21,1,0.3534446712740877,0.9354554315134164,0.912,0.831,0.816
2024-01-22 00:00:00+00:00,0.912,0.99,0.729,1.316,0.691,1.224,1.458,101.143,19.582,3.6,4.3,5.2,0.722,0.624,0.644,0.716,0.7,0.729,0.99,0.764,0.985,0.738,0.724,62.25,43.533,47.025,3.6,4.3,5.2,6.0,5.9,10.8,0.5,0.0,0.5,0.0,0.0,0.0,10.099999999999996,10.2,16.500000000000007,36.79999999999996,22.000000000000004,30.60000000000001,35.00000000000001,87.60000000000002,25.000000000000014,38.9,45.599999999999994,109.49999999999999,0.19000000000000006,0.268,22,1,0.3694836834473831,0.9292372181882051,0.831,0.816,0.8
2024-01-23 00:00:00+00:00,0.831,0.943,0.722,1.332,0.656,1.104,1.5,83.171,17.449,0.9,1.9,1.7,0.912,0.722,0.624,0.692,0.68,0.722,0.943,0.729,0.99,0.764,0.985,101.143,62.25,43.533,0.9,1.9,1.7,3.6,4.3,5.2,6.0,5.9,10.8,0.5,0.0,0.5,10.499999999999996,12.1,17.700000000000006,40.29999999999996,13.400000000000004,15.800000000000011,22.900000000000006,52.10000000000002,25.900000000000016,40.8,47.3,113.99999999999999,-0.08100000000000007,0.20699999999999996,23,1,0.38541335945432564,0.9227440286201427,0.816,0.8,0.823
2024-01-24 00:00:00+00:00,0.816,0.887,0.734,1.318,0.616,1.071,1.401,80.231,14.972,2.3,1.7,2.3,0.831,0.912,0.722,0.644,0.716,0.734,0.887,0.722,0.943,0.729,0.99,83.171,101.143,62.25,2.3,1.7,2.3,0.9,1.9,1.7,3.6,4.3,5.2,6.0,5.9,10.8,6.799999999999996,7.8999999999999995,9.200000000000006,23.89999999999996,13.300000000000004,13.900000000000011,20.500000000000007,47.700000000000024,28.200000000000014,42.5,49.599999999999994,120.29999999999998,-0.015000000000000013,0.09399999999999997,24,1,0.4012289854475009,0.9159777842484877,0.8,0.823,0.777
2024-01-25 00:00:00+00:00,0.8,0.903,0.769,1.356,0.63,1.058,1.455,76.852,15.682,2.7,6.9,8.1,0.816,0.831,0.912,0.624,0.692,0.769,0.903,0.734,0.887,0.722,0.943,80.231,83.171,101.143,2.7,6.9,8.1,2.3,1.7,2.3,0.9,1.9,1.7,3.6,4.3,5.2,5.899999999999997,10.5,12.100000000000009,28.49999999999996,16.000000000000004,20.70000000000001,28.60000000000001,65.30000000000004,30.900000000000013,49.4,57.699999999999996,138.0,-0.015999999999999903,-0.11199999999999999,25,1,0.4169258813287287,0.908940487313808,0.823,0.777,0.755
2024-01-26 00:00:00+00:00,0.823,0.885,0.763,1.327,0.616,1.083,1.353,81.525,14.893,0.0,0.1,0.0,0.8,0.816,0.831,0.722,0.644,0.763,0.885,0.769,0.903,0.734,0.887,76.852,80.231,83.171,0.0,0.1,0.0,2.7,6.9,8.1,2.3,1.7,2.3,0.9,1.9,1.7,4.9999999999999964,8.7,10.40000000000001,24.099999999999962,16.000000000000004,20.80000000000001,28.60000000000001,65.40000000000003,30.900000000000013,49.5,57.599999999999994,138.0,0.02299999999999991,-0.008000000000000007,26,1,0.4324994021339788,0.901634220265486,0.777,0.755,0.734
2024-01-27 00:00:00+00:00,0.777,0.839,0.755,1.297,0.581,1.005,1.396,72.036,12.949,0.0,0.0,0.0,0.823,0.8,0.816,0.912,0.624,0.755,0.839,0.763,0.885,0.769,0.903,81.525,76.852,80.231,0.0,0.0,0.0,0.0,0.1,0.0,2.7,6.9,8.1,2.3,1.7,2.3,2.6999999999999966,7.0,8.100000000000009,17.79999999999996,15.500000000000004,20.80000000000001,28.10000000000001,64.40000000000003,30.400000000000013,47.6,55.99999999999999,134.0,-0.04599999999999993,-0.038999999999999924,27,1,0.44794493940789115,0.8940611451454876,0.755,0.734,0.718
2024-01-28 00:00:00+00:00,0.755,0.809,0.749,1.284,0.567,0.973,1.35,67.635,11.74,0.0,0.0,0.0,0.777,0.823,0.8,0.831,0.722,0.749,0.809,0.755,0.839,0.763,0.885,72.036,81.525,76.852,0.0,0.0,0.0,0.0,0.0,0.0,0.0,0.1,0.0,2.7,6.9,8.1,0.0,0.1,0.0,0.09999999999995737,9.500000000000004,14.90000000000001,17.300000000000008,41.70000000000003,27.900000000000013,41.199999999999996,47.099999999999994,116.19999999999997,-0.02200000000000002,-0.04500000000000004,28,1,0.4632579225674917,0.88622350294858,0.734,0.718,0.723
2024-01-29 00:00:00+00:00,0.734,0.792,0.747,1.272,0.554,0.933,1.373,63.525,11.101,0.0,0.0,0.1,0.755,0.777,0.823,0.816,0.912,0.747,0.792,0.749,0.809,0.755,0.839,67.635,72.036,81.525,0.0,0.0,0.1,0.0,0.0,0.0,0.0,0.0,0.0,0.0,0.1,0.0,0.0,0.0,0.10000000000000889,0.09999999999995737,5.900000000000004,10.60000000000001,12.200000000000008,28.700000000000024,27.900000000000013,41.199999999999996,47.199999999999996,116.29999999999998,-0.02100000000000002,-0.08899999999999997,29,1,0.4784338202547012,0.8781236129591848,0.718,0.723,0.726
2024-01-30 00:00:00+00:00,0.718,0.776,0.746,1.257,0.543,0.906,1.325,60.559,10.502,0.0,0.1,0.2,0.734,0.755,0.777,0.8,0.831,0.746,0.776,0.747,0.792,0.749,0.809,63.525,67.635,72.036,0.0,0.1,0.2,0.0,0.0,0.1,0.0,0.0,0.0,0.0,0.0,0.0,0.0,0.1,0.3000000000000089,0.3999999999999574,5.0000000000000036,8.80000000000001,10.700000000000008,24.500000000000025,18.400000000000013,24.6,33.59999999999999,76.59999999999998,-0.016000000000000014,-0.05900000000000005,30,1,0.49346814167723735,0.8697638720650646,0.723,0.726,0.689
2024-01-31 00:00:00+00:00,0.723,0.846,0.756,1.272,0.568,0.925,1.323,61.438,13.308,9.8,9.5,12.6,0.718,0.734,0.755,0.823,0.816,0.756,0.846,0.746,0.776,0.747,0.792,60.559,63.525,67.635,9.8,9.5,12.6,0.0,0.1,0.2,0.0,0.0,0.1,0.0,0.0,0.0,9.799999999999997,9.6,12.90000000000001,32.299999999999955,12.500000000000004,16.60000000000001,21.000000000000007,50.10000000000002,25.80000000000002,30.5,41.49999999999999,97.79999999999998,0.0050000000000000044,-0.03200000000000003,31,1,0.5083564379375122,0.8611467540480452,0.726,0.689,0.728
2024-02-01 00:00:00+00:00,0.726,0.82,0.754,1.207,0.55,0.913,1.326,62.036,12.18,0.0,0.0,0.0,0.723,0.718,0.734,0.777,0.8,0.754,0.82,0.756,0.846,0.746,0.776,61.438,60.559,63.525,0.0,0.0,0.0,9.8,9.5,12.6,0.0,0.1,0.2,0.0,0.0,0.1,9.799999999999997,9.6,12.80000000000001,32.19999999999995,9.800000000000004,9.70000000000001,12.900000000000007,32.40000000000002,25.80000000000002,30.4,41.49999999999999,97.69999999999999,0.0030000000000000027,-0.008000000000000007,32,2,0.5230943033491326,0.8522748088519838,0.689,0.728,0.792
2024-02-02 00:00:00+00:00,0.689,0.812,0.754,1.196,0.53,0.852,1.253,55.102,11.854,4.4,4.6,10.9,0.726,0.723,0.718,0.755,0.823,0.754,0.812,0.754,0.82,0.756,0.846,62.036,61.438,60.559,4.4,4.6,10.9,0.0,0.0,0.0,9.8,9.5,12.6,0.0,0.1,0.2,14.199999999999998,14.1,23.500000000000007,51.799999999999955,14.200000000000005,14.20000000000001,23.800000000000008,52.20000000000002,30.200000000000017,35.0,52.39999999999999,117.59999999999998,-0.03700000000000003,-0.029000000000000026,33,2,0.5376773767406141,0.8431506618282,0.728,0.792,0.764
2024-02-03 00:00:00+00:00,0.728,1.025,0.868,1.333,0.561,0.943,1.266,62.48,21.334,6.7,9.2,17.7,0.689,0.726,0.723,0.734,0.777,0.868,1.025,0.754,0.812,0.754,0.82,55.102,62.036,61.438,6.7,9.2,17.7,4.4,4.6,10.9,0.0,0.0,0.0,9.8,9.5,12.6,11.099999999999998,13.799999999999999,28.60000000000001,53.49999999999995,20.900000000000002,23.40000000000001,41.50000000000001,85.80000000000001,36.40000000000002,44.2,69.6,150.2,0.039000000000000035,0.0050000000000000044,34,2,0.5521013427459208,0.8337770129585915,0.792,0.764,0.878
2024-02-04 00:00:00+00:00,0.792,1.151,1.021,1.323,0.585,1.038,1.318,75.13,27.384,0.1,0.0,0.0,0.728,0.689,0.726,0.718,0.755,1.021,1.151,0.868,1.025,0.754,0.812,62.48,55.102,62.036,0.1,0.0,0.0,6.7,9.2,17.7,4.4,4.6,10.9,0.0,0.0,0.0,11.199999999999998,13.799999999999999,28.60000000000001,53.59999999999995,21.000000000000004,23.40000000000001,41.50000000000001,85.9,30.500000000000018,38.3,58.8,127.59999999999997,0.06400000000000006,0.06600000000000006,35,2,0.5663619330814524,0.8241566360566663,0.764,0.878,1.451
2024-02-05 00:00:00+00:00,0.764,1.196,1.159,1.247,0.546,0.981,1.296,69.556,29.692,0.3,1.2,1.0,0.792,0.728,0.689,0.723,0.734,1.159,1.196,1.021,1.151,0.868,1.025,75.13,62.48,55.102,0.3,1.2,1.0,0.1,0.0,0.0,6.7,9.2,17.7,4.4,4.6,10.9,7.099999999999997,10.399999999999999,18.70000000000001,36.19999999999995,21.300000000000004,24.60000000000001,42.400000000000006,88.30000000000001,27.200000000000017,35.199999999999996,54.599999999999994,116.99999999999996,-0.028000000000000025,0.07500000000000007,36,2,0.580454927809098,0.8142923779467267,0.878,1.451,1.618
2024-02-06 00:00:00+00:00,0.878,1.655,1.264,1.566,0.703,1.256,1.397,96.148,56.843,26.9,39.9,31.8,0.764,0.792,0.728,0.726,0.718,1.264,1.655,1.159,1.196,1.021,1.151,69.556,75.13,62.48,26.9,39.9,31.8,0.3,1.2,1.0,0.1,0.0,0.0,6.7,9.2,17.7,27.299999999999997,41.099999999999994,32.80000000000001,101.19999999999996,48.2,64.4,74.00000000000001,186.6,53.20000000000002,73.19999999999999,84.69999999999999,211.09999999999997,0.11399999999999999,0.15000000000000002,37,2,0.5943761565849831,0.804187157621448,1.451,1.618,1.468
2024-02-07 00:00:00+00:00,1.451,1.961,1.325,1.835,0.952,2.255,1.812,250.774,75.655,10.8,14.2,14.6,0.878,0.764,0.792,0.689,0.723,1.325,1.961,1.264,1.655,1.159,1.196,96.148,69.556,75.13,10.8,14.2,14.6,26.9,39.9,31.8,0.3,1.2,1.0,0.1,0.0,0.0,38.0,55.3,47.400000000000006,140.69999999999996,49.2,69.10000000000001,76.00000000000001,194.29999999999998,61.70000000000002,85.69999999999999,97.0,244.39999999999998,0.5730000000000001,0.659,38,2,0.6081214998935418,0.7938439653781019,1.618,1.468,1.289
2024-02-08 00:00:00+00:00,1.618,1.865,1.32,1.879,1.016,2.492,1.955,305.696,69.341,5.8,3.7,8.9,1.451,0.878,0.764,0.728,0.726,1.32,1.865,1.325,1.961,1.264,1.655,250.774,96.148,69.556,5.8,3.7,8.9,10.8,14.2,14.6,26.9,39.9,31.8,0.3,1.2,1.0,43.5,57.8,55.30000000000001,156.59999999999997,55.00000000000001,72.80000000000001,84.9,212.70000000000002,64.80000000000001,82.5,97.8,245.09999999999997,0.16700000000000004,0.8540000000000001,39,2,0.6216868902665479,0.7832658619336791,1.468,1.289,1.184
2024-02-09 00:00:00+00:00,1.468,1.577,1.167,1.756,0.899,2.209,1.874,255.849,51.213,3.0,1.2,2.2,1.618,1.451,0.878,0.792,0.689,1.167,1.577,1.32,1.865,1.325,1.961,305.696,250.774,96.148,3.0,1.2,2.2,5.8,3.7,8.9,10.8,14.2,14.6,26.9,39.9,31.8,19.6,19.099999999999998,25.700000000000006,64.39999999999998,53.6,69.4,76.2,199.20000000000002,67.80000000000001,83.6,99.99999999999999,251.39999999999995,-0.15000000000000013,0.59,40,2,0.6350683134867438,0.7724559775191742,1.289,1.184,1.093
2024-02-10 00:00:00+00:00,1.289,1.327,0.988,1.66,0.839,1.906,1.774,200.337,36.804,2.3,4.3,3.7,1.468,1.618,1.451,0.764,0.728,0.988,1.327,1.167,1.577,1.32,1.865,255.849,305.696,250.774,2.3,4.3,3.7,3.0,1.2,2.2,5.8,3.7,8.9,10.8,14.2,14.6,11.1,9.2,14.800000000000008,35.09999999999997,49.2,64.50000000000001,62.20000000000001,175.9,70.10000000000001,87.89999999999999,103.7,261.69999999999993,-0.17900000000000005,-0.16200000000000014,41,2,0.6482618097757122,0.7614175109532997,1.184,1.093,1.005
2024-02-11 00:00:00+00:00,1.184,1.127,0.881,1.609,0.808,1.736,1.678,170.188,26.159,0.7,3.0,4.4,1.289,1.468,1.618,0.878,0.792,0.881,1.127,0.988,1.327,1.167,1.577,200.337,255.849,305.696,0.7,3.0,4.4,2.3,4.3,3.7,3.0,1.2,2.2,5.8,3.7,8.9,6.0,8.5,10.300000000000008,24.799999999999976,49.800000000000004,67.50000000000001,66.60000000000001,183.90000000000003,70.80000000000001,90.89999999999999,108.1,269.79999999999995,-0.10499999999999998,-0.43400000000000016,42,2,0.6612634749656386,0.7501537286959042,1.093,1.005,1.011
2024-02-12 00:00:00+00:00,1.093,1.03,0.831,1.516,0.739,1.54,1.62,145.742,21.43,0.0,0.0,0.1,1.184,1.289,1.468,1.451,0.764,0.831,1.03,0.881,1.127,0.988,1.327,170.188,200.337,255.849,0.0,0.0,0.1,0.7,3.0,4.4,2.3,4.3,3.7,3.0,1.2,2.2,3.0,7.3,8.200000000000008,18.499999999999975,49.5,66.30000000000001,65.7,181.50000000000003,70.80000000000001,90.89999999999999,108.1,269.79999999999995,-0.09099999999999997,-0.375,43,2,0.6740694616546161,0.7386679638813748,1.005,1.011,0.934
2024-02-13 00:00:00+00:00,1.005,0.988,0.829,1.464,0.715,1.38,1.581,123.222,19.495,4.5,7.2,9.0,1.093,1.184,1.289,1.618,0.878,0.829,0.988,0.831,1.03,0.881,1.127,145.742,170.188,200.337,4.5,7.2,9.0,0.0,0.0,0.1,0.7,3.0,4.4,2.3,4.3,3.7,5.2,10.2,13.500000000000007,28.89999999999997,27.100000000000005,33.60000000000001,42.90000000000001,103.60000000000002,75.30000000000001,98.0,116.89999999999999,290.19999999999993,-0.08800000000000008,-0.28400000000000003,44,2,0.6866759803451553,0.726963615332308,1.011,0.934,0.885
2024-02-14 00:00:00+00:00,1.011,0.98,0.829,1.473,0.719,1.388,1.559,124.641,19.094,0.1,0.4,0.6,1.005,1.093,1.184,1.468,1.451,0.829,0.98,0.829,0.988,0.831,1.03,123.222,145.742,170.188,0.1,0.4,0.6,4.5,7.2,9.0,0.0,0.0,0.1,0.7,3.0,4.4,4.6,7.6000000000000005,9.700000000000006,21.899999999999974,16.400000000000002,19.800000000000008,28.90000000000001,65.10000000000002,65.60000000000002,88.89999999999999,104.89999999999999,259.3999999999999,0.006000000000000005,-0.17300000000000004,45,2,0.6990793005655562,0.7150441465537444,0.934,0.885,0.838
2024-02-15 00:00:00+00:00,0.934,0.938,0.824,1.421,0.673,1.261,1.491,106.286,17.185,1.8,2.2,4.2,1.011,1.005,1.093,1.289,1.618,0.824,0.938,0.829,0.98,0.829,0.988,124.641,123.222,145.742,1.8,2.2,4.2,0.1,0.4,0.6,4.5,7.2,9.0,0.0,0.0,0.1,6.4,9.8,13.800000000000008,29.99999999999997,12.400000000000002,18.300000000000008,24.200000000000006,54.90000000000001,67.40000000000002,91.1,109.1,267.59999999999997,-0.07699999999999985,-0.15899999999999992,46,2,0.7112757519738152,0.7029130847082615,0.885,0.838,0.894
2024-02-16 00:00:00+00:00,0.885,0.911,0.822,1.395,0.642,1.183,1.441,95.017,16.024,0.0,0.0,0.0,0.934,1.011,1.005,1.184,1.468,0.822,0.911,0.824,0.938,0.829,0.98,106.286,124.641,123.222,0.0,0.0,0.0,1.8,2.2,4.2,0.1,0.4,0.6,4.5,7.2,9.0,1.9000000000000001,2.6,4.800000000000007,9.29999999999997,9.400000000000002,17.10000000000001,22.000000000000007,48.500000000000014,63.000000000000014,86.5,98.19999999999999,247.69999999999996,-0.049000000000000044,-0.11999999999999988,47,2,0.7232617254437388,0.6905740195722294,0.838,0.894,0.909
2024-02-17 00:00:00+00:00,0.838,0.885,0.819,1.374,0.626,1.106,1.376,84.761,14.904,7.5,5.0,7.9,0.885,0.934,1.011,1.093,1.289,0.819,0.885,0.822,0.911,0.824,0.938,95.017,106.286,124.641,7.5,5.0,7.9,0.0,0.0,0.0,1.8,2.2,4.2,0.1,0.4,0.6,9.3,7.2,12.100000000000009,28.59999999999997,14.600000000000005,17.800000000000008,26.200000000000006,58.60000000000001,63.80000000000002,82.3,88.4,234.49999999999997,-0.04700000000000004,-0.17299999999999993,48,2,0.7350336741329412,0.6780306024735382,0.894,0.909,0.859
2024-02-18 00:00:00+00:00,0.894,0.958,0.833,1.425,0.715,1.217,1.404,97.152,18.113,5.7,8.3,15.8,0.838,0.885,0.934,1.005,1.184,0.833,0.958,0.819,0.885,0.822,0.911,84.761,95.017,106.286,5.7,8.3,15.8,7.5,5.0,7.9,0.0,0.0,0.0,1.8,2.2,4.2,13.2,13.3,23.70000000000001,50.199999999999974,19.600000000000005,23.10000000000001,37.60000000000001,80.30000000000001,69.40000000000002,90.6,104.2,264.19999999999993,0.05600000000000005,-0.040000000000000036,49,2,0.746588114532413,0.6652865452111116,0.909,0.859,0.957
2024-02-19 00:00:00+00:00,0.909,0.994,0.835,1.428,0.676,1.23,1.401,100.37,19.753,0.0,0.0,0.0,0.894,0.838,0.885,1.011,1.093,0.835,0.994,0.833,0.958,0.819,0.885,97.152,84.761,95.017,0.0,0.0,0.0,5.7,8.3,15.8,7.5,5.0,7.9,0.0,0.0,0.0,13.2,13.3,23.70000000000001,50.199999999999974,19.600000000000005,23.10000000000001,37.50000000000001,80.20000000000002,69.10000000000002,89.4,103.19999999999999,261.69999999999993,0.015000000000000013,0.02400000000000002,50,2,0.7579216274973472,0.6523456189565257,0.859,0.957,1.208
2024-02-20 00:00:00+00:00,0.859,1.002,0.869,1.36,0.64,1.138,1.342,89.374,20.132,6.8,7.2,9.7,0.909,0.894,0.838,0.934,1.005,0.869,1.002,0.835,0.994,0.833,0.958,100.37,97.152,84.761,6.8,7.2,9.7,0.0,0.0,0.0,5.7,8.3,15.8,7.5,5.0,7.9,12.5,15.5,25.500000000000007,53.49999999999997,21.900000000000006,23.10000000000001,38.2,83.20000000000002,49.000000000000014,56.7,81.1,186.79999999999998,-0.050000000000000044,0.02100000000000002,51,2,0.7690308592589181,0.6392116531380588,0.957,1.208,1.129
2024-02-21 00:00:00+00:00,0.957,1.182,0.93,1.534,0.848,1.338,1.54,112.2,29.034,12.8,14.0,26.8,0.859,0.909,0.894,0.885,1.011,0.93,1.182,0.869,1.002,0.835,0.994,89.374,100.37,97.152,12.8,14.0,26.8,6.8,7.2,9.7,0.0,0.0,0.0,5.7,8.3,15.8,19.6,21.2,36.500000000000014,77.29999999999997,34.60000000000001,36.70000000000001,64.4,135.70000000000002,51.000000000000014,56.5,93.3,200.79999999999995,0.09799999999999998,0.06299999999999994,52,2,0.7799125224167177,0.6258885343075018,1.208,1.129,1.059
2024-02-22 00:00:00+00:00,1.208,1.318,1.023,1.587,0.862,1.748,1.838,177.041,36.201,0.0,3.5,2.6,0.957,0.859,0.909,0.838,0.934,1.023,1.318,0.93,1.182,0.869,1.002,112.2,89.374,100.37,0.0,3.5,2.6,12.8,14.0,26.8,6.8,7.2,9.7,0.0,0.0,0.0,19.6,24.7,39.10000000000001,83.39999999999998,32.80000000000001,38.00000000000001,62.80000000000001,133.60000000000002,45.20000000000002,56.3,86.99999999999999,188.49999999999997,0.251,0.29899999999999993,53,2,0.7905633969115482,0.612380204990065,1.129,1.059,1.072
2024-02-23 00:00:00+00:00,1.129,1.273,1.089,1.507,0.802,1.578,1.781,155.228,33.735,1.5,2.4,1.6,1.208,0.957,0.859,0.894,0.885,1.089,1.273,1.023,1.318,0.93,1.182,177.041,112.2,89.374,1.5,2.4,1.6,0.0,3.5,2.6,12.8,14.0,26.8,6.8,7.2,9.7,14.3,19.9,31.00000000000001,65.19999999999997,34.30000000000001,40.400000000000006,64.4,139.10000000000002,43.70000000000002,57.5,86.39999999999999,187.59999999999997,-0.07899999999999996,0.27,54,2,0.8009803309782905,0.5986906625177214,1.059,1.072,1.074
2024-02-24 00:00:00+00:00,1.059,1.129,0.96,1.463,0.767,1.46,1.622,136.743,26.316,0.8,0.9,1.6,1.129,1.208,0.957,0.909,0.838,0.96,1.129,1.089,1.273,1.023,1.318,155.228,177.041,112.2,0.8,0.9,1.6,1.5,2.4,1.6,0.0,3.5,2.6,12.8,14.0,26.8,2.3,6.8,5.800000000000011,14.899999999999979,27.600000000000005,36.300000000000004,58.10000000000001,122.00000000000001,42.20000000000001,54.1,84.3,180.59999999999997,-0.07000000000000006,0.10199999999999998,55,2,0.8111602420785621,0.5848239578463322,1.072,1.074,0.966
2024-02-25 00:00:00+00:00,1.072,1.212,0.93,1.534,0.826,1.498,1.596,140.5,30.895,12.2,12.9,16.9,1.059,1.129,1.208,0.859,0.894,0.93,1.212,0.96,1.129,1.089,1.273,136.743,155.228,177.041,12.2,12.9,16.9,0.8,0.9,1.6,1.5,2.4,1.6,0.0,3.5,2.6,14.5,16.2,20.10000000000001,50.79999999999998,34.10000000000001,40.90000000000001,59.2,134.20000000000002,53.70000000000002,64.0,96.8,214.49999999999997,0.013000000000000123,-0.1359999999999999,56,2,0.8211001178128892,0.5707841943569036,1.074,0.966,0.934
2024-02-26 00:00:00+00:00,1.074,1.186,0.927,1.424,0.77,1.467,1.589,140.859,29.182,0.0,0.0,0.0,1.072,1.059,1.129,0.957,0.909,0.927,1.186,0.93,1.212,0.96,1.129,140.5,136.743,155.228,0.0,0.0,0.0,12.2,12.9,16.9,0.8,0.9,1.6,1.5,2.4,1.6,13.0,13.8,18.500000000000007,45.29999999999998,34.10000000000001,40.90000000000001,59.2,134.20000000000002,53.70000000000002,64.0,96.7,214.39999999999998,0.0020000000000000018,-0.05499999999999994,57,2,0.8307970168121247,0.5565755266413303,0.966,0.934,0.896
2024-02-27 00:00:00+00:00,0.966,1.093,0.955,1.373,0.716,1.308,1.583,113.761,24.492,0.0,0.0,0.0,1.074,1.072,1.059,1.208,0.859,0.955,1.093,0.927,1.186,0.93,1.212,140.859,140.5,136.743,0.0,0.0,0.0,0.0,0.0,0.0,12.2,12.9,16.9,0.8,0.9,1.6,12.2,12.9,16.90000000000001,41.999999999999986,27.300000000000004,33.70000000000001,49.5,110.50000000000003,49.20000000000002,56.8,87.7,193.69999999999996,-0.1080000000000001,-0.09299999999999997,58,2,0.8402480696078469,0.5422021592729844,0.934,0.896,0.856
2024-02-28 00:00:00+00:00,0.934,1.06,0.959,1.392,0.693,1.253,1.541,106.198,22.853,0.0,0.0,0.0,0.966,1.074,1.072,1.129,0.957,0.959,1.06,0.955,1.093,0.927,1.186,113.761,140.859,140.5,0.0,0.0,0.0,0.0,0.0,0.0,0.0,0.0,0.0,12.2,12.9,16.9,0.0,0.0,0.0,0.0,14.500000000000004,19.70000000000001,22.700000000000006,56.90000000000001,49.100000000000016,56.4,87.1,192.59999999999997,-0.03199999999999992,-0.138,59,2,0.8494504794814806,0.527668345562516,0.896,0.856,0.817
2024-02-29 00:00:00+00:00,0.896,0.972,0.859,1.371,0.673,1.193,1.553,97.539,18.747,0.4,0.3,1.2,0.934,0.966,1.074,1.059,1.208,0.859,0.972,0.959,1.06,0.955,1.093,106.198,113.761,140.859,0.4,0.3,1.2,0.0,0.0,0.0,0.0,0.0,0.0,0.0,0.0,0.0,0.4,0.3,1.2000000000000106,1.8999999999999857,14.900000000000004,16.500000000000007,21.300000000000004,52.70000000000001,47.70000000000001,54.5,84.1,186.29999999999998,-0.038000000000000034,-0.17800000000000005,60,2,0.8584015232918917,0.512978386299228,0.856,0.817,0.78
2024-03-01 00:00:00+00:00,0.856,0.887,0.763,1.345,0.646,1.127,1.592,88.762,14.969,0.4,0.1,0.0,0.896,0.934,0.966,1.072,1.129,0.763,0.887,0.859,0.972,0.959,1.06,97.539,106.198,113.761,0.4,0.1,0.0,0.4,0.3,1.2,0.0,0.0,0.0,0.0,0.0,0.0,0.8,0.4,1.2000000000000106,2.3999999999999857,13.800000000000004,14.200000000000008,19.700000000000006,47.70000000000001,48.10000000000001,54.599999999999994,84.1,186.79999999999998,-0.040000000000000036,-0.10999999999999999,61,3,0.8670985522812081,0.4981366284784055,0.817,0.78,0.733
2024-03-02 00:00:00+00:00,0.817,0.848,0.756,1.322,0.625,1.06,1.568,80.305,13.31,0.0,0.0,0.0,0.856,0.896,0.934,1.074,1.059,0.756,0.848,0.763,0.887,0.859,0.972,88.762,97.539,106.198,0.0,0.0,0.0,0.4,0.1,0.0,0.4,0.3,1.2,0.0,0.0,0.0,0.8,0.4,1.2000000000000106,2.3999999999999857,13.000000000000004,13.300000000000008,18.100000000000005,44.40000000000001,40.60000000000001,49.599999999999994,76.2,166.39999999999998,-0.039000000000000035,-0.1170000000000001,62,3,0.8755389928586302,0.4831474640149687,0.78,0.733,0.705
2024-03-03 00:00:00+00:00,0.78,0.818,0.751,1.279,0.599,1.001,1.454,72.732,12.104,0.0,0.0,0.0,0.817,0.856,0.896,0.966,1.072,0.751,0.818,0.756,0.848,0.763,0.887,80.305,88.762,97.539,0.0,0.0,0.0,0.0,0.0,0.0,0.4,0.1,0.0,0.4,0.3,1.2,0.4,0.1,0.0,0.4999999999999858,0.8000000000000036,0.4000000000000071,1.200000000000007,2.400000000000014,34.90000000000001,41.3,60.39999999999999,136.59999999999997,-0.03699999999999992,-0.11599999999999999,63,3,0.8837203473619977,0.4680153284438345,0.733,0.705,0.679
2024-03-04 00:00:00+00:00,0.733,0.799,0.747,1.216,0.581,0.914,1.403,63.286,11.36,0.4,1.5,1.2,0.78,0.817,0.856,0.934,1.074,0.747,0.799,0.751,0.818,0.756,0.848,72.732,80.305,88.762,0.4,1.5,1.2,0.0,0.0,0.0,0.0,0.0,0.0,0.4,0.1,0.0,0.4,1.5,1.2000000000000106,3.0999999999999854,1.2000000000000037,1.900000000000007,2.400000000000007,5.500000000000014,35.30000000000002,42.8,61.599999999999994,139.69999999999996,-0.04700000000000004,-0.123,64,3,0.8916401947968874,0.45274469960737107,0.705,0.679,0.66
2024-03-05 00:00:00+00:00,0.705,0.781,0.746,1.197,0.559,0.869,1.388,58.102,10.71,0.0,0.1,0.0,0.733,0.78,0.817,0.896,0.966,0.746,0.781,0.747,0.799,0.751,0.818,63.286,72.732,80.305,0.0,0.1,0.0,0.4,1.5,1.2,0.0,0.0,0.0,0.0,0.0,0.0,0.4,1.6,1.2000000000000106,3.1999999999999855,1.2000000000000037,2.000000000000007,2.400000000000007,5.600000000000014,28.500000000000014,35.699999999999996,51.89999999999999,116.09999999999997,-0.028000000000000025,-0.11199999999999999,65,3,0.8992961915530253,0.4373400963303323,0.679,0.66,0.646
2024-03-06 00:00:00+00:00,0.679,0.764,0.745,1.179,0.546,0.82,1.414,53.168,10.069,0.0,0.0,0.0,0.705,0.733,0.78,0.856,0.934,0.745,0.764,0.746,0.781,0.747,0.799,58.102,63.286,72.732,0.0,0.0,0.0,0.0,0.1,0.0,0.4,1.5,1.2,0.0,0.0,0.0,0.4,1.6,1.2000000000000106,3.1999999999999855,1.2000000000000037,2.000000000000007,2.400000000000007,5.600000000000014,15.700000000000014,21.7,25.09999999999999,62.49999999999997,-0.025999999999999912,-0.10099999999999998,66,3,0.9066860720977985,0.4218060770826634,0.66,0.646,0.634
2024-03-07 00:00:00+00:00,0.66,0.755,0.743,1.166,0.527,0.783,1.354,49.793,9.767,0.0,0.0,0.0,0.679,0.705,0.733,0.817,0.896,0.743,0.755,0.745,0.764,0.746,0.781,53.168,58.102,63.286,0.0,0.0,0.0,0.0,0.0,0.0,0.0,0.1,0.0,0.4,1.5,1.2,0.0,0.1,0.0,0.0999999999999858,0.8000000000000036,1.700000000000007,1.200000000000007,3.700000000000014,15.700000000000014,18.2,22.49999999999999,56.39999999999997,-0.019000000000000017,-0.07299999999999995,67,3,0.9138076496466615,0.40614723863057883,0.646,0.634,0.705
2024-03-08 00:00:00+00:00,0.646,0.747,0.741,1.157,0.514,0.757,1.37,47.341,9.48,0.0,0.0,0.0,0.66,0.679,0.705,0.78,0.856,0.741,0.747,0.743,0.755,0.745,0.764,49.793,53.168,58.102,0.0,0.0,0.0,0.0,0.0,0.0,0.0,0.0,0.0,0.0,0.1,0.0,0.0,0.0,0.0,0.0,0.4000000000000036,1.6000000000000072,1.200000000000007,3.200000000000014,14.200000000000014,15.8,20.89999999999999,50.89999999999997,-0.014000000000000012,-0.05899999999999994,68,3,0.9206588168102428,0.3903682146763026,0.634,0.705,0.948
2024-03-09 00:00:00+00:00,0.634,0.737,0.74,1.148,0.503,0.733,1.356,45.207,9.123,1.9,2.9,1.7,0.646,0.66,0.679,0.733,0.817,0.74,0.737,0.741,0.747,0.743,0.755,47.341,49.793,53.168,1.9,2.9,1.7,0.0,0.0,0.0,0.0,0.0,0.0,0.0,0.0,0.0,1.9,2.9,1.7000000000000106,6.499999999999986,2.3000000000000034,4.500000000000007,2.900000000000007,9.700000000000014,15.300000000000013,17.8,20.999999999999993,54.09999999999997,-0.01200000000000001,-0.04500000000000004,69,3,0.9272375462179537,0.374473674486883,0.705,0.948,1.174
2024-03-10 00:00:00+00:00,0.705,1.046,0.86,1.334,0.62,0.907,1.371,58.72,22.953,33.6,31.6,38.7,0.634,0.646,0.66,0.705,0.78,0.86,1.046,0.74,0.737,0.741,0.747,45.207,47.341,49.793,33.6,31.6,38.7,1.9,2.9,1.7,0.0,0.0,0.0,0.0,0.0,0.0,35.5,34.5,40.40000000000001,110.39999999999999,35.900000000000006,36.10000000000001,41.60000000000001,113.60000000000002,36.70000000000002,36.5,42.8,115.99999999999997,0.07099999999999995,0.04499999999999993,70,3,0.9335418911179212,0.35846832151248087,0.948,1.174,1.133
2024-03-11 00:00:00+00:00,0.948,1.327,0.948,1.404,0.674,1.273,1.342,109.703,36.689,13.3,22.4,21.5,0.705,0.634,0.646,0.679,0.733,0.948,1.327,0.86,1.046,0.74,0.737,58.72,45.207,47.341,13.3,22.4,21.5,33.6,31.6,38.7,1.9,2.9,1.7,0.0,0.0,0.0,48.8,56.9,61.90000000000001,167.6,48.80000000000001,57.00000000000001,61.900000000000006,167.70000000000005,50.000000000000014,58.9,64.3,173.2,0.243,0.30199999999999994,71,3,0.9395699859530622,0.342356891994542,1.174,1.133,1.015
2024-03-12 00:00:00+00:00,1.174,1.644,1.05,1.661,0.843,1.701,1.492,168.753,55.28,5.8,9.5,16.2,0.948,0.705,0.634,0.66,0.705,1.05,1.644,0.948,1.327,0.86,1.046,109.703,58.72,45.207,5.8,9.5,16.2,13.3,22.4,21.5,33.6,31.6,38.7,1.9,2.9,1.7,52.7,63.5,76.4,192.6,54.60000000000001,66.4,78.10000000000001,199.10000000000002,55.80000000000002,68.4,80.5,204.7,0.22599999999999998,0.5399999999999999,72,3,0.945320046913132,0.3261441535642696,1.133,1.015,0.988
2024-03-13 00:00:00+00:00,1.133,1.461,1.112,1.479,0.706,1.549,1.431,156.371,44.295,0.0,0.0,0.0,1.174,0.948,0.705,0.646,0.679,1.112,1.461,1.05,1.644,0.948,1.327,168.753,109.703,58.72,0.0,0.0,0.0,5.8,9.5,16.2,13.3,22.4,21.5,33.6,31.6,38.7,19.1,31.9,37.7,88.69999999999999,54.60000000000001,66.4,78.10000000000001,199.10000000000002,55.80000000000002,68.4,80.5,204.7,-0.040999999999999925,0.42800000000000005,73,3,0.9507903724625832,0.3098349038318025,1.015,0.988,0.936
2024-03-14 00:00:00+00:00,1.015,1.361,1.154,1.447,0.665,1.355,1.368,125.791,38.582,9.4,3.3,10.9,1.133,1.174,0.948,0.634,0.66,1.154,1.361,1.112,1.461,1.05,1.644,156.371,168.753,109.703,9.4,3.3,10.9,0.0,0.0,0.0,5.8,9.5,16.2,13.3,22.4,21.5,15.2,12.8,27.10000000000001,55.09999999999999,64.0,69.7,89.0,222.70000000000005,64.80000000000001,71.4,90.19999999999999,226.39999999999998,-0.1180000000000001,0.06699999999999995,74,3,0.9559793438440766,0.2934339689665273,0.988,0.936,0.872
2024-03-15 00:00:00+00:00,0.988,1.425,1.177,1.469,0.666,1.317,1.436,119.147,42.161,3.4,5.2,7.0,1.015,1.133,1.174,0.705,0.646,1.177,1.425,1.154,1.361,1.112,1.461,125.791,156.371,168.753,3.4,5.2,7.0,9.4,3.3,10.9,0.0,0.0,0.0,5.8,9.5,16.2,12.799999999999999,8.5,17.900000000000006,39.19999999999999,67.4,74.9,96.0,238.30000000000004,67.80000000000001,76.5,97.19999999999999,241.49999999999997,-0.026999999999999913,-0.18599999999999994,75,3,0.9608854255574977,0.27694620226893646,0.936,0.872,0.831
2024-03-16 00:00:00+00:00,0.936,1.269,1.011,1.399,0.626,1.227,1.393,106.71,33.61,0.3,1.2,3.3,0.988,1.015,1.133,0.948,0.634,1.011,1.269,1.177,1.425,1.154,1.361,119.147,125.791,156.371,0.3,1.2,3.3,3.4,5.2,7.0,9.4,3.3,10.9,0.0,0.0,0.0,13.1,9.7,21.200000000000006,43.999999999999986,65.8,73.2,97.60000000000001,236.60000000000005,68.10000000000001,77.69999999999999,100.5,246.29999999999998,-0.051999999999999935,-0.19699999999999995,76,3,0.9655071658143364,0.2603764827344581,0.872,0.831,0.794
2024-03-17 00:00:00+00:00,0.872,1.103,0.907,1.386,0.61,1.137,1.402,92.216,24.955,0.2,1.0,2.7,0.936,0.988,1.015,1.174,0.705,0.907,1.103,1.011,1.269,1.177,1.425,106.71,119.147,125.791,0.2,1.0,2.7,0.3,1.2,3.3,3.4,5.2,7.0,9.4,3.3,10.9,3.899999999999998,7.4,13.000000000000007,24.299999999999986,32.400000000000006,42.60000000000001,61.60000000000001,136.60000000000002,68.30000000000001,78.69999999999999,103.19999999999999,250.19999999999996,-0.06400000000000006,-0.1429999999999999,77,3,0.969843196967294,0.24372971360968387,0.831,0.794,0.76
2024-03-18 00:00:00+00:00,0.831,1.026,0.897,1.346,0.585,1.068,1.341,83.222,21.237,0.0,0.0,0.0,0.872,0.936,0.988,1.133,0.948,0.897,1.026,0.907,1.103,1.011,1.269,92.216,106.71,119.147,0.0,0.0,0.0,0.2,1.0,2.7,0.3,1.2,3.3,3.4,5.2,7.0,0.4999999999999982,2.2,6.000000000000007,8.699999999999985,19.100000000000005,20.200000000000006,40.10000000000001,79.40000000000002,67.90000000000002,77.19999999999999,101.99999999999999,247.09999999999997,-0.041000000000000036,-0.15700000000000003,78,3,0.9738922359149924,0.22701082094141847,0.794,0.76,0.723
2024-03-19 00:00:00+00:00,0.794,0.955,0.831,1.316,0.564,1.005,1.336,75.516,17.978,0.0,0.0,0.0,0.831,0.872,0.936,1.015,1.174,0.831,0.955,0.897,1.026,0.907,1.103,83.222,92.216,106.71,0.0,0.0,0.0,0.0,0.0,0.0,0.2,1.0,2.7,0.3,1.2,3.3,0.19999999999999823,1.0,2.7000000000000073,3.899999999999986,13.300000000000006,10.700000000000006,23.900000000000006,47.90000000000001,67.90000000000002,77.1,101.99999999999999,246.99999999999997,-0.03699999999999992,-0.14200000000000002,79,3,0.9776530844816641,0.2102247521189836,0.76,0.723,0.737
2024-03-20 00:00:00+00:00,0.76,0.871,0.766,1.266,0.544,0.949,1.337,68.672,14.282,0.0,0.0,0.0,0.794,0.831,0.872,0.988,1.133,0.766,0.871,0.831,0.955,0.897,1.026,75.516,83.222,92.216,0.0,0.0,0.0,0.0,0.0,0.0,0.0,0.0,0.0,0.2,1.0,2.7,0.0,0.0,0.0,0.0,13.300000000000008,10.700000000000006,23.900000000000006,47.90000000000001,67.90000000000002,77.1,101.99999999999999,246.99999999999997,-0.03400000000000003,-0.11199999999999999,80,3,0.981124629771712,0.19337647441020586,0.723,0.737,0.757
2024-03-21 00:00:00+00:00,0.723,0.843,0.756,1.215,0.531,0.89,1.321,61.429,13.097,2.5,0.5,1.6,0.76,0.794,0.831,0.936,1.015,0.756,0.843,0.766,0.871,0.831,0.955,68.672,75.516,83.222,2.5,0.5,1.6,0.0,0.0,0.0,0.0,0.0,0.0,0.0,0.0,0.0,2.4999999999999982,0.5,1.6000000000000072,4.599999999999985,6.400000000000006,7.9000000000000075,14.600000000000007,28.900000000000013,70.40000000000002,77.6,103.6,251.6,-0.03700000000000003,-0.10799999999999998,81,3,0.984305844499033,0.17647097349152166,0.737,0.757,0.753
2024-03-22 00:00:00+00:00,0.737,0.944,0.779,1.247,0.561,0.924,1.327,64.204,17.494,8.2,7.5,9.7,0.723,0.76,0.794,0.872,0.988,0.779,0.944,0.756,0.843,0.766,0.871,61.429,68.672,75.516,8.2,7.5,9.7,2.5,0.5,1.6,0.0,0.0,0.0,0.0,0.0,0.0,10.699999999999998,8.0,11.300000000000006,29.999999999999986,11.200000000000005,10.200000000000006,17.300000000000004,38.70000000000001,78.60000000000002,85.1,113.29999999999998,277.0,0.014000000000000012,-0.05700000000000005,82,3,0.9871957872910085,0.15951325197263655,0.757,0.753,0.709
2024-03-23 00:00:00+00:00,0.757,0.937,0.77,1.268,0.563,0.956,1.315,68.086,17.154,4.1,12.0,10.2,0.737,0.723,0.76,0.831,0.936,0.77,0.937,0.779,0.944,0.756,0.843,64.204,61.429,68.672,4.1,12.0,10.2,8.2,7.5,9.7,2.5,0.5,1.6,0.0,0.0,0.0,14.799999999999997,20.0,21.500000000000007,56.29999999999998,15.000000000000004,21.000000000000007,24.200000000000003,60.20000000000002,80.80000000000001,94.19999999999999,121.8,296.79999999999995,0.020000000000000018,-0.0030000000000000027,83,3,0.9897936029670716,0.14250832791617088,0.753,0.709,0.692
2024-03-24 00:00:00+00:00,0.753,0.933,0.766,1.261,0.549,0.945,1.286,67.172,16.998,0.0,0.0,0.0,0.757,0.737,0.723,0.794,0.872,0.766,0.933,0.77,0.937,0.779,0.944,68.086,64.204,61.429,0.0,0.0,0.0,4.1,12.0,10.2,8.2,7.5,9.7,2.5,0.5,1.6,12.299999999999997,19.5,19.900000000000006,51.69999999999999,14.800000000000004,20.000000000000007,21.500000000000007,56.30000000000001,47.20000000000002,62.599999999999994,83.1,192.89999999999998,-0.0040000000000000036,0.030000000000000027,84,3,0.992098522791769,0.12546123335273648,0.709,0.692,0.671
2024-03-25 00:00:00+00:00,0.709,0.886,0.817,1.212,0.519,0.874,1.323,58.91,14.917,0.0,0.0,0.0,0.753,0.757,0.737,0.76,0.831,0.817,0.886,0.766,0.933,0.77,0.937,67.172,68.086,64.204,0.0,0.0,0.0,0.0,0.0,0.0,4.1,12.0,10.2,8.2,7.5,9.7,4.099999999999998,12.0,10.200000000000006,26.299999999999986,14.800000000000004,20.000000000000007,21.500000000000007,56.30000000000001,33.90000000000002,40.2,61.599999999999994,135.7,-0.04400000000000004,-0.028000000000000025,85,3,0.9941098647022418,0.10837701279187609,0.692,0.671,0.662
2024-03-26 00:00:00+00:00,0.692,0.909,0.848,1.166,0.507,0.839,1.284,55.7,15.917,1.5,3.2,2.7,0.709,0.753,0.757,0.723,0.794,0.848,0.909,0.817,0.886,0.766,0.933,58.91,67.172,68.086,1.5,3.2,2.7,0.0,0.0,0.0,0.0,0.0,0.0,4.1,12.0,10.2,1.4999999999999982,3.2,2.7000000000000073,7.399999999999986,16.300000000000004,23.200000000000006,24.200000000000006,63.70000000000001,29.600000000000012,33.9,48.09999999999999,111.59999999999997,-0.017000000000000015,-0.06500000000000006,86,3,0.9958270335100595,0.09126072172931188,0.671,0.662,0.66
2024-03-27 00:00:00+00:00,0.671,0.843,0.776,1.107,0.508,0.799,1.318,51.779,13.103,0.2,2.1,1.2,0.692,0.709,0.753,0.737,0.76,0.776,0.843,0.848,0.909,0.817,0.886,55.7,58.91,67.172,0.2,2.1,1.2,1.5,3.2,2.7,0.0,0.0,0.0,0.0,0.0,0.0,1.6999999999999982,5.300000000000001,3.9000000000000075,10.899999999999986,16.500000000000004,25.300000000000008,25.400000000000006,67.2,29.80000000000001,36.0,49.3,115.09999999999997,-0.020999999999999908,-0.08199999999999996,87,3,0.9972495210773451,0.07411742515094437,0.662,0.66,0.652
2024-03-28 00:00:00+00:00,0.662,0.838,0.806,1.123,0.5,0.783,1.306,50.104,12.885,1.9,2.1,3.7,0.671,0.692,0.709,0.757,0.723,0.806,0.838,0.776,0.843,0.848,0.909,51.779,55.7,58.91,1.9,2.1,3.7,0.2,2.1,1.2,1.5,3.2,2.7,0.0,0.0,0.0,3.599999999999998,7.4,7.600000000000008,18.599999999999987,15.900000000000004,26.900000000000006,27.500000000000004,70.30000000000001,22.300000000000015,34.800000000000004,42.09999999999999,99.19999999999997,-0.009000000000000008,-0.04699999999999993,88,3,0.998376906467142,0.056952196034039754,0.66,0.652,0.647
2024-03-29 00:00:00+00:00,0.66,0.827,0.804,1.136,0.505,0.785,1.326,49.74,12.472,0.0,0.0,0.0,0.662,0.671,0.692,0.753,0.737,0.804,0.827,0.806,0.838,0.776,0.843,50.104,51.779,55.7,0.0,0.0,0.0,1.9,2.1,3.7,0.2,2.1,1.2,1.5,3.2,2.7,2.099999999999998,4.2,4.9000000000000075,11.199999999999985,7.700000000000005,19.400000000000006,17.800000000000004,44.900000000000006,18.900000000000016,29.6,35.09999999999999,83.59999999999997,-0.0020000000000000018,-0.03199999999999992,89,3,0.9992088560679753,0.03977011384605572,0.652,0.647,0.661
2024-03-30 00:00:00+00:00,0.652,0.806,0.801,1.12,0.48,0.76,1.289,48.329,11.643,0.3,0.4,1.2,0.66,0.662,0.671,0.709,0.757,0.801,0.806,0.804,0.827,0.806,0.838,49.74,50.104,51.779,0.3,0.4,1.2,0.0,0.0,0.0,1.9,2.1,3.7,0.2,2.1,1.2,2.199999999999998,2.5,4.9000000000000075,9.599999999999985,3.9000000000000052,7.800000000000008,8.800000000000008,20.50000000000001,18.900000000000013,28.8,32.99999999999999,80.69999999999997,-0.008000000000000007,-0.019000000000000017,90,3,0.9997451236925734,0.022576263041545485,0.647,0.661,0.625
2024-03-31 00:00:00+00:00,0.647,0.842,0.807,1.165,0.511,0.766,1.366,47.454,13.107,6.1,8.5,10.4,0.652,0.66,0.662,0.692,0.753,0.807,0.842,0.801,0.806,0.804,0.827,48.329,49.74,50.104,6.1,8.5,10.4,0.3,0.4,1.2,0.0,0.0,0.0,1.9,2.1,3.7,6.399999999999998,8.9,11.600000000000009,26.899999999999984,10.000000000000005,16.300000000000008,19.20000000000001,45.500000000000014,24.800000000000015,36.3,40.69999999999999,101.79999999999997,-0.0050000000000000044,-0.015000000000000013,91,3,0.9999855506507186,0.005375731557583884,0.661,0.625,0.67
2024-04-01 00:00:00+00:00,0.661,0.822,0.805,1.14,0.497,0.778,1.292,49.918,12.242,1.3,2.0,2.0,0.647,0.652,0.66,0.671,0.709,0.805,0.822,0.807,0.842,0.801,0.806,47.454,48.329,49.74,1.3,2.0,2.0,6.1,8.5,10.4,0.3,0.4,1.2,0.0,0.0,0.0,7.6999999999999975,10.9,13.600000000000007,32.19999999999998,11.300000000000006,18.300000000000008,21.20000000000001,50.80000000000001,26.100000000000016,38.3,42.69999999999999,107.09999999999997,0.014000000000000012,0.0010000000000000009,92,4,0.9999300657962057,-0.011826390691832589,0.625,0.67,0.782
2024-04-02 00:00:00+00:00,0.625,0.801,0.807,1.131,0.488,0.708,1.338,43.76,11.458,4.7,2.8,7.0,0.661,0.647,0.652,0.662,0.692,0.807,0.801,0.805,0.822,0.807,0.842,49.918,47.454,48.329,4.7,2.8,7.0,1.3,2.0,2.0,6.1,8.5,10.4,0.3,0.4,1.2,12.099999999999998,13.3,19.400000000000006,44.79999999999998,14.500000000000005,17.90000000000001,25.500000000000007,57.90000000000001,30.800000000000015,41.1,49.69999999999999,121.59999999999997,-0.03600000000000003,-0.027000000000000024,93,4,0.9995786855478958,-0.029025013321975237,0.67,0.782,0.735
2024-04-03 00:00:00+00:00,0.67,1.021,0.881,1.213,0.562,0.816,1.454,51.829,21.554,17.0,8.1,14.4,0.625,0.661,0.647,0.66,0.671,0.881,1.021,0.807,0.801,0.805,0.822,43.76,49.918,47.454,17.0,8.1,14.4,4.7,2.8,7.0,1.3,2.0,2.0,6.1,8.5,10.4,23.0,12.899999999999999,23.400000000000006,59.29999999999998,31.300000000000004,23.900000000000006,38.70000000000001,93.9,47.80000000000001,49.2,64.1,161.09999999999997,0.04500000000000004,0.02300000000000002,94,4,0.9989315138848577,-0.046215046983708354,0.782,0.735,0.71
2024-04-04 00:00:00+00:00,0.782,1.085,0.947,1.196,0.552,0.988,1.451,73.125,24.091,1.4,1.4,1.0,0.67,0.625,0.661,0.652,0.662,0.947,1.085,0.881,1.021,0.807,0.801,51.829,43.76,49.918,1.4,1.4,1.0,17.0,8.1,14.4,4.7,2.8,7.0,1.3,2.0,2.0,23.099999999999998,12.299999999999999,22.400000000000006,57.79999999999998,30.8,23.200000000000003,36.00000000000001,90.00000000000001,46.70000000000002,50.1,63.499999999999986,160.29999999999998,0.11199999999999999,0.121,95,4,0.9979887423155984,-0.06339140486951038,0.735,0.71,0.687
2024-04-05 00:00:00+00:00,0.735,0.978,0.895,1.173,0.522,0.902,1.456,63.755,19.008,0.0,0.0,0.0,0.782,0.67,0.625,0.647,0.66,0.895,0.978,0.947,1.085,0.881,1.021,73.125,51.829,43.76,0.0,0.0,0.0,1.4,1.4,1.0,17.0,8.1,14.4,4.7,2.8,7.0,18.4,9.5,15.400000000000007,43.29999999999998,30.8,23.200000000000003,36.00000000000001,90.00000000000001,38.500000000000014,42.6,53.8,134.89999999999998,-0.04700000000000004,0.10999999999999999,96,4,0.9967506498213929,-0.08054900421874167,0.71,0.687,0.684
2024-04-06 00:00:00+00:00,0.71,0.921,0.883,1.155,0.498,0.859,1.397,58.989,16.443,0.1,0.3,0.9,0.735,0.782,0.67,0.661,0.652,0.883,0.921,0.895,0.978,0.947,1.085,63.755,73.125,51.829,0.1,0.3,0.9,0.0,0.0,0.0,1.4,1.4,1.0,17.0,8.1,14.4,1.5,1.6999999999999982,1.900000000000007,5.099999999999985,30.600000000000005,23.100000000000005,35.70000000000001,89.4,34.500000000000014,30.9,44.49999999999999,109.89999999999996,-0.025000000000000022,0.039999999999999925,97,4,0.9952176027737294,-0.09768276782171598,0.687,0.684,0.673
2024-04-07 00:00:00+00:00,0.687,0.89,0.879,1.152,0.489,0.825,1.427,54.76,15.111,0.5,0.8,0.5,0.71,0.735,0.782,0.625,0.647,0.879,0.89,0.883,0.921,0.895,0.978,58.989,63.755,73.125,0.5,0.8,0.5,0.1,0.3,0.9,0.0,0.0,0.0,1.4,1.4,1.0,0.6,1.0999999999999983,1.400000000000007,3.099999999999986,25.000000000000004,15.400000000000006,25.800000000000004,66.2,35.000000000000014,31.7,45.0,111.69999999999997,-0.02299999999999991,-0.09499999999999997,98,4,0.9933900548258936,-0.11478762552212701,0.684,0.673,0.643
2024-04-08 00:00:00+00:00,0.684,0.89,0.834,1.155,0.499,0.822,1.449,54.067,15.108,3.8,3.8,4.0,0.687,0.71,0.735,0.67,0.661,0.834,0.89,0.879,0.89,0.883,0.921,54.76,58.989,63.755,3.8,3.8,4.0,0.5,0.8,0.5,0.1,0.3,0.9,0.0,0.0,0.0,4.3999999999999995,4.899999999999999,5.4000000000000075,14.699999999999985,27.500000000000004,17.200000000000006,27.800000000000004,72.50000000000001,38.80000000000002,35.5,49.0,123.29999999999997,-0.0030000000000000027,-0.050999999999999934,99,4,0.9912685467787256,-0.13185851571739118,0.673,0.643,0.621
2024-04-09 00:00:00+00:00,0.673,0.8,0.746,1.134,0.477,0.794,1.425,52.055,11.399,0.1,0.1,0.0,0.684,0.687,0.71,0.782,0.625,0.746,0.8,0.834,0.89,0.879,0.89,54.067,54.76,58.989,0.1,0.1,0.0,3.8,3.8,4.0,0.5,0.8,0.5,0.1,0.3,0.9,4.4,4.699999999999998,4.500000000000007,13.599999999999984,22.900000000000002,14.500000000000005,20.800000000000004,58.20000000000002,37.40000000000001,32.4,46.3,116.09999999999998,-0.01100000000000001,-0.03699999999999992,100,4,0.9888537064205885,-0.1488903868564548,0.643,0.621,0.598
2024-04-10 00:00:00+00:00,0.643,0.77,0.743,1.138,0.457,0.739,1.399,46.772,10.291,0.0,0.0,0.0,0.673,0.684,0.687,0.735,0.67,0.743,0.77,0.746,0.8,0.834,0.89,52.055,54.067,54.76,0.0,0.0,0.0,0.1,0.1,0.0,3.8,3.8,4.0,0.5,0.8,0.5,3.9,3.899999999999998,4.000000000000007,11.799999999999985,5.900000000000003,6.400000000000007,6.4000000000000075,18.700000000000014,37.20000000000002,30.299999999999997,45.099999999999994,112.59999999999998,-0.030000000000000027,-0.04400000000000004,101,4,0.986146248341595,-0.16587819893463143,0.621,0.598,0.583
2024-04-11 00:00:00+00:00,0.621,0.754,0.71,1.08,0.448,0.696,1.358,43.029,9.733,0.0,0.3,0.9,0.643,0.673,0.684,0.71,0.782,0.71,0.754,0.743,0.77,0.746,0.8,46.772,52.055,54.067,0.0,0.3,0.9,0.0,0.0,0.0,0.1,0.1,0.0,3.8,3.8,4.0,0.1,0.39999999999999825,0.9000000000000076,1.3999999999999857,4.5000000000000036,5.300000000000008,6.300000000000008,16.100000000000012,35.30000000000002,28.499999999999996,42.3,106.09999999999998,-0.02200000000000002,-0.06300000000000006,102,4,0.9831469737221499,-0.1828169249850199,0.598,0.583,0.574
2024-04-12 00:00:00+00:00,0.598,0.725,0.672,1.023,0.441,0.648,1.315,39.159,8.715,0.0,0.0,0.0,0.621,0.643,0.673,0.687,0.735,0.672,0.725,0.71,0.754,0.743,0.77,43.029,46.772,52.055,0.0,0.0,0.0,0.0,0.3,0.9,0.0,0.0,0.0,0.1,0.1,0.0,0.0,0.29999999999999827,0.9000000000000076,1.1999999999999857,4.5000000000000036,5.300000000000008,6.300000000000008,16.100000000000012,35.30000000000002,28.5,42.3,106.09999999999998,-0.02300000000000002,-0.07500000000000007,103,4,0.9798567700958665,-0.1997015525660636,0.583,0.574,0.616
2024-04-13 00:00:00+00:00,0.583,0.712,0.671,1.009,0.428,0.619,1.355,36.641,8.291,1.0,0.0,0.2,0.598,0.621,0.643,0.684,0.71,0.671,0.712,0.672,0.725,0.71,0.754,39.159,43.029,46.772,1.0,0.0,0.2,0.0,0.0,0.0,0.0,0.3,0.9,0.0,0.0,0.0,1.0,0.29999999999999827,1.1000000000000076,2.3999999999999857,5.400000000000004,5.000000000000007,5.600000000000007,16.000000000000014,36.000000000000014,28.099999999999998,41.29999999999999,105.39999999999996,-0.015000000000000013,-0.06000000000000005,104,4,0.9762766110869321,-0.21652708524481437,0.574,0.616,0.778
2024-04-14 00:00:00+00:00,0.574,0.739,0.677,1.013,0.433,0.602,1.305,35.312,9.243,9.8,6.8,9.5,0.583,0.598,0.621,0.673,0.687,0.677,0.739,0.671,0.712,0.672,0.725,36.641,39.159,43.029,9.8,6.8,9.5,1.0,0.0,0.2,0.0,0.0,0.0,0.0,0.3,0.9,10.8,6.799999999999998,9.700000000000008,27.299999999999986,14.700000000000005,11.000000000000007,14.600000000000007,40.30000000000001,39.70000000000002,26.4,40.39999999999999,106.49999999999997,-0.009000000000000008,-0.04700000000000004,105,4,0.9724075561219968,-0.23328854407545518,0.616,0.778,0.729
2024-04-15 00:00:00+00:00,0.616,0.975,0.778,1.197,0.511,0.716,1.298,42.287,19.317,32.6,27.8,41.0,0.574,0.583,0.598,0.643,0.684,0.778,0.975,0.677,0.739,0.671,0.712,35.312,36.641,39.159,32.6,27.8,41.0,9.8,6.8,9.5,1.0,0.0,0.2,0.0,0.0,0.0,43.400000000000006,34.6,50.70000000000001,128.7,43.50000000000001,35.00000000000001,51.60000000000001,130.10000000000002,71.00000000000003,52.2,79.39999999999999,202.59999999999997,0.04200000000000004,0.018000000000000016,106,4,0.9682507501166718,-0.2499809690726521,0.778,0.729,0.718
2024-04-16 00:00:00+00:00,0.778,1.326,0.976,1.314,0.59,0.99,1.28,72.31,36.724,2.8,2.3,4.1,0.616,0.574,0.583,0.621,0.673,0.976,1.326,0.778,0.975,0.677,0.739,42.287,35.312,36.641,2.8,2.3,4.1,32.6,27.8,41.0,9.8,6.8,9.5,1.0,0.0,0.2,45.199999999999996,36.9,54.60000000000001,136.7,46.2,37.2,55.70000000000001,139.10000000000002,69.10000000000002,51.7,76.49999999999999,197.29999999999998,0.16200000000000003,0.19500000000000006,107,4,0.9638074231367307,-0.26659942067929354,0.729,0.718,0.887
2024-04-17 00:00:00+00:00,0.729,1.14,0.962,1.168,0.531,0.891,1.263,62.572,26.812,0.0,1.0,3.4,0.778,0.616,0.574,0.598,0.643,0.962,1.14,0.976,1.326,0.778,0.975,72.31,42.287,35.312,0.0,1.0,3.4,2.8,2.3,4.1,32.6,27.8,41.0,9.8,6.8,9.5,35.39999999999999,31.099999999999998,48.50000000000001,114.99999999999999,46.2,38.2,59.10000000000001,143.50000000000003,52.100000000000016,44.6,65.49999999999999,162.2,-0.049000000000000044,0.15500000000000003,108,4,0.9590788900341131,-0.28313898122818354,0.718,0.887,0.871
2024-04-18 00:00:00+00:00,0.718,1.261,1.017,1.306,0.58,0.914,1.286,60.747,33.358,16.8,20.0,23.1,0.729,0.778,0.616,0.583,0.621,1.017,1.261,0.962,1.14,0.976,1.326,62.572,72.31,42.287,16.8,20.0,23.1,0.0,1.0,3.4,2.8,2.3,4.1,32.6,27.8,41.0,19.6,23.299999999999997,30.60000000000001,73.49999999999999,63.00000000000001,57.900000000000006,81.30000000000001,202.20000000000002,67.50000000000003,63.2,87.6,218.29999999999995,-0.01100000000000001,0.10199999999999998,109,4,0.9540665500578387,-0.2995947563972602,0.887,0.871,0.815
2024-04-19 00:00:00+00:00,0.887,1.401,1.025,1.444,0.698,1.179,1.309,95.514,40.839,4.1,10.6,16.7,0.718,0.729,0.778,0.574,0.598,1.025,1.401,1.017,1.261,0.962,1.14,60.747,62.572,72.31,4.1,10.6,16.7,16.8,20.0,23.1,0.0,1.0,3.4,2.8,2.3,4.1,20.9,31.599999999999994,43.2,95.69999999999999,67.10000000000001,68.50000000000001,98.00000000000001,233.60000000000002,71.60000000000002,73.8,104.29999999999998,249.69999999999996,0.16900000000000004,0.10899999999999999,110,4,0.9487718864399473,-0.31596187665790293,0.871,0.815,0.779
2024-04-20 00:00:00+00:00,0.871,1.351,1.01,1.365,0.662,1.135,1.245,92.023,38.015,1.0,1.7,1.4,0.887,0.718,0.729,0.616,0.583,1.01,1.351,1.025,1.401,1.017,1.261,95.514,60.747,62.572,1.0,1.7,1.4,4.1,10.6,16.7,16.8,20.0,23.1,0.0,1.0,3.4,21.9,32.3,41.20000000000001,95.39999999999999,67.10000000000001,70.2,99.2,236.50000000000003,72.50000000000003,75.2,104.8,252.49999999999997,-0.016000000000000014,0.14200000000000002,111,4,0.9431964659565866,-0.33223549871590435,0.815,0.779,0.758
2024-04-21 00:00:00+00:00,0.815,1.206,1.047,1.309,0.621,1.045,1.267,79.899,30.212,0.0,0.0,0.5,0.871,0.887,0.718,0.778,0.574,1.047,1.206,1.01,1.351,1.025,1.401,92.023,95.514,60.747,0.0,0.0,0.5,1.0,1.7,1.4,4.1,10.6,16.7,16.8,20.0,23.1,5.1,12.299999999999995,18.600000000000005,35.999999999999986,57.30000000000001,63.400000000000006,90.2,210.90000000000003,72.00000000000003,74.4,104.8,251.19999999999996,-0.05600000000000005,0.09699999999999998,112,4,0.9373419384643772,-0.3484108069446808,0.779,0.758,0.751
2024-04-22 00:00:00+00:00,0.779,1.149,1.091,1.287,0.592,0.979,1.265,72.56,27.251,0.2,0.1,0.1,0.815,0.871,0.887,0.729,0.616,1.091,1.149,1.047,1.206,1.01,1.351,79.899,92.023,95.514,0.2,0.1,0.1,0.0,0.0,0.5,1.0,1.7,1.4,4.1,10.6,16.7,1.2,1.7999999999999965,2.000000000000007,4.999999999999986,24.900000000000002,35.70000000000001,49.300000000000004,109.9,68.40000000000002,70.7,100.89999999999999,239.99999999999997,-0.03599999999999992,-0.10799999999999998,113,4,0.9312100364121947,-0.3644830148102912,0.758,0.751,0.716
2024-04-23 00:00:00+00:00,0.758,1.105,1.084,1.289,0.581,0.955,1.247,68.332,25.072,2.1,4.0,5.4,0.779,0.815,0.871,0.718,0.778,1.084,1.105,1.091,1.149,1.047,1.206,72.56,79.899,92.023,2.1,4.0,5.4,0.2,0.1,0.1,0.0,0.0,0.5,1.0,1.7,1.4,2.3,4.099999999999996,6.000000000000007,12.399999999999986,24.2,37.40000000000001,50.60000000000001,112.20000000000002,70.40000000000002,74.60000000000001,106.3,251.29999999999998,-0.02100000000000002,-0.11299999999999999,114,4,0.9248025743285089,-0.38044736628785164,0.751,0.716,0.68
2024-04-24 00:00:00+00:00,0.751,1.066,1.028,1.268,0.57,0.937,1.28,66.873,23.176,0.0,0.6,0.5,0.758,0.779,0.815,0.887,0.729,1.028,1.066,1.084,1.105,1.091,1.149,68.332,72.56,79.899,0.0,0.6,0.5,2.1,4.0,5.4,0.2,0.1,0.1,0.0,0.0,0.5,2.3000000000000003,4.699999999999997,6.000000000000007,12.999999999999986,24.2,37.00000000000001,47.70000000000001,108.90000000000002,70.40000000000002,75.2,106.8,252.39999999999998,-0.007000000000000006,-0.06399999999999995,115,4,0.9181214482844365,-0.39629913726891813,0.716,0.68,0.657
2024-04-25 00:00:00+00:00,0.716,0.941,0.844,1.238,0.538,0.871,1.311,60.033,17.378,0.0,0.2,0.0,0.751,0.758,0.779,0.871,0.718,0.844,0.941,1.028,1.066,1.084,1.105,66.873,68.332,72.56,0.0,0.2,0.0,0.0,0.6,0.5,2.1,4.0,5.4,0.2,0.1,0.1,2.1,4.799999999999997,5.9000000000000075,12.799999999999986,7.4,17.200000000000006,24.60000000000001,49.20000000000001,70.40000000000002,75.10000000000001,105.89999999999999,251.39999999999998,-0.03500000000000003,-0.06300000000000006,116,4,0.9111686353326631,-0.41203363695942635,0.68,0.657,0.635
2024-04-26 00:00:00+00:00,0.68,0.837,0.754,1.217,0.515,0.809,1.304,53.418,12.86,0.3,0.0,0.0,0.716,0.751,0.758,0.815,0.887,0.754,0.837,0.844,0.941,1.028,1.066,60.033,66.873,68.332,0.3,0.0,0.0,0.0,0.2,0.0,0.0,0.6,0.5,2.1,4.0,5.4,0.3,0.7999999999999969,0.5000000000000071,1.5999999999999859,3.6,6.600000000000007,7.9000000000000075,18.100000000000016,70.70000000000002,75.10000000000001,105.89999999999999,251.69999999999996,-0.03599999999999992,-0.07799999999999996,117,4,0.9039461929224011,-0.42764620926777464,0.657,0.635,0.606
2024-04-27 00:00:00+00:00,0.657,0.807,0.75,1.195,0.499,0.766,1.266,49.3,11.672,0.0,0.1,0.0,0.68,0.716,0.751,0.779,0.871,0.75,0.807,0.754,0.837,0.844,0.941,53.418,60.033,66.873,0.0,0.1,0.0,0.3,0.0,0.0,0.0,0.2,0.0,0.0,0.6,0.5,0.3,0.29999999999999694,0.0,0.5999999999999858,2.6,5.000000000000007,6.500000000000007,14.100000000000014,69.70000000000002,75.2,105.69999999999999,250.6,-0.02300000000000002,-0.09399999999999997,118,4,0.8964562582905575,-0.44313223418263453,0.635,0.606,0.589
2024-04-28 00:00:00+00:00,0.635,0.782,0.762,1.144,0.484,0.722,1.279,45.383,10.723,0.1,0.0,0.0,0.657,0.68,0.716,0.758,0.815,0.762,0.782,0.75,0.807,0.754,0.837,49.3,53.418,60.033,0.1,0.0,0.0,0.0,0.1,0.0,0.3,0.0,0.0,0.0,0.2,0.0,0.4,0.0999999999999969,0.0,0.4999999999999858,2.7,5.000000000000007,6.000000000000007,13.700000000000015,60.000000000000014,68.4,96.19999999999999,224.6,-0.02200000000000002,-0.08099999999999996,119,4,0.8887010478292915,-0.45848712914008766,0.606,0.589,0.58
2024-04-29 00:00:00+00:00,0.606,0.774,0.778,1.083,0.472,0.662,1.265,40.553,10.44,0.2,0.0,0.0,0.635,0.657,0.68,0.751,0.779,0.778,0.774,0.762,0.782,0.75,0.807,45.383,49.3,53.418,0.2,0.0,0.0,0.1,0.0,0.0,0.0,0.1,0.0,0.3,0.0,0.0,0.30000000000000004,0.0999999999999969,0.0,0.3999999999999858,2.7,4.9000000000000075,5.9000000000000075,13.500000000000014,27.600000000000016,40.599999999999994,55.19999999999999,123.39999999999998,-0.029000000000000026,-0.07400000000000007,120,4,0.8806828564301475,-0.47370635037968,0.589,0.58,0.683
2024-04-30 00:00:00+00:00,0.589,0.762,0.774,1.068,0.46,0.633,1.256,37.718,9.996,0.0,0.0,0.0,0.606,0.635,0.657,0.716,0.758,0.774,0.762,0.778,0.774,0.762,0.782,40.553,45.383,49.3,0.0,0.0,0.0,0.2,0.0,0.0,0.1,0.0,0.0,0.0,0.1,0.0,0.30000000000000004,0.0,0.0,0.29999999999998583,0.6,0.9000000000000071,0.5000000000000071,2.000000000000014,24.800000000000015,38.3,51.09999999999999,114.19999999999997,-0.017000000000000015,-0.06800000000000006,121,4,0.8724040568049612,-0.48878539428899265,0.58,0.683,0.727
2024-05-01 00:00:00+00:00,0.58,0.836,0.901,1.095,0.473,0.619,1.282,36.175,13.238,13.3,9.0,7.6,0.589,0.606,0.635,0.68,0.751,0.901,0.836,0.774,0.762,0.778,0.774,37.718,40.553,45.383,13.3,9.0,7.6,0.0,0.0,0.0,0.2,0.0,0.0,0.1,0.0,0.0,13.5,8.999999999999996,7.600000000000007,30.099999999999984,13.9,9.300000000000008,7.600000000000007,30.80000000000001,38.100000000000016,46.3,55.29999999999998,139.7,-0.009000000000000008,-0.05500000000000005,122,5,0.8638670987837349,-0.503719798736334,0.683,0.727,0.683
2024-05-02 00:00:00+00:00,0.683,1.05,0.81,1.365,0.564,0.866,1.244,54.363,22.415,12.0,12.4,13.0,0.58,0.589,0.606,0.657,0.716,0.81,1.05,0.901,0.836,0.774,0.762,36.175,37.718,40.553,12.0,12.4,13.0,13.3,9.0,7.6,0.0,0.0,0.0,0.2,0.0,0.0,25.3,21.4,20.60000000000001,67.29999999999998,25.9,21.500000000000007,20.60000000000001,68.00000000000001,33.30000000000001,38.7,45.19999999999999,117.19999999999996,0.10300000000000009,0.07700000000000007,123,5,0.8550745085896932,-0.518505144391157,0.727,0.683,0.669
2024-05-03 00:00:00+00:00,0.727,0.862,0.75,1.369,0.5,0.884,1.228,62.209,13.919,2.8,4.0,2.9,0.683,0.58,0.589,0.635,0.68,0.75,0.862,0.81,1.05,0.901,0.836,54.363,36.175,37.718,2.8,4.0,2.9,12.0,12.4,13.0,13.3,9.0,7.6,0.0,0.0,0.0,28.1,25.4,23.500000000000007,76.99999999999999,28.4,25.500000000000007,23.500000000000007,77.4,32.000000000000014,32.099999999999994,31.399999999999984,95.49999999999996,0.04399999999999993,0.138,124,5,0.8460288880917339,-0.533137056031809,0.683,0.669,0.685
2024-05-04 00:00:00+00:00,0.683,0.81,0.747,1.348,0.479,0.821,1.293,53.95,11.808,0.0,0.2,0.3,0.727,0.683,0.58,0.606,0.657,0.747,0.81,0.75,0.862,0.81,1.05,62.209,54.363,36.175,0.0,0.2,0.3,2.8,4.0,2.9,12.0,12.4,13.0,13.3,9.0,7.6,14.8,16.599999999999998,16.200000000000006,47.59999999999998,28.4,25.60000000000001,23.800000000000008,77.8,31.000000000000014,30.599999999999998,30.299999999999986,91.89999999999996,-0.04399999999999993,0.10300000000000009,125,5,0.8367329140344921,-0.5476112038402312,0.669,0.685,0.641
2024-05-05 00:00:00+00:00,0.669,0.837,0.784,1.338,0.514,0.801,1.286,51.358,13.051,5.9,13.4,16.4,0.683,0.727,0.683,0.589,0.635,0.784,0.837,0.747,0.81,0.75,0.862,53.95,62.209,54.363,5.9,13.4,16.4,0.0,0.2,0.3,2.8,4.0,2.9,12.0,12.4,13.0,8.7,17.599999999999994,19.600000000000005,45.899999999999984,34.2,39.00000000000001,40.2,113.4,36.90000000000001,44.0,46.19999999999999,127.09999999999997,-0.014000000000000012,-0.014000000000000012,126,5,0.8271893372462497,-0.5619233046832195,0.685,0.641,0.612
2024-05-06 00:00:00+00:00,0.685,0.962,0.837,1.255,0.537,0.829,1.265,54.264,18.314,1.7,0.8,5.7,0.669,0.683,0.727,0.58,0.606,0.837,0.962,0.784,0.837,0.747,0.81,51.358,53.95,62.209,1.7,0.8,5.7,5.9,13.4,16.4,0.0,0.2,0.3,2.8,4.0,2.9,7.6000000000000005,14.399999999999997,22.400000000000006,44.39999999999999,35.699999999999996,39.800000000000004,45.900000000000006,121.4,38.40000000000002,44.699999999999996,51.79999999999998,134.89999999999998,0.016000000000000014,-0.041999999999999926,127,5,0.8174009818249189,-0.5760691233798758,0.641,0.612,0.594
2024-05-07 00:00:00+00:00,0.641,0.871,0.858,1.196,0.481,0.729,1.26,46.464,14.305,0.1,0.0,0.4,0.685,0.669,0.683,0.683,0.589,0.858,0.871,0.837,0.962,0.784,0.837,54.264,51.358,53.95,0.1,0.0,0.4,1.7,0.8,5.7,5.9,13.4,16.4,0.0,0.2,0.3,7.7,14.199999999999998,22.500000000000007,44.39999999999999,35.8,39.800000000000004,46.300000000000004,121.9,36.40000000000002,40.699999999999996,46.79999999999998,123.89999999999998,-0.04400000000000004,-0.04200000000000004,128,5,0.8073707443023492,-0.5900444739548627,0.612,0.594,0.599
2024-05-08 00:00:00+00:00,0.612,0.863,0.887,1.174,0.459,0.681,1.269,41.554,13.949,0.0,0.0,0.0,0.641,0.685,0.669,0.727,0.58,0.887,0.863,0.858,0.871,0.837,0.962,46.464,54.264,51.358,0.0,0.0,0.0,0.1,0.0,0.4,1.7,0.8,5.7,5.9,13.4,16.4,1.8,0.7999999999999965,6.100000000000008,8.699999999999985,22.500000000000004,30.800000000000008,38.7,92.00000000000001,36.40000000000002,40.1,46.29999999999998,122.79999999999997,-0.029000000000000026,-0.05700000000000005,129,5,0.7971015927871943,-0.6038452208771035,0.594,0.599,0.57
2024-05-09 00:00:00+00:00,0.594,0.837,0.881,1.158,0.439,0.651,1.266,38.48,12.88,0.0,0.0,0.0,0.612,0.641,0.685,0.683,0.683,0.881,0.837,0.887,0.863,0.858,0.871,41.554,46.464,54.264,0.0,0.0,0.0,0.0,0.0,0.0,0.1,0.0,0.4,1.7,0.8,5.7,0.1,0.0,0.4000000000000071,0.4999999999999858,10.5,18.400000000000006,25.700000000000006,54.60000000000001,36.40000000000002,39.9,46.29999999999998,122.59999999999997,-0.018000000000000016,-0.09100000000000008,130,5,0.7865965660866021,-0.6174672802835514,0.599,0.57,0.551
2024-05-10 00:00:00+00:00,0.599,0.82,0.877,1.144,0.425,0.661,1.278,39.307,12.184,0.0,0.0,0.0,0.594,0.612,0.641,0.669,0.727,0.877,0.82,0.881,0.837,0.887,0.863,38.48,41.554,46.464,0.0,0.0,0.0,0.0,0.0,0.0,0.0,0.0,0.0,0.1,0.0,0.4,0.0,0.0,0.0,0.0,7.7,14.400000000000007,22.800000000000008,44.900000000000006,36.100000000000016,39.9,46.29999999999998,122.29999999999997,0.0050000000000000044,-0.04200000000000004,131,5,0.7758587728069828,-0.6309066211876704,0.57,0.551,0.536
2024-05-11 00:00:00+00:00,0.57,0.799,0.873,1.13,0.413,0.592,1.24,34.712,11.362,0.0,0.0,0.0,0.599,0.594,0.612,0.685,0.683,0.873,0.799,0.877,0.82,0.881,0.837,39.307,38.48,41.554,0.0,0.0,0.0,0.0,0.0,0.0,0.0,0.0,0.0,0.0,0.0,0.0,0.0,0.0,0.0,0.0,7.7,14.200000000000008,22.500000000000007,44.400000000000006,36.100000000000016,39.8,46.29999999999998,122.19999999999997,-0.029000000000000026,-0.04200000000000004,132,5,0.7648913904341226,-0.6441592666722685,0.551,0.536,0.53
2024-05-12 00:00:00+00:00,0.551,0.79,0.818,1.104,0.411,0.566,1.26,31.71,11.02,0.0,0.0,0.0,0.57,0.599,0.594,0.641,0.669,0.818,0.79,0.873,0.799,0.877,0.82,34.712,39.307,38.48,0.0,0.0,0.0,0.0,0.0,0.0,0.0,0.0,0.0,0.0,0.0,0.0,0.0,0.0,0.0,0.0,1.8,0.8000000000000071,6.100000000000008,8.7,36.00000000000002,39.8,46.29999999999998,122.09999999999997,-0.018999999999999906,-0.04299999999999993,133,5,0.753697664392914,-0.6572212950663319,0.536,0.53,0.621
2024-05-13 00:00:00+00:00,0.536,0.725,0.744,1.071,0.402,0.543,1.237,29.335,8.742,0.0,2.5,3.3,0.551,0.57,0.599,0.612,0.685,0.744,0.725,0.818,0.79,0.873,0.799,31.71,34.712,39.307,0.0,2.5,3.3,0.0,0.0,0.0,0.0,0.0,0.0,0.0,0.0,0.0,0.0,2.4999999999999964,3.300000000000007,5.799999999999986,0.1,2.500000000000007,3.700000000000007,6.3,35.80000000000002,42.3,49.59999999999999,127.69999999999996,-0.015000000000000013,-0.06299999999999994,134,5,0.742280907086982,-0.6700888411055113,0.53,0.621,0.689
2024-05-14 00:00:00+00:00,0.53,0.739,0.785,1.08,0.415,0.544,1.27,28.396,9.214,6.9,10.4,9.7,0.536,0.551,0.57,0.594,0.641,0.785,0.739,0.744,0.725,0.818,0.79,29.335,31.71,34.712,6.9,10.4,9.7,0.0,2.5,3.3,0.0,0.0,0.0,0.0,0.0,0.0,6.9,12.899999999999997,13.000000000000007,32.79999999999998,6.9,12.900000000000007,13.000000000000007,32.8,42.70000000000002,52.7,59.29999999999998,154.69999999999996,-0.006000000000000005,-0.039999999999999925,135,5,0.7306444969184916,-0.6827580970759147,0.621,0.689,1.192
2024-05-15 00:00:00+00:00,0.621,0.955,0.858,1.203,0.536,0.74,1.308,43.429,18.098,17.6,6.7,11.5,0.53,0.536,0.551,0.599,0.612,0.858,0.955,0.785,0.739,0.744,0.725,28.396,29.335,31.71,17.6,6.7,11.5,6.9,10.4,9.7,0.0,2.5,3.3,0.0,0.0,0.0,24.5,19.599999999999998,24.500000000000007,68.59999999999998,24.5,19.60000000000001,24.500000000000007,68.6,47.000000000000014,50.4,63.19999999999998,160.59999999999997,0.09099999999999997,0.06999999999999995,136,5,0.7187918772884232,-0.6952253139408722,0.689,1.192,1.121
2024-05-16 00:00:00+00:00,0.689,1.301,1.056,1.306,0.602,0.817,1.298,55.186,38.213,36.8,28.2,37.7,0.621,0.53,0.536,0.57,0.594,1.056,1.301,0.858,0.955,0.785,0.739,43.429,28.396,29.335,36.8,28.2,37.7,17.6,6.7,11.5,6.9,10.4,9.7,0.0,2.5,3.3,61.3,45.3,58.900000000000006,165.5,61.3,47.80000000000001,62.20000000000001,171.3,71.80000000000001,66.2,87.89999999999998,225.89999999999998,0.06799999999999995,0.1529999999999999,137,5,0.7067265555776158,-0.7074868024503348,1.192,1.121,0.954
2024-05-17 00:00:00+00:00,1.192,1.751,1.03,1.507,0.895,1.729,1.422,173.255,62.803,14.7,0.1,0.4,0.689,0.621,0.53,0.551,0.599,1.03,1.751,1.056,1.301,0.858,0.955,55.186,43.429,28.396,14.7,0.1,0.4,36.8,28.2,37.7,17.6,6.7,11.5,6.9,10.4,9.7,69.1,35.0,49.6,153.7,76.0,47.900000000000006,62.60000000000001,186.5,83.70000000000002,62.3,85.39999999999998,231.39999999999998,0.503,0.6619999999999999,138,5,0.6944521021088763,-0.719538934232584,1.121,0.954,0.894
2024-05-18 00:00:00+00:00,1.121,1.27,0.922,1.407,0.682,1.57,1.384,153.388,33.625,0.0,0.8,0.9,1.192,0.689,0.621,0.536,0.57,0.922,1.27,1.03,1.751,1.056,1.301,173.255,55.186,43.429,0.0,0.8,0.9,14.7,0.1,0.4,36.8,28.2,37.7,17.6,6.7,11.5,51.5,29.099999999999994,39.00000000000001,119.6,76.0,48.70000000000001,63.50000000000001,188.2,83.70000000000002,62.9,85.99999999999999,232.59999999999997,-0.07099999999999995,0.5,139,5,0.6819721490904629,-0.7313781428679254,0.954,0.894,0.939
2024-05-19 00:00:00+00:00,0.954,1.126,0.904,1.361,0.641,1.273,1.336,111.098,26.11,0.0,0.3,2.8,1.121,1.192,0.689,0.53,0.551,0.904,1.126,0.922,1.27,1.03,1.751,153.388,173.255,55.186,0.0,0.3,2.8,0.0,0.8,0.9,14.7,0.1,0.4,36.8,28.2,37.7,14.7,1.1999999999999964,4.100000000000007,19.999999999999986,76.0,49.00000000000001,66.30000000000001,191.29999999999998,77.80000000000001,49.8,72.39999999999999,199.99999999999997,-0.16700000000000004,0.265,140,5,0.6692903895412567,-0.7430009249440493,0.894,0.939,0.854
2024-05-20 00:00:00+00:00,0.894,1.06,0.882,1.331,0.642,1.184,1.379,96.977,22.861,6.2,7.6,11.5,0.954,1.121,1.192,0.621,0.536,0.882,1.06,0.904,1.126,0.922,1.27,111.098,153.388,173.255,6.2,7.6,11.5,0.0,0.3,2.8,0.0,0.8,0.9,14.7,0.1,0.4,6.2,8.699999999999996,15.200000000000006,30.099999999999987,82.2,54.10000000000001,74.50000000000001,210.79999999999998,82.30000000000001,56.6,78.19999999999999,217.09999999999997,-0.05999999999999994,-0.29799999999999993,141,5,0.6564105761979381,-0.7544038410927472,0.939,0.854,0.82
2024-05-21 00:00:00+00:00,0.939,1.051,0.914,1.302,0.642,1.253,1.357,107.46,22.448,0.2,0.7,0.8,0.894,0.954,1.121,0.689,0.53,0.914,1.051,0.882,1.06,0.904,1.126,96.977,111.098,153.388,0.2,0.7,0.8,6.2,7.6,11.5,0.0,0.3,2.8,0.0,0.8,0.9,6.4,8.599999999999996,15.100000000000007,30.099999999999987,75.49999999999999,44.400000000000006,65.60000000000001,185.5,82.4,57.3,78.59999999999998,218.29999999999998,0.04499999999999993,-0.18200000000000005,142,5,0.6433365204044917,-0.765583517007675,0.854,0.82,0.878
2024-05-22 00:00:00+00:00,0.854,0.95,0.898,1.241,0.589,1.099,1.29,88.176,17.759,0.0,5.2,6.1,0.939,0.894,0.954,1.192,0.621,0.898,0.95,0.914,1.051,0.882,1.06,107.46,96.977,111.098,0.0,5.2,6.1,0.2,0.7,0.8,6.2,7.6,11.5,0.0,0.3,2.8,6.4,13.499999999999996,18.400000000000006,38.29999999999998,57.9,42.900000000000006,60.20000000000001,161.0,82.4,62.5,84.69999999999997,229.59999999999997,-0.08499999999999996,-0.09999999999999998,143,5,0.6300720909843687,-0.7765366444428655,0.82,0.878,0.808
2024-05-23 00:00:00+00:00,0.82,1.1,0.931,1.313,0.604,1.067,1.336,81.02,25.038,14.9,15.1,16.3,0.854,0.939,0.894,1.121,0.689,0.931,1.1,0.898,0.95,0.914,1.051,88.176,107.46,96.977,14.9,15.1,16.3,0.0,5.2,6.1,0.2,0.7,0.8,6.2,7.6,11.5,15.100000000000001,20.999999999999996,23.200000000000006,59.29999999999998,36.0,29.800000000000008,38.80000000000001,104.6,97.30000000000001,77.6,100.99999999999999,275.9,-0.03400000000000003,-0.07400000000000007,144,5,0.6166212130956382,-0.7872599821916922,0.878,0.808,0.779
2024-05-24 00:00:00+00:00,0.878,1.448,1.043,1.313,0.583,1.153,1.351,93.631,43.624,5.9,8.4,8.6,0.82,0.854,0.939,0.954,1.192,1.043,1.448,0.931,1.1,0.898,0.95,81.02,88.176,107.46,5.9,8.4,8.6,14.9,15.1,16.3,0.0,5.2,6.1,0.2,0.7,0.8,20.8,28.699999999999996,31.000000000000007,80.49999999999997,27.200000000000003,38.10000000000001,47.00000000000001,112.29999999999998,103.20000000000002,86.0,109.59999999999998,298.79999999999995,0.05800000000000005,-0.06099999999999994,145,5,0.6029878670694714,-0.7977503570459932,0.808,0.779,0.803
2024-05-25 00:00:00+00:00,0.808,1.219,0.939,1.245,0.544,1.021,1.292,78.544,30.89,3.8,1.1,5.9,0.878,0.82,0.854,0.894,1.121,0.939,1.219,1.043,1.448,0.931,1.1,93.631,81.02,88.176,3.8,1.1,5.9,5.9,8.4,8.6,14.9,15.1,16.3,0.0,5.2,6.1,24.6,24.599999999999994,30.800000000000008,79.99999999999999,31.0,38.40000000000001,52.000000000000014,121.39999999999999,107.00000000000001,87.10000000000001,115.49999999999999,309.59999999999997,-0.06999999999999995,-0.04599999999999993,146,5,0.5891760872322963,-0.8080046647350754,0.779,0.803,0.781
2024-05-26 00:00:00+00:00,0.779,1.145,0.969,1.24,0.537,0.996,1.27,72.381,27.144,2.5,3.1,2.4,0.808,0.878,0.82,0.939,0.954,0.969,1.145,0.939,1.219,1.043,1.448,78.544,93.631,81.02,2.5,3.1,2.4,3.8,1.1,5.9,5.9,8.4,8.6,14.9,15.1,16.3,12.2,12.599999999999998,16.900000000000006,41.69999999999999,33.5,41.2,51.60000000000001,126.3,109.50000000000001,90.2,117.89999999999998,317.59999999999997,-0.029000000000000026,-0.040999999999999925,147,5,0.5751899607119775,-0.8180198708443175,0.803,0.781,1.151
2024-05-27 00:00:00+00:00,0.803,1.176,1.0,1.23,0.531,1.019,1.281,77.409,28.709,2.2,2.9,2.5,0.779,0.808,0.878,0.854,0.894,1.0,1.176,0.969,1.145,0.939,1.219,72.381,78.544,93.631,2.2,2.9,2.5,2.5,3.1,2.4,3.8,1.1,5.9,5.9,8.4,8.6,8.5,7.099999999999996,10.800000000000008,26.399999999999984,29.5,36.500000000000014,42.60000000000001,108.6,111.70000000000002,90.60000000000001,117.09999999999998,319.4,0.02400000000000002,-0.07499999999999996,148,5,0.5610336262283677,-0.8277930117131022,0.781,1.151,1.182
2024-05-28 00:00:00+00:00,0.781,1.219,0.953,1.279,0.555,0.994,1.291,72.979,31.56,36.4,26.6,36.4,0.803,0.779,0.808,0.82,0.939,0.953,1.219,1.0,1.176,0.969,1.145,77.409,72.381,78.544,36.4,26.6,36.4,2.2,2.9,2.5,2.5,3.1,2.4,3.8,1.1,5.9,41.1,32.599999999999994,41.300000000000004,114.99999999999999,65.7,62.400000000000006,78.20000000000002,206.3,141.2,106.8,143.79999999999998,391.79999999999995,-0.02200000000000002,-0.027000000000000024,149,5,0.5467112728685939,-0.8373211953118121,1.151,1.182,1.086
2024-05-29 00:00:00+00:00,1.151,1.944,1.042,1.583,0.785,1.657,1.482,162.839,74.587,19.7,12.8,21.0,0.781,0.803,0.779,0.878,0.854,1.042,1.944,0.953,1.219,1.0,1.176,72.979,77.409,72.381,19.7,12.8,21.0,36.4,26.6,36.4,2.2,2.9,2.5,2.5,3.1,2.4,58.3,42.3,59.900000000000006,160.5,85.39999999999999,70.0,93.10000000000002,248.5,143.3,112.89999999999999,153.29999999999998,409.5,0.37,0.372,150,5,0.5322271388474397,-0.8466016020976267,1.182,1.086,1.039
2024-05-30 00:00:00+00:00,1.182,1.779,1.019,1.411,0.639,1.619,1.44,170.024,63.779,6.6,2.3,5.0,1.151,0.781,0.803,0.808,0.82,1.019,1.779,1.042,1.944,0.953,1.219,162.839,72.979,77.409,6.6,2.3,5.0,19.7,12.8,21.0,36.4,26.6,36.4,2.2,2.9,2.5,62.699999999999996,41.699999999999996,62.400000000000006,166.79999999999998,77.1,57.20000000000001,81.80000000000001,216.1,113.10000000000001,87.0,120.6,320.69999999999993,0.030999999999999917,0.3789999999999999,151,5,0.5175855102531889,-0.8556314858488706,1.086,1.039,0.956
2024-05-31 00:00:00+00:00,1.086,1.54,1.004,1.368,0.608,1.47,1.403,143.876,48.893,4.3,3.0,7.9,1.182,1.151,0.781,0.779,0.878,1.004,1.54,1.019,1.779,1.042,1.944,170.024,162.839,72.979,4.3,3.0,7.9,6.6,2.3,5.0,19.7,12.8,21.0,36.4,26.6,36.4,30.599999999999998,18.099999999999998,33.900000000000006,82.59999999999998,75.5,51.800000000000004,81.10000000000001,208.4,102.7,89.89999999999999,128.1,320.7,-0.09599999999999986,0.30500000000000005,152,5,0.5027907197793043,-0.8644081744776648,1.039,0.956,0.882
2024-06-01 00:00:00+00:00,1.039,1.413,1.0,1.353,0.607,1.396,1.312,131.786,41.516,1.8,0.2,2.1,1.086,1.182,1.151,0.803,0.808,1.0,1.413,1.004,1.54,1.019,1.779,143.876,170.024,162.839,1.8,0.2,2.1,4.3,3.0,7.9,6.6,2.3,5.0,19.7,12.8,21.0,12.7,5.4999999999999964,15.000000000000007,33.19999999999998,73.49999999999999,50.900000000000006,77.30000000000001,201.70000000000002,104.50000000000001,89.3,129.29999999999998,323.09999999999997,-0.04700000000000015,-0.1120000000000001,153,6,0.4878471454423119,-0.8729290708206411,0.956,0.882,0.837
2024-06-02 00:00:00+00:00,0.956,1.267,0.953,1.307,0.578,1.259,1.347,111.548,33.43,0.0,0.0,0.0,1.039,1.086,1.182,0.781,0.779,0.953,1.267,1.0,1.413,1.004,1.54,131.786,143.876,170.024,0.0,0.0,0.0,1.8,0.2,2.1,4.3,3.0,7.9,6.6,2.3,5.0,6.1,3.1999999999999966,10.000000000000007,19.299999999999983,70.99999999999999,47.80000000000001,74.90000000000002,193.70000000000002,104.50000000000001,89.0,126.49999999999999,319.99999999999994,-0.08299999999999996,-0.22599999999999998,154,6,0.47275920928627757,-0.881191653407483,0.882,0.837,0.783
2024-06-03 00:00:00+00:00,0.882,1.11,0.896,1.275,0.554,1.141,1.301,94.367,25.297,4.6,1.9,3.1,0.956,1.039,1.086,1.151,0.803,0.896,1.11,0.953,1.267,1.0,1.413,111.548,131.786,143.876,4.6,1.9,3.1,0.0,0.0,0.0,1.8,0.2,2.1,4.3,3.0,7.9,6.3999999999999995,2.099999999999996,5.200000000000007,13.699999999999985,73.39999999999999,46.800000000000004,75.50000000000001,195.7,102.9,83.30000000000001,118.09999999999998,304.29999999999995,-0.07399999999999995,-0.20400000000000007,155,6,0.4575313760742512,-0.8891934772070711,0.837,0.783,0.728
2024-06-04 00:00:00+00:00,0.837,1.067,0.903,1.236,0.546,1.067,1.321,84.502,23.203,1.8,3.7,3.5,0.882,0.956,1.039,1.182,0.781,0.903,1.067,0.896,1.11,0.953,1.267,94.367,111.548,131.786,1.8,3.7,3.5,4.6,1.9,3.1,0.0,0.0,0.0,1.8,0.2,2.1,6.3999999999999995,5.599999999999996,6.600000000000007,18.599999999999987,38.79999999999999,23.900000000000006,42.60000000000001,105.3,104.50000000000001,86.30000000000001,120.79999999999998,311.59999999999997,-0.04500000000000004,-0.20199999999999996,156,6,0.44216815196707204,-0.8969321743510065,0.783,0.728,0.687
2024-06-05 00:00:00+00:00,0.783,1.011,0.895,1.168,0.529,0.977,1.284,73.314,20.535,0.0,0.0,0.0,0.837,0.882,0.956,1.086,1.151,0.895,1.011,0.903,1.067,0.896,1.11,84.502,94.367,111.548,0.0,0.0,0.0,1.8,3.7,3.5,4.6,1.9,3.1,0.0,0.0,0.0,6.3999999999999995,5.599999999999996,6.600000000000007,18.599999999999987,19.09999999999999,11.100000000000007,21.60000000000001,51.8,104.50000000000001,81.10000000000001,114.69999999999999,300.29999999999995,-0.05399999999999994,-0.17299999999999993,157,6,0.42667408318992467,-0.9044054548343001,0.728,0.687,0.659
2024-06-06 00:00:00+00:00,0.728,0.938,0.822,1.136,0.5,0.881,1.3,62.32,17.229,0.0,0.0,0.0,0.783,0.837,0.882,1.039,1.182,0.822,0.938,0.895,1.011,0.903,1.067,73.314,84.502,94.367,0.0,0.0,0.0,0.0,0.0,0.0,1.8,3.7,3.5,4.6,1.9,3.1,1.8,3.699999999999996,3.500000000000007,8.999999999999986,12.499999999999993,8.800000000000008,16.60000000000001,37.9,89.60000000000001,66.0,98.39999999999998,254.0,-0.05500000000000005,-0.15400000000000003,158,6,0.4110537546870351,-0.9116111071930239,0.687,0.659,0.638
2024-06-07 00:00:00+00:00,0.687,0.862,0.76,1.115,0.484,0.812,1.277,54.637,13.914,0.0,0.0,0.0,0.728,0.783,0.837,0.956,1.086,0.76,0.862,0.822,0.938,0.895,1.011,62.32,73.314,84.502,0.0,0.0,0.0,0.0,0.0,0.0,0.0,0.0,0.0,1.8,3.7,3.5,0.0,0.0,0.0,0.0,8.199999999999992,5.800000000000007,8.700000000000006,22.7,83.7,57.6,89.79999999999998,231.09999999999997,-0.040999999999999925,-0.1499999999999999,159,6,0.3953117887649151,-0.9185469991587165,0.659,0.638,0.633
2024-06-08 00:00:00+00:00,0.659,0.834,0.754,1.1,0.47,0.76,1.239,49.602,12.752,0.0,0.0,0.0,0.687,0.728,0.783,0.882,1.039,0.754,0.834,0.76,0.862,0.822,0.938,54.637,62.32,73.314,0.0,0.0,0.0,0.0,0.0,0.0,0.0,0.0,0.0,0.0,0.0,0.0,0.0,0.0,0.0,0.0,6.399999999999992,5.600000000000007,6.600000000000008,18.6,79.9,56.5,83.89999999999998,220.29999999999995,-0.028000000000000025,-0.124,160,6,0.37945284372454435,-0.925211078289358,0.638,0.633,0.606
2024-06-09 00:00:00+00:00,0.638,0.822,0.758,1.095,0.462,0.722,1.286,45.907,12.266,5.7,6.1,7.7,0.659,0.687,0.728,0.837,0.956,0.758,0.822,0.754,0.834,0.76,0.862,49.602,54.637,62.32,5.7,6.1,7.7,0.0,0.0,0.0,0.0,0.0,0.0,0.0,0.0,0.0,5.7,6.099999999999996,7.700000000000007,19.499999999999986,12.099999999999993,11.700000000000006,14.300000000000008,38.1,83.10000000000001,59.5,89.19999999999999,231.79999999999995,-0.02100000000000002,-0.08999999999999997,161,6,0.36348161248290634,-0.9316013725767187,0.633,0.606,0.597
2024-06-10 00:00:00+00:00,0.633,0.804,0.756,1.092,0.459,0.714,1.255,45.105,11.576,0.1,0.1,0.0,0.638,0.659,0.687,0.783,0.882,0.756,0.804,0.758,0.822,0.754,0.834,45.907,49.602,54.637,0.1,0.1,0.0,5.7,6.1,7.7,0.0,0.0,0.0,0.0,0.0,0.0,5.8,6.199999999999996,7.700000000000007,19.699999999999985,7.5999999999999925,9.900000000000006,11.200000000000006,28.7,81.0,56.7,86.69999999999999,224.39999999999998,-0.0050000000000000044,-0.05400000000000005,162,6,0.3474028211842774,-0.9377159910299093,0.606,0.597,0.574
2024-06-11 00:00:00+00:00,0.606,0.77,0.746,1.072,0.442,0.658,1.279,40.551,10.296,0.9,0.0,0.0,0.633,0.638,0.659,0.728,0.837,0.746,0.77,0.756,0.804,0.758,0.822,45.105,45.907,49.602,0.9,0.0,0.0,0.1,0.1,0.0,5.7,6.1,7.7,0.0,0.0,0.0,6.7,6.199999999999996,7.700000000000007,20.599999999999987,6.699999999999993,6.200000000000006,7.700000000000007,20.6,45.500000000000014,30.1,50.29999999999998,125.89999999999996,-0.027000000000000024,-0.05300000000000005,163,6,0.3312212278016865,-0.9435531242349544,0.597,0.574,0.595
2024-06-12 00:00:00+00:00,0.597,0.751,0.741,1.054,0.428,0.64,1.247,39.022,9.602,0.0,0.0,0.0,0.606,0.633,0.638,0.687,0.783,0.741,0.751,0.746,0.77,0.756,0.804,40.551,45.105,45.907,0.0,0.0,0.0,0.9,0.0,0.0,0.1,0.1,0.0,5.7,6.1,7.7,1.0,0.09999999999999645,0.0,1.0999999999999859,6.699999999999993,6.200000000000006,7.700000000000007,20.6,25.80000000000001,17.3,29.299999999999986,72.39999999999996,-0.009000000000000008,-0.041000000000000036,164,6,0.31494162072895193,-0.9491110448902284,0.574,0.595,0.584
2024-06-13 00:00:00+00:00,0.574,0.739,0.739,1.034,0.423,0.598,1.264,35.221,9.202,5.2,5.2,15.4,0.597,0.606,0.633,0.659,0.728,0.739,0.739,0.741,0.751,0.746,0.77,39.022,40.551,45.105,5.2,5.2,15.4,0.0,0.0,0.0,0.9,0.0,0.0,0.1,0.1,0.0,6.1000000000000005,5.199999999999997,15.400000000000007,26.699999999999985,11.899999999999993,11.400000000000006,23.10000000000001,46.400000000000006,24.400000000000013,20.2,39.69999999999999,84.29999999999997,-0.02300000000000002,-0.05900000000000005,165,6,0.2985688173637202,-0.9543881083175908,0.595,0.584,0.578
2024-06-14 00:00:00+00:00,0.595,0.776,0.746,1.103,0.457,0.67,1.281,38.621,10.513,1.2,6.7,4.1,0.574,0.597,0.606,0.638,0.687,0.746,0.776,0.739,0.739,0.741,0.751,35.221,39.022,40.551,1.2,6.7,4.1,5.2,5.2,15.4,0.0,0.0,0.0,0.9,0.0,0.0,6.4,11.899999999999997,19.500000000000007,37.79999999999998,13.099999999999993,18.10000000000001,27.200000000000006,58.400000000000006,21.300000000000015,23.9,35.89999999999999,81.09999999999997,0.02100000000000002,-0.01100000000000001,166,6,0.2821076626819194,-0.9593827529490743,0.584,0.578,0.576
2024-06-15 00:00:00+00:00,0.584,0.745,0.743,1.054,0.435,0.613,1.249,36.862,9.394,0.6,10.1,5.1,0.595,0.574,0.597,0.633,0.659,0.743,0.745,0.746,0.776,0.739,0.739,38.621,35.221,39.022,0.6,10.1,5.1,1.2,6.7,4.1,5.2,5.2,15.4,0.0,0.0,0.0,7.0,21.999999999999996,24.60000000000001,53.59999999999999,13.699999999999994,28.200000000000006,32.300000000000004,74.2,20.100000000000016,33.8,38.899999999999984,92.79999999999997,-0.01100000000000001,-0.013000000000000012,167,6,0.26556302780405594,-0.9640935007889755,0.578,0.576,0.603
2024-06-16 00:00:00+00:00,0.578,0.75,0.744,1.058,0.462,0.608,1.27,35.978,9.608,3.1,1.2,1.5,0.584,0.595,0.574,0.606,0.638,0.744,0.75,0.743,0.745,0.746,0.776,36.862,38.621,35.221,3.1,1.2,1.5,0.6,10.1,5.1,1.2,6.7,4.1,5.2,5.2,15.4,4.9,17.999999999999996,10.700000000000006,33.59999999999999,11.099999999999993,23.300000000000008,26.10000000000001,60.5,23.200000000000014,35.0,40.399999999999984,98.59999999999998,-0.006000000000000005,0.0040000000000000036,168,6,0.24893980855376657,-0.9685189578512204,0.576,0.603,0.603
2024-06-17 00:00:00+00:00,0.576,0.74,0.748,1.03,0.426,0.605,1.26,35.536,9.263,10.7,9.4,11.5,0.578,0.584,0.595,0.597,0.633,0.748,0.74,0.744,0.75,0.743,0.745,35.978,36.862,38.621,10.7,9.4,11.5,3.1,1.2,1.5,0.6,10.1,5.1,1.2,6.7,4.1,14.399999999999999,20.699999999999996,18.10000000000001,53.19999999999999,21.699999999999992,32.60000000000001,37.60000000000001,91.9,29.300000000000015,42.5,48.79999999999998,120.59999999999997,-0.0020000000000000018,-0.019000000000000017,169,6,0.23224292400907015,-0.9726578145718654,0.603,0.603,0.566
2024-06-18 00:00:00+00:00,0.603,0.812,0.764,1.146,0.508,0.676,1.255,40.043,11.965,0.3,0.0,0.6,0.576,0.578,0.584,0.574,0.606,0.764,0.812,0.748,0.74,0.744,0.75,35.536,35.978,36.862,0.3,0.0,0.6,10.7,9.4,11.5,3.1,1.2,1.5,0.6,10.1,5.1,14.1,10.599999999999996,13.600000000000007,38.29999999999999,21.09999999999999,32.60000000000001,38.20000000000001,91.9,27.800000000000015,38.8,45.899999999999984,112.49999999999997,0.027000000000000024,0.019000000000000017,170,6,0.21547731504673012,-0.976508846196619,0.603,0.566,0.61
2024-06-19 00:00:00+00:00,0.603,0.739,0.752,1.051,0.438,0.648,1.215,40.101,9.212,0.0,0.1,0.8,0.603,0.576,0.578,0.595,0.597,0.752,0.739,0.764,0.812,0.748,0.74,40.043,35.536,35.978,0.0,0.1,0.8,0.3,0.0,0.6,10.7,9.4,11.5,3.1,1.2,1.5,11.0,9.499999999999996,12.900000000000007,33.399999999999984,21.099999999999994,32.70000000000001,39.00000000000001,92.80000000000001,27.800000000000015,38.9,46.69999999999998,113.39999999999996,0.0,0.025000000000000022,171,6,0.19864794288017112,-0.9800709131432666,0.566,0.61,0.653
2024-06-20 00:00:00+00:00,0.566,0.752,0.731,1.038,0.417,0.579,1.264,34.036,9.673,7.3,8.4,4.5,0.603,0.603,0.576,0.584,0.574,0.731,0.752,0.752,0.739,0.764,0.812,40.101,40.043,35.536,7.3,8.4,4.5,0.0,0.1,0.8,0.3,0.0,0.6,10.7,9.4,11.5,7.6,8.499999999999996,5.9000000000000075,21.999999999999986,23.19999999999999,35.900000000000006,28.100000000000005,87.19999999999999,35.100000000000016,47.3,51.19999999999999,133.59999999999997,-0.03700000000000003,-0.010000000000000009,172,6,0.18175978759137534,-0.9833429613388902,0.61,0.653,0.572
2024-06-21 00:00:00+00:00,0.61,0.774,0.709,1.138,0.444,0.727,1.284,41.617,10.469,1.7,10.7,15.5,0.566,0.603,0.603,0.578,0.595,0.709,0.774,0.731,0.752,0.752,0.739,34.036,40.101,40.043,1.7,10.7,15.5,7.3,8.4,4.5,0.0,0.1,0.8,0.3,0.0,0.6,9.0,19.199999999999996,20.800000000000008,48.999999999999986,23.699999999999992,39.900000000000006,39.50000000000001,103.1,36.80000000000001,58.0,66.69999999999999,161.49999999999997,0.04400000000000004,0.007000000000000006,173,6,0.16481784665719793,-0.9863240225317866,0.653,0.572,0.555
2024-06-22 00:00:00+00:00,0.653,0.754,0.701,1.074,0.42,0.722,1.295,48.673,9.733,0.0,0.0,0.0,0.61,0.566,0.603,0.576,0.584,0.701,0.754,0.709,0.774,0.731,0.752,41.617,34.036,40.101,0.0,0.0,0.0,1.7,10.7,15.5,7.3,8.4,4.5,0.0,0.1,0.8,9.0,19.099999999999994,20.000000000000007,48.09999999999999,23.09999999999999,29.800000000000004,34.400000000000006,87.3,36.80000000000001,58.0,66.69999999999999,161.49999999999997,0.04300000000000004,0.050000000000000044,174,6,0.14782713347053048,-0.9890132145779883,0.572,0.555,0.538
2024-06-23 00:00:00+00:00,0.572,0.713,0.692,1.028,0.387,0.591,1.25,34.936,8.349,0.0,0.0,0.0,0.653,0.61,0.566,0.603,0.578,0.692,0.713,0.701,0.754,0.709,0.774,48.673,41.617,34.036,0.0,0.0,0.0,0.0,0.0,0.0,1.7,10.7,15.5,7.3,8.4,4.5,1.7,10.699999999999996,15.500000000000007,27.899999999999984,19.999999999999993,28.60000000000001,32.900000000000006,81.5,31.100000000000012,51.900000000000006,58.999999999999986,141.99999999999997,-0.08100000000000007,0.006000000000000005,175,6,0.13079267585675922,-0.9914097417023038,0.555,0.538,0.503
2024-06-24 00:00:00+00:00,0.555,0.685,0.685,1.102,0.367,0.588,1.263,32.371,7.435,0.0,0.0,0.0,0.572,0.653,0.61,0.603,0.576,0.685,0.685,0.692,0.713,0.701,0.754,34.936,48.673,41.617,0.0,0.0,0.0,0.0,0.0,0.0,0.0,0.0,0.0,1.7,10.7,15.5,0.0,0.0,0.0,0.0,9.299999999999992,19.20000000000001,21.400000000000006,49.9,31.000000000000014,51.8,58.999999999999986,141.79999999999995,-0.016999999999999904,-0.05499999999999994,176,6,0.11371951458594969,-0.9935128947338007,0.538,0.503,0.489
2024-06-25 00:00:00+00:00,0.538,0.669,0.681,0.993,0.353,0.521,1.276,29.676,6.964,0.0,0.0,0.0,0.555,0.572,0.653,0.566,0.603,0.681,0.669,0.685,0.685,0.692,0.713,32.371,34.936,48.673,0.0,0.0,0.0,0.0,0.0,0.0,0.0,0.0,0.0,0.0,0.0,0.0,0.0,0.0,0.0,0.0,8.999999999999991,19.20000000000001,20.800000000000004,49.0,30.100000000000016,51.8,58.999999999999986,140.89999999999998,-0.017000000000000015,-0.11499999999999999,177,6,0.0966127018812031,-0.9953220513156602,0.503,0.489,0.482
2024-06-26 00:00:00+00:00,0.503,0.66,0.675,0.985,0.345,0.483,1.269,24.403,6.681,0.0,0.0,0.0,0.538,0.555,0.572,0.61,0.603,0.675,0.66,0.681,0.669,0.685,0.685,29.676,32.371,34.936,0.0,0.0,0.0,0.0,0.0,0.0,0.0,0.0,0.0,0.0,0.0,0.0,0.0,0.0,0.0,0.0,8.999999999999991,19.10000000000001,20.000000000000007,48.1,30.100000000000016,51.8,58.999999999999986,140.89999999999998,-0.03500000000000003,-0.06899999999999995,178,6,0.07947729992362097,-0.9968366760893436,0.489,0.482,0.578
2024-06-27 00:00:00+00:00,0.489,0.652,0.709,0.975,0.332,0.462,1.268,22.53,6.441,0.0,0.0,0.0,0.503,0.538,0.555,0.653,0.566,0.709,0.652,0.675,0.66,0.681,0.669,24.403,29.676,32.371,0.0,0.0,0.0,0.0,0.0,0.0,0.0,0.0,0.0,0.0,0.0,0.0,0.0,0.0,0.0,0.0,1.6999999999999929,10.700000000000006,15.500000000000005,27.9,24.900000000000013,46.599999999999994,43.59999999999998,115.09999999999997,-0.014000000000000012,-0.06600000000000006,179,6,0.062318379354325076,-0.998056320853012,0.482,0.578,0.644
2024-06-28 00:00:00+00:00,0.482,0.668,0.752,0.971,0.327,0.445,1.26,21.431,6.959,13.5,28.3,16.2,0.489,0.503,0.538,0.572,0.61,0.752,0.668,0.709,0.652,0.675,0.66,22.53,24.403,29.676,13.5,28.3,16.2,0.0,0.0,0.0,0.0,0.0,0.0,0.0,0.0,0.0,13.5,28.299999999999997,16.200000000000006,57.999999999999986,13.499999999999993,28.300000000000008,16.200000000000003,58.0,37.20000000000001,68.19999999999999,55.69999999999999,161.09999999999997,-0.007000000000000006,-0.05600000000000005,180,6,0.04514101777397193,-0.9989806246941579,0.578,0.644,0.575
2024-06-29 00:00:00+00:00,0.578,0.843,0.778,1.175,0.518,0.645,1.297,36.243,13.168,12.0,15.9,11.1,0.482,0.489,0.503,0.555,0.653,0.778,0.843,0.752,0.668,0.709,0.652,21.431,22.53,24.403,12.0,15.9,11.1,13.5,28.3,16.2,0.0,0.0,0.0,0.0,0.0,0.0,25.5,44.199999999999996,27.300000000000004,96.99999999999999,25.499999999999993,44.20000000000001,27.300000000000004,97.0,48.60000000000001,74.0,61.69999999999999,184.29999999999995,0.09599999999999997,0.07499999999999996,181,6,0.02795029824021032,-0.999609314096404,0.644,0.575,0.565
2024-06-30 00:00:00+00:00,0.644,0.829,0.776,1.16,0.432,0.754,1.263,47.116,12.595,0.1,6.2,2.4,0.578,0.482,0.489,0.538,0.572,0.776,0.829,0.778,0.843,0.752,0.668,36.243,21.431,22.53,0.1,6.2,2.4,12.0,15.9,11.1,13.5,28.3,16.2,0.0,0.0,0.0,25.6,50.4,29.700000000000006,105.69999999999999,25.599999999999994,50.400000000000006,29.700000000000006,105.7,45.60000000000001,79.0,62.59999999999999,187.2,0.06600000000000006,0.15500000000000003,182,6,0.01075130776352193,-0.9999422030204416,0.575,0.565,0.576
2024-07-01 00:00:00+00:00,0.575,0.765,0.764,1.069,0.391,0.598,1.325,35.493,10.131,6.3,6.8,9.4,0.644,0.578,0.482,0.503,0.555,0.764,0.765,0.776,0.829,0.778,0.843,47.116,36.243,21.431,6.3,6.8,9.4,0.1,6.2,2.4,12.0,15.9,11.1,13.5,28.3,16.2,18.4,28.9,22.900000000000006,70.19999999999999,31.89999999999999,57.20000000000001,39.10000000000001,128.2,41.20000000000001,76.39999999999999,60.499999999999986,178.09999999999997,-0.06900000000000006,0.09299999999999997,183,7,-0.00645086419810515,-0.9999791929590823,0.565,0.576,0.55
2024-07-02 00:00:00+00:00,0.565,0.778,0.768,1.087,0.399,0.601,1.24,33.83,10.603,4.5,5.5,4.7,0.575,0.644,0.578,0.489,0.538,0.768,0.778,0.764,0.765,0.776,0.829,35.493,47.116,36.243,4.5,5.5,4.7,6.3,6.8,9.4,0.1,6.2,2.4,12.0,15.9,11.1,10.899999999999999,18.499999999999996,16.500000000000007,45.899999999999984,36.39999999999999,62.70000000000001,43.800000000000004,142.9,45.40000000000001,81.9,64.59999999999998,191.89999999999998,-0.010000000000000009,-0.013000000000000012,184,7,-0.023651127245231586,-0.9997202729664083,0.576,0.55,0.521
2024-07-03 00:00:00+00:00,0.576,0.779,0.766,1.084,0.401,0.613,1.286,35.617,10.616,2.8,3.7,4.1,0.565,0.575,0.644,0.482,0.503,0.766,0.779,0.768,0.778,0.764,0.765,33.83,35.493,47.116,2.8,3.7,4.1,4.5,5.5,4.7,6.3,6.8,9.4,0.1,6.2,2.4,13.6,15.999999999999996,18.200000000000006,47.79999999999999,39.19999999999999,66.4,47.900000000000006,153.5,48.20000000000002,85.5,67.89999999999999,201.59999999999997,0.01100000000000001,-0.06800000000000006,185,7,-0.04084439154329611,-0.9991655196610109,0.55,0.521,0.506
2024-07-04 00:00:00+00:00,0.55,0.735,0.757,1.041,0.367,0.554,1.31,31.497,9.073,0.0,0.5,0.4,0.576,0.565,0.575,0.578,0.489,0.757,0.735,0.766,0.779,0.768,0.778,35.617,33.83,35.493,0.0,0.5,0.4,2.8,3.7,4.1,4.5,5.5,4.7,6.3,6.8,9.4,7.3,9.699999999999996,9.200000000000006,26.199999999999985,39.19999999999999,66.9,48.300000000000004,154.4,40.90000000000001,77.6,63.79999999999999,182.29999999999998,-0.025999999999999912,-0.02499999999999991,186,7,-0.05802556932878035,-0.9983150972033183,0.521,0.506,0.492
2024-07-05 00:00:00+00:00,0.521,0.708,0.75,1.024,0.355,0.511,1.236,27.067,8.172,0.6,0.8,1.1,0.55,0.576,0.565,0.644,0.482,0.75,0.708,0.757,0.735,0.766,0.779,31.497,35.617,33.83,0.6,0.8,1.1,0.0,0.5,0.4,2.8,3.7,4.1,4.5,5.5,4.7,3.4,4.9999999999999964,5.600000000000007,13.999999999999986,26.299999999999994,39.40000000000001,33.20000000000001,98.89999999999999,39.80000000000002,67.7,49.399999999999984,156.89999999999998,-0.029000000000000026,-0.04399999999999993,187,7,-0.07518957641475855,-0.9971692572470178,0.506,0.492,0.482
2024-07-06 00:00:00+00:00,0.506,0.687,0.746,1.008,0.34,0.487,1.274,24.882,7.523,0.0,0.0,0.0,0.521,0.55,0.576,0.575,0.578,0.746,0.687,0.75,0.708,0.757,0.735,27.067,31.497,35.617,0.0,0.0,0.0,0.6,0.8,1.1,0.0,0.5,0.4,2.8,3.7,4.1,0.6,1.2999999999999965,1.500000000000007,3.3999999999999857,14.299999999999992,23.500000000000007,22.10000000000001,59.9,39.80000000000002,67.7,49.39999999999999,156.89999999999998,-0.015000000000000013,-0.06999999999999995,188,7,-0.09233133369539122,-0.9957283388645872,0.492,0.482,0.486
2024-07-07 00:00:00+00:00,0.492,0.676,0.707,0.994,0.33,0.462,1.281,22.868,7.177,0.0,0.0,0.0,0.506,0.521,0.55,0.565,0.644,0.707,0.676,0.746,0.687,0.75,0.708,24.882,27.067,31.497,0.0,0.0,0.0,0.0,0.0,0.0,0.6,0.8,1.1,0.0,0.5,0.4,0.6,0.7999999999999965,1.1000000000000072,2.499999999999986,14.199999999999992,17.300000000000008,19.700000000000006,51.2,39.80000000000002,67.7,49.39999999999999,156.89999999999998,-0.014000000000000012,-0.05800000000000005,189,7,-0.10944576864891556,-0.993992768446958,0.482,0.486,0.489
2024-07-08 00:00:00+00:00,0.482,0.653,0.671,0.985,0.319,0.446,1.275,21.456,6.494,8.0,1.7,5.5,0.492,0.506,0.521,0.576,0.575,0.671,0.653,0.707,0.676,0.746,0.687,22.868,24.882,27.067,8.0,1.7,5.5,0.0,0.0,0.0,0.0,0.0,0.0,0.6,0.8,1.1,8.0,1.6999999999999964,5.500000000000007,15.199999999999985,15.899999999999991,12.200000000000006,15.800000000000008,43.9,47.80000000000001,69.4,54.89999999999999,172.09999999999997,-0.010000000000000009,-0.039000000000000035,190,7,-0.12652781683868314,-0.9919630595773397,0.486,0.489,0.558
2024-07-09 00:00:00+00:00,0.486,0.686,0.672,1.008,0.336,0.462,1.262,22.031,7.5,4.1,12.9,9.0,0.482,0.492,0.506,0.55,0.565,0.672,0.686,0.671,0.653,0.707,0.676,21.456,22.868,24.882,4.1,12.9,9.0,8.0,1.7,5.5,0.0,0.0,0.0,0.0,0.0,0.0,12.1,14.599999999999996,14.500000000000007,41.19999999999999,15.499999999999993,19.60000000000001,20.10000000000001,55.2,51.90000000000001,82.30000000000001,63.89999999999999,198.09999999999997,0.0040000000000000036,-0.020000000000000018,191,7,-0.1435724234118113,-0.9896398128792412,0.489,0.558,0.605
2024-07-10 00:00:00+00:00,0.489,0.645,0.673,0.989,0.331,0.465,1.25,22.433,6.258,0.1,0.0,0.0,0.486,0.482,0.492,0.521,0.576,0.673,0.645,0.672,0.686,0.671,0.653,22.031,21.456,22.868,0.1,0.0,0.0,4.1,12.9,9.0,8.0,1.7,5.5,0.0,0.0,0.0,12.2,14.599999999999996,14.500000000000007,41.29999999999998,12.799999999999992,15.90000000000001,16.000000000000007,44.699999999999996,52.000000000000014,82.30000000000001,63.89999999999999,198.2,0.0030000000000000027,-0.0030000000000000027,192,7,-0.16057454459499376,-0.9870237158387383,0.558,0.605,0.545
2024-07-11 00:00:00+00:00,0.558,0.815,0.685,1.021,0.365,0.587,1.334,33.055,12.538,26.8,11.4,12.9,0.489,0.486,0.482,0.506,0.55,0.685,0.815,0.673,0.645,0.672,0.686,22.433,22.031,21.456,26.8,11.4,12.9,0.1,0.0,0.0,4.1,12.9,9.0,8.0,1.7,5.5,31.0,24.299999999999997,21.900000000000006,77.19999999999999,39.599999999999994,26.80000000000001,28.500000000000007,94.9,78.80000000000001,93.7,76.79999999999998,249.29999999999998,0.06900000000000006,0.07600000000000007,193,7,-0.17752914918703497,-0.984115542601034,0.605,0.545,0.509
2024-07-12 00:00:00+00:00,0.605,0.755,0.684,1.011,0.364,0.64,1.204,40.435,9.751,0.0,0.0,0.1,0.558,0.489,0.486,0.492,0.521,0.684,0.755,0.685,0.815,0.673,0.645,33.055,22.433,22.031,0.0,0.0,0.1,26.8,11.4,12.9,0.1,0.0,0.0,4.1,12.9,9.0,26.9,11.399999999999997,13.000000000000007,51.29999999999998,38.99999999999999,26.000000000000007,27.500000000000007,92.5,65.30000000000001,65.4,60.69999999999999,191.39999999999998,0.04699999999999993,0.119,194,7,-0.19443122004766195,-0.9809161537413774,0.545,0.509,0.539
2024-07-13 00:00:00+00:00,0.545,0.698,0.678,0.985,0.331,0.538,1.219,30.692,7.856,0.0,0.0,0.0,0.605,0.558,0.489,0.482,0.506,0.678,0.698,0.684,0.755,0.685,0.815,40.435,33.055,22.433,0.0,0.0,0.0,0.0,0.0,0.1,26.8,11.4,12.9,0.1,0.0,0.0,26.8,11.399999999999997,13.000000000000007,51.19999999999998,38.99999999999999,26.000000000000007,27.500000000000007,92.5,53.30000000000001,49.5,49.59999999999999,152.39999999999998,-0.05999999999999994,0.05600000000000005,195,7,-0.2112757555821793,-0.9774264960104055,0.509,0.539,0.59
2024-07-14 00:00:00+00:00,0.509,0.67,0.671,0.972,0.323,0.489,1.296,25.298,6.998,7.2,20.9,5.2,0.545,0.605,0.558,0.486,0.492,0.671,0.67,0.678,0.698,0.684,0.755,30.692,40.435,33.055,7.2,20.9,5.2,0.0,0.0,0.0,0.0,0.0,0.1,26.8,11.4,12.9,7.2,20.899999999999995,5.300000000000007,33.39999999999998,46.199999999999996,46.900000000000006,32.70000000000001,125.8,60.40000000000001,64.19999999999999,52.399999999999984,176.99999999999994,-0.03600000000000003,-0.049000000000000044,196,7,-0.2280577712215198,-0.9736476020539838,0.539,0.59,0.531
2024-07-15 00:00:00+00:00,0.539,0.735,0.682,1.095,0.51,0.586,1.282,30.023,9.138,13.6,4.7,15.6,0.509,0.545,0.605,0.489,0.482,0.682,0.735,0.671,0.67,0.678,0.698,25.298,30.692,40.435,13.6,4.7,15.6,7.2,20.9,5.2,0.0,0.0,0.0,0.0,0.0,0.1,20.8,25.599999999999994,20.800000000000008,67.19999999999997,51.8,49.900000000000006,42.80000000000001,144.5,67.70000000000002,62.1,58.59999999999999,188.39999999999995,0.030000000000000027,-0.06599999999999995,197,7,-0.24477230089725957,-0.9695805901076308,0.59,0.531,0.497
2024-07-16 00:00:00+00:00,0.59,0.777,0.691,1.038,0.385,0.633,1.294,37.99,10.615,0.0,0.0,0.4,0.539,0.509,0.545,0.558,0.486,0.691,0.777,0.682,0.735,0.671,0.67,30.023,25.298,30.692,0.0,0.0,0.4,13.6,4.7,15.6,7.2,20.9,5.2,0.0,0.0,0.0,20.799999999999997,25.599999999999994,21.200000000000006,67.59999999999998,47.69999999999999,37.00000000000001,34.20000000000001,118.89999999999999,63.20000000000002,56.6,54.29999999999998,174.09999999999997,0.050999999999999934,0.04499999999999993,198,7,-0.2614143985111562,-0.965226663665613,0.531,0.497,0.48
2024-07-17 00:00:00+00:00,0.531,0.696,0.676,0.99,0.34,0.53,1.266,28.581,7.798,0.0,0.0,0.0,0.59,0.539,0.509,0.605,0.489,0.676,0.696,0.691,0.777,0.682,0.735,37.99,30.023,25.298,0.0,0.0,0.0,0.0,0.0,0.4,13.6,4.7,15.6,7.2,20.9,5.2,13.6,4.699999999999997,16.000000000000007,34.299999999999976,47.599999999999994,37.00000000000001,34.20000000000001,118.8,60.40000000000001,52.9,50.19999999999998,163.49999999999997,-0.05899999999999994,0.02200000000000002,199,7,-0.2779791393987801,-0.9605871111248129,0.497,0.48,0.471
2024-07-18 00:00:00+00:00,0.497,0.665,0.673,0.972,0.32,0.472,1.269,23.654,6.841,0.0,0.0,0.0,0.531,0.59,0.539,0.545,0.558,0.673,0.665,0.676,0.696,0.691,0.777,28.581,37.99,30.023,0.0,0.0,0.0,0.0,0.0,0.0,0.0,0.0,0.4,13.6,4.7,15.6,0.0,0.0,0.40000000000000535,0.3999999999999787,20.799999999999994,25.600000000000005,21.300000000000008,67.69999999999999,60.40000000000001,52.4,49.79999999999998,162.59999999999997,-0.03400000000000003,-0.04200000000000004,200,7,-0.2944616217868012,-0.9556633054034704,0.48,0.471,0.466
2024-07-19 00:00:00+00:00,0.48,0.657,0.666,0.962,0.306,0.455,1.261,21.256,6.622,0.0,0.0,0.0,0.497,0.531,0.59,0.509,0.605,0.666,0.657,0.673,0.665,0.676,0.696,23.654,28.581,37.99,0.0,0.0,0.0,0.0,0.0,0.0,0.0,0.0,0.0,0.0,0.0,0.4,0.0,0.0,0.0,0.0,20.799999999999994,25.6,21.200000000000006,67.6,59.80000000000001,51.6,48.69999999999998,160.09999999999997,-0.017000000000000015,-0.10999999999999999,201,7,-0.3108569682435036,-0.9504567035349151,0.471,0.466,0.459
2024-07-20 00:00:00+00:00,0.471,0.657,0.665,0.96,0.306,0.437,1.267,19.986,6.595,1.7,7.0,4.2,0.48,0.497,0.531,0.539,0.545,0.665,0.657,0.666,0.657,0.673,0.665,21.256,23.654,28.581,1.7,7.0,4.2,0.0,0.0,0.0,0.0,0.0,0.0,0.0,0.0,0.0,1.6999999999999982,6.9999999999999964,4.2000000000000055,12.899999999999977,22.499999999999993,32.6,25.40000000000001,80.5,61.500000000000014,58.6,52.899999999999984,172.99999999999997,-0.009000000000000008,-0.06000000000000005,202,7,-0.3271603271220951,-0.9449688462364056,0.466,0.459,0.459
2024-07-21 00:00:00+00:00,0.466,0.642,0.662,0.96,0.3,0.429,1.264,19.288,6.17,0.1,0.0,0.0,0.471,0.48,0.497,0.59,0.509,0.662,0.642,0.665,0.657,0.666,0.657,19.986,21.256,23.654,0.1,0.0,0.0,1.7,7.0,4.2,0.0,0.0,0.0,0.0,0.0,0.0,1.7999999999999983,6.9999999999999964,4.2000000000000055,12.999999999999977,15.399999999999995,11.700000000000003,20.20000000000001,47.3,61.60000000000001,58.6,52.899999999999984,173.09999999999997,-0.004999999999999949,-0.030999999999999972,203,7,-0.34336687399638804,-0.939201357453208,0.459,0.459,0.451
2024-07-22 00:00:00+00:00,0.459,0.63,0.663,0.959,0.305,0.424,1.257,18.43,5.815,1.4,4.5,5.5,0.466,0.471,0.48,0.531,0.539,0.663,0.63,0.662,0.642,0.665,0.657,19.288,19.986,21.256,1.4,4.5,5.5,0.1,0.0,0.0,1.7,7.0,4.2,0.0,0.0,0.0,3.1999999999999984,11.499999999999996,9.700000000000006,24.399999999999977,3.199999999999993,11.500000000000004,10.100000000000009,24.799999999999997,55.000000000000014,61.4,52.899999999999984,169.29999999999998,-0.007000000000000006,-0.020999999999999963,204,7,-0.3594718130884232,-0.9331559438780432,0.459,0.451,0.451
2024-07-23 00:00:00+00:00,0.459,0.628,0.663,0.959,0.304,0.425,1.234,18.343,5.758,0.5,0.1,0.1,0.459,0.466,0.471,0.497,0.59,0.663,0.628,0.663,0.63,0.662,0.642,18.43,19.288,19.986,0.5,0.1,0.1,1.4,4.5,5.5,0.1,0.0,0.0,1.7,7.0,4.2,1.9999999999999982,4.599999999999996,5.600000000000005,12.199999999999978,3.699999999999993,11.600000000000003,9.800000000000008,25.1,51.40000000000002,48.599999999999994,43.99999999999999,143.99999999999997,0.0,-0.011999999999999955,205,7,-0.3754703786876202,-0.9268343944460494,0.451,0.451,0.465
2024-07-24 00:00:00+00:00,0.451,0.624,0.662,0.946,0.294,0.415,1.269,17.442,5.666,0.0,0.0,0.0,0.459,0.459,0.466,0.48,0.531,0.662,0.624,0.663,0.628,0.663,0.63,18.343,18.43,19.288,0.0,0.0,0.0,0.5,0.1,0.1,1.4,4.5,5.5,0.1,0.0,0.0,1.8999999999999981,4.599999999999996,5.600000000000005,12.099999999999978,3.699999999999993,11.600000000000003,9.800000000000008,25.1,51.30000000000002,48.599999999999994,43.999999999999986,143.89999999999995,-0.008000000000000007,-0.015000000000000013,206,7,-0.3913578365610259,-0.9202385798054075,0.451,0.465,0.499
2024-07-25 00:00:00+00:00,0.451,0.661,0.664,0.962,0.307,0.416,1.255,17.348,6.742,8.3,5.7,10.3,0.451,0.459,0.459,0.471,0.497,0.664,0.661,0.662,0.624,0.663,0.628,17.442,18.343,18.43,8.3,5.7,10.3,0.0,0.0,0.0,0.5,0.1,0.1,1.4,4.5,5.5,8.799999999999999,5.799999999999996,10.400000000000006,24.99999999999998,11.999999999999993,17.300000000000004,20.10000000000001,49.400000000000006,32.80000000000001,42.9,41.399999999999984,117.09999999999997,0.0,-0.008000000000000007,207,7,-0.4071294853542516,-0.9133704517637858,0.465,0.499,0.49
2024-07-26 00:00:00+00:00,0.465,0.725,0.688,0.981,0.339,0.444,1.255,19.161,9.05,11.9,10.3,14.5,0.451,0.451,0.459,0.466,0.48,0.688,0.725,0.664,0.661,0.662,0.624,17.348,17.442,18.343,11.9,10.3,14.5,8.3,5.7,10.3,0.0,0.0,0.0,0.5,0.1,0.1,20.2,15.999999999999996,24.800000000000004,60.999999999999986,23.89999999999999,27.600000000000005,34.60000000000001,86.10000000000001,44.70000000000002,53.2,55.79999999999998,153.7,0.014000000000000012,0.006000000000000005,208,7,-0.4227806579826773,-0.9062320427107697,0.499,0.49,0.452
2024-07-27 00:00:00+00:00,0.499,0.721,0.684,1.008,0.351,0.504,1.288,23.852,8.641,0.0,0.0,0.0,0.465,0.451,0.451,0.459,0.471,0.684,0.721,0.688,0.725,0.664,0.661,19.161,17.348,17.442,0.0,0.0,0.0,11.9,10.3,14.5,8.3,5.7,10.3,0.0,0.0,0.0,20.2,15.999999999999996,24.800000000000004,60.999999999999986,22.199999999999996,20.600000000000005,30.40000000000001,73.2,44.70000000000002,53.2,55.79999999999998,153.7,0.033999999999999975,0.04799999999999999,209,7,-0.4383067230125192,-0.898825465016444,0.49,0.452,0.439
2024-07-28 00:00:00+00:00,0.49,0.657,0.701,0.949,0.304,0.472,1.265,22.61,6.612,0.1,0.0,0.0,0.499,0.465,0.451,0.459,0.466,0.701,0.657,0.684,0.721,0.688,0.725,23.852,19.161,17.348,0.1,0.0,0.0,0.0,0.0,0.0,11.9,10.3,14.5,8.3,5.7,10.3,11.999999999999998,10.299999999999997,14.500000000000005,36.79999999999999,22.199999999999992,20.600000000000005,30.40000000000001,73.2,37.600000000000016,32.3,50.59999999999999,120.49999999999997,-0.009000000000000008,0.03899999999999998,210,7,-0.45370308603134424,-0.8911529104063088,0.452,0.439,0.459
2024-07-29 00:00:00+00:00,0.452,0.654,0.728,0.91,0.283,0.409,1.262,17.552,6.52,0.0,0.0,0.0,0.49,0.499,0.465,0.451,0.459,0.728,0.654,0.701,0.657,0.684,0.721,22.61,23.852,19.161,0.0,0.0,0.0,0.1,0.0,0.0,0.0,0.0,0.0,11.9,10.3,14.5,0.09999999999999823,0.0,0.0,0.0999999999999858,20.799999999999994,16.100000000000005,24.90000000000001,61.80000000000001,24.000000000000014,27.6,34.999999999999986,86.59999999999997,-0.03799999999999998,-0.013000000000000012,211,7,-0.46896519100763184,-0.8832166493127127,0.439,0.459,0.463
2024-07-30 00:00:00+00:00,0.439,0.706,0.73,0.904,0.269,0.388,1.28,16.001,8.233,10.9,0.0,2.2,0.452,0.49,0.499,0.451,0.459,0.73,0.706,0.728,0.654,0.701,0.657,17.552,22.61,23.852,10.9,0.0,2.2,0.0,0.0,0.0,0.1,0.0,0.0,0.0,0.0,0.0,10.999999999999998,0.0,2.2000000000000055,13.199999999999987,31.199999999999996,16.000000000000004,27.000000000000007,74.2,34.90000000000001,27.6,36.79999999999999,99.29999999999998,-0.013000000000000012,-0.06,212,7,-0.48408852163897587,-0.8750190302029955,0.459,0.463,0.449
2024-07-31 00:00:00+00:00,0.459,0.852,0.733,0.911,0.284,0.427,1.276,18.515,14.053,11.4,7.5,11.5,0.439,0.452,0.49,0.465,0.451,0.733,0.852,0.73,0.706,0.728,0.654,16.001,17.552,22.61,11.4,7.5,11.5,10.9,0.0,2.2,0.0,0.0,0.0,0.1,0.0,0.0,22.299999999999997,7.4999999999999964,13.700000000000006,43.499999999999986,42.599999999999994,23.500000000000004,38.50000000000001,104.60000000000001,46.30000000000001,35.1,48.29999999999999,129.7,0.020000000000000018,-0.030999999999999972,213,7,-0.4990686026885319,-0.8665624788845385,0.463,0.449,0.445
2024-08-01 00:00:00+00:00,0.463,0.765,0.734,0.893,0.282,0.421,1.261,18.987,10.129,2.3,0.9,2.6,0.459,0.439,0.452,0.499,0.451,0.734,0.765,0.733,0.852,0.73,0.706,18.515,16.001,17.552,2.3,0.9,2.6,11.4,7.5,11.5,10.9,0.0,2.2,0.0,0.0,0.0,24.599999999999998,8.399999999999997,16.300000000000008,49.29999999999998,36.599999999999994,18.700000000000003,30.800000000000008,86.10000000000001,48.600000000000016,36.0,50.89999999999999,135.49999999999997,0.0040000000000000036,0.01100000000000001,214,8,-0.5139010013093103,-0.8578494977869301,0.449,0.445,0.432
2024-08-02 00:00:00+00:00,0.449,0.712,0.735,0.879,0.278,0.413,1.266,17.189,8.3,0.0,4.1,1.6,0.463,0.459,0.439,0.49,0.465,0.735,0.712,0.734,0.765,0.733,0.852,18.987,18.515,16.001,0.0,4.1,1.6,2.3,0.9,2.6,11.4,7.5,11.5,10.9,0.0,2.2,13.7,12.499999999999996,15.700000000000006,41.899999999999984,24.699999999999992,12.500000000000004,17.900000000000006,55.10000000000001,48.600000000000016,40.1,52.49999999999999,141.2,-0.014000000000000012,0.010000000000000009,215,8,-0.5285813283559292,-0.8488826652214553,0.445,0.432,0.423
2024-08-03 00:00:00+00:00,0.445,0.703,0.733,0.871,0.274,0.405,1.261,16.745,8.008,2.4,2.2,6.6,0.449,0.463,0.459,0.452,0.499,0.733,0.703,0.735,0.712,0.734,0.765,17.189,18.987,18.515,2.4,2.2,6.6,0.0,4.1,1.6,2.3,0.9,2.6,11.4,7.5,11.5,4.6999999999999975,7.199999999999997,10.800000000000008,22.699999999999985,27.099999999999994,14.700000000000003,24.500000000000007,66.30000000000001,49.30000000000001,35.300000000000004,54.899999999999984,139.49999999999997,-0.0040000000000000036,-0.014000000000000012,216,8,-0.5431052396834317,-0.8396646346181327,0.432,0.423,0.414
2024-08-04 00:00:00+00:00,0.432,0.678,0.731,0.863,0.26,0.383,1.233,15.25,7.225,0.0,0.0,0.0,0.445,0.449,0.463,0.439,0.49,0.731,0.678,0.733,0.703,0.735,0.712,16.745,17.189,18.987,0.0,0.0,0.0,2.4,2.2,6.6,0.0,4.1,1.6,2.3,0.9,2.6,2.399999999999998,6.299999999999996,8.200000000000006,16.899999999999984,26.999999999999993,14.700000000000003,24.500000000000007,66.20000000000002,49.20000000000002,35.300000000000004,54.899999999999984,139.39999999999998,-0.013000000000000012,-0.031000000000000028,217,8,-0.5574684374327892,-0.8301981337405212,0.423,0.414,0.407
2024-08-05 00:00:00+00:00,0.423,0.66,0.729,0.869,0.247,0.37,1.237,14.322,6.69,0.0,0.0,0.0,0.432,0.445,0.449,0.459,0.452,0.729,0.66,0.731,0.678,0.733,0.703,15.25,16.745,17.189,0.0,0.0,0.0,0.0,0.0,0.0,2.4,2.2,6.6,0.0,4.1,1.6,2.399999999999998,2.1999999999999966,6.600000000000007,11.199999999999985,26.999999999999993,14.700000000000003,24.500000000000007,66.20000000000002,47.80000000000001,30.8,49.399999999999984,127.99999999999997,-0.009000000000000008,-0.026000000000000023,218,8,-0.5716666713027052,-0.8204859638785327,0.414,0.407,0.403
2024-08-06 00:00:00+00:00,0.414,0.652,0.729,0.867,0.242,0.352,1.249,13.401,6.466,0.7,0.0,0.0,0.423,0.432,0.445,0.463,0.439,0.729,0.652,0.729,0.66,0.731,0.678,14.322,15.25,16.745,0.7,0.0,0.0,0.0,0.0,0.0,0.0,0.0,0.0,2.4,2.2,6.6,0.6999999999999982,0.0,0.0,0.6999999999999857,16.799999999999994,14.700000000000003,22.300000000000008,53.800000000000004,48.000000000000014,30.7,49.29999999999998,127.99999999999999,-0.009000000000000008,-0.031000000000000028,219,8,-0.5856957398073508,-0.8105309990194823,0.407,0.403,0.403
2024-08-07 00:00:00+00:00,0.407,0.646,0.727,0.868,0.24,0.346,1.228,12.802,6.284,0.04,0.0,0.0,0.414,0.423,0.432,0.449,0.459,0.727,0.646,0.729,0.652,0.729,0.66,13.401,14.322,15.25,0.04,0.0,0.0,0.7,0.0,0.0,0.0,0.0,0.0,0.0,0.0,0.0,0.7399999999999982,0.0,0.0,0.7399999999999858,5.439999999999992,7.200000000000004,10.800000000000008,23.440000000000005,48.04000000000001,30.7,49.29999999999998,128.04,-0.007000000000000006,-0.025000000000000022,220,8,-0.5995514915196489,-0.8003361849976323,0.403,0.403,0.405
2024-08-08 00:00:00+00:00,0.403,0.638,0.724,0.879,0.224,0.361,1.245,12.432,6.041,0.0,0.0,0.0,0.407,0.414,0.423,0.445,0.463,0.724,0.638,0.727,0.646,0.729,0.652,12.802,13.401,14.322,0.0,0.0,0.0,0.04,0.0,0.0,0.7,0.0,0.0,0.0,0.0,0.0,0.7399999999999982,0.0,0.0,0.7399999999999858,3.1399999999999926,6.300000000000003,8.200000000000006,17.640000000000004,39.740000000000016,25.0,38.999999999999986,103.73999999999998,-0.003999999999999948,-0.019999999999999962,221,8,-0.6132298262997502,-0.7899045386224707,0.403,0.405,0.398
2024-08-09 00:00:00+00:00,0.403,0.601,0.724,0.93,0.233,0.352,1.253,12.404,5.034,0.0,0.0,0.0,0.403,0.407,0.414,0.432,0.449,0.724,0.601,0.724,0.638,0.727,0.646,12.432,12.802,13.401,0.0,0.0,0.0,0.0,0.0,0.0,0.04,0.0,0.0,0.7,0.0,0.0,0.039999999999998224,0.0,0.0,0.03999999999998579,3.1399999999999926,2.2000000000000037,6.600000000000007,11.940000000000007,27.840000000000018,14.7,24.49999999999999,67.03999999999998,0.0,-0.010999999999999954,222,8,-0.6267266965083301,-0.7792391467859886,0.405,0.398,0.401
2024-08-10 00:00:00+00:00,0.405,0.596,0.725,0.909,0.22,0.346,1.275,12.613,4.891,0.0,0.0,0.0,0.403,0.403,0.407,0.423,0.445,0.725,0.596,0.724,0.601,0.724,0.638,12.404,12.432,12.802,0.0,0.0,0.0,0.0,0.0,0.0,0.0,0.0,0.0,0.04,0.0,0.0,0.0,0.0,0.0,0.0,0.7399999999999929,0.0,0.0,0.7400000000000071,27.840000000000018,14.7,24.499999999999986,67.03999999999998,0.0020000000000000018,-0.0019999999999999463,223,8,-0.6400381082043503,-0.7683431655492202,0.398,0.401,0.485
2024-08-11 00:00:00+00:00,0.398,0.598,0.724,0.891,0.215,0.336,1.243,11.962,4.95,0.1,0.0,0.0,0.405,0.403,0.403,0.414,0.432,0.724,0.598,0.725,0.596,0.724,0.601,12.613,12.404,12.432,0.1,0.0,0.0,0.0,0.0,0.0,0.0,0.0,0.0,0.0,0.0,0.0,0.09999999999999823,0.0,0.0,0.0999999999999858,0.8399999999999929,0.0,0.0,0.8400000000000071,27.840000000000014,14.7,24.499999999999986,67.03999999999998,-0.007000000000000006,-0.0050000000000000044,224,8,-0.65316012232693,-0.7572198192083127,0.401,0.485,0.466
2024-08-12 00:00:00+00:00,0.401,0.652,0.728,0.905,0.325,0.33,1.254,12.395,6.545,4.8,13.6,14.8,0.398,0.405,0.403,0.407,0.423,0.728,0.652,0.724,0.598,0.725,0.596,11.962,12.613,12.404,4.8,13.6,14.8,0.1,0.0,0.0,0.0,0.0,0.0,0.0,0.0,0.0,4.899999999999998,13.599999999999996,14.800000000000008,33.29999999999999,5.639999999999993,13.600000000000003,14.800000000000008,34.04000000000001,32.640000000000015,28.3,39.29999999999998,100.23999999999998,0.0030000000000000027,-0.0020000000000000018,225,8,-0.666088855860977,-0.7458723993404063,0.485,0.466,0.432
2024-08-13 00:00:00+00:00,0.485,0.758,0.732,0.95,0.499,0.501,1.269,22.408,10.014,7.2,2.1,1.5,0.401,0.398,0.405,0.403,0.414,0.732,0.758,0.728,0.652,0.724,0.598,12.395,11.962,12.613,7.2,2.1,1.5,4.8,13.6,14.8,0.1,0.0,0.0,0.0,0.0,0.0,12.099999999999998,15.699999999999996,16.300000000000008,44.099999999999994,12.139999999999993,15.700000000000003,16.300000000000008,44.140000000000015,28.940000000000015,30.400000000000002,38.599999999999994,97.93999999999997,0.08399999999999996,0.07999999999999996,226,8,-0.6788204829862355,-0.734304263829602,0.466,0.432,0.42
2024-08-14 00:00:00+00:00,0.466,0.671,0.726,0.881,0.332,0.436,1.259,19.274,7.012,0.1,0.0,0.0,0.485,0.401,0.398,0.403,0.407,0.726,0.671,0.732,0.758,0.728,0.652,22.408,12.395,11.962,0.1,0.0,0.0,7.2,2.1,1.5,4.8,13.6,14.8,0.1,0.0,0.0,12.099999999999998,15.699999999999996,16.300000000000008,44.09999999999999,12.199999999999994,15.700000000000003,16.300000000000008,44.20000000000001,17.640000000000015,22.900000000000002,27.099999999999987,67.63999999999997,-0.01899999999999996,0.068,227,8,-0.6913512362094071,-0.722518835873311,0.432,0.42,0.545
2024-08-15 00:00:00+00:00,0.432,0.643,0.725,0.857,0.294,0.374,1.263,15.292,6.199,0.1,0.0,0.0,0.466,0.485,0.401,0.405,0.403,0.725,0.643,0.726,0.671,0.732,0.758,19.274,22.408,12.395,0.1,0.0,0.0,0.1,0.0,0.0,7.2,2.1,1.5,4.8,13.6,14.8,7.399999999999999,2.0999999999999965,1.500000000000007,10.999999999999986,12.299999999999994,15.700000000000003,16.300000000000008,44.30000000000001,15.440000000000014,22.000000000000004,24.499999999999986,61.939999999999976,-0.03400000000000003,0.030999999999999972,228,8,-0.7036774074790128,-0.7105196029692745,0.42,0.545,0.534
2024-08-16 00:00:00+00:00,0.42,0.685,0.731,0.913,0.317,0.368,1.27,13.997,7.582,18.1,11.8,22.4,0.432,0.466,0.485,0.398,0.403,0.731,0.685,0.725,0.643,0.726,0.671,15.292,19.274,22.408,18.1,11.8,22.4,0.1,0.0,0.0,0.1,0.0,0.0,7.2,2.1,1.5,18.3,11.799999999999997,22.400000000000006,52.499999999999986,30.399999999999995,27.500000000000004,38.7,96.60000000000001,33.54000000000002,29.700000000000003,45.29999999999998,108.53999999999996,-0.01200000000000001,-0.065,229,8,-0.7157953492826642,-0.6983101158835584,0.545,0.534,0.468
2024-08-17 00:00:00+00:00,0.545,0.889,0.765,1.087,0.435,0.623,1.256,31.14,15.146,8.7,4.4,7.8,0.42,0.432,0.466,0.401,0.405,0.765,0.889,0.731,0.685,0.725,0.643,13.997,15.292,19.274,8.7,4.4,7.8,18.1,11.8,22.4,0.1,0.0,0.0,0.1,0.0,0.0,26.9,16.199999999999996,30.200000000000006,73.29999999999998,39.099999999999994,31.900000000000006,46.50000000000001,117.5,39.84000000000002,31.900000000000002,46.499999999999986,118.23999999999997,0.12500000000000006,0.07900000000000001,230,8,-0.7277014757264236,-0.6858939875998223,0.534,0.468,0.442
2024-08-18 00:00:00+00:00,0.534,0.727,0.751,0.954,0.339,0.539,1.269,29.097,8.799,0.2,0.0,0.0,0.545,0.42,0.432,0.485,0.398,0.751,0.727,0.765,0.889,0.731,0.685,31.14,13.997,15.292,0.2,0.0,0.0,8.7,4.4,7.8,18.1,11.8,22.4,0.1,0.0,0.0,27.0,16.199999999999996,30.200000000000006,73.39999999999999,39.199999999999996,31.900000000000006,46.50000000000001,117.60000000000001,40.04000000000001,31.900000000000002,46.499999999999986,118.43999999999997,-0.01100000000000001,0.10200000000000004,231,8,-0.7393922635959241,-0.673274892250183,0.468,0.442,0.424
2024-08-19 00:00:00+00:00,0.468,0.688,0.764,0.916,0.306,0.438,1.278,19.66,7.541,1.7,0.8,0.8,0.534,0.545,0.42,0.466,0.401,0.764,0.688,0.751,0.727,0.765,0.889,29.097,31.14,13.997,1.7,0.8,0.8,0.2,0.0,0.0,8.7,4.4,7.8,18.1,11.8,22.4,10.6,5.199999999999997,8.600000000000007,24.399999999999984,36.099999999999994,19.1,32.50000000000001,87.70000000000002,41.740000000000016,32.7,47.29999999999998,121.73999999999997,-0.066,0.04800000000000004,232,8,-0.7508642533989489,-0.6604565640279754,0.442,0.424,0.41
2024-08-20 00:00:00+00:00,0.442,0.673,0.763,0.893,0.292,0.4,1.264,16.347,7.071,0.0,0.0,0.1,0.468,0.534,0.545,0.432,0.485,0.763,0.673,0.764,0.688,0.751,0.727,19.66,29.097,31.14,0.0,0.0,0.1,1.7,0.8,0.8,0.2,0.0,0.0,8.7,4.4,7.8,1.9,0.7999999999999965,0.9000000000000071,3.599999999999986,28.89999999999999,17.000000000000004,31.100000000000005,77.0,41.04000000000002,32.7,47.399999999999984,121.13999999999996,-0.026000000000000023,-0.10300000000000004,233,8,-0.7621140503891487,-0.6474427960827475,0.424,0.41,0.406
2024-08-21 00:00:00+00:00,0.424,0.66,0.76,0.852,0.27,0.367,1.256,14.426,6.701,0.0,0.0,0.0,0.442,0.468,0.534,0.42,0.466,0.76,0.66,0.763,0.673,0.764,0.688,16.347,19.66,29.097,0.0,0.0,0.0,0.0,0.0,0.1,1.7,0.8,0.8,0.2,0.0,0.0,1.7,0.7999999999999965,0.9000000000000071,3.3999999999999857,28.799999999999994,17.000000000000004,31.100000000000005,76.9,41.000000000000014,32.7,47.399999999999984,121.09999999999997,-0.018000000000000016,-0.11000000000000004,234,8,-0.7731383255706026,-0.6342374393978054,0.41,0.406,0.432
2024-08-22 00:00:00+00:00,0.41,0.649,0.739,0.843,0.272,0.351,1.277,13.082,6.375,0.1,0.1,0.0,0.424,0.442,0.468,0.545,0.432,0.739,0.649,0.76,0.66,0.763,0.673,14.426,16.347,19.66,0.1,0.1,0.0,0.0,0.0,0.0,0.0,0.0,0.1,1.7,0.8,0.8,0.1,0.09999999999999645,0.10000000000000711,0.29999999999998583,28.799999999999994,17.100000000000005,31.100000000000005,77.0,41.10000000000001,32.800000000000004,47.399999999999984,121.29999999999997,-0.014000000000000012,-0.05800000000000005,235,8,-0.7839338166829201,-0.620844401650647,0.406,0.432,0.441
2024-08-23 00:00:00+00:00,0.406,0.634,0.726,0.886,0.278,0.351,1.287,12.73,5.951,7.8,13.7,6.0,0.41,0.424,0.442,0.534,0.42,0.726,0.634,0.739,0.649,0.76,0.66,13.082,14.426,16.347,7.8,13.7,6.0,0.1,0.1,0.0,0.0,0.0,0.0,0.0,0.0,0.1,7.8999999999999995,13.799999999999995,6.000000000000007,27.699999999999985,18.499999999999993,19.000000000000004,14.700000000000006,52.2,48.90000000000001,46.5,53.399999999999984,148.79999999999998,-0.003999999999999948,-0.035999999999999976,236,8,-0.7944973291665992,-0.6072676460566135,0.432,0.441,0.419
2024-08-24 00:00:00+00:00,0.432,0.681,0.728,0.953,0.339,0.408,1.265,15.374,7.344,0.0,0.0,0.0,0.406,0.41,0.424,0.468,0.545,0.728,0.681,0.726,0.634,0.739,0.649,12.73,13.082,14.426,0.0,0.0,0.0,7.8,13.7,6.0,0.1,0.1,0.0,0.0,0.0,0.0,7.8999999999999995,13.799999999999995,6.000000000000007,27.699999999999985,9.799999999999994,14.600000000000003,6.9000000000000075,31.300000000000008,48.90000000000001,46.5,53.399999999999984,148.79999999999998,0.025999999999999968,0.008000000000000007,237,8,-0.8048257371083452,-0.593511190196115,0.441,0.419,0.397
2024-08-25 00:00:00+00:00,0.441,0.636,0.725,0.888,0.281,0.4,1.288,16.268,6.0,0.0,0.0,0.0,0.432,0.406,0.41,0.442,0.534,0.725,0.636,0.728,0.681,0.726,0.634,15.374,12.73,13.082,0.0,0.0,0.0,0.0,0.0,0.0,7.8,13.7,6.0,0.1,0.1,0.0,7.8,13.699999999999996,6.000000000000007,27.499999999999986,9.599999999999994,14.600000000000003,6.9000000000000075,31.10000000000001,48.80000000000002,46.5,53.399999999999984,148.7,0.009000000000000008,0.031000000000000028,238,8,-0.8149159841660791,-0.5795791048257612,0.419,0.397,0.388
2024-08-26 00:00:00+00:00,0.419,0.628,0.724,0.839,0.262,0.355,1.285,13.917,5.778,0.0,0.0,0.0,0.441,0.432,0.406,0.424,0.468,0.724,0.628,0.725,0.636,0.728,0.681,16.268,15.374,12.73,0.0,0.0,0.0,0.0,0.0,0.0,0.0,0.0,0.0,7.8,13.7,6.0,0.0,0.0,0.0,0.0,7.899999999999992,13.800000000000002,6.100000000000008,27.800000000000008,44.000000000000014,32.9,38.59999999999998,115.49999999999996,-0.02200000000000002,0.012999999999999956,239,8,-0.8247650844733614,-0.5654755126737576,0.397,0.388,0.381
2024-08-27 00:00:00+00:00,0.397,0.623,0.717,0.827,0.254,0.334,1.278,11.955,5.628,0.0,0.0,0.0,0.419,0.441,0.432,0.41,0.442,0.717,0.623,0.724,0.628,0.725,0.636,13.917,16.268,15.374,0.0,0.0,0.0,0.0,0.0,0.0,0.0,0.0,0.0,0.0,0.0,0.0,0.0,0.0,0.0,0.0,7.899999999999993,13.800000000000002,6.000000000000007,27.700000000000006,36.80000000000002,30.799999999999997,37.09999999999998,104.69999999999996,-0.021999999999999964,-0.034999999999999976,240,8,-0.8343701235229537,-0.5512045872199277,0.388,0.381,0.399
2024-08-28 00:00:00+00:00,0.388,0.618,0.693,0.824,0.242,0.323,1.277,11.218,5.496,0.0,0.0,0.0,0.397,0.419,0.441,0.406,0.424,0.693,0.618,0.717,0.623,0.724,0.628,11.955,13.917,16.268,0.0,0.0,0.0,0.0,0.0,0.0,0.0,0.0,0.0,0.0,0.0,0.0,0.0,0.0,0.0,0.0,7.899999999999993,13.800000000000002,6.000000000000007,27.700000000000006,36.70000000000002,30.799999999999997,37.09999999999998,104.59999999999997,-0.009000000000000008,-0.05299999999999999,241,8,-0.8437282590292712,-0.5367705514607103,0.381,0.399,0.393
2024-08-29 00:00:00+00:00,0.381,0.592,0.644,0.913,0.256,0.327,1.255,10.712,4.797,0.2,2.5,0.8,0.388,0.397,0.419,0.432,0.41,0.644,0.592,0.693,0.618,0.717,0.623,11.218,11.955,13.917,0.2,2.5,0.8,0.0,0.0,0.0,0.0,0.0,0.0,0.0,0.0,0.0,0.2,2.4999999999999964,0.8000000000000071,3.499999999999986,7.999999999999993,16.200000000000003,6.800000000000007,31.000000000000007,36.80000000000001,33.3,37.899999999999984,107.99999999999996,-0.007000000000000006,-0.03799999999999998,242,8,-0.8528367217694595,-0.522177676659508,0.399,0.393,0.393
2024-08-30 00:00:00+00:00,0.399,0.586,0.639,0.877,0.255,0.343,1.245,12.053,4.64,0.0,0.0,0.0,0.381,0.388,0.397,0.441,0.406,0.639,0.586,0.644,0.592,0.693,0.618,10.712,11.218,11.955,0.0,0.0,0.0,0.2,2.5,0.8,0.0,0.0,0.0,0.0,0.0,0.0,0.2,2.4999999999999964,0.8000000000000071,3.499999999999986,0.1999999999999929,2.5000000000000036,0.8000000000000071,3.500000000000007,18.700000000000014,21.5,15.499999999999986,55.699999999999974,0.018000000000000016,0.0020000000000000018,243,8,-0.8616928164028521,-0.5074302810827518,0.393,0.393,0.491
2024-08-31 00:00:00+00:00,0.393,0.582,0.637,0.866,0.237,0.339,1.234,11.651,4.537,0.2,0.0,0.0,0.399,0.381,0.388,0.419,0.432,0.637,0.582,0.639,0.586,0.644,0.592,12.053,10.712,11.218,0.2,0.0,0.0,0.0,0.0,0.0,0.2,2.5,0.8,0.0,0.0,0.0,0.4,2.4999999999999964,0.8000000000000071,3.699999999999986,0.3999999999999929,2.5000000000000036,0.8000000000000071,3.7000000000000073,10.200000000000014,17.1,7.699999999999986,34.99999999999997,-0.006000000000000005,0.0050000000000000044,244,8,-0.8702939222685674,-0.49253272872205434,0.393,0.491,0.451
2024-09-01 00:00:00+00:00,0.393,0.685,0.642,0.948,0.37,0.373,1.242,11.742,8.1,12.0,18.9,18.3,0.393,0.399,0.381,0.397,0.441,0.642,0.685,0.637,0.582,0.639,0.586,11.651,12.053,10.712,12.0,18.9,18.3,0.2,0.0,0.0,0.0,0.0,0.0,0.2,2.5,0.8,12.2,18.899999999999995,18.300000000000008,49.39999999999999,12.399999999999993,21.400000000000002,19.10000000000001,52.90000000000001,22.000000000000014,36.0,25.999999999999986,83.99999999999997,0.0,0.01200000000000001,245,9,-0.8786374941610001,-0.4774894280028391,0.491,0.451,0.429
2024-09-02 00:00:00+00:00,0.491,0.727,0.641,0.994,0.414,0.488,1.257,22.89,8.955,2.8,0.3,0.2,0.393,0.393,0.399,0.388,0.419,0.641,0.727,0.642,0.685,0.637,0.582,11.742,11.651,12.053,2.8,0.3,0.2,12.0,18.9,18.3,0.2,0.0,0.0,0.0,0.0,0.0,15.0,19.199999999999996,18.500000000000007,52.69999999999999,15.199999999999992,21.700000000000003,19.300000000000008,56.20000000000001,23.100000000000016,35.5,25.399999999999984,83.99999999999997,0.09799999999999998,0.09199999999999997,246,9,-0.886721063082993,-0.46230483047981086,0.451,0.429,0.439
2024-09-03 00:00:00+00:00,0.451,0.677,0.644,0.925,0.368,0.427,1.273,17.731,7.225,3.3,4.0,5.9,0.491,0.393,0.393,0.381,0.397,0.644,0.677,0.641,0.727,0.642,0.685,22.89,11.742,11.651,3.3,4.0,5.9,2.8,0.3,0.2,12.0,18.9,18.3,0.2,0.0,0.0,18.1,23.199999999999996,24.40000000000001,65.69999999999999,18.499999999999993,25.700000000000003,25.20000000000001,69.4,26.400000000000013,39.5,31.19999999999999,97.09999999999998,-0.03999999999999998,0.057999999999999996,247,9,-0.8945422369764496,-0.4469834295196741,0.429,0.439,0.473
2024-09-04 00:00:00+00:00,0.429,0.636,0.642,0.876,0.352,0.389,1.213,15.392,5.987,11.04,5.8,1.4,0.451,0.491,0.393,0.399,0.388,0.642,0.636,0.644,0.677,0.641,0.727,17.731,22.89,11.742,11.04,5.8,1.4,3.3,4.0,5.9,2.8,0.3,0.2,12.0,18.9,18.3,17.14,10.099999999999996,7.500000000000007,34.73999999999998,29.539999999999992,31.5,26.60000000000001,87.64000000000001,37.44000000000001,45.300000000000004,32.59999999999999,115.33999999999997,-0.02200000000000002,0.035999999999999976,248,9,-0.9020987014301837,-0.43152975897147144,0.439,0.473,0.441
2024-09-05 00:00:00+00:00,0.439,0.625,0.643,0.868,0.373,0.428,1.29,16.561,5.693,0.8,0.6,0.7,0.429,0.451,0.491,0.393,0.381,0.643,0.625,0.642,0.636,0.644,0.677,15.392,17.731,22.89,0.8,0.6,0.7,11.04,5.8,1.4,3.3,4.0,5.9,2.8,0.3,0.2,15.139999999999999,10.399999999999995,8.000000000000007,33.539999999999985,30.139999999999993,29.6,26.500000000000007,86.24000000000001,38.140000000000015,45.800000000000004,33.29999999999999,117.23999999999998,0.010000000000000009,-0.05199999999999999,249,9,-0.9093882203647925,-0.4159483918249421,0.473,0.441,0.438
2024-09-06 00:00:00+00:00,0.473,0.613,0.64,0.856,0.346,0.475,1.289,20.438,5.352,0.9,0.1,0.1,0.439,0.429,0.451,0.393,0.399,0.64,0.613,0.643,0.625,0.642,0.636,16.561,15.392,17.731,0.9,0.1,0.1,0.8,0.6,0.7,11.04,5.8,1.4,3.3,4.0,5.9,12.739999999999998,6.4999999999999964,2.200000000000007,21.439999999999984,31.039999999999992,29.700000000000003,26.60000000000001,87.34000000000002,31.240000000000013,32.199999999999996,27.399999999999988,90.83999999999997,0.033999999999999975,0.021999999999999964,250,9,-0.9164086366943458,-0.4002439388573056,0.441,0.438,0.604
2024-09-07 00:00:00+00:00,0.441,0.599,0.637,0.845,0.315,0.407,1.309,16.938,4.993,0.1,0.1,0.0,0.473,0.439,0.429,0.491,0.393,0.637,0.599,0.64,0.613,0.643,0.625,20.438,16.561,15.392,0.1,0.1,0.0,0.9,0.1,0.1,0.8,0.6,0.7,11.04,5.8,1.4,1.8,0.7999999999999965,0.800000000000007,3.3999999999999857,30.939999999999994,29.8,26.60000000000001,87.34,31.34000000000001,32.3,27.399999999999984,91.03999999999998,-0.03199999999999997,0.01200000000000001,251,9,-0.9231578729647039,-0.38442104726885545,0.438,0.604,0.664
2024-09-08 00:00:00+00:00,0.438,0.677,0.643,0.973,0.425,0.441,1.261,16.645,7.488,25.3,23.8,29.1,0.441,0.473,0.439,0.451,0.393,0.643,0.677,0.637,0.599,0.64,0.613,16.938,20.438,16.561,25.3,23.8,29.1,0.1,0.1,0.0,0.9,0.1,0.1,0.8,0.6,0.7,26.3,23.999999999999996,29.20000000000001,79.49999999999999,44.239999999999995,34.7,37.400000000000006,116.34,56.640000000000015,56.099999999999994,56.499999999999986,169.23999999999998,-0.0030000000000000027,-0.0010000000000000009,252,9,-0.9296339319682695,-0.3684843993077793,0.604,0.664,0.66
2024-09-09 00:00:00+00:00,0.604,0.851,0.649,1.155,0.553,0.762,1.245,39.162,13.515,6.2,4.3,6.5,0.438,0.441,0.473,0.429,0.491,0.649,0.851,0.643,0.677,0.637,0.599,16.645,16.938,20.438,6.2,4.3,6.5,25.3,23.8,29.1,0.1,0.1,0.0,0.9,0.1,0.1,31.6,28.199999999999996,35.60000000000001,95.39999999999999,47.63999999999999,38.7,43.7,130.04000000000002,62.84000000000001,60.4,62.999999999999986,186.23999999999998,0.16599999999999998,0.131,253,9,-0.9358348973349941,-0.35243871088460327,0.664,0.66,0.587
2024-09-10 00:00:00+00:00,0.664,0.966,0.656,1.244,0.611,0.875,1.275,49.731,18.693,17.6,22.2,20.1,0.604,0.438,0.441,0.439,0.451,0.656,0.966,0.649,0.851,0.643,0.677,39.162,16.645,16.938,17.6,22.2,20.1,6.2,4.3,6.5,25.3,23.8,29.1,0.1,0.1,0.0,49.1,50.3,55.70000000000001,155.1,61.93999999999999,56.900000000000006,57.900000000000006,176.74,80.44000000000001,82.6,83.1,246.14,0.06000000000000005,0.22300000000000003,254,9,-0.9417589340994617,-0.33628873017668287,0.66,0.587,0.552
2024-09-11 00:00:00+00:00,0.66,0.83,0.665,1.084,0.525,0.788,1.261,48.574,12.618,0.3,7.8,7.8,0.664,0.604,0.438,0.473,0.429,0.665,0.83,0.656,0.966,0.649,0.851,49.731,39.162,16.645,0.3,7.8,7.8,17.6,22.2,20.1,6.2,4.3,6.5,25.3,23.8,29.1,24.1,34.3,34.400000000000006,92.79999999999998,51.19999999999999,58.9,64.30000000000001,174.39999999999998,80.74000000000001,90.39999999999999,90.89999999999999,262.03999999999996,-0.0040000000000000036,0.22200000000000003,255,9,-0.9474042892438845,-0.32003923622313857,0.587,0.552,0.515
2024-09-12 00:00:00+00:00,0.587,0.785,0.661,1.081,0.485,0.667,1.244,36.21,10.875,4.3,0.7,3.6,0.66,0.664,0.604,0.441,0.439,0.661,0.785,0.665,0.83,0.656,0.966,48.574,49.731,39.162,4.3,0.7,3.6,0.3,7.8,7.8,17.6,22.2,20.1,6.2,4.3,6.5,22.200000000000003,30.699999999999996,31.500000000000007,84.39999999999998,54.699999999999996,59.0,67.2,180.9,84.84,88.6,93.69999999999999,267.14,-0.07300000000000006,-0.017000000000000015,256,9,-0.9527692922168511,-0.30369503751065885,0.552,0.515,0.499
2024-09-13 00:00:00+00:00,0.552,0.713,0.654,1.034,0.456,0.598,1.238,30.818,8.356,0.0,0.0,0.0,0.587,0.66,0.664,0.438,0.473,0.654,0.713,0.661,0.785,0.665,0.83,36.21,48.574,49.731,0.0,0.0,0.0,4.3,0.7,3.6,0.3,7.8,7.8,17.6,22.2,20.1,4.6,8.499999999999996,11.400000000000007,24.499999999999986,53.8,58.900000000000006,67.10000000000001,179.8,84.84,88.6,93.69999999999999,267.14,-0.03499999999999992,-0.11199999999999999,257,9,-0.9578523554276669,-0.28726097055059635,0.515,0.499,0.486
2024-09-14 00:00:00+00:00,0.515,0.663,0.644,1.001,0.431,0.536,1.23,25.817,6.779,0.0,0.0,0.0,0.552,0.587,0.66,0.604,0.441,0.644,0.663,0.654,0.713,0.661,0.785,30.818,36.21,48.574,0.0,0.0,0.0,0.0,0.0,0.0,4.3,0.7,3.6,0.3,7.8,7.8,4.3,0.6999999999999964,3.600000000000007,8.599999999999985,53.699999999999996,58.800000000000004,67.10000000000001,179.60000000000002,84.64,88.6,93.69999999999999,266.94,-0.03700000000000003,-0.14500000000000002,258,9,-0.9626519747161487,-0.2707418984477642,0.499,0.486,0.473
2024-09-15 00:00:00+00:00,0.499,0.642,0.643,0.992,0.415,0.514,1.231,23.621,6.158,0.0,0.0,0.0,0.515,0.552,0.587,0.664,0.438,0.643,0.642,0.644,0.663,0.654,0.713,25.817,30.818,36.21,0.0,0.0,0.0,0.0,0.0,0.0,0.0,0.0,0.0,4.3,0.7,3.6,0.0,0.0,0.0,0.0,28.39999999999999,35.0,38.00000000000001,101.39999999999999,72.64000000000001,69.69999999999999,75.39999999999999,217.73999999999998,-0.016000000000000014,-0.08799999999999997,259,9,-0.9671667297977312,-0.2541427094613622,0.486,0.473,0.448
2024-09-16 00:00:00+00:00,0.486,0.633,0.643,0.979,0.401,0.491,1.18,22.094,5.915,0.0,0.0,0.0,0.499,0.515,0.552,0.66,0.604,0.643,0.633,0.643,0.642,0.644,0.663,23.621,25.817,30.818,0.0,0.0,0.0,0.0,0.0,0.0,0.0,0.0,0.0,0.0,0.0,0.0,0.0,0.0,0.0,0.0,22.199999999999996,30.700000000000003,31.500000000000007,84.39999999999999,69.84,69.39999999999999,75.19999999999999,214.43999999999997,-0.013000000000000012,-0.06600000000000006,260,9,-0.97139528468375,-0.23746831555846842,0.473,0.448,0.456
2024-09-17 00:00:00+00:00,0.473,0.62,0.641,0.906,0.389,0.468,1.222,20.573,5.553,0.0,0.0,0.0,0.486,0.499,0.515,0.587,0.664,0.641,0.62,0.643,0.633,0.643,0.642,22.094,23.621,25.817,0.0,0.0,0.0,0.0,0.0,0.0,0.0,0.0,0.0,0.0,0.0,0.0,0.0,0.0,0.0,0.0,4.5999999999999925,8.500000000000004,11.400000000000007,24.5,66.54,65.39999999999999,69.29999999999998,201.23999999999998,-0.013000000000000012,-0.04200000000000004,261,9,-0.9753363880767837,-0.2207236509605022,0.448,0.456,0.441
2024-09-18 00:00:00+00:00,0.448,0.598,0.644,0.939,0.373,0.425,1.2,17.785,4.958,7.6,10.5,5.7,0.473,0.486,0.499,0.552,0.66,0.644,0.598,0.641,0.62,0.643,0.633,20.573,22.094,23.621,7.6,10.5,5.7,0.0,0.0,0.0,0.0,0.0,0.0,0.0,0.0,0.0,7.6,10.499999999999996,5.700000000000007,23.799999999999986,11.899999999999991,11.200000000000003,9.300000000000008,32.4,63.10000000000001,70.1,73.6,206.79999999999995,-0.024999999999999967,-0.05099999999999999,262,9,-0.9789888737409319,-0.20391367068311472,0.456,0.441,0.437
2024-09-19 00:00:00+00:00,0.456,0.613,0.648,0.955,0.365,0.443,1.232,18.634,5.365,0.0,0.0,0.0,0.448,0.473,0.486,0.515,0.587,0.648,0.613,0.644,0.598,0.641,0.62,17.785,20.573,22.094,0.0,0.0,0.0,7.6,10.5,5.7,0.0,0.0,0.0,0.0,0.0,0.0,7.6,10.499999999999996,5.700000000000007,23.799999999999986,7.5999999999999925,10.500000000000004,5.700000000000007,23.799999999999997,62.30000000000001,69.5,72.89999999999999,204.69999999999996,0.008000000000000007,-0.02999999999999997,263,9,-0.9823516608469237,-0.18704334906991657,0.441,0.437,0.435
2024-09-20 00:00:00+00:00,0.441,0.592,0.644,0.938,0.356,0.409,1.226,17.149,4.802,0.0,0.0,0.0,0.456,0.448,0.473,0.499,0.552,0.644,0.592,0.648,0.613,0.644,0.598,18.634,17.785,20.573,0.0,0.0,0.0,0.0,0.0,0.0,7.6,10.5,5.7,0.0,0.0,0.0,7.6,10.499999999999996,5.700000000000007,23.799999999999986,7.5999999999999925,10.500000000000004,5.700000000000006,23.799999999999997,61.40000000000002,69.39999999999999,72.8,203.59999999999997,-0.015000000000000013,-0.03199999999999997,264,9,-0.9854237542919524,-0.17011767832049052,0.437,0.435,0.433
2024-09-21 00:00:00+00:00,0.437,0.574,0.642,0.943,0.351,0.41,1.223,16.698,4.343,0.0,0.0,0.0,0.441,0.456,0.448,0.486,0.515,0.642,0.574,0.644,0.592,0.648,0.613,17.149,18.634,17.785,0.0,0.0,0.0,0.0,0.0,0.0,0.0,0.0,0.0,7.6,10.5,5.7,0.0,0.0,0.0,0.0,7.5999999999999925,10.500000000000004,5.700000000000006,23.799999999999997,61.30000000000001,69.3,72.8,203.39999999999998,-0.0040000000000000036,-0.01100000000000001,265,9,-0.9882042449941422,-0.15314166701312007,0.435,0.433,0.489
2024-09-22 00:00:00+00:00,0.435,0.574,0.64,0.939,0.349,0.405,1.244,16.505,4.327,0.1,0.2,0.2,0.437,0.441,0.456,0.473,0.499,0.64,0.574,0.642,0.574,0.644,0.592,16.698,17.149,18.634,0.1,0.2,0.2,0.0,0.0,0.0,0.0,0.0,0.0,0.0,0.0,0.0,0.1,0.19999999999999646,0.20000000000000712,0.4999999999999858,7.699999999999992,10.700000000000003,5.900000000000007,24.299999999999997,36.100000000000016,45.7,43.899999999999984,125.69999999999996,-0.0020000000000000018,-0.02100000000000002,266,9,-0.9906923101615609,-0.13612033862266704,0.433,0.489,0.691
2024-09-23 00:00:00+00:00,0.433,0.586,0.641,0.947,0.358,0.405,1.23,16.307,4.661,7.9,22.0,21.1,0.435,0.437,0.441,0.448,0.486,0.641,0.586,0.64,0.574,0.642,0.574,16.505,16.698,17.149,7.9,22.0,21.1,0.1,0.2,0.2,0.0,0.0,0.0,0.0,0.0,0.0,8.0,22.199999999999996,21.300000000000008,51.499999999999986,15.599999999999993,32.7,27.000000000000007,75.3,37.80000000000001,63.4,58.499999999999986,159.69999999999996,-0.0020000000000000018,-0.008000000000000007,267,9,-0.9928872135356962,-0.11905873003404988,0.489,0.691,0.813
2024-09-24 00:00:00+00:00,0.489,0.665,0.65,1.148,0.532,0.556,1.184,22.875,6.967,16.6,21.1,26.0,0.433,0.435,0.437,0.456,0.473,0.65,0.665,0.641,0.586,0.64,0.574,16.307,16.505,16.698,16.6,21.1,26.0,7.9,22.0,21.1,0.1,0.2,0.2,0.0,0.0,0.0,24.6,43.3,47.30000000000001,115.19999999999999,32.199999999999996,53.800000000000004,53.00000000000001,139.0,36.80000000000001,62.300000000000004,64.39999999999999,163.49999999999997,0.055999999999999994,0.05199999999999999,268,9,-0.994788305609327,-0.10196189005174576,0.691,0.813,0.718
2024-09-25 00:00:00+00:00,0.691,0.925,0.698,1.379,0.719,0.965,1.281,55.226,16.639,8.3,12.4,17.8,0.489,0.433,0.435,0.441,0.448,0.698,0.925,0.65,0.665,0.641,0.586,22.875,16.307,16.505,8.3,12.4,17.8,16.6,21.1,26.0,7.9,22.0,21.1,0.1,0.2,0.2,32.8,55.49999999999999,64.9,153.2,32.89999999999999,55.7,65.10000000000001,153.7,44.80000000000002,66.9,74.39999999999999,186.09999999999997,0.20199999999999996,0.25599999999999995,269,9,-0.9963950238187231,-0.08483487790576538,0.813,0.718,0.667
2024-09-26 00:00:00+00:00,0.813,0.883,0.747,1.281,0.676,1.092,1.354,79.311,14.835,7.6,4.2,4.9,0.691,0.489,0.433,0.437,0.456,0.747,0.883,0.698,0.925,0.65,0.665,55.226,22.875,16.307,7.6,4.2,4.9,8.3,12.4,17.8,16.6,21.1,26.0,7.9,22.0,21.1,32.5,37.7,48.70000000000001,118.89999999999999,40.49999999999999,59.900000000000006,70.0,170.4,48.100000000000016,70.39999999999999,75.69999999999999,194.19999999999996,0.122,0.37999999999999995,270,9,-0.9977068927101168,-0.06768276175455162,0.718,0.667,0.629
2024-09-27 00:00:00+00:00,0.718,0.811,0.749,1.207,0.593,0.901,1.343,59.559,11.86,0.6,2.9,3.2,0.813,0.691,0.489,0.435,0.441,0.749,0.811,0.747,0.883,0.698,0.925,79.311,55.226,22.875,0.6,2.9,3.2,7.6,4.2,4.9,8.3,12.4,17.8,16.6,21.1,26.0,16.5,19.499999999999996,25.90000000000001,61.89999999999999,41.099999999999994,62.800000000000004,73.2,177.1,48.70000000000002,73.3,78.89999999999998,200.89999999999998,-0.09499999999999997,0.22899999999999998,271,9,-0.9987235240803972,-0.050510617185222886,0.667,0.629,0.613
2024-09-28 00:00:00+00:00,0.667,0.752,0.74,1.162,0.544,0.817,1.267,49.888,9.663,0.1,0.0,0.0,0.718,0.813,0.691,0.433,0.437,0.74,0.752,0.749,0.811,0.747,0.883,59.559,79.311,55.226,0.1,0.0,0.0,0.6,2.9,3.2,7.6,4.2,4.9,8.3,12.4,17.8,8.299999999999999,7.099999999999996,8.100000000000009,23.49999999999999,41.199999999999996,62.800000000000004,73.2,177.20000000000002,48.80000000000001,73.3,78.89999999999998,200.99999999999997,-0.050999999999999934,-0.02399999999999991,272,9,-0.9994446170919858,-0.033323525711631344,0.629,0.613,0.645
2024-09-29 00:00:00+00:00,0.629,0.713,0.727,1.094,0.533,0.743,1.266,43.123,8.328,1.4,2.5,6.7,0.667,0.718,0.813,0.489,0.435,0.727,0.713,0.74,0.752,0.749,0.811,49.888,59.559,79.311,1.4,2.5,6.7,0.1,0.0,0.0,0.6,2.9,3.2,7.6,4.2,4.9,2.0999999999999996,5.399999999999997,9.900000000000007,17.399999999999984,42.49999999999999,65.10000000000001,79.7,187.3,50.20000000000002,75.8,85.59999999999998,211.59999999999997,-0.038000000000000034,-0.18399999999999994,273,9,-0.9998699583618592,-0.016126573270657762,0.613,0.645,0.642
2024-09-30 00:00:00+00:00,0.613,0.717,0.73,1.14,0.552,0.739,1.239,40.373,8.455,3.6,3.2,3.9,0.629,0.667,0.718,0.691,0.433,0.73,0.717,0.727,0.713,0.74,0.752,43.123,49.888,59.559,3.6,3.2,3.9,1.4,2.5,6.7,0.1,0.0,0.0,0.6,2.9,3.2,5.1,5.699999999999997,10.600000000000007,21.399999999999988,38.199999999999996,46.300000000000004,62.50000000000001,147.0,53.80000000000001,79.0,89.49999999999999,222.29999999999995,-0.016000000000000014,-0.10499999999999998,274,9,-0.9999994220246925,0.001075151282798226,0.645,0.642,0.589
2024-10-01 00:00:00+00:00,0.645,0.708,0.728,1.183,0.565,0.794,1.245,45.739,8.177,0.2,0.1,0.0,0.613,0.629,0.667,0.813,0.489,0.728,0.708,0.73,0.717,0.727,0.713,40.373,43.123,49.888,0.2,0.1,0.0,3.6,3.2,3.9,1.4,2.5,6.7,0.1,0.0,0.0,5.2,5.799999999999996,10.600000000000007,21.599999999999987,21.799999999999994,25.300000000000004,36.5,83.60000000000001,54.000000000000014,79.1,89.49999999999999,222.59999999999997,0.03200000000000003,-0.02200000000000002,275,10,-0.999832969770105,0.018276557681691223,0.642,0.589,0.577
2024-10-02 00:00:00+00:00,0.642,0.677,0.727,1.126,0.519,0.759,1.253,45.197,7.216,0.0,0.0,0.0,0.645,0.613,0.629,0.718,0.691,0.727,0.677,0.728,0.708,0.73,0.717,45.739,40.373,43.123,0.0,0.0,0.0,0.2,0.1,0.0,3.6,3.2,3.9,1.4,2.5,6.7,3.8000000000000003,3.2999999999999967,3.900000000000007,10.999999999999988,13.499999999999993,12.900000000000004,18.700000000000003,45.1,46.40000000000002,68.6,83.8,198.79999999999998,-0.0030000000000000027,0.013000000000000012,276,10,-0.9993706508539969,0.03547255575312556,0.589,0.577,0.567
2024-10-03 00:00:00+00:00,0.589,0.665,0.725,1.14,0.494,0.668,1.249,36.439,6.844,0.0,0.0,0.0,0.642,0.645,0.613,0.667,0.813,0.725,0.665,0.727,0.677,0.728,0.708,45.197,45.739,40.373,0.0,0.0,0.0,0.0,0.0,0.0,0.2,0.1,0.0,3.6,3.2,3.9,0.20000000000000046,0.09999999999999645,0.0,0.29999999999998583,5.899999999999993,8.700000000000003,13.800000000000004,28.400000000000002,46.40000000000002,68.6,83.8,198.79999999999998,-0.05300000000000005,-0.02400000000000002,277,10,-0.9986126020839734,0.052658056924614005,0.577,0.567,0.561
2024-10-04 00:00:00+00:00,0.577,0.646,0.723,1.13,0.479,0.643,1.243,34.55,6.285,0.0,0.0,0.0,0.589,0.642,0.645,0.629,0.718,0.723,0.646,0.725,0.665,0.727,0.677,36.439,45.197,45.739,0.0,0.0,0.0,0.0,0.0,0.0,0.0,0.0,0.0,0.2,0.1,0.0,0.0,0.0,0.0,0.0,5.299999999999994,5.800000000000004,10.600000000000005,21.700000000000003,46.40000000000002,68.6,83.8,198.79999999999998,-0.01200000000000001,-0.06800000000000006,278,10,-0.9975590477788613,0.06982797572987089,0.567,0.561,0.578
2024-10-05 00:00:00+00:00,0.567,0.633,0.722,1.125,0.47,0.622,1.227,32.992,5.902,0.1,0.1,0.2,0.577,0.589,0.642,0.613,0.667,0.722,0.633,0.723,0.646,0.725,0.665,34.55,36.439,45.197,0.1,0.1,0.2,0.0,0.0,0.0,0.0,0.0,0.0,0.0,0.0,0.0,0.10000000000000045,0.09999999999999645,0.20000000000000712,0.3999999999999858,5.299999999999993,5.900000000000004,10.800000000000004,22.0,46.50000000000002,68.7,84.0,199.2,-0.010000000000000009,-0.07500000000000007,279,10,-0.9962102997023297,0.0869772313136861,0.561,0.578,0.58
2024-10-06 00:00:00+00:00,0.561,0.632,0.72,1.124,0.464,0.619,1.243,32.18,5.894,2.3,2.0,2.9,0.567,0.577,0.589,0.645,0.629,0.72,0.632,0.722,0.633,0.723,0.646,32.992,34.55,36.439,2.3,2.0,2.9,0.1,0.1,0.2,0.0,0.0,0.0,0.0,0.0,0.0,2.4000000000000004,2.0999999999999965,3.100000000000007,7.599999999999985,6.199999999999993,5.400000000000004,7.0000000000000036,18.6,48.70000000000002,70.5,86.69999999999999,205.89999999999998,-0.005999999999999894,-0.027999999999999914,280,10,-0.9945667569706337,0.1041007489354256,0.578,0.58,1.386
2024-10-07 00:00:00+00:00,0.578,0.665,0.75,1.083,0.473,0.635,1.236,34.729,6.859,4.3,0.8,2.2,0.561,0.567,0.577,0.642,0.613,0.75,0.665,0.72,0.632,0.722,0.633,32.18,32.992,34.55,4.3,0.8,2.2,2.3,2.0,2.9,0.1,0.1,0.2,0.0,0.0,0.0,6.7,2.899999999999997,5.300000000000008,14.899999999999984,6.899999999999992,3.0000000000000036,5.300000000000004,15.2,45.10000000000001,49.300000000000004,67.79999999999998,162.2,0.016999999999999904,0.0010000000000000009,281,10,-0.9926289059345095,0.121193461470736,0.58,1.386,1.472
2024-10-08 00:00:00+00:00,0.58,0.775,0.841,1.202,0.588,0.654,1.249,35.18,11.208,36.7,39.4,63.6,0.578,0.561,0.567,0.589,0.645,0.841,0.775,0.75,0.665,0.72,0.632,34.729,32.18,32.992,36.7,39.4,63.6,4.3,0.8,2.2,2.3,2.0,2.9,0.1,0.1,0.2,43.300000000000004,42.199999999999996,68.7,154.19999999999996,43.39999999999999,42.300000000000004,68.9,154.6,65.20000000000002,67.6,105.39999999999998,238.19999999999996,0.0020000000000000018,0.013000000000000012,282,10,-0.9903973200352558,0.1382503109109819,1.386,1.472,1.188
2024-10-09 00:00:00+00:00,1.386,1.908,1.18,1.825,1.209,2.229,1.841,254.93,72.593,13.4,20.9,32.8,0.58,0.578,0.561,0.577,0.642,1.18,1.908,0.841,0.775,0.75,0.665,35.18,34.729,32.18,13.4,20.9,32.8,36.7,39.4,63.6,4.3,0.8,2.2,2.3,2.0,2.9,54.400000000000006,61.099999999999994,98.6,214.09999999999997,56.79999999999999,63.2,101.7,221.7,70.30000000000003,76.1,120.39999999999998,266.79999999999995,0.8059999999999999,0.8249999999999998,283,10,-0.9878726596350429,0.15526624985999563,1.472,1.188,1.054
2024-10-10 00:00:00+00:00,1.472,1.425,0.962,1.574,0.947,2.227,1.96,278.678,42.305,0.2,1.6,1.8,1.386,0.58,0.578,0.567,0.589,0.962,1.425,1.18,1.908,0.841,0.775,254.93,35.18,34.729,0.2,1.6,1.8,13.4,20.9,32.8,36.7,39.4,63.6,4.3,0.8,2.2,50.300000000000004,61.9,98.20000000000002,210.39999999999995,56.99999999999999,64.8,103.5,225.29999999999998,62.90000000000002,73.5,117.29999999999998,253.69999999999996,0.08600000000000008,0.894,284,10,-0.9850556718215013,0.172236243027682,1.188,1.054,0.957
2024-10-11 00:00:00+00:00,1.188,1.139,0.905,1.455,0.814,1.731,1.577,179.903,26.797,1.1,2.1,2.1,1.472,1.386,0.58,0.561,0.577,0.905,1.139,0.962,1.425,1.18,1.908,278.678,254.93,35.18,1.1,2.1,2.1,0.2,1.6,1.8,13.4,20.9,32.8,36.7,39.4,63.6,14.700000000000001,24.599999999999998,36.7,75.99999999999997,58.099999999999994,66.9,105.60000000000001,230.6,63.40000000000002,72.69999999999999,116.19999999999999,252.29999999999995,-0.28400000000000003,0.608,285,10,-0.981947190186646,0.18915526872004093,1.054,0.957,0.894
2024-10-12 00:00:00+00:00,1.054,0.989,0.888,1.405,0.765,1.519,1.497,137.943,19.542,0.2,0.2,0.4,1.188,1.472,1.386,0.578,0.567,0.888,0.989,0.905,1.139,0.962,1.425,179.903,278.678,254.93,0.2,0.2,0.4,1.1,2.1,2.1,0.2,1.6,1.8,13.4,20.9,32.8,1.5,3.9000000000000004,4.300000000000008,9.699999999999973,58.19999999999999,67.00000000000001,105.8,230.99999999999997,63.500000000000014,72.89999999999999,116.6,252.99999999999994,-0.1339999999999999,-0.33199999999999985,286,10,-0.9785481345802031,0.20601832032517084,0.957,0.894,0.841
2024-10-13 00:00:00+00:00,0.957,0.912,0.88,1.354,0.7,1.341,1.469,111.174,16.055,2.3,3.8,2.0,1.054,1.188,1.472,0.58,0.561,0.88,0.912,0.888,0.989,0.905,1.139,137.943,179.903,278.678,2.3,3.8,2.0,0.2,0.2,0.4,1.1,2.1,2.1,0.2,1.6,1.8,3.5999999999999996,6.1,4.500000000000007,14.199999999999973,58.199999999999996,68.80000000000001,104.9,231.9,64.40000000000002,74.19999999999999,111.89999999999999,250.49999999999997,-0.09700000000000009,-0.515,287,10,-0.9748595108374125,0.22282040779479959,0.894,0.841,0.794
2024-10-14 00:00:00+00:00,0.894,0.873,0.875,1.317,0.663,1.219,1.405,96.246,14.376,0.3,0.0,0.1,0.957,1.054,1.188,1.386,0.578,0.875,0.873,0.88,0.912,0.888,0.989,111.174,137.943,179.903,0.3,0.0,0.1,2.3,3.8,2.0,0.2,0.2,0.4,1.1,2.1,2.1,2.7999999999999994,4.0,2.500000000000007,9.299999999999972,54.19999999999999,68.0,102.80000000000001,224.99999999999997,61.100000000000016,71.0,108.09999999999998,240.19999999999993,-0.06299999999999994,-0.29399999999999993,288,10,-0.9708824104813836,0.23955655912092708,0.841,0.794,0.776
2024-10-15 00:00:00+00:00,0.841,0.837,0.872,1.294,0.623,1.112,1.375,85.132,12.856,0.0,0.0,0.0,0.894,0.957,1.054,1.472,0.58,0.872,0.837,0.875,0.873,0.88,0.912,96.246,111.174,137.943,0.0,0.0,0.0,0.3,0.0,0.1,2.3,3.8,2.0,0.2,0.2,0.4,2.599999999999999,3.8,2.100000000000007,8.499999999999972,17.499999999999986,28.600000000000005,39.2,85.3,60.90000000000002,70.89999999999999,108.09999999999998,239.89999999999995,-0.05300000000000005,-0.21300000000000008,289,10,-0.9666180104000972,0.2562218218071163,0.794,0.776,0.924
2024-10-16 00:00:00+00:00,0.794,0.806,0.869,1.262,0.599,1.026,1.331,75.2,11.624,1.3,2.0,3.3,0.841,0.894,0.957,1.188,1.386,0.869,0.806,0.872,0.837,0.875,0.873,85.132,96.246,111.174,1.3,2.0,3.3,0.0,0.0,0.0,0.3,0.0,0.1,2.3,3.8,2.0,1.5999999999999996,2.0,3.400000000000007,6.999999999999972,5.399999999999986,9.700000000000006,9.700000000000006,24.8,62.20000000000002,72.89999999999999,111.39999999999998,246.49999999999997,-0.04699999999999993,-0.16299999999999992,290,10,-0.9620675724981452,0.27281126433401914,0.776,0.924,1.007
2024-10-17 00:00:00+00:00,0.776,0.794,0.868,1.25,0.593,1.004,1.318,71.382,11.179,1.9,1.2,1.1,0.794,0.841,0.894,1.054,1.472,0.868,0.794,0.869,0.806,0.872,0.837,75.2,85.132,96.246,1.9,1.2,1.1,1.3,2.0,3.3,0.0,0.0,0.0,0.3,0.0,0.1,3.1999999999999993,3.2,4.4000000000000075,10.79999999999997,7.099999999999985,9.300000000000008,9.000000000000007,25.4,64.10000000000002,74.1,112.49999999999999,250.69999999999996,-0.018000000000000016,-0.118,291,10,-0.957232443323312,0.28931997761869527,0.924,1.007,0.9
2024-10-18 00:00:00+00:00,0.924,1.111,0.912,1.495,0.792,1.298,1.361,106.695,25.74,17.0,20.3,16.5,0.776,0.794,0.841,0.957,1.188,0.912,1.111,0.868,0.794,0.869,0.806,71.382,75.2,85.132,17.0,20.3,16.5,1.9,1.2,1.1,1.3,2.0,3.3,0.0,0.0,0.0,20.2,23.5,20.900000000000006,64.59999999999997,22.999999999999986,27.500000000000007,23.400000000000006,73.9,81.10000000000002,94.39999999999999,128.99999999999997,304.49999999999994,0.14800000000000002,0.08300000000000007,292,10,-0.9521140536681102,0.3057430764672831,1.007,0.9,0.848
2024-10-19 00:00:00+00:00,1.007,0.989,0.893,1.361,0.684,1.361,1.291,124.694,19.568,0.1,0.0,0.2,0.924,0.776,0.794,0.894,1.054,0.893,0.989,0.912,1.111,0.868,0.794,106.695,71.382,75.2,0.1,0.0,0.2,17.0,20.3,16.5,1.9,1.2,1.1,1.3,2.0,3.3,19.0,21.5,17.800000000000004,58.29999999999996,22.899999999999988,27.300000000000008,23.200000000000006,73.4,81.10000000000001,94.3,129.0,304.4,0.08299999999999985,0.21299999999999986,293,10,-0.9467139181463862,0.3220757010206104,0.9,0.848,0.797
2024-10-20 00:00:00+00:00,0.9,0.912,0.879,1.325,0.633,1.195,1.306,97.447,16.046,2.0,0.3,2.0,1.007,0.924,0.776,0.841,0.957,0.879,0.912,0.893,0.989,0.912,1.111,124.694,106.695,71.382,2.0,0.3,2.0,0.1,0.0,0.2,17.0,20.3,16.5,1.9,1.2,1.1,19.1,20.6,18.700000000000006,58.39999999999997,22.599999999999987,23.800000000000008,23.200000000000006,69.6,80.80000000000001,92.6,128.1,301.49999999999994,-0.10699999999999987,0.124,294,10,-0.9410336347451197,0.3383130181923076,0.848,0.797,0.762
2024-10-21 00:00:00+00:00,0.848,0.874,0.877,1.306,0.608,1.109,1.282,86.53,14.419,0.5,0.6,2.1,0.9,1.007,0.924,0.794,0.894,0.877,0.874,0.879,0.912,0.893,0.989,97.447,124.694,106.695,0.5,0.6,2.1,2.0,0.3,2.0,0.1,0.0,0.2,17.0,20.3,16.5,2.6,0.8999999999999999,4.300000000000008,7.799999999999971,22.799999999999986,24.400000000000006,25.200000000000006,72.4,77.00000000000001,92.4,127.99999999999999,297.4,-0.052000000000000046,-0.07600000000000007,295,10,-0.9350748843515574,0.3544502230989869,0.797,0.762,0.738
2024-10-22 00:00:00+00:00,0.797,0.836,0.873,1.283,0.583,1.023,1.283,76.009,12.834,0.0,0.0,0.0,0.848,0.9,1.007,0.776,0.841,0.873,0.836,0.877,0.874,0.879,0.912,86.53,97.447,124.694,0.0,0.0,0.0,0.5,0.6,2.1,2.0,0.3,2.0,0.1,0.0,0.2,2.5,0.8999999999999999,4.100000000000007,7.499999999999972,22.799999999999986,24.400000000000006,25.200000000000006,72.4,40.30000000000001,53.0,64.39999999999998,157.69999999999996,-0.050999999999999934,-0.20999999999999985,296,10,-0.9288394302558068,0.3704825404820963,0.762,0.738,0.713
2024-10-23 00:00:00+00:00,0.762,0.804,0.87,1.269,0.566,0.967,1.292,68.551,11.568,0.0,0.0,0.1,0.797,0.848,0.9,0.924,0.794,0.87,0.804,0.873,0.836,0.877,0.874,76.009,86.53,97.447,0.0,0.0,0.1,0.0,0.0,0.0,0.5,0.6,2.1,2.0,0.3,2.0,0.5,0.5999999999999999,2.2000000000000073,3.299999999999972,21.499999999999986,22.400000000000006,22.000000000000004,65.89999999999999,26.900000000000016,32.1,31.699999999999985,90.69999999999997,-0.03500000000000003,-0.138,297,10,-0.9223291176290545,0.3864052261209853,0.738,0.713,0.693
2024-10-24 00:00:00+00:00,0.738,0.794,0.868,1.256,0.55,0.923,1.28,63.525,11.167,0.0,0.0,0.0,0.762,0.797,0.848,1.007,0.776,0.868,0.794,0.87,0.804,0.873,0.836,68.551,76.009,86.53,0.0,0.0,0.0,0.0,0.0,0.1,0.0,0.0,0.0,0.5,0.6,2.1,0.0,0.0,0.10000000000000756,0.09999999999997158,19.599999999999987,21.200000000000006,20.900000000000006,61.699999999999996,26.700000000000014,30.499999999999996,29.899999999999984,87.09999999999998,-0.02400000000000002,-0.10999999999999999,298,10,-0.9155458729775467,0.40221356823680365,0.713,0.693,0.69
2024-10-25 00:00:00+00:00,0.713,0.782,0.864,1.241,0.533,0.879,1.257,58.437,10.745,0.0,0.0,0.1,0.738,0.762,0.797,0.9,0.924,0.864,0.782,0.868,0.794,0.87,0.804,63.525,68.551,76.009,0.0,0.0,0.1,0.0,0.0,0.0,0.0,0.0,0.1,0.0,0.0,0.0,0.0,0.0,0.20000000000000756,0.1999999999999716,2.599999999999986,0.900000000000007,4.500000000000007,8.0,25.600000000000016,28.4,27.899999999999984,81.89999999999996,-0.025000000000000022,-0.08400000000000007,299,10,-0.9084917035725082,0.41790288888678667,0.693,0.69,0.664
2024-10-26 00:00:00+00:00,0.693,0.764,0.862,1.244,0.539,0.85,1.229,54.543,10.08,0.4,4.8,0.5,0.713,0.738,0.762,0.848,1.007,0.862,0.764,0.864,0.782,0.868,0.794,58.437,63.525,68.551,0.4,4.8,0.5,0.0,0.0,0.1,0.0,0.0,0.0,0.0,0.0,0.1,0.4,4.8,0.6000000000000075,5.799999999999971,2.8999999999999857,5.700000000000006,4.800000000000007,13.4,25.80000000000001,33.0,27.999999999999986,86.79999999999997,-0.020000000000000018,-0.06900000000000006,300,10,-0.9011686968561569,0.4334685453485363,0.69,0.664,0.644
2024-10-27 00:00:00+00:00,0.69,0.75,0.864,1.228,0.531,0.837,1.202,54.081,9.594,0.0,0.0,0.0,0.693,0.713,0.738,0.797,0.9,0.864,0.75,0.862,0.764,0.864,0.782,54.543,58.437,63.525,0.0,0.0,0.0,0.4,4.8,0.5,0.0,0.0,0.1,0.0,0.0,0.0,0.4,4.8,0.6000000000000075,5.799999999999971,0.8999999999999858,5.4000000000000075,2.800000000000007,9.100000000000001,23.500000000000014,29.2,25.999999999999986,78.69999999999997,-0.0030000000000000027,-0.04800000000000004,301,10,-0.8935790198239952,0.4489059314938798,0.664,0.644,0.629
2024-10-28 00:00:00+00:00,0.664,0.747,0.862,1.21,0.513,0.786,1.216,49.103,9.472,0.0,0.0,0.0,0.69,0.693,0.713,0.762,0.848,0.862,0.747,0.864,0.75,0.862,0.764,54.081,54.543,58.437,0.0,0.0,0.0,0.0,0.0,0.0,0.4,4.8,0.5,0.0,0.0,0.1,0.4,4.8,0.5000000000000075,5.699999999999972,0.3999999999999858,4.800000000000008,0.7000000000000075,5.9,23.200000000000014,29.2,25.899999999999988,78.29999999999997,-0.025999999999999912,-0.04899999999999993,302,10,-0.8857249183835637,0.4642104791518923,0.644,0.629,0.602
2024-10-29 00:00:00+00:00,0.644,0.74,0.861,1.199,0.491,0.748,1.231,45.656,9.23,0.6,0.2,0.8,0.664,0.69,0.693,0.738,0.797,0.861,0.74,0.862,0.747,0.864,0.75,49.103,54.081,54.543,0.6,0.2,0.8,0.0,0.0,0.0,0.0,0.0,0.0,0.4,4.8,0.5,0.6,0.2,0.8000000000000076,1.5999999999999717,0.9999999999999858,5.000000000000008,1.5000000000000075,7.5,23.800000000000015,29.4,26.69999999999999,79.89999999999996,-0.020000000000000018,-0.04899999999999993,303,10,-0.8776087166898392,0.4793776594606945,0.629,0.602,0.591
2024-10-30 00:00:00+00:00,0.629,0.733,0.857,1.155,0.472,0.71,1.219,42.982,8.998,0.0,0.0,0.1,0.644,0.664,0.69,0.713,0.762,0.857,0.733,0.861,0.74,0.862,0.747,45.656,49.103,54.081,0.0,0.0,0.1,0.6,0.2,0.8,0.0,0.0,0.0,0.0,0.0,0.0,0.6,0.2,0.9000000000000076,1.6999999999999718,0.9999999999999858,5.000000000000007,1.5000000000000075,7.500000000000001,22.500000000000014,27.4,23.499999999999986,73.39999999999998,-0.015000000000000013,-0.06099999999999994,304,10,-0.8692328164574792,0.49440298420761813,0.602,0.591,0.576
2024-10-31 00:00:00+00:00,0.602,0.726,0.857,1.109,0.464,0.659,1.199,38.536,8.75,0.0,0.0,0.0,0.629,0.644,0.664,0.693,0.738,0.857,0.726,0.857,0.733,0.861,0.74,42.982,45.656,49.103,0.0,0.0,0.0,0.0,0.0,0.1,0.6,0.2,0.8,0.0,0.0,0.0,0.6,0.2,0.9000000000000076,1.6999999999999718,0.9999999999999858,5.000000000000007,1.5000000000000075,7.500000000000001,20.600000000000016,26.2,22.399999999999984,69.19999999999997,-0.027000000000000024,-0.062000000000000055,305,10,-0.8605996962501181,0.5092820071573356,0.591,0.576,0.563
2024-11-01 00:00:00+00:00,0.591,0.722,0.856,1.101,0.453,0.635,1.209,36.689,8.62,0.0,0.0,0.2,0.602,0.629,0.644,0.69,0.713,0.856,0.722,0.857,0.726,0.857,0.733,38.536,42.982,45.656,0.0,0.0,0.2,0.0,0.0,0.0,0.0,0.0,0.1,0.6,0.2,0.8,0.0,0.0,0.3000000000000076,0.2999999999999716,0.9999999999999858,5.000000000000007,1.6000000000000076,7.6000000000000005,3.6000000000000143,5.8999999999999995,6.099999999999985,15.599999999999971,-0.01100000000000001,-0.05300000000000005,306,11,-0.8517119107469189,0.5240103253675756,0.576,0.563,0.549
2024-11-02 00:00:00+00:00,0.576,0.717,0.853,1.094,0.443,0.614,1.217,34.34,8.478,0.0,0.0,0.0,0.591,0.602,0.629,0.664,0.693,0.853,0.717,0.856,0.722,0.857,0.726,36.689,38.536,42.982,0.0,0.0,0.0,0.0,0.0,0.2,0.0,0.0,0.0,0.0,0.0,0.1,0.0,0.0,0.20000000000000756,0.1999999999999716,0.5999999999999858,0.200000000000008,1.1000000000000076,1.9000000000000001,3.500000000000014,5.8999999999999995,5.899999999999985,15.29999999999997,-0.015000000000000013,-0.05300000000000005,307,11,-0.8425720899866032,0.5385835804920232,0.563,0.549,0.543
2024-11-03 00:00:00+00:00,0.563,0.712,0.82,1.07,0.438,0.593,1.19,32.479,8.314,0.0,0.0,0.0,0.576,0.591,0.602,0.644,0.69,0.82,0.712,0.853,0.717,0.856,0.722,34.34,36.689,38.536,0.0,0.0,0.0,0.0,0.0,0.0,0.0,0.0,0.2,0.0,0.0,0.0,0.0,0.0,0.20000000000000756,0.1999999999999716,0.5999999999999858,0.200000000000008,1.1000000000000076,1.9000000000000001,1.5000000000000142,5.6,3.8999999999999853,10.999999999999972,-0.013000000000000012,-0.039000000000000035,308,11,-0.8331829385891785,0.5529974600700271,0.549,0.543,0.532
2024-11-04 00:00:00+00:00,0.549,0.67,0.776,1.06,0.426,0.569,1.21,30.307,6.978,0.0,0.0,0.0,0.563,0.576,0.591,0.629,0.664,0.776,0.67,0.82,0.712,0.853,0.717,32.479,34.34,36.689,0.0,0.0,0.0,0.0,0.0,0.0,0.0,0.0,0.0,0.0,0.0,0.2,0.0,0.0,0.0,0.0,0.5999999999999858,0.200000000000008,1.1000000000000076,1.9000000000000001,1.0000000000000142,5.0,1.7999999999999858,7.799999999999972,-0.013999999999999901,-0.041999999999999926,309,11,-0.8235472349556007,0.5672476988027229,0.543,0.532,0.525
2024-11-05 00:00:00+00:00,0.543,0.669,0.786,1.017,0.417,0.546,1.236,29.548,6.962,0.0,0.0,0.0,0.549,0.563,0.576,0.602,0.644,0.786,0.669,0.776,0.67,0.82,0.712,30.307,32.479,34.34,0.0,0.0,0.0,0.0,0.0,0.0,0.0,0.0,0.0,0.0,0.0,0.0,0.0,0.0,0.0,0.0,0.0,0.0,0.3000000000000076,0.30000000000000004,1.0000000000000142,5.0,1.7999999999999858,7.799999999999972,-0.006000000000000005,-0.03299999999999992,310,11,-0.8136678304455991,0.5813300798152042,0.532,0.525,0.519
2024-11-06 00:00:00+00:00,0.532,0.665,0.772,1.01,0.41,0.537,1.221,28.039,6.837,0.0,0.0,0.0,0.543,0.549,0.563,0.591,0.629,0.772,0.665,0.786,0.669,0.776,0.67,29.548,30.307,32.479,0.0,0.0,0.0,0.0,0.0,0.0,0.0,0.0,0.0,0.0,0.0,0.0,0.0,0.0,0.0,0.0,0.0,0.0,0.20000000000000756,0.2,1.0000000000000142,5.0,1.6999999999999857,7.699999999999973,-0.01100000000000001,-0.030999999999999917,311,11,-0.8035476485339116,0.5952404359043674,0.525,0.519,0.513
2024-11-07 00:00:00+00:00,0.525,0.652,0.742,1.004,0.403,0.522,1.214,27.025,6.446,0.0,0.0,0.0,0.532,0.543,0.549,0.576,0.602,0.742,0.652,0.772,0.665,0.786,0.669,28.039,29.548,30.307,0.0,0.0,0.0,0.0,0.0,0.0,0.0,0.0,0.0,0.0,0.0,0.0,0.0,0.0,0.0,0.0,0.0,0.0,0.20000000000000756,0.2,1.0000000000000142,5.0,1.6999999999999857,7.699999999999973,-0.007000000000000006,-0.02400000000000002,312,11,-0.7931896839451843,0.6089746507720486,0.519,0.513,0.51
2024-11-08 00:00:00+00:00,0.519,0.592,0.676,0.999,0.397,0.507,1.208,26.202,4.816,0.0,0.0,0.0,0.525,0.532,0.543,0.563,0.591,0.676,0.592,0.742,0.652,0.772,0.665,27.025,28.039,29.548,0.0,0.0,0.0,0.0,0.0,0.0,0.0,0.0,0.0,0.0,0.0,0.0,0.0,0.0,0.0,0.0,0.0,0.0,0.0,0.0,1.0000000000000142,5.0,1.5999999999999859,7.599999999999972,-0.006000000000000005,-0.02400000000000002,313,11,-0.7825970017677834,0.6225286602431057,0.513,0.51,0.543
2024-11-09 00:00:00+00:00,0.513,0.576,0.672,0.999,0.393,0.501,1.212,25.481,4.385,0.4,0.0,0.0,0.519,0.525,0.532,0.549,0.576,0.672,0.576,0.676,0.592,0.742,0.652,26.202,27.025,28.039,0.4,0.0,0.0,0.0,0.0,0.0,0.0,0.0,0.0,0.0,0.0,0.0,0.4,0.0,0.0,0.3999999999999716,0.3999999999999858,0.0,0.0,0.4,1.0000000000000142,0.19999999999999912,1.0999999999999859,2.299999999999972,-0.006000000000000005,-0.019000000000000017,314,11,-0.7717727365467837,0.6358984534680745,0.51,0.543,0.558
2024-11-10 00:00:00+00:00,0.51,0.587,0.677,1.002,0.391,0.494,1.218,25.032,4.672,5.6,8.3,12.2,0.513,0.519,0.525,0.543,0.563,0.677,0.587,0.672,0.576,0.676,0.592,25.481,26.202,27.025,5.6,8.3,12.2,0.4,0.0,0.0,0.0,0.0,0.0,0.0,0.0,0.0,6.0,8.3,12.200000000000006,26.49999999999997,5.999999999999986,8.300000000000008,12.200000000000006,26.5,6.600000000000014,8.5,13.299999999999985,28.399999999999974,-0.0030000000000000027,-0.015000000000000013,315,11,-0.7607200913564104,0.6490800741100398,0.543,0.558,0.531
2024-11-11 00:00:00+00:00,0.543,0.709,0.714,1.101,0.447,0.579,1.23,29.608,8.263,5.3,5.7,10.9,0.51,0.513,0.519,0.532,0.549,0.714,0.709,0.677,0.587,0.672,0.576,25.032,25.481,26.202,5.3,5.7,10.9,5.6,8.3,12.2,0.4,0.0,0.0,0.0,0.0,0.0,11.3,14.0,23.10000000000001,48.39999999999997,11.299999999999986,14.000000000000007,23.10000000000001,48.4,11.900000000000013,14.2,24.199999999999985,50.29999999999997,0.03300000000000003,0.02400000000000002,316,11,-0.7494423368521953,0.6620696215153815,0.558,0.531,0.52
2024-11-12 00:00:00+00:00,0.558,0.665,0.704,1.045,0.415,0.571,1.219,31.708,6.861,0.5,0.6,2.0,0.543,0.51,0.513,0.525,0.543,0.704,0.665,0.714,0.709,0.677,0.587,29.608,25.032,25.481,0.5,0.6,2.0,5.3,5.7,10.9,5.6,8.3,12.2,0.4,0.0,0.0,11.399999999999999,14.600000000000001,25.10000000000001,51.09999999999997,11.799999999999986,14.600000000000009,25.10000000000001,51.5,11.800000000000015,14.600000000000001,25.399999999999984,51.79999999999997,0.015000000000000013,0.04500000000000004,317,11,-0.7379428103031386,0.6748632518680403,0.531,0.52,0.51
2024-11-13 00:00:00+00:00,0.531,0.654,0.709,1.025,0.391,0.525,1.239,27.881,6.508,2.9,0.9,4.6,0.558,0.543,0.51,0.519,0.532,0.709,0.654,0.704,0.665,0.714,0.709,31.708,29.608,25.032,2.9,0.9,4.6,0.5,0.6,2.0,5.3,5.7,10.9,5.6,8.3,12.2,8.7,7.2,17.500000000000007,33.39999999999997,14.699999999999985,15.500000000000007,29.700000000000006,59.9,14.700000000000014,15.5,29.899999999999984,60.099999999999966,-0.027000000000000024,0.02100000000000002,318,11,-0.7262249146041543,0.6874571793269664,0.52,0.51,0.505
2024-11-14 00:00:00+00:00,0.52,0.67,0.711,1.021,0.38,0.508,1.231,26.43,7.005,0.1,0.2,0.5,0.531,0.558,0.543,0.513,0.525,0.711,0.67,0.709,0.654,0.704,0.665,27.881,31.708,29.608,0.1,0.2,0.5,2.9,0.9,4.6,0.5,0.6,2.0,5.3,5.7,10.9,3.5,1.7,7.100000000000007,12.29999999999997,14.799999999999985,15.700000000000008,30.200000000000006,60.699999999999996,14.800000000000013,15.700000000000001,30.399999999999984,60.89999999999997,-0.01100000000000001,-0.02300000000000002,319,11,-0.7142921172691032,0.699847677146407,0.51,0.505,0.532
2024-11-15 00:00:00+00:00,0.51,0.643,0.7,1.002,0.373,0.486,1.23,25.043,6.204,0.0,0.0,0.0,0.52,0.531,0.558,0.51,0.519,0.7,0.643,0.711,0.67,0.709,0.654,26.43,27.881,31.708,0.0,0.0,0.0,0.1,0.2,0.5,2.9,0.9,4.6,0.5,0.6,2.0,3.0,1.1,5.100000000000007,9.19999999999997,14.799999999999985,15.700000000000008,30.200000000000006,60.699999999999996,14.800000000000013,15.700000000000001,30.19999999999998,60.699999999999974,-0.010000000000000009,-0.04800000000000004,320,11,-0.7021479494046978,0.7120310787787131,0.505,0.532,0.734
2024-11-16 00:00:00+00:00,0.505,0.653,0.706,1.01,0.378,0.481,1.237,24.46,6.511,7.5,8.2,9.9,0.51,0.52,0.531,0.543,0.513,0.706,0.653,0.7,0.643,0.711,0.67,25.043,26.43,27.881,7.5,8.2,9.9,0.0,0.0,0.0,0.1,0.2,0.5,2.9,0.9,4.6,7.6,8.399999999999999,10.400000000000007,26.399999999999974,21.899999999999984,23.900000000000006,40.10000000000001,85.9,22.300000000000015,23.9,40.09999999999998,86.29999999999997,-0.0050000000000000044,-0.026000000000000023,321,11,-0.6897960046655887,0.7240037789593305,0.532,0.734,1.21
2024-11-17 00:00:00+00:00,0.532,0.776,0.773,1.116,0.422,0.556,1.236,28.026,10.588,5.9,10.3,13.7,0.505,0.51,0.52,0.558,0.51,0.773,0.776,0.706,0.653,0.7,0.643,24.46,25.043,26.43,5.9,10.3,13.7,7.5,8.2,9.9,0.0,0.0,0.0,0.1,0.2,0.5,13.4,18.5,23.60000000000001,55.49999999999997,22.199999999999985,25.900000000000006,41.60000000000001,89.7,28.200000000000014,34.2,53.79999999999998,116.19999999999997,0.027000000000000024,0.01200000000000001,322,11,-0.6772399381909491,0.7357622347736527,0.734,1.21,1.019
2024-11-18 00:00:00+00:00,0.734,1.282,1.066,1.519,0.728,1.04,1.283,66.212,36.274,22.3,36.5,29.2,0.532,0.505,0.51,0.531,0.543,1.066,1.282,0.773,0.776,0.706,0.653,28.026,24.46,25.043,22.3,36.5,29.2,5.9,10.3,13.7,7.5,8.2,9.9,0.0,0.0,0.0,35.7,55.0,52.800000000000004,143.49999999999997,39.19999999999999,56.7,59.900000000000006,155.8,50.500000000000014,70.7,82.99999999999999,204.2,0.20199999999999996,0.22399999999999998,323,11,-0.6644834655228552,0.7473029667054297,1.21,1.019,0.903
2024-11-19 00:00:00+00:00,1.21,1.477,1.065,1.493,0.774,1.739,1.464,187.142,45.5,2.2,3.7,6.6,0.734,0.532,0.505,0.52,0.558,1.065,1.477,1.066,1.282,0.773,0.776,66.212,28.026,24.46,2.2,3.7,6.6,22.3,36.5,29.2,5.9,10.3,13.7,7.5,8.2,9.9,30.4,50.5,49.50000000000001,130.39999999999998,40.89999999999999,59.800000000000004,64.5,165.20000000000002,52.70000000000002,74.4,89.59999999999998,216.7,0.476,0.705,324,11,-0.6515303615068021,0.75862255966641,1.019,0.903,0.842
2024-11-20 00:00:00+00:00,1.019,1.146,0.951,1.393,0.626,1.368,1.387,127.902,27.155,1.2,3.0,6.4,1.21,0.734,0.532,0.51,0.531,0.951,1.146,1.065,1.477,1.066,1.282,187.142,66.212,28.026,1.2,3.0,6.4,2.2,3.7,6.6,22.3,36.5,29.2,5.9,10.3,13.7,25.7,43.2,42.2,111.09999999999997,39.19999999999999,61.900000000000006,66.30000000000001,167.4,53.90000000000001,77.4,95.99999999999999,227.29999999999998,-0.19100000000000006,0.4869999999999999,325,11,-0.6383844591746642,0.769717664006921,0.903,0.842,0.841
2024-11-21 00:00:00+00:00,0.903,1.002,0.921,1.344,0.58,1.169,1.366,98.234,20.135,8.0,6.1,16.0,1.019,1.21,0.734,0.505,0.52,0.921,1.002,0.951,1.146,1.065,1.477,127.902,187.142,66.212,8.0,6.1,16.0,1.2,3.0,6.4,2.2,3.7,6.6,22.3,36.5,29.2,11.399999999999997,12.8,29.000000000000007,53.199999999999974,47.09999999999999,67.8,81.80000000000001,196.7,61.90000000000001,83.5,111.99999999999999,257.4,-0.11599999999999988,0.16900000000000004,326,11,-0.6250496486104377,0.7805849965070866,0.842,0.841,0.842
2024-11-22 00:00:00+00:00,0.842,1.02,0.921,1.332,0.569,1.076,1.356,85.158,20.979,1.1,0.2,1.3,0.903,1.019,1.21,0.532,0.51,0.921,1.02,0.921,1.002,0.951,1.146,98.234,127.902,187.142,1.1,0.2,1.3,8.0,6.1,16.0,1.2,3.0,6.4,2.2,3.7,6.6,10.299999999999995,9.3,23.700000000000006,43.299999999999976,48.19999999999999,68.0,83.10000000000001,199.3,63.000000000000014,83.7,113.29999999999998,260.0,-0.061000000000000054,-0.368,327,11,-0.6115298757991053,0.7912213413483807,0.841,0.842,0.835
2024-11-23 00:00:00+00:00,0.841,1.195,1.056,1.427,0.599,1.094,1.299,85.097,29.681,0.2,0.4,0.9,0.842,0.903,1.019,0.734,0.505,1.056,1.195,0.921,1.02,0.921,1.002,85.158,98.234,127.902,0.2,0.4,0.9,1.1,0.2,1.3,8.0,6.1,16.0,1.2,3.0,6.4,9.299999999999997,6.699999999999999,18.200000000000006,34.199999999999974,40.89999999999999,60.2,74.1,175.20000000000002,62.80000000000002,84.10000000000001,114.19999999999999,261.1,-0.0010000000000000009,-0.17799999999999994,328,11,-0.5978291414589552,0.801623551065242,0.842,0.835,0.797
2024-11-24 00:00:00+00:00,0.842,1.183,1.034,1.407,0.586,1.076,1.307,85.174,29.047,6.7,5.1,7.2,0.841,0.842,0.903,1.21,0.532,1.034,1.183,1.056,1.195,0.921,1.02,85.097,85.158,98.234,6.7,5.1,7.2,0.2,0.4,0.9,1.1,0.2,1.3,8.0,6.1,16.0,7.9999999999999964,5.699999999999999,9.400000000000007,23.099999999999973,41.69999999999999,55.0,67.60000000000001,164.3,63.90000000000001,80.9,109.19999999999997,253.99999999999997,0.0010000000000000009,-0.061000000000000054,329,11,-0.5839514998576998,0.8117885474764613,0.835,0.797,0.783
2024-11-25 00:00:00+00:00,0.835,1.073,0.959,1.377,0.591,1.076,1.344,83.747,23.546,0.0,0.3,0.3,0.842,0.841,0.842,1.019,0.734,0.959,1.073,1.034,1.183,1.056,1.195,85.174,85.097,85.158,0.0,0.3,0.3,6.7,5.1,7.2,0.2,0.4,0.9,1.1,0.2,1.3,6.899999999999997,5.799999999999999,8.400000000000007,21.099999999999973,19.399999999999984,18.8,38.70000000000001,76.9,58.600000000000016,75.5,98.6,232.69999999999996,-0.007000000000000006,-0.007000000000000006,330,11,-0.5699010576127624,0.821713322596059,0.797,0.783,0.758
2024-11-26 00:00:00+00:00,0.797,0.957,0.902,1.335,0.556,0.998,1.311,75.891,18.061,1.9,3.1,4.2,0.835,0.842,0.841,0.903,1.21,0.902,0.957,0.959,1.073,1.034,1.183,83.747,85.174,85.097,1.9,3.1,4.2,0.0,0.3,0.3,6.7,5.1,7.2,0.2,0.4,0.9,8.599999999999996,8.5,11.700000000000006,28.79999999999997,19.099999999999987,18.2,36.300000000000004,73.60000000000001,60.000000000000014,78.00000000000001,100.79999999999998,238.79999999999998,-0.03799999999999992,-0.04399999999999993,331,11,-0.5556819724760489,0.8313949395234058,0.783,0.758,0.724
2024-11-27 00:00:00+00:00,0.783,0.93,0.904,1.346,0.559,0.988,1.273,73.012,16.831,0.7,2.9,2.4,0.797,0.835,0.842,0.842,1.019,0.904,0.93,0.902,0.957,0.959,1.073,75.891,83.747,85.174,0.7,2.9,2.4,1.9,3.1,4.2,0.0,0.3,0.3,6.7,5.1,7.2,2.599999999999996,6.3,6.9000000000000075,15.79999999999997,18.599999999999987,18.1,32.300000000000004,69.0,57.80000000000001,80.0,98.59999999999998,236.39999999999998,-0.014000000000000012,-0.05899999999999994,332,11,-0.5412984521036173,0.8408305333122887,0.758,0.724,0.705
2024-11-28 00:00:00+00:00,0.758,0.893,0.901,1.306,0.53,0.939,1.254,67.688,15.237,0.0,0.0,0.1,0.783,0.797,0.835,0.841,0.903,0.901,0.893,0.904,0.93,0.902,0.957,73.012,75.891,83.747,0.0,0.0,0.1,0.7,2.9,2.4,1.9,3.1,4.2,0.0,0.3,0.3,2.599999999999996,6.0,6.700000000000007,15.29999999999997,10.599999999999985,11.999999999999998,16.400000000000006,39.0,57.70000000000002,79.8,98.19999999999997,235.7,-0.025000000000000022,-0.07699999999999996,333,11,-0.5267547528105542,0.8500173118187018,0.724,0.705,0.694
2024-11-29 00:00:00+00:00,0.724,0.854,0.882,1.284,0.516,0.889,1.259,60.711,13.568,0.0,0.1,0.0,0.758,0.783,0.797,0.842,0.842,0.882,0.854,0.901,0.893,0.904,0.93,67.688,73.012,75.891,0.0,0.1,0.0,0.0,0.0,0.1,0.7,2.9,2.4,1.9,3.1,4.2,0.6999999999999964,3.0,2.500000000000007,6.199999999999972,9.499999999999986,11.899999999999999,15.100000000000007,36.5,57.70000000000002,79.9,98.19999999999997,235.79999999999998,-0.03400000000000003,-0.07300000000000006,334,11,-0.5120551783114646,0.8589525565270845,0.705,0.694,0.701
2024-11-30 00:00:00+00:00,0.705,0.831,0.879,1.27,0.505,0.851,1.247,56.919,12.608,0.0,0.5,0.2,0.724,0.758,0.783,0.835,0.841,0.879,0.831,0.882,0.854,0.901,0.893,60.711,67.688,73.012,0.0,0.5,0.2,0.0,0.1,0.0,0.0,0.0,0.1,0.7,2.9,2.4,0.0,0.6,0.30000000000000715,0.8999999999999715,9.299999999999985,11.999999999999998,14.400000000000007,35.699999999999996,50.20000000000002,72.2,88.49999999999999,210.89999999999998,-0.019000000000000017,-0.07800000000000007,335,11,-0.4972040784469378,0.8676336233547726,0.694,0.701,0.693
2024-12-01 00:00:00+00:00,0.694,0.829,0.879,1.246,0.513,0.833,1.209,54.787,12.533,5.0,6.4,6.7,0.705,0.724,0.758,0.797,0.842,0.879,0.829,0.879,0.831,0.882,0.854,56.919,60.711,67.688,5.0,6.4,6.7,0.0,0.5,0.2,0.0,0.1,0.0,0.0,0.0,0.1,4.9999999999999964,7.0,6.9000000000000075,18.899999999999974,7.599999999999985,13.3,13.900000000000007,34.8,49.30000000000001,68.3,81.49999999999999,199.1,-0.01100000000000001,-0.06400000000000006,336,12,-0.4822058478963526,0.8760579434344281,0.701,0.693,0.67
2024-12-02 00:00:00+00:00,0.701,0.85,0.882,1.231,0.52,0.852,1.208,56.071,13.386,1.5,2.9,3.9,0.694,0.705,0.724,0.783,0.835,0.882,0.85,0.879,0.829,0.879,0.831,54.787,56.919,60.711,1.5,2.9,3.9,5.0,6.4,6.7,0.0,0.5,0.2,0.0,0.1,0.0,6.4999999999999964,9.8,10.800000000000008,27.099999999999973,9.099999999999985,15.899999999999999,17.500000000000007,42.5,28.500000000000014,34.699999999999996,56.19999999999998,119.39999999999998,0.007000000000000006,-0.02300000000000002,337,12,-0.46706492487743034,0.8842230238742036,0.693,0.67,0.809
2024-12-03 00:00:00+00:00,0.693,0.821,0.879,1.195,0.5,0.828,1.235,54.7,12.241,0.0,0.0,0.0,0.701,0.694,0.705,0.758,0.797,0.879,0.821,0.882,0.85,0.879,0.829,56.071,54.787,56.919,0.0,0.0,0.0,1.5,2.9,3.9,5.0,6.4,6.7,0.0,0.5,0.2,6.4999999999999964,9.3,10.600000000000009,26.399999999999974,7.199999999999985,12.799999999999999,13.300000000000008,33.300000000000004,26.300000000000015,31.0,49.59999999999999,106.89999999999998,-0.008000000000000007,-0.01200000000000001,338,12,-0.451785789832884,0.8921264484954345,0.67,0.809,0.85
2024-12-04 00:00:00+00:00,0.67,0.825,0.879,1.208,0.501,0.788,1.235,50.307,12.409,10.4,16.5,13.9,0.693,0.701,0.694,0.724,0.783,0.879,0.825,0.879,0.821,0.882,0.85,54.7,56.071,54.787,10.4,16.5,13.9,0.0,0.0,0.0,1.5,2.9,3.9,5.0,6.4,6.7,11.899999999999997,19.4,17.800000000000008,49.099999999999966,16.899999999999984,26.4,24.800000000000008,68.1,35.500000000000014,44.5,57.099999999999994,137.09999999999997,-0.02299999999999991,-0.02399999999999991,339,12,-0.4363729641045924,0.8997658785476209,0.809,0.85,0.919
2024-12-05 00:00:00+00:00,0.809,1.12,0.908,1.475,0.628,1.066,1.336,78.406,25.97,4.5,12.7,17.4,0.67,0.693,0.701,0.705,0.758,0.908,1.12,0.879,0.825,0.879,0.821,50.307,54.7,56.071,4.5,12.7,17.4,10.4,16.5,13.9,0.0,0.0,0.0,1.5,2.9,3.9,14.899999999999997,29.2,31.300000000000004,75.39999999999996,21.399999999999984,39.099999999999994,42.10000000000001,102.6,32.000000000000014,51.099999999999994,58.499999999999986,141.59999999999997,0.139,0.1080000000000001,340,12,-0.42083100859565564,0.9071390534005044,0.85,0.919,0.928
2024-12-06 00:00:00+00:00,0.85,1.015,0.902,1.399,0.607,1.091,1.367,86.883,20.714,4.6,8.0,10.7,0.809,0.67,0.693,0.694,0.724,0.902,1.015,0.908,1.12,0.879,0.825,78.406,50.307,54.7,4.6,8.0,10.7,4.5,12.7,17.4,10.4,16.5,13.9,0.0,0.0,0.0,19.499999999999996,37.2,42.0,98.69999999999996,25.999999999999986,47.0,52.80000000000001,125.79999999999998,35.500000000000014,58.900000000000006,67.89999999999998,162.29999999999995,0.040999999999999925,0.15700000000000003,341,12,-0.4051645224207563,0.9142437912130223,0.919,0.928,0.884
2024-12-07 00:00:00+00:00,0.919,1.034,0.896,1.446,0.682,1.228,1.565,102.151,21.637,1.7,5.6,6.2,0.85,0.809,0.67,0.701,0.705,0.896,1.034,0.902,1.015,0.908,1.12,86.883,78.406,50.307,1.7,5.6,6.2,4.6,8.0,10.7,4.5,12.7,17.4,10.4,16.5,13.9,10.799999999999995,26.299999999999997,34.300000000000004,71.39999999999996,27.699999999999985,52.099999999999994,58.800000000000004,138.6,37.000000000000014,64.1,73.19999999999997,174.29999999999995,0.06900000000000006,0.249,342,12,-0.3893781415452015,0.9210779895789526,0.928,0.884,0.845
2024-12-08 00:00:00+00:00,0.928,0.971,0.892,1.381,0.625,1.211,1.475,103.854,18.713,4.2,3.5,5.6,0.919,0.85,0.809,0.693,0.694,0.892,0.971,0.896,1.034,0.902,1.015,102.151,86.883,78.406,4.2,3.5,5.6,1.7,5.6,6.2,4.6,8.0,10.7,4.5,12.7,17.4,10.499999999999996,17.1,22.500000000000007,50.099999999999966,26.899999999999984,49.199999999999996,57.70000000000001,133.79999999999998,34.500000000000014,62.5,71.6,168.59999999999997,0.009000000000000008,0.119,343,12,-0.37347653741307074,0.9276396261490467,0.884,0.845,0.81
2024-12-09 00:00:00+00:00,0.884,0.964,0.899,1.365,0.597,1.144,1.376,94.018,18.364,0.2,1.3,2.1,0.928,0.919,0.85,0.67,0.701,0.899,0.964,0.892,0.971,0.896,1.034,103.854,102.151,86.883,0.2,1.3,2.1,4.2,3.5,5.6,1.7,5.6,6.2,4.6,8.0,10.7,6.099999999999997,10.4,13.900000000000007,30.399999999999974,25.599999999999987,47.6,55.900000000000006,129.1,34.70000000000002,63.5,73.39999999999998,171.59999999999997,-0.04400000000000004,0.03400000000000003,344,12,-0.3574644155648614,0.9339267592294762,0.845,0.81,0.764
2024-12-10 00:00:00+00:00,0.845,0.92,0.893,1.336,0.575,1.077,1.355,85.938,16.413,0.0,0.0,0.0,0.884,0.928,0.919,0.809,0.693,0.893,0.92,0.899,0.964,0.892,0.971,94.018,103.854,102.151,0.0,0.0,0.0,0.2,1.3,2.1,4.2,3.5,5.6,1.7,5.6,6.2,4.399999999999997,4.8,7.700000000000006,16.899999999999974,25.599999999999987,47.6,55.900000000000006,129.1,32.80000000000002,60.4,69.19999999999999,162.39999999999995,-0.039000000000000035,-0.07400000000000007,345,12,-0.34134651424503615,0.9399375283564133,0.81,0.764,0.752
2024-12-11 00:00:00+00:00,0.81,0.884,0.886,1.296,0.555,1.019,1.352,78.564,14.847,0.0,0.0,0.0,0.845,0.884,0.928,0.85,0.67,0.886,0.884,0.893,0.92,0.899,0.964,85.938,94.018,103.854,0.0,0.0,0.0,0.0,0.0,0.0,0.2,1.3,2.1,4.2,3.5,5.6,0.19999999999999646,1.3,2.100000000000007,3.5999999999999717,15.199999999999985,31.099999999999998,42.00000000000001,88.3,32.100000000000016,57.5,66.79999999999998,156.39999999999995,-0.03499999999999992,-0.118,346,12,-0.3251276029999093,0.9456701548465688,0.764,0.752,0.737
2024-12-12 00:00:00+00:00,0.764,0.859,0.881,1.246,0.543,0.942,1.352,68.895,13.77,0.0,0.0,0.0,0.81,0.845,0.884,0.919,0.809,0.881,0.859,0.886,0.884,0.893,0.92,78.564,85.938,94.018,0.0,0.0,0.0,0.0,0.0,0.0,0.0,0.0,0.0,0.2,1.3,2.1,0.0,0.0,0.0,0.0,10.699999999999985,18.4,24.600000000000005,53.699999999999996,32.100000000000016,57.5,66.69999999999999,156.29999999999995,-0.04600000000000004,-0.12,347,12,-0.30881248126625377,0.9511229423235357,0.752,0.737,0.718
2024-12-13 00:00:00+00:00,0.752,0.842,0.878,1.283,0.527,0.925,1.329,66.476,13.084,1.8,3.4,3.7,0.764,0.81,0.845,0.928,0.85,0.878,0.842,0.881,0.859,0.886,0.884,68.895,78.564,85.938,1.8,3.4,3.7,0.0,0.0,0.0,0.0,0.0,0.0,0.0,0.0,0.0,1.7999999999999965,3.4,3.7000000000000073,8.899999999999972,7.899999999999986,13.8,17.60000000000001,39.3,33.90000000000001,60.8,70.39999999999999,165.09999999999997,-0.01200000000000001,-0.09299999999999997,348,12,-0.29240597695107734,0.9562942772197719,0.737,0.718,0.694
2024-12-14 00:00:00+00:00,0.737,0.839,0.877,1.282,0.524,0.9,1.307,63.37,12.949,0.7,2.9,3.8,0.752,0.764,0.81,0.884,0.919,0.877,0.839,0.878,0.842,0.881,0.859,66.476,68.895,78.564,0.7,2.9,3.8,1.8,3.4,3.7,0.0,0.0,0.0,0.0,0.0,0.0,2.4999999999999964,6.3,7.500000000000007,16.299999999999972,6.899999999999986,11.1,15.200000000000008,33.2,34.600000000000016,63.199999999999996,73.99999999999999,171.79999999999995,-0.015000000000000013,-0.07300000000000006,349,12,-0.27591294500296043,0.9611826292540837,0.718,0.694,0.681
2024-12-15 00:00:00+00:00,0.718,0.839,0.878,1.241,0.517,0.868,1.279,59.506,12.961,0.4,2.8,4.8,0.737,0.752,0.764,0.845,0.928,0.878,0.839,0.877,0.839,0.878,0.842,63.37,66.476,68.895,0.4,2.8,4.8,0.7,2.9,3.8,1.8,3.4,3.7,0.0,0.0,0.0,2.8999999999999964,9.1,12.300000000000008,24.299999999999972,3.099999999999986,10.4,14.400000000000007,27.9,30.000000000000014,59.599999999999994,72.09999999999998,161.69999999999996,-0.019000000000000017,-0.04600000000000004,350,12,-0.2593382659754056,0.9657865518844574,0.694,0.681,0.725
2024-12-16 00:00:00+00:00,0.694,0.858,0.859,1.218,0.518,0.841,1.276,54.808,13.736,1.8,1.4,2.1,0.718,0.737,0.752,0.81,0.884,0.859,0.858,0.878,0.839,0.877,0.839,59.506,63.37,66.476,1.8,1.4,2.1,0.4,2.8,4.8,0.7,2.9,3.8,1.8,3.4,3.7,2.899999999999997,7.1,10.700000000000008,20.69999999999997,4.699999999999985,10.5,14.400000000000006,29.599999999999998,30.300000000000015,58.1,70.29999999999998,158.7,-0.02400000000000002,-0.05800000000000005,351,12,-0.2426868445825954,0.9701046827361175,0.681,0.725,0.982
2024-12-17 00:00:00+00:00,0.681,0.805,0.818,1.194,0.502,0.811,1.346,52.414,11.612,0.2,1.0,1.8,0.694,0.718,0.737,0.764,0.845,0.818,0.805,0.859,0.858,0.878,0.839,54.808,59.506,63.37,0.2,1.0,1.8,1.8,1.4,2.1,0.4,2.8,4.8,0.7,2.9,3.8,2.3999999999999964,5.199999999999999,8.700000000000006,16.299999999999972,4.899999999999985,11.5,16.200000000000006,32.6,30.500000000000014,59.1,72.09999999999998,161.7,-0.0129999999999999,-0.05599999999999994,352,12,-0.22596360824801906,0.974135744004672,0.725,0.982,0.876
2024-12-18 00:00:00+00:00,0.725,1.087,0.928,1.388,0.614,0.958,1.26,61.398,25.566,25.7,29.1,38.2,0.681,0.694,0.718,0.752,0.81,0.928,1.087,0.818,0.805,0.859,0.858,52.414,54.808,59.506,25.7,29.1,38.2,0.2,1.0,1.8,1.8,1.4,2.1,0.4,2.8,4.8,27.699999999999996,31.5,42.10000000000001,101.29999999999997,30.599999999999984,40.6,54.400000000000006,125.6,45.80000000000001,71.7,96.39999999999999,213.89999999999998,0.04399999999999993,0.007000000000000006,353,12,-0.20917350564635637,0.9778785428342386,0.982,0.876,0.941
2024-12-19 00:00:00+00:00,0.982,1.375,0.941,1.488,0.64,1.305,1.371,117.701,39.431,0.5,7.2,8.4,0.725,0.681,0.694,0.737,0.764,0.941,1.375,0.928,1.087,0.818,0.805,61.398,52.414,54.808,0.5,7.2,8.4,25.7,29.1,38.2,0.2,1.0,1.8,1.8,1.4,2.1,26.399999999999995,37.300000000000004,48.400000000000006,112.09999999999997,31.099999999999984,47.800000000000004,62.800000000000004,141.7,41.80000000000001,66.2,87.39999999999999,195.39999999999998,0.257,0.28800000000000003,354,12,-0.19232150523909483,0.9813319716704275,0.876,0.941,1.156
2024-12-20 00:00:00+00:00,0.876,1.172,0.877,1.472,0.585,1.149,1.352,92.354,28.456,4.4,13.8,8.6,0.982,0.725,0.681,0.718,0.752,0.877,1.172,0.941,1.375,0.928,1.087,117.701,61.398,52.414,4.4,13.8,8.6,0.5,7.2,8.4,25.7,29.1,38.2,0.2,1.0,1.8,30.599999999999994,50.1,55.20000000000001,135.89999999999998,33.69999999999998,58.2,67.7,159.6,41.600000000000016,72.0,85.29999999999998,198.89999999999998,-0.10599999999999998,0.19499999999999995,355,12,-0.17541259380427843,0.9844950085880858,0.941,1.156,1.334
2024-12-21 00:00:00+00:00,0.941,1.198,0.882,1.529,0.673,1.278,1.431,107.275,29.779,7.3,10.0,10.8,0.876,0.982,0.725,0.694,0.737,0.882,1.198,0.877,1.172,0.941,1.375,92.354,117.701,61.398,7.3,10.0,10.8,4.4,13.8,8.6,0.5,7.2,8.4,25.7,29.1,38.2,12.199999999999996,31.0,27.800000000000008,70.99999999999997,40.29999999999999,65.30000000000001,74.7,180.29999999999998,47.20000000000001,76.4,89.89999999999999,213.49999999999997,0.06499999999999995,0.21599999999999997,356,12,-0.15845177496083632,0.9873667175937016,1.156,1.334,1.276
2024-12-22 00:00:00+00:00,1.156,1.443,0.96,1.606,0.78,1.664,1.529,170.56,43.392,25.4,20.5,24.1,0.941,0.876,0.982,0.681,0.718,0.96,1.443,0.882,1.198,0.877,1.172,107.275,92.354,117.701,25.4,20.5,24.1,7.3,10.0,10.8,4.4,13.8,8.6,0.5,7.2,8.4,37.099999999999994,44.3,43.50000000000001,124.89999999999998,65.29999999999998,83.0,94.00000000000001,242.29999999999998,68.4,93.4,108.39999999999999,270.2,0.21499999999999997,0.17399999999999993,357,12,-0.14144406768794202,0.9899462489023779,1.334,1.276,1.172
2024-12-23 00:00:00+00:00,1.334,1.505,0.956,1.704,0.881,1.994,1.501,228.805,46.882,4.1,6.3,8.1,1.156,0.941,0.876,0.725,0.694,0.956,1.505,0.96,1.443,0.882,1.198,170.56,107.275,92.354,4.1,6.3,8.1,25.4,20.5,24.1,7.3,10.0,10.8,4.4,13.8,8.6,36.8,36.8,43.00000000000001,116.59999999999997,67.59999999999998,87.9,100.0,255.5,72.30000000000001,98.4,114.39999999999999,285.09999999999997,0.17800000000000016,0.4580000000000001,358,12,-0.12439450483979998,0.9922328391893008,1.276,1.172,1.075
2024-12-24 00:00:00+00:00,1.276,1.335,0.926,1.704,0.844,1.885,1.384,208.985,37.139,1.3,0.7,1.2,1.334,1.156,0.941,0.982,0.681,0.926,1.335,0.956,1.505,0.96,1.443,228.805,170.56,107.275,1.3,0.7,1.2,4.1,6.3,8.1,25.4,20.5,24.1,7.3,10.0,10.8,30.799999999999994,27.5,33.400000000000006,91.69999999999997,68.69999999999997,87.60000000000001,99.4,255.7,73.60000000000001,99.10000000000001,115.6,288.29999999999995,-0.05800000000000005,0.3350000000000001,359,12,-0.10730813165636247,0.9942258118156161,1.172,1.075,0.996
2024-12-25 00:00:00+00:00,1.172,1.173,0.909,1.637,0.796,1.665,1.398,174.492,28.48,0.0,0.0,0.0,1.276,1.334,1.156,0.876,0.725,0.909,1.173,0.926,1.335,0.956,1.505,208.985,228.805,170.56,0.0,0.0,0.0,1.3,0.7,1.2,4.1,6.3,8.1,25.4,20.5,24.1,5.399999999999996,7.0,9.300000000000006,21.69999999999997,42.999999999999986,58.5,61.20000000000001,162.7,73.60000000000001,99.10000000000001,115.6,288.29999999999995,-0.10400000000000009,0.016000000000000014,360,12,-0.09019000427034513,0.9959245770286599,1.075,0.996,0.928
2024-12-26 00:00:00+00:00,1.075,1.068,0.899,1.576,0.734,1.475,1.391,144.346,23.241,0.1,0.1,0.0,1.172,1.276,1.334,0.941,0.982,0.899,1.068,0.909,1.173,0.926,1.335,174.492,208.985,228.805,0.1,0.1,0.0,0.0,0.0,0.0,1.3,0.7,1.2,4.1,6.3,8.1,1.3999999999999966,0.7999999999999999,1.200000000000007,3.399999999999972,42.59999999999998,51.4,52.80000000000001,146.8,73.7,99.2,115.6,288.49999999999994,-0.09699999999999998,-0.2590000000000001,361,12,-0.07304518821104743,0.9973286321364752,0.996,0.928,0.873
2024-12-27 00:00:00+00:00,0.996,0.993,0.892,1.519,0.694,1.343,1.303,121.432,19.714,0.1,0.0,0.0,1.075,1.172,1.276,1.156,0.876,0.892,0.993,0.899,1.068,0.909,1.173,144.346,174.492,208.985,0.1,0.0,0.0,0.1,0.1,0.0,0.0,0.0,0.0,1.3,0.7,1.2,0.19999999999999646,0.1,0.0,0.2999999999999716,38.29999999999998,37.6,44.20000000000001,120.1,72.00000000000001,95.8,111.89999999999999,279.7,-0.07899999999999996,-0.28,362,12,-0.05587875690537313,0.9984375616565666,0.928,0.873,0.831
2024-12-28 00:00:00+00:00,0.928,0.941,0.887,1.468,0.658,1.236,1.317,103.951,17.36,0.0,0.0,0.0,0.996,1.075,1.172,1.334,0.941,0.887,0.941,0.892,0.993,0.899,1.068,121.432,144.346,174.492,0.0,0.0,0.0,0.1,0.0,0.0,0.1,0.1,0.0,0.0,0.0,0.0,0.19999999999999646,0.1,0.0,0.2999999999999716,30.999999999999986,27.6,33.400000000000006,92.0,71.30000000000001,92.89999999999999,108.1,272.3,-0.06799999999999995,-0.24399999999999988,363,12,-0.03869579017652689,0.9992510374388481,0.873,0.831,0.795
2024-12-29 00:00:00+00:00,0.873,0.903,0.883,1.408,0.63,1.144,1.362,91.649,15.664,0.2,0.1,0.1,0.928,0.996,1.075,1.276,1.156,0.883,0.903,0.887,0.941,0.892,0.993,103.951,121.432,144.346,0.2,0.1,0.1,0.0,0.0,0.0,0.1,0.0,0.0,0.1,0.1,0.0,0.2999999999999965,0.1,0.10000000000000711,0.49999999999997163,5.799999999999986,7.2,9.400000000000007,22.4,71.10000000000001,90.2,103.39999999999999,264.7,-0.05500000000000005,-0.20199999999999996,364,12,-0.021501372740813793,0.999768818762748,0.831,0.795,0.895
2024-12-30 00:00:00+00:00,0.831,0.876,0.882,1.357,0.608,1.071,1.334,82.951,14.512,0.0,0.0,0.0,0.873,0.928,0.996,1.172,1.334,0.882,0.876,0.883,0.903,0.887,0.941,91.649,103.951,121.432,0.0,0.0,0.0,0.2,0.1,0.1,0.0,0.0,0.0,0.1,0.0,0.0,0.19999999999999646,0.1,0.10000000000000711,0.3999999999999716,1.699999999999986,0.8999999999999999,1.3000000000000071,3.9000000000000004,69.30000000000001,88.80000000000001,101.29999999999998,259.4,-0.04200000000000004,-0.16500000000000004,365,12,-0.004300592702981974,0.9999907524084426,0.795,0.895,0.955
2024-12-31 00:00:00+00:00,0.795,0.859,0.88,1.334,0.594,1.013,1.31,75.456,13.79,2.8,1.1,1.9,0.831,0.873,0.928,1.075,1.276,0.88,0.859,0.882,0.876,0.883,0.903,82.951,91.649,103.951,2.8,1.1,1.9,0.0,0.0,0.0,0.2,0.1,0.1,0.0,0.0,0.0,2.9999999999999964,1.2000000000000002,2.000000000000007,6.199999999999972,3.199999999999986,1.3,2.000000000000007,6.5,71.9,88.9,101.39999999999999,262.2,-0.03599999999999992,-0.133,366,12,0.012901459949419653,0.9999167727021953,0.895,0.955,0.857
2025-01-01 00:00:00+00:00,0.895,1.099,0.901,1.422,0.702,1.205,1.389,97.581,24.833,21.8,19.7,18.2,0.795,0.831,0.873,0.996,1.172,0.901,1.099,0.88,0.859,0.882,0.876,75.456,82.951,91.649,21.8,19.7,18.2,2.8,1.1,1.9,0.0,0.0,0.0,0.2,0.1,0.1,24.599999999999998,20.8,20.100000000000005,65.49999999999997,24.999999999999986,21.0,20.200000000000006,66.2,68.00000000000001,79.5,81.39999999999999,228.9,0.09999999999999998,0.02200000000000002,1,1,0.017201575418260506,0.9998520419557735,0.955,0.857,0.995
2025-01-02 00:00:00+00:00,0.955,1.042,0.901,1.351,0.641,1.266,1.397,110.929,22.03,0.1,1.8,1.9,0.895,0.795,0.831,0.928,1.075,0.901,1.042,0.901,1.099,0.88,0.859,97.581,75.456,82.951,0.1,1.8,1.9,21.8,19.7,18.2,2.8,1.1,1.9,0.0,0.0,0.0,24.7,22.6,22.000000000000004,69.29999999999997,24.999999999999986,22.7,22.100000000000005,69.8,67.60000000000001,74.1,74.89999999999998,216.6,0.05999999999999994,0.124,2,1,0.03439806061360801,0.9994082116062598,0.857,0.995,1.494
2025-01-03 00:00:00+00:00,0.857,0.985,0.894,1.315,0.589,1.106,1.383,88.274,19.312,0.0,0.1,0.3,0.955,0.895,0.795,0.873,0.996,0.894,0.985,0.901,1.042,0.901,1.099,110.929,97.581,75.456,0.0,0.1,0.3,0.1,1.8,1.9,21.8,19.7,18.2,2.8,1.1,1.9,21.9,21.599999999999998,20.400000000000006,63.89999999999998,24.899999999999988,22.799999999999997,22.400000000000006,70.10000000000001,63.20000000000001,60.4,66.6,190.2,-0.09799999999999998,0.061999999999999944,3,1,0.051584366869408364,0.9986686402879997,0.995,1.494,1.409
2025-01-04 00:00:00+00:00,0.995,1.428,0.996,1.621,0.841,1.452,1.466,127.993,44.275,21.4,31.8,30.8,0.857,0.955,0.895,0.831,0.928,0.996,1.428,0.894,0.985,0.901,1.042,88.274,110.929,97.581,21.4,31.8,30.8,0.0,0.1,0.3,0.1,1.8,1.9,21.8,19.7,18.2,21.499999999999996,33.7,33.00000000000001,88.19999999999997,46.29999999999998,54.599999999999994,53.2,154.10000000000002,77.30000000000001,82.2,86.6,246.09999999999997,0.138,0.09999999999999998,4,1,0.06875540848113941,0.9976335468520451,1.494,1.409,1.307
2025-01-05 00:00:00+00:00,1.494,1.771,1.235,1.771,1.053,2.275,1.827,286.327,63.239,6.2,7.4,12.1,0.995,0.857,0.955,0.795,0.873,1.235,1.771,0.996,1.428,0.894,0.985,127.993,88.274,110.929,6.2,7.4,12.1,21.4,31.8,30.8,0.0,0.1,0.3,0.1,1.8,1.9,27.599999999999994,39.3,43.20000000000001,110.09999999999998,52.29999999999998,61.9,65.2,179.4,58.100000000000016,69.10000000000001,74.59999999999998,201.79999999999998,0.499,0.539,5,1,0.08590610426133272,0.9963032375991965,1.409,1.307,1.647
2025-01-06 00:00:00+00:00,1.409,1.636,1.374,1.631,0.923,2.107,1.822,255.695,54.753,5.7,8.0,10.5,1.494,0.995,0.857,0.895,0.831,1.374,1.636,1.235,1.771,0.996,1.428,286.327,127.993,88.274,5.7,8.0,10.5,6.2,7.4,12.1,21.4,31.8,30.8,0.0,0.1,0.3,33.3,47.199999999999996,53.400000000000006,133.89999999999998,57.999999999999986,69.89999999999999,75.7,203.6,59.70000000000001,70.8,76.99999999999999,207.49999999999997,-0.08499999999999996,0.552,6,1,0.10303137904317879,0.9946781061893646,1.307,1.647,1.714
2025-01-07 00:00:00+00:00,1.307,1.446,1.221,1.58,0.898,1.938,1.662,219.546,43.425,13.3,18.0,17.6,1.409,1.494,0.995,0.955,0.795,1.221,1.446,1.374,1.636,1.235,1.771,255.695,286.327,127.993,13.3,18.0,17.6,5.7,8.0,10.5,6.2,7.4,12.1,21.4,31.8,30.8,25.199999999999996,33.4,40.20000000000001,98.79999999999998,68.49999999999999,86.80000000000001,91.4,246.70000000000005,71.70000000000002,88.1,93.39999999999998,253.2,-0.10200000000000009,0.31199999999999994,7,1,0.1201261651823505,0.9927586335250793,1.647,1.714,1.423
2025-01-08 00:00:00+00:00,1.647,1.835,1.221,2.009,1.431,2.691,2.138,344.102,67.618,14.6,19.7,23.6,1.307,1.409,1.494,0.857,0.895,1.221,1.835,1.221,1.446,1.374,1.636,219.546,255.695,286.327,14.6,19.7,23.6,13.3,18.0,17.6,5.7,8.0,10.5,6.2,7.4,12.1,33.599999999999994,45.7,51.70000000000001,130.99999999999997,61.29999999999999,86.8,96.80000000000001,244.9,86.30000000000001,107.8,116.99999999999999,311.1,0.3400000000000001,0.15300000000000002,8,1,0.13718540405660057,0.9905453876091833,1.714,1.423,1.217
2025-01-09 00:00:00+00:00,1.714,1.582,1.167,1.836,1.151,2.812,2.273,368.486,51.52,0.0,0.0,0.1,1.647,1.307,1.409,0.995,0.955,1.167,1.582,1.221,1.835,1.221,1.446,344.102,219.546,255.695,0.0,0.0,0.1,14.6,19.7,23.6,13.3,18.0,17.6,5.7,8.0,10.5,27.899999999999995,37.7,41.30000000000001,106.89999999999998,61.19999999999999,85.0,95.0,241.2,86.20000000000002,107.7,117.09999999999998,311.0,0.06699999999999995,0.30499999999999994,9,1,0.1542040475626894,0.988039023376751,1.423,1.217,1.087
2025-01-10 00:00:00+00:00,1.423,1.336,1.041,1.75,0.973,2.263,1.914,260.78,37.238,0.45,1.2,1.6,1.714,1.647,1.307,1.494,0.857,1.041,1.336,1.167,1.582,1.221,1.835,368.486,344.102,219.546,0.45,1.2,1.6,0.0,0.0,0.1,14.6,19.7,23.6,13.3,18.0,17.6,15.049999999999995,20.9,25.300000000000008,61.24999999999997,61.64999999999999,86.1,96.30000000000001,244.05,86.55000000000001,108.9,118.69999999999999,314.15,-0.2909999999999999,0.1160000000000001,10,1,0.17117705961019986,0.985240282501282,1.217,1.087,0.989
2025-01-11 00:00:00+00:00,1.217,1.132,0.929,1.63,0.888,1.882,1.661,189.335,26.402,0.0,0.1,0.2,1.423,1.714,1.647,1.409,0.995,0.929,1.132,1.041,1.336,1.167,1.582,260.78,368.486,344.102,0.0,0.1,0.2,0.45,1.2,1.6,0.0,0.0,0.1,14.6,19.7,23.6,0.44999999999999646,1.3,1.9000000000000072,3.649999999999972,40.249999999999986,54.4,65.70000000000002,160.35000000000002,86.55000000000001,109.0,118.89999999999999,314.45,-0.20599999999999996,-0.42999999999999994,11,1,0.18809941761179758,0.9821499931752291,1.087,0.989,0.926
2025-01-12 00:00:00+00:00,1.087,1.057,0.919,1.532,0.809,1.601,1.584,147.951,22.71,0.1,0.0,0.0,1.217,1.423,1.714,1.307,1.494,0.919,1.057,0.929,1.132,1.041,1.336,189.335,260.78,368.486,0.1,0.0,0.0,0.0,0.1,0.2,0.45,1.2,1.6,0.0,0.0,0.1,0.5499999999999965,1.3,1.8000000000000071,3.6499999999999715,34.149999999999984,47.0,53.60000000000001,134.75,86.45,108.89999999999999,118.8,314.15000000000003,-0.13000000000000012,-0.627,12,1,0.20496611396949532,0.9787690698649216,0.989,0.926,0.897
2025-01-13 00:00:00+00:00,0.989,1.0,0.912,1.45,0.753,1.401,1.57,119.534,20.009,0.0,0.0,0.0,1.087,1.217,1.423,1.647,1.409,0.912,1.0,0.919,1.057,0.929,1.132,147.951,189.335,260.78,0.0,0.0,0.0,0.1,0.0,0.0,0.0,0.1,0.2,0.45,1.2,1.6,0.09999999999999645,0.1,0.20000000000000712,0.3999999999999716,28.449999999999985,39.0,43.10000000000001,110.55000000000001,86.45,108.89999999999999,118.8,314.15000000000003,-0.09799999999999998,-0.43400000000000005,13,1,0.22177215755648186,0.975098513039961,0.926,0.897,0.852
2025-01-14 00:00:00+00:00,0.926,0.984,0.911,1.414,0.734,1.296,1.495,103.214,19.285,1.0,0.6,1.1,0.989,1.087,1.217,1.714,1.307,0.911,0.984,0.912,1.0,0.919,1.057,119.534,147.951,189.335,1.0,0.6,1.1,0.0,0.0,0.0,0.1,0.0,0.0,0.0,0.1,0.2,1.0999999999999965,0.6,1.1000000000000072,2.799999999999972,16.149999999999984,21.599999999999998,26.60000000000001,64.35,84.65,108.39999999999999,117.99999999999999,311.05,-0.06299999999999994,-0.29100000000000004,14,1,0.23851257519407648,0.9711394088771653,0.897,0.852,0.812
2025-01-15 00:00:00+00:00,0.897,0.998,0.868,1.385,0.717,1.244,1.446,96.815,19.915,0.0,0.0,0.0,0.926,0.989,1.087,1.423,1.647,0.868,0.998,0.911,0.984,0.912,1.0,103.214,119.534,147.951,0.0,0.0,0.0,1.0,0.6,1.1,0.0,0.0,0.0,0.1,0.0,0.0,0.9999999999999966,0.6,1.1000000000000072,2.6999999999999718,1.5499999999999858,1.9,3.000000000000007,6.45,62.850000000000016,88.69999999999999,99.79999999999998,251.35,-0.029000000000000026,-0.18999999999999995,15,1,0.2551824131233728,0.9668929289391521,0.852,0.812,0.782
2025-01-16 00:00:00+00:00,0.852,0.918,0.807,1.341,0.678,1.155,1.417,87.244,16.312,0.0,0.0,0.0,0.897,0.926,0.989,1.217,1.714,0.807,0.918,0.868,0.998,0.911,0.984,96.815,103.214,119.534,0.0,0.0,0.0,0.0,0.0,0.0,1.0,0.6,1.1,0.0,0.0,0.0,0.9999999999999966,0.6,1.1000000000000072,2.6999999999999718,1.5499999999999858,1.9,2.9000000000000075,6.3500000000000005,62.750000000000014,86.89999999999999,97.89999999999999,247.54999999999998,-0.04500000000000004,-0.137,16,1,0.2717767384711357,0.9623603298276545,0.812,0.782,0.758
2025-01-17 00:00:00+00:00,0.812,0.887,0.802,1.314,0.64,1.082,1.423,78.969,14.97,0.0,0.0,0.0,0.852,0.897,0.926,1.087,1.423,0.802,0.887,0.807,0.918,0.868,0.998,87.244,96.815,103.214,0.0,0.0,0.0,0.0,0.0,0.0,0.0,0.0,0.0,1.0,0.6,1.1,0.0,0.0,0.0,0.0,1.0999999999999859,0.7,1.3000000000000071,3.1,62.750000000000014,86.8,97.59999999999998,247.15,-0.039999999999999925,-0.11399999999999999,17,1,0.2882906407095177,0.9575429528116719,0.782,0.758,0.737
2025-01-18 00:00:00+00:00,0.782,0.865,0.798,1.295,0.622,1.029,1.392,72.844,14.04,0.0,0.0,0.0,0.812,0.852,0.897,0.989,1.217,0.798,0.865,0.802,0.887,0.807,0.918,78.969,87.244,96.815,0.0,0.0,0.0,0.0,0.0,0.0,0.0,0.0,0.0,0.0,0.0,0.0,0.0,0.0,0.0,0.0,1.0999999999999859,0.6,1.1000000000000072,2.8,41.350000000000016,55.0,66.79999999999998,163.14999999999998,-0.030000000000000027,-0.11499999999999999,18,1,0.3047192331091634,0.9524422234305676,0.758,0.737,0.717
2025-01-19 00:00:00+00:00,0.758,0.845,0.779,1.279,0.6,0.988,1.318,67.693,13.191,0.0,0.0,0.0,0.782,0.812,0.852,0.926,1.087,0.779,0.845,0.798,0.865,0.802,0.887,72.844,78.969,87.244,0.0,0.0,0.0,0.0,0.0,0.0,0.0,0.0,0.0,0.0,0.0,0.0,0.0,0.0,0.0,0.0,0.9999999999999858,0.6,1.1000000000000072,2.7,35.15000000000001,47.6,54.69999999999999,137.45,-0.02400000000000002,-0.09399999999999997,19,1,0.321057654185271,0.9470596510722283,0.737,0.717,0.844
2025-01-20 00:00:00+00:00,0.737,0.813,0.753,1.262,0.585,0.946,1.291,63.211,11.903,0.0,0.0,0.0,0.758,0.782,0.812,0.897,0.989,0.753,0.813,0.779,0.845,0.798,0.865,67.693,72.844,78.969,0.0,0.0,0.0,0.0,0.0,0.0,0.0,0.0,0.0,0.0,0.0,0.0,0.0,0.0,0.0,0.0,0.9999999999999858,0.6,1.1000000000000072,2.7,29.450000000000017,39.6,44.19999999999999,113.24999999999997,-0.02100000000000002,-0.07500000000000007,20,1,0.3373010691361842,0.9413968285264122,0.717,0.844,0.861
2025-01-21 00:00:00+00:00,0.717,0.799,0.74,1.255,0.576,0.913,1.323,59.224,11.364,10.1,8.2,10.9,0.737,0.758,0.782,0.852,0.926,0.74,0.799,0.753,0.813,0.779,0.845,63.211,67.693,72.844,10.1,8.2,10.9,0.0,0.0,0.0,0.0,0.0,0.0,0.0,0.0,0.0,10.099999999999996,8.2,10.900000000000007,29.199999999999967,10.099999999999985,8.2,10.900000000000007,29.199999999999996,26.250000000000014,29.799999999999997,37.499999999999986,93.54999999999997,-0.020000000000000018,-0.06500000000000006,21,1,0.3534446712740877,0.9354554315134164,0.844,0.861,0.897
2025-01-22 00:00:00+00:00,0.844,1.149,0.835,1.406,0.708,1.181,1.41,85.91,27.414,9.1,8.5,10.2,0.717,0.737,0.758,0.812,0.897,0.835,1.149,0.74,0.799,0.753,0.813,59.224,63.211,67.693,9.1,8.5,10.2,10.1,8.2,10.9,0.0,0.0,0.0,0.0,0.0,0.0,19.199999999999996,16.7,21.10000000000001,56.99999999999997,19.199999999999985,16.7,21.10000000000001,57.0,20.750000000000014,18.6,24.099999999999987,63.44999999999997,0.127,0.08599999999999997,22,1,0.3694836834473831,0.9292372181882051,0.861,0.897,1.065
2025-01-23 00:00:00+00:00,0.861,1.075,0.859,1.363,0.654,1.162,1.392,89.127,23.586,4.0,7.6,11.3,0.844,0.717,0.737,0.782,0.852,0.859,1.075,0.835,1.149,0.74,0.799,85.91,59.224,63.211,4.0,7.6,11.3,9.1,8.5,10.2,10.1,8.2,10.9,0.0,0.0,0.0,23.199999999999996,24.299999999999997,32.400000000000006,79.89999999999996,23.199999999999985,24.299999999999997,32.400000000000006,79.89999999999999,24.750000000000014,26.2,35.29999999999998,86.24999999999997,0.017000000000000015,0.124,23,1,0.38541335945432564,0.9227440286201427,0.897,1.065,1.069
2025-01-24 00:00:00+00:00,0.897,1.261,0.951,1.48,0.729,1.262,1.571,97.08,33.107,13.2,14.1,19.5,0.861,0.844,0.717,0.758,0.812,0.951,1.261,0.859,1.075,0.835,1.149,89.127,85.91,59.224,13.2,14.1,19.5,4.0,7.6,11.3,9.1,8.5,10.2,10.1,8.2,10.9,26.299999999999997,30.2,41.00000000000001,97.49999999999997,36.399999999999984,38.4,51.900000000000006,126.69999999999999,37.500000000000014,39.1,53.19999999999998,129.79999999999995,0.03600000000000003,0.18000000000000005,24,1,0.4012289854475009,0.9159777842484877,1.065,1.069,1.076
2025-01-25 00:00:00+00:00,1.065,1.5,1.039,1.542,0.814,1.566,1.728,142.02,46.625,4.2,8.2,6.7,0.897,0.861,0.844,0.737,0.782,1.039,1.5,0.951,1.261,0.859,1.075,97.08,89.127,85.91,4.2,8.2,6.7,13.2,14.1,19.5,4.0,7.6,11.3,9.1,8.5,10.2,21.399999999999995,29.9,37.50000000000001,88.79999999999997,40.59999999999999,46.599999999999994,58.60000000000001,145.79999999999998,41.70000000000002,47.199999999999996,59.69999999999999,148.59999999999994,0.16799999999999993,0.22099999999999997,25,1,0.4169258813287287,0.908940487313808,1.069,1.076,1.096
2025-01-26 00:00:00+00:00,1.069,1.319,1.059,1.472,0.788,1.544,1.643,142.376,36.225,6.0,4.3,5.6,1.065,0.897,0.861,0.717,0.758,1.059,1.319,1.039,1.5,0.951,1.261,142.02,97.08,89.127,6.0,4.3,5.6,4.2,8.2,6.7,13.2,14.1,19.5,4.0,7.6,11.3,23.4,26.599999999999998,31.800000000000008,81.79999999999995,46.59999999999999,50.9,64.2,161.7,47.600000000000016,51.5,65.29999999999998,164.39999999999995,0.0040000000000000036,0.20799999999999996,26,1,0.4324994021339788,0.901634220265486,1.076,1.096,1.103
2025-01-27 00:00:00+00:00,1.076,1.314,1.181,1.445,0.774,1.576,1.559,144.679,35.966,1.6,4.9,8.4,1.069,1.065,0.897,0.844,0.737,1.181,1.314,1.059,1.319,1.039,1.5,142.376,142.02,97.08,1.6,4.9,8.4,6.0,4.3,5.6,4.2,8.2,6.7,13.2,14.1,19.5,11.799999999999997,17.4,20.700000000000006,49.89999999999996,48.19999999999998,55.8,72.60000000000001,176.6,49.20000000000001,56.4,73.69999999999999,179.29999999999995,0.007000000000000117,0.17900000000000005,27,1,0.44794493940789115,0.8940611451454876,1.096,1.103,1.133
2025-01-28 00:00:00+00:00,1.096,1.298,1.178,1.506,0.831,1.635,1.577,150.598,35.066,3.3,6.2,6.5,1.076,1.069,1.065,0.861,0.717,1.178,1.298,1.181,1.314,1.059,1.319,144.679,142.376,142.02,3.3,6.2,6.5,1.6,4.9,8.4,6.0,4.3,5.6,4.2,8.2,6.7,10.899999999999997,15.4,20.500000000000007,46.79999999999997,41.399999999999984,53.8,68.2,163.4,51.500000000000014,62.0,79.09999999999998,192.59999999999997,0.020000000000000018,0.03100000000000014,28,1,0.4632579225674917,0.88622350294858,1.103,1.133,1.031
2025-01-29 00:00:00+00:00,1.103,1.294,1.111,1.476,0.805,1.633,1.632,152.683,34.891,11.8,8.0,10.3,1.096,1.076,1.069,0.897,0.844,1.111,1.294,1.178,1.298,1.181,1.314,150.598,144.679,142.376,11.8,8.0,10.3,3.3,6.2,6.5,1.6,4.9,8.4,6.0,4.3,5.6,16.699999999999996,19.1,25.200000000000006,60.99999999999997,44.09999999999998,53.3,68.30000000000001,165.7,63.30000000000001,70.0,89.39999999999998,222.69999999999996,0.006999999999999895,0.03400000000000003,29,1,0.4784338202547012,0.8781236129591848,1.133,1.031,0.962
2025-01-30 00:00:00+00:00,1.133,1.288,1.061,1.463,0.785,1.674,1.569,162.071,34.556,0.0,0.0,0.0,1.103,1.096,1.076,1.065,0.861,1.061,1.288,1.111,1.294,1.178,1.298,152.683,150.598,144.679,0.0,0.0,0.0,11.8,8.0,10.3,3.3,6.2,6.5,1.6,4.9,8.4,15.099999999999998,14.2,16.800000000000008,46.099999999999966,40.09999999999998,45.7,57.00000000000001,142.79999999999998,63.30000000000001,70.0,89.39999999999998,222.69999999999996,0.030000000000000027,0.05699999999999994,30,1,0.49346814167723735,0.8697638720650646,1.031,0.962,0.908
2025-01-31 00:00:00+00:00,1.031,1.158,0.985,1.406,0.73,1.477,1.562,131.294,27.738,0.0,0.0,0.0,1.133,1.103,1.096,1.069,0.897,0.985,1.158,1.061,1.288,1.111,1.294,162.071,152.683,150.598,0.0,0.0,0.0,0.0,0.0,0.0,11.8,8.0,10.3,3.3,6.2,6.5,11.799999999999997,8.0,10.300000000000008,30.099999999999966,26.899999999999984,31.6,37.50000000000001,96.0,63.30000000000001,70.0,89.39999999999998,222.69999999999996,-0.10200000000000009,-0.06500000000000017,31,1,0.5083564379375122,0.8611467540480452,0.962,0.908,0.857
2025-02-01 00:00:00+00:00,0.962,1.04,0.917,1.378,0.696,1.358,1.42,112.304,21.921,0.0,0.3,0.0,1.031,1.133,1.103,1.076,1.065,0.917,1.04,0.985,1.158,1.061,1.288,131.294,162.071,152.683,0.0,0.3,0.0,0.0,0.0,0.0,0.0,0.0,0.0,11.8,8.0,10.3,0.0,0.3,0.0,0.29999999999996446,22.69999999999999,23.7,30.800000000000008,77.2,63.30000000000001,70.3,89.39999999999998,222.99999999999997,-0.06899999999999995,-0.14100000000000001,32,2,0.5230943033491326,0.8522748088519838,0.908,0.857,0.822
2025-02-02 00:00:00+00:00,0.908,0.986,0.91,1.348,0.667,1.262,1.437,99.232,19.382,0.0,0.0,0.0,0.962,1.031,1.133,1.096,1.069,0.91,0.986,0.917,1.04,0.985,1.158,112.304,131.294,162.071,0.0,0.0,0.0,0.0,0.3,0.0,0.0,0.0,0.0,0.0,0.0,0.0,0.0,0.3,0.0,0.29999999999996446,16.69999999999999,19.4,25.200000000000006,61.3,63.30000000000001,70.3,89.39999999999998,222.99999999999997,-0.05399999999999994,-0.22499999999999998,33,2,0.5376773767406141,0.8431506618282,0.857,0.822,0.79
2025-02-03 00:00:00+00:00,0.857,0.935,0.87,1.325,0.65,1.168,1.387,88.316,17.08,0.0,0.0,0.0,0.908,0.962,1.031,1.103,1.076,0.87,0.935,0.91,0.986,0.917,1.04,99.232,112.304,131.294,0.0,0.0,0.0,0.0,0.0,0.0,0.0,0.3,0.0,0.0,0.0,0.0,0.0,0.3,0.0,0.29999999999996446,15.099999999999985,14.500000000000002,16.800000000000008,46.4,63.30000000000001,70.3,89.39999999999998,222.99999999999997,-0.051000000000000045,-0.17399999999999993,34,2,0.5521013427459208,0.8337770129585915,0.822,0.79,0.764
2025-02-04 00:00:00+00:00,0.822,0.884,0.846,1.306,0.625,1.106,1.364,81.105,14.842,1.0,0.9,1.3,0.857,0.908,0.962,1.133,1.096,0.846,0.884,0.87,0.935,0.91,0.986,88.316,99.232,112.304,1.0,0.9,1.3,0.0,0.0,0.0,0.0,0.0,0.0,0.0,0.3,0.0,0.9999999999999964,0.9,1.3000000000000071,3.1999999999999647,12.799999999999986,9.2,11.600000000000009,33.6,54.20000000000001,63.0,79.79999999999998,196.99999999999997,-0.03500000000000003,-0.14,35,2,0.5663619330814524,0.8241566360566663,0.79,0.764,0.742
2025-02-05 00:00:00+00:00,0.79,0.861,0.829,1.292,0.61,1.045,1.314,74.458,13.854,0.0,0.0,0.0,0.822,0.857,0.908,1.031,1.103,0.829,0.861,0.846,0.884,0.87,0.935,81.105,88.316,99.232,0.0,0.0,0.0,1.0,0.9,1.3,0.0,0.0,0.0,0.0,0.0,0.0,0.9999999999999964,0.9,1.3000000000000071,3.1999999999999647,0.9999999999999858,1.2,1.3000000000000071,3.5,45.10000000000001,54.5,69.59999999999998,169.19999999999996,-0.03199999999999992,-0.118,36,2,0.580454927809098,0.8142923779467267,0.764,0.742,0.717
2025-02-06 00:00:00+00:00,0.764,0.835,0.813,1.278,0.592,0.999,1.307,68.847,12.774,0.0,0.0,0.0,0.79,0.822,0.857,0.962,1.133,0.813,0.835,0.829,0.861,0.846,0.884,74.458,81.105,88.316,0.0,0.0,0.0,0.0,0.0,0.0,1.0,0.9,1.3,0.0,0.0,0.0,0.9999999999999964,0.9,1.3000000000000071,3.1999999999999647,0.9999999999999858,1.2,1.3000000000000071,3.5,41.10000000000001,46.9,58.29999999999998,146.29999999999995,-0.026000000000000023,-0.09299999999999997,37,2,0.5943761565849831,0.804187157621448,0.742,0.717,0.703
2025-02-07 00:00:00+00:00,0.742,0.817,0.812,1.264,0.575,0.958,1.318,64.233,12.057,0.0,0.0,0.0,0.764,0.79,0.822,0.908,1.031,0.812,0.817,0.813,0.835,0.829,0.861,68.847,74.458,81.105,0.0,0.0,0.0,0.0,0.0,0.0,0.0,0.0,0.0,1.0,0.9,1.3,0.0,0.0,0.0,0.0,0.9999999999999858,1.2,1.3000000000000071,3.5,27.900000000000013,32.8,38.79999999999998,99.49999999999997,-0.02200000000000002,-0.07999999999999996,38,2,0.6081214998935418,0.7938439653781019,0.717,0.703,0.708
2025-02-08 00:00:00+00:00,0.717,0.797,0.809,1.251,0.56,0.916,1.351,59.322,11.29,0.0,0.0,0.0,0.742,0.764,0.79,0.857,0.962,0.809,0.797,0.812,0.817,0.813,0.835,64.233,68.847,74.458,0.0,0.0,0.0,0.0,0.0,0.0,0.0,0.0,0.0,0.0,0.0,0.0,0.0,0.0,0.0,0.0,0.9999999999999858,0.8999999999999999,1.3000000000000071,3.2,23.700000000000017,24.6,32.09999999999998,80.39999999999998,-0.025000000000000022,-0.07300000000000006,39,2,0.6216868902665479,0.7832658619336791,0.703,0.708,0.673
2025-02-09 00:00:00+00:00,0.703,0.786,0.767,1.22,0.548,0.892,1.33,56.564,10.865,1.3,1.3,2.0,0.717,0.742,0.764,0.822,0.908,0.767,0.786,0.809,0.797,0.812,0.817,59.322,64.233,68.847,1.3,1.3,2.0,0.0,0.0,0.0,0.0,0.0,0.0,0.0,0.0,0.0,1.2999999999999965,1.3,2.000000000000007,4.599999999999964,2.2999999999999856,2.2,3.300000000000007,7.8,19.000000000000014,21.6,28.499999999999986,69.09999999999998,-0.014000000000000012,-0.061000000000000054,40,2,0.6350683134867438,0.7724559775191742,0.708,0.673,0.647
2025-02-10 00:00:00+00:00,0.708,0.774,0.708,1.148,0.574,0.891,1.354,57.489,10.42,3.6,1.1,1.7,0.703,0.717,0.742,0.79,0.857,0.708,0.774,0.767,0.786,0.809,0.797,56.564,59.322,64.233,3.6,1.1,1.7,1.3,1.3,2.0,0.0,0.0,0.0,0.0,0.0,0.0,4.899999999999997,2.4000000000000004,3.7000000000000073,10.999999999999964,5.899999999999986,3.3,5.000000000000007,14.2,21.000000000000014,17.8,21.799999999999986,60.59999999999997,0.0050000000000000044,-0.03400000000000003,41,2,0.6482618097757122,0.7614175109532997,0.673,0.647,0.631
2025-02-11 00:00:00+00:00,0.673,0.749,0.703,1.107,0.542,0.82,1.322,50.834,9.549,0.0,0.0,0.0,0.708,0.703,0.717,0.764,0.822,0.703,0.749,0.708,0.774,0.767,0.786,57.489,56.564,59.322,0.0,0.0,0.0,3.6,1.1,1.7,1.3,1.3,2.0,0.0,0.0,0.0,4.899999999999997,2.4000000000000004,3.7000000000000073,10.999999999999964,4.899999999999986,2.4000000000000004,3.7000000000000073,11.0,17.700000000000014,11.6,15.299999999999986,44.59999999999997,-0.03499999999999992,-0.04399999999999993,42,2,0.6612634749656386,0.7501537286959042,0.647,0.631,0.614
2025-02-12 00:00:00+00:00,0.647,0.74,0.699,1.099,0.527,0.77,1.277,46.04,9.228,0.6,1.4,2.3,0.673,0.708,0.703,0.742,0.79,0.699,0.74,0.703,0.749,0.708,0.774,50.834,57.489,56.564,0.6,1.4,2.3,0.0,0.0,0.0,3.6,1.1,1.7,1.3,1.3,2.0,4.199999999999997,2.5,4.000000000000007,10.699999999999964,5.499999999999986,3.8,6.000000000000007,15.3,6.500000000000014,5.0,7.299999999999986,18.799999999999972,-0.026000000000000023,-0.05599999999999994,43,2,0.6740694616546161,0.7386679638813748,0.631,0.614,0.604
2025-02-13 00:00:00+00:00,0.631,0.723,0.697,1.082,0.507,0.736,1.285,43.292,8.661,0.0,0.0,0.0,0.647,0.673,0.708,0.717,0.764,0.697,0.723,0.699,0.74,0.703,0.749,46.04,50.834,57.489,0.0,0.0,0.0,0.6,1.4,2.3,0.0,0.0,0.0,3.6,1.1,1.7,0.599999999999996,1.4,2.300000000000007,4.299999999999964,5.499999999999986,3.8,6.000000000000007,15.3,6.500000000000014,5.0,7.299999999999986,18.799999999999972,-0.016000000000000014,-0.07699999999999996,44,2,0.6866759803451553,0.726963615332308,0.614,0.604,0.594
2025-02-14 00:00:00+00:00,0.614,0.711,0.694,1.068,0.493,0.7,1.264,40.419,8.258,0.0,0.0,0.0,0.631,0.647,0.673,0.703,0.742,0.694,0.711,0.697,0.723,0.699,0.74,43.292,46.04,50.834,0.0,0.0,0.0,0.0,0.0,0.0,0.6,1.4,2.3,0.0,0.0,0.0,0.599999999999996,1.4,2.300000000000007,4.299999999999964,5.499999999999986,3.8,6.000000000000007,15.3,6.500000000000014,5.0,7.299999999999986,18.799999999999972,-0.017000000000000015,-0.05900000000000005,45,2,0.6990793005655562,0.7150441465537444,0.604,0.594,0.579
2025-02-15 00:00:00+00:00,0.604,0.704,0.693,1.062,0.484,0.681,1.232,38.776,8.036,0.7,0.6,0.3,0.614,0.631,0.647,0.708,0.717,0.693,0.704,0.694,0.711,0.697,0.723,40.419,43.292,46.04,0.7,0.6,0.3,0.0,0.0,0.0,0.0,0.0,0.0,0.6,1.4,2.3,0.699999999999996,0.6,0.3000000000000071,1.5999999999999643,6.199999999999986,4.4,6.300000000000007,16.900000000000002,7.200000000000014,5.3,7.599999999999985,20.09999999999997,-0.010000000000000009,-0.04300000000000004,46,2,0.7112757519738152,0.7029130847082615,0.594,0.579,0.569
2025-02-16 00:00:00+00:00,0.594,0.693,0.691,1.049,0.468,0.657,1.274,37.169,7.706,0.0,0.0,0.0,0.604,0.614,0.631,0.673,0.703,0.691,0.693,0.693,0.704,0.694,0.711,38.776,40.419,43.292,0.0,0.0,0.0,0.7,0.6,0.3,0.0,0.0,0.0,0.0,0.0,0.0,0.699999999999996,0.6,0.3000000000000071,1.5999999999999643,4.899999999999986,3.1,4.300000000000007,12.299999999999999,7.200000000000014,5.3,7.599999999999985,20.09999999999997,-0.010000000000000009,-0.03700000000000003,47,2,0.7232617254437388,0.6905740195722294,0.579,0.569,0.563
2025-02-17 00:00:00+00:00,0.579,0.687,0.693,1.038,0.458,0.627,1.284,34.91,7.503,0.0,0.0,0.0,0.594,0.604,0.614,0.647,0.708,0.693,0.687,0.691,0.693,0.693,0.704,37.169,38.776,40.419,0.0,0.0,0.0,0.0,0.0,0.0,0.7,0.6,0.3,0.0,0.0,0.0,0.699999999999996,0.6,0.3000000000000071,1.5999999999999643,1.2999999999999856,2.0,2.6000000000000068,5.8999999999999995,7.200000000000014,5.3,7.599999999999985,20.09999999999997,-0.015000000000000013,-0.03500000000000003,48,2,0.7350336741329412,0.6780306024735382,0.569,0.563,0.564
2025-02-18 00:00:00+00:00,0.569,0.682,0.69,1.038,0.448,0.604,1.257,33.287,7.36,0.0,0.0,0.0,0.579,0.594,0.604,0.631,0.673,0.69,0.682,0.693,0.687,0.691,0.693,34.91,37.169,38.776,0.0,0.0,0.0,0.0,0.0,0.0,0.0,0.0,0.0,0.7,0.6,0.3,0.0,0.0,0.0,0.0,1.2999999999999856,2.0,2.6000000000000068,5.8999999999999995,6.200000000000014,4.3999999999999995,6.299999999999986,16.89999999999997,-0.010000000000000009,-0.03500000000000003,49,2,0.746588114532413,0.6652865452111116,0.563,0.564,0.56
2025-02-19 00:00:00+00:00,0.563,0.678,0.687,1.035,0.447,0.597,1.265,32.462,7.221,0.3,0.3,0.9,0.569,0.579,0.594,0.614,0.647,0.687,0.678,0.69,0.682,0.693,0.687,33.287,34.91,37.169,0.3,0.3,0.9,0.0,0.0,0.0,0.0,0.0,0.0,0.0,0.0,0.0,0.299999999999996,0.3,0.9000000000000071,1.4999999999999645,0.9999999999999858,0.8999999999999999,1.200000000000007,3.0999999999999996,6.500000000000014,4.7,7.199999999999986,18.39999999999997,-0.006000000000000005,-0.031000000000000028,50,2,0.7579216274973472,0.6523456189565257,0.564,0.56,0.546
2025-02-20 00:00:00+00:00,0.564,0.679,0.691,1.033,0.453,0.599,1.221,32.54,7.249,0.0,0.2,0.8,0.563,0.569,0.579,0.604,0.631,0.691,0.679,0.687,0.678,0.69,0.682,32.462,33.287,34.91,0.0,0.2,0.8,0.3,0.3,0.9,0.0,0.0,0.0,0.0,0.0,0.0,0.299999999999996,0.5,1.7000000000000073,2.4999999999999645,0.9999999999999858,1.1,2.000000000000007,4.1,6.500000000000014,4.8999999999999995,7.999999999999986,19.39999999999997,0.0010000000000000009,-0.015000000000000013,51,2,0.7690308592589181,0.6392116531380588,0.56,0.546,0.538
2025-02-21 00:00:00+00:00,0.56,0.679,0.69,1.021,0.447,0.587,1.225,31.93,7.268,0.3,2.7,3.4,0.564,0.563,0.569,0.594,0.614,0.69,0.679,0.691,0.679,0.687,0.678,32.54,32.462,33.287,0.3,2.7,3.4,0.0,0.2,0.8,0.3,0.3,0.9,0.0,0.0,0.0,0.599999999999996,3.2,5.100000000000007,8.899999999999965,1.2999999999999856,3.8000000000000003,5.4000000000000075,10.5,6.800000000000015,7.6,11.399999999999986,25.799999999999972,-0.0039999999999998925,-0.008999999999999897,52,2,0.7799125224167177,0.6258885343075018,0.546,0.538,0.54
2025-02-22 00:00:00+00:00,0.546,0.674,0.69,0.977,0.436,0.558,1.229,29.986,7.111,0.0,0.0,0.1,0.56,0.564,0.563,0.579,0.604,0.69,0.674,0.69,0.679,0.691,0.679,31.93,32.54,32.462,0.0,0.0,0.1,0.3,2.7,3.4,0.0,0.2,0.8,0.3,0.3,0.9,0.299999999999996,2.9000000000000004,4.300000000000007,7.4999999999999645,0.5999999999999858,3.2,5.200000000000007,9.0,6.800000000000015,7.6,11.499999999999986,25.89999999999997,-0.014000000000000012,-0.016999999999999904,53,2,0.7905633969115482,0.612380204990065,0.538,0.54,0.621
2025-02-23 00:00:00+00:00,0.538,0.668,0.691,0.971,0.43,0.543,1.191,28.835,6.924,1.8,6.0,4.6,0.546,0.56,0.564,0.569,0.594,0.691,0.668,0.69,0.674,0.69,0.679,29.986,31.93,32.54,1.8,6.0,4.6,0.0,0.0,0.1,0.3,2.7,3.4,0.0,0.2,0.8,2.099999999999996,8.7,8.100000000000007,18.899999999999963,2.3999999999999857,9.2,9.800000000000008,21.4,7.300000000000015,12.3,14.099999999999985,33.69999999999997,-0.008000000000000007,-0.025999999999999912,54,2,0.8009803309782905,0.5986906625177214,0.54,0.621,0.663
2025-02-24 00:00:00+00:00,0.54,0.676,0.693,0.994,0.445,0.555,1.236,29.128,7.172,0.6,7.3,7.3,0.538,0.546,0.56,0.563,0.579,0.693,0.676,0.691,0.668,0.69,0.674,28.835,29.986,31.93,0.6,7.3,7.3,1.8,6.0,4.6,0.0,0.0,0.1,0.3,2.7,3.4,2.399999999999996,13.3,12.000000000000007,27.69999999999996,2.999999999999986,16.5,17.10000000000001,36.599999999999994,4.300000000000014,18.5,19.699999999999985,42.49999999999997,0.0020000000000000018,-0.020000000000000018,55,2,0.8111602420785621,0.5848239578463322,0.621,0.663,0.645
2025-02-25 00:00:00+00:00,0.621,0.803,0.735,1.153,0.567,0.769,1.33,42.085,11.668,5.7,7.5,17.8,0.54,0.538,0.546,0.564,0.569,0.735,0.803,0.693,0.676,0.691,0.668,29.128,28.835,29.986,5.7,7.5,17.8,0.6,7.3,7.3,1.8,6.0,4.6,0.0,0.0,0.1,8.099999999999996,20.8,29.70000000000001,58.59999999999996,8.699999999999985,24.0,34.900000000000006,67.6,10.000000000000014,26.0,37.499999999999986,73.49999999999997,0.08099999999999996,0.07499999999999996,56,2,0.8211001178128892,0.5707841943569036,0.663,0.645,0.651
2025-02-26 00:00:00+00:00,0.663,0.812,0.731,1.099,0.52,0.796,1.317,49.01,11.868,6.8,9.8,10.1,0.621,0.54,0.538,0.56,0.563,0.731,0.812,0.735,0.803,0.693,0.676,42.085,29.128,28.835,6.8,9.8,10.1,5.7,7.5,17.8,0.6,7.3,7.3,1.8,6.0,4.6,13.099999999999996,24.6,35.2,72.89999999999996,15.199999999999985,33.5,44.10000000000001,92.8,16.200000000000014,34.400000000000006,45.29999999999999,95.89999999999998,0.04200000000000004,0.125,57,2,0.8307970168121247,0.5565755266413303,0.645,0.651,0.621
2025-02-27 00:00:00+00:00,0.645,0.858,0.81,1.134,0.513,0.783,1.302,45.867,13.744,3.0,4.7,7.4,0.663,0.621,0.54,0.546,0.564,0.81,0.858,0.731,0.812,0.735,0.803,49.01,42.085,29.128,3.0,4.7,7.4,6.8,9.8,10.1,5.7,7.5,17.8,0.6,7.3,7.3,15.499999999999996,22.0,35.30000000000001,72.79999999999997,18.199999999999985,38.00000000000001,50.7,106.9,19.200000000000014,39.1,52.69999999999998,110.99999999999997,-0.018000000000000016,0.10499999999999998,58,2,0.8402480696078469,0.5422021592729844,0.651,0.621,0.605
2025-02-28 00:00:00+00:00,0.651,0.861,0.854,1.107,0.488,0.779,1.317,46.914,13.862,0.0,0.0,0.0,0.645,0.663,0.621,0.538,0.56,0.854,0.861,0.81,0.858,0.731,0.812,45.867,49.01,42.085,0.0,0.0,0.0,3.0,4.7,7.4,6.8,9.8,10.1,5.7,7.5,17.8,9.799999999999995,14.5,17.500000000000007,41.79999999999997,17.899999999999984,35.300000000000004,47.300000000000004,100.5,19.200000000000014,39.1,52.69999999999999,110.99999999999997,0.006000000000000005,0.030000000000000027,59,2,0.8494504794814806,0.527668345562516,0.621,0.605,0.598
2025-03-01 00:00:00+00:00,0.621,0.82,0.844,1.073,0.463,0.715,1.286,41.558,12.195,0.0,0.0,0.0,0.651,0.645,0.663,0.54,0.546,0.844,0.82,0.854,0.861,0.81,0.858,46.914,45.867,49.01,0.0,0.0,0.0,0.0,0.0,0.0,3.0,4.7,7.4,6.8,9.8,10.1,2.9999999999999956,4.7,7.4000000000000075,15.099999999999966,17.899999999999984,35.300000000000004,47.2,100.4,18.500000000000014,38.5,52.399999999999984,109.39999999999998,-0.030000000000000027,-0.04200000000000004,60,3,0.8584015232918917,0.512978386299228,0.605,0.598,0.6
2025-03-02 00:00:00+00:00,0.605,0.801,0.84,1.058,0.453,0.684,1.272,39.041,11.433,0.0,0.0,0.0,0.621,0.651,0.645,0.621,0.538,0.84,0.801,0.844,0.82,0.854,0.861,41.558,46.914,45.867,0.0,0.0,0.0,0.0,0.0,0.0,0.0,0.0,0.0,3.0,4.7,7.4,0.0,0.0,0.0,0.0,16.099999999999987,29.3,42.60000000000001,88.0,18.500000000000014,38.5,52.399999999999984,109.39999999999998,-0.016000000000000014,-0.040000000000000036,61,3,0.8670985522812081,0.4981366284784055,0.598,0.6,0.58
2025-03-03 00:00:00+00:00,0.598,0.786,0.858,1.101,0.445,0.672,1.235,37.911,10.893,0.0,0.0,0.0,0.605,0.621,0.651,0.663,0.54,0.858,0.786,0.84,0.801,0.844,0.82,39.041,41.558,46.914,0.0,0.0,0.0,0.0,0.0,0.0,0.0,0.0,0.0,0.0,0.0,0.0,0.0,0.0,0.0,0.0,15.499999999999986,22.0,35.300000000000004,72.80000000000001,18.500000000000014,38.5,52.399999999999984,109.39999999999998,-0.007000000000000006,-0.05300000000000005,62,3,0.8755389928586302,0.4831474640149687,0.6,0.58,0.571
2025-03-04 00:00:00+00:00,0.6,0.801,0.858,1.068,0.435,0.668,1.273,38.186,11.462,0.0,0.0,0.0,0.598,0.605,0.621,0.645,0.621,0.858,0.801,0.858,0.786,0.84,0.801,37.911,39.041,41.558,0.0,0.0,0.0,0.0,0.0,0.0,0.0,0.0,0.0,0.0,0.0,0.0,0.0,0.0,0.0,0.0,9.799999999999986,14.5,17.500000000000007,41.80000000000001,18.500000000000014,38.5,52.399999999999984,109.39999999999998,0.0020000000000000018,-0.02100000000000002,63,3,0.8837203473619977,0.4680153284438345,0.58,0.571,0.561
2025-03-05 00:00:00+00:00,0.58,0.746,0.804,1.031,0.432,0.625,1.242,34.992,9.449,0.0,0.0,0.0,0.6,0.598,0.605,0.651,0.663,0.804,0.746,0.858,0.801,0.858,0.786,38.186,37.911,39.041,0.0,0.0,0.0,0.0,0.0,0.0,0.0,0.0,0.0,0.0,0.0,0.0,0.0,0.0,0.0,0.0,2.999999999999986,4.7,7.4000000000000075,15.100000000000001,18.200000000000014,38.2,51.499999999999986,107.89999999999998,-0.020000000000000018,-0.025000000000000022,64,3,0.8916401947968874,0.45274469960737107,0.571,0.561,0.554
2025-03-06 00:00:00+00:00,0.571,0.734,0.809,1.02,0.425,0.605,1.219,33.556,9.035,0.0,0.0,0.0,0.58,0.6,0.598,0.621,0.645,0.809,0.734,0.804,0.746,0.858,0.801,34.992,38.186,37.911,0.0,0.0,0.0,0.0,0.0,0.0,0.0,0.0,0.0,0.0,0.0,0.0,0.0,0.0,0.0,0.0,0.0,0.0,0.0,0.0,18.200000000000014,38.0,50.69999999999999,106.89999999999998,-0.009000000000000008,-0.027000000000000024,65,3,0.8992961915530253,0.4373400963303323,0.561,0.554,0.549
2025-03-07 00:00:00+00:00,0.561,0.724,0.809,1.007,0.419,0.594,1.263,32.116,8.698,0.0,0.0,0.0,0.571,0.58,0.6,0.605,0.651,0.809,0.724,0.809,0.734,0.804,0.746,33.556,34.992,38.186,0.0,0.0,0.0,0.0,0.0,0.0,0.0,0.0,0.0,0.0,0.0,0.0,0.0,0.0,0.0,0.0,0.0,0.0,0.0,0.0,17.900000000000013,35.3,47.29999999999998,100.49999999999997,-0.009999999999999898,-0.038999999999999924,66,3,0.9066860720977985,0.4218060770826634,0.554,0.549,0.558
2025-03-08 00:00:00+00:00,0.554,0.717,0.807,1.001,0.415,0.573,1.264,31.089,8.478,0.0,0.0,0.0,0.561,0.571,0.58,0.598,0.621,0.807,0.717,0.809,0.724,0.809,0.734,32.116,33.556,34.992,0.0,0.0,0.0,0.0,0.0,0.0,0.0,0.0,0.0,0.0,0.0,0.0,0.0,0.0,0.0,0.0,0.0,0.0,0.0,0.0,17.900000000000013,35.3,47.19999999999999,100.39999999999998,-0.007000000000000006,-0.025999999999999912,67,3,0.9138076496466615,0.40614723863057883,0.549,0.558,0.554
2025-03-09 00:00:00+00:00,0.549,0.713,0.806,1.042,0.41,0.564,1.285,30.309,8.322,0.0,0.0,0.0,0.554,0.561,0.571,0.6,0.605,0.806,0.713,0.807,0.717,0.809,0.724,31.089,32.116,33.556,0.0,0.0,0.0,0.0,0.0,0.0,0.0,0.0,0.0,0.0,0.0,0.0,0.0,0.0,0.0,0.0,0.0,0.0,0.0,0.0,16.100000000000012,29.299999999999997,42.59999999999999,87.99999999999997,-0.0050000000000000044,-0.02199999999999991,68,3,0.9206588168102428,0.3903682146763026,0.558,0.554,0.55
2025-03-10 00:00:00+00:00,0.558,0.708,0.795,1.043,0.417,0.582,1.262,31.695,8.17,0.6,1.4,1.3,0.549,0.554,0.561,0.58,0.598,0.795,0.708,0.806,0.713,0.807,0.717,30.309,31.089,32.116,0.6,1.4,1.3,0.0,0.0,0.0,0.0,0.0,0.0,0.0,0.0,0.0,0.5999999999999955,1.4,1.3000000000000071,3.2999999999999643,0.5999999999999858,1.4,1.3000000000000071,3.3,16.100000000000012,23.400000000000002,36.59999999999998,76.09999999999998,0.009000000000000008,-0.0030000000000000027,69,3,0.9272375462179537,0.374473674486883,0.554,0.55,0.538
2025-03-11 00:00:00+00:00,0.554,0.692,0.776,1.006,0.429,0.578,1.241,31.071,7.669,0.0,0.1,0.1,0.558,0.549,0.554,0.571,0.6,0.776,0.692,0.795,0.708,0.806,0.713,31.695,30.309,31.089,0.0,0.1,0.1,0.6,1.4,1.3,0.0,0.0,0.0,0.0,0.0,0.0,0.5999999999999955,1.5,1.4000000000000072,3.4999999999999645,0.5999999999999858,1.5,1.4000000000000072,3.5,10.400000000000015,16.0,18.899999999999984,45.299999999999976,-0.0040000000000000036,0.0,70,3,0.9335418911179212,0.35846832151248087,0.55,0.538,0.525
2025-03-12 00:00:00+00:00,0.55,0.684,0.755,0.992,0.413,0.557,1.257,30.465,7.42,0.0,0.0,0.0,0.554,0.558,0.549,0.561,0.58,0.755,0.684,0.776,0.692,0.795,0.708,31.071,31.695,30.309,0.0,0.0,0.0,0.0,0.1,0.1,0.6,1.4,1.3,0.0,0.0,0.0,0.5999999999999955,1.5,1.4000000000000072,3.4999999999999645,0.5999999999999858,1.5,1.4000000000000072,3.5,3.6000000000000143,6.2,8.799999999999986,18.599999999999973,-0.0040000000000000036,0.0010000000000000009,71,3,0.9395699859530622,0.342356891994542,0.538,0.525,0.512
2025-03-13 00:00:00+00:00,0.538,0.634,0.72,0.978,0.4,0.542,1.216,28.788,5.956,0.0,0.0,0.0,0.55,0.554,0.558,0.554,0.571,0.72,0.634,0.755,0.684,0.776,0.692,30.465,31.071,31.695,0.0,0.0,0.0,0.0,0.0,0.0,0.0,0.1,0.1,0.6,1.4,1.3,0.0,0.1,0.10000000000000711,0.19999999999996448,0.5999999999999858,1.5,1.4000000000000072,3.5,0.6000000000000142,1.5,1.399999999999986,3.4999999999999716,-0.01200000000000001,-0.020000000000000018,72,3,0.945320046913132,0.3261441535642696,0.525,0.512,0.504
2025-03-14 00:00:00+00:00,0.525,0.623,0.716,0.969,0.388,0.51,1.211,27.051,5.634,0.0,0.0,0.0,0.538,0.55,0.554,0.549,0.561,0.716,0.623,0.72,0.634,0.755,0.684,28.788,30.465,31.071,0.0,0.0,0.0,0.0,0.0,0.0,0.0,0.0,0.0,0.0,0.1,0.1,0.0,0.0,0.0,0.0,0.5999999999999858,1.5,1.4000000000000072,3.5,0.6000000000000142,1.5,1.399999999999986,3.4999999999999716,-0.013000000000000012,-0.029000000000000026,73,3,0.9507903724625832,0.3098349038318025,0.512,0.504,0.497
2025-03-15 00:00:00+00:00,0.512,0.615,0.716,0.96,0.378,0.494,1.242,25.357,5.421,0.0,0.0,0.0,0.525,0.538,0.55,0.558,0.554,0.716,0.615,0.716,0.623,0.72,0.634,27.051,28.788,30.465,0.0,0.0,0.0,0.0,0.0,0.0,0.0,0.0,0.0,0.0,0.0,0.0,0.0,0.0,0.0,0.0,0.5999999999999858,1.5,1.4000000000000072,3.5,0.6000000000000142,1.5,1.399999999999986,3.4999999999999716,-0.013000000000000012,-0.038000000000000034,74,3,0.9559793438440766,0.2934339689665273,0.504,0.497,0.497
2025-03-16 00:00:00+00:00,0.504,0.61,0.716,0.97,0.371,0.491,1.219,24.239,5.276,0.0,0.0,0.0,0.512,0.525,0.538,0.554,0.549,0.716,0.61,0.716,0.615,0.716,0.623,25.357,27.051,28.788,0.0,0.0,0.0,0.0,0.0,0.0,0.0,0.0,0.0,0.0,0.0,0.0,0.0,0.0,0.0,0.0,0.5999999999999858,1.5,1.4000000000000072,3.5,0.6000000000000142,1.5,1.399999999999986,3.4999999999999716,-0.008000000000000007,-0.03400000000000003,75,3,0.9608854255574977,0.27694620226893646,0.497,0.497,0.486
2025-03-17 00:00:00+00:00,0.497,0.607,0.711,0.965,0.355,0.467,1.222,23.44,5.192,0.0,0.0,0.0,0.504,0.512,0.525,0.55,0.558,0.711,0.607,0.716,0.61,0.716,0.615,24.239,25.357,27.051,0.0,0.0,0.0,0.0,0.0,0.0,0.0,0.0,0.0,0.0,0.0,0.0,0.0,0.0,0.0,0.0,0.0,0.1,0.10000000000000711,0.2,0.6000000000000142,1.5,1.399999999999986,3.4999999999999716,-0.007000000000000006,-0.028000000000000025,76,3,0.9655071658143364,0.2603764827344581,0.497,0.486,0.473
2025-03-18 00:00:00+00:00,0.497,0.604,0.693,0.949,0.36,0.47,1.257,23.416,5.114,0.0,0.0,0.0,0.497,0.504,0.512,0.538,0.554,0.693,0.604,0.711,0.607,0.716,0.61,23.44,24.239,25.357,0.0,0.0,0.0,0.0,0.0,0.0,0.0,0.0,0.0,0.0,0.0,0.0,0.0,0.0,0.0,0.0,0.0,0.0,0.0,0.0,0.6000000000000142,1.5,1.399999999999986,3.4999999999999716,0.0,-0.015000000000000013,77,3,0.969843196967294,0.24372971360968387,0.486,0.473,0.476
2025-03-19 00:00:00+00:00,0.486,0.596,0.696,0.915,0.354,0.435,1.227,22.076,4.911,0.0,0.0,0.0,0.497,0.497,0.504,0.525,0.55,0.696,0.596,0.693,0.604,0.711,0.607,23.416,23.44,24.239,0.0,0.0,0.0,0.0,0.0,0.0,0.0,0.0,0.0,0.0,0.0,0.0,0.0,0.0,0.0,0.0,0.0,0.0,0.0,0.0,0.6000000000000142,1.5,1.399999999999986,3.4999999999999716,-0.01100000000000001,-0.018000000000000016,78,3,0.9738922359149924,0.22701082094141847,0.473,0.476,0.477
2025-03-20 00:00:00+00:00,0.473,0.592,0.694,0.912,0.348,0.443,1.204,20.587,4.807,0.0,0.0,0.0,0.486,0.497,0.497,0.512,0.538,0.694,0.592,0.696,0.596,0.693,0.604,22.076,23.416,23.44,0.0,0.0,0.0,0.0,0.0,0.0,0.0,0.0,0.0,0.0,0.0,0.0,0.0,0.0,0.0,0.0,0.0,0.0,0.0,0.0,0.6000000000000142,1.5,1.399999999999986,3.4999999999999716,-0.013000000000000012,-0.02400000000000002,79,3,0.9776530844816641,0.2102247521189836,0.476,0.477,0.476
2025-03-21 00:00:00+00:00,0.476,0.593,0.691,0.91,0.348,0.439,1.217,20.906,4.812,0.1,0.6,2.0,0.473,0.486,0.497,0.504,0.525,0.691,0.593,0.694,0.592,0.696,0.596,20.587,22.076,23.416,0.1,0.6,2.0,0.0,0.0,0.0,0.0,0.0,0.0,0.0,0.0,0.0,0.09999999999999556,0.6,2.000000000000007,2.6999999999999647,0.0999999999999858,0.6,2.000000000000007,2.7,0.7000000000000142,2.0999999999999996,3.399999999999986,6.199999999999972,0.0030000000000000027,-0.02100000000000002,80,3,0.981124629771712,0.19337647441020586,0.477,0.476,0.469
2025-03-22 00:00:00+00:00,0.477,0.593,0.693,0.914,0.355,0.446,1.206,21.012,4.817,0.2,0.3,0.3,0.476,0.473,0.486,0.497,0.512,0.693,0.593,0.691,0.593,0.694,0.592,20.906,20.587,22.076,0.2,0.3,0.3,0.1,0.6,2.0,0.0,0.0,0.0,0.0,0.0,0.0,0.2999999999999956,0.8999999999999999,2.300000000000007,3.4999999999999645,0.29999999999998583,0.8999999999999999,2.300000000000007,3.5,0.9000000000000142,2.4,3.699999999999986,6.999999999999972,0.0010000000000000009,-0.009000000000000008,81,3,0.984305844499033,0.17647097349152166,0.476,0.469,0.474
2025-03-23 00:00:00+00:00,0.476,0.587,0.692,0.905,0.345,0.432,1.201,20.868,4.672,0.0,0.0,0.0,0.477,0.476,0.473,0.497,0.504,0.692,0.587,0.693,0.593,0.691,0.593,21.012,20.906,20.587,0.0,0.0,0.0,0.2,0.3,0.3,0.1,0.6,2.0,0.0,0.0,0.0,0.2999999999999956,0.8999999999999999,2.300000000000007,3.4999999999999645,0.29999999999998583,0.8999999999999999,2.300000000000007,3.5,0.9000000000000142,2.4,3.699999999999986,6.999999999999972,-0.0010000000000000009,0.0030000000000000027,82,3,0.9871957872910085,0.15951325197263655,0.469,0.474,0.46
2025-03-24 00:00:00+00:00,0.469,0.587,0.691,0.899,0.334,0.431,1.208,20.032,4.662,0.3,0.1,0.3,0.476,0.477,0.476,0.486,0.497,0.691,0.587,0.692,0.587,0.693,0.593,20.868,21.012,20.906,0.3,0.1,0.3,0.0,0.0,0.0,0.2,0.3,0.3,0.1,0.6,2.0,0.49999999999999556,0.4,0.6000000000000071,1.4999999999999645,0.5999999999999858,1.0,2.600000000000007,4.2,0.6000000000000142,1.0999999999999999,2.6999999999999864,4.399999999999972,-0.007000000000000006,-0.007000000000000006,83,3,0.9897936029670716,0.14250832791617088,0.474,0.46,0.458
2025-03-25 00:00:00+00:00,0.474,0.588,0.697,0.895,0.332,0.419,1.199,20.686,4.684,0.6,0.0,1.1,0.469,0.476,0.477,0.473,0.497,0.697,0.588,0.691,0.587,0.692,0.587,20.032,20.868,21.012,0.6,0.0,1.1,0.3,0.1,0.3,0.0,0.0,0.0,0.2,0.3,0.3,0.8999999999999955,0.1,1.4000000000000072,2.399999999999965,1.1999999999999857,1.0,3.7000000000000073,5.9,1.2000000000000142,1.0,3.6999999999999864,5.899999999999972,0.0050000000000000044,-0.0030000000000000027,84,3,0.992098522791769,0.12546123335273648,0.46,0.458,0.454
2025-03-26 00:00:00+00:00,0.46,0.585,0.691,0.892,0.328,0.412,1.213,19.158,4.617,0.0,0.0,0.0,0.474,0.469,0.476,0.476,0.486,0.691,0.585,0.697,0.588,0.691,0.587,20.686,20.032,20.868,0.0,0.0,0.0,0.6,0.0,1.1,0.3,0.1,0.3,0.0,0.0,0.0,0.8999999999999956,0.1,1.4000000000000072,2.399999999999965,1.1999999999999857,1.0,3.7000000000000073,5.9,1.2000000000000142,1.0,3.6999999999999864,5.899999999999972,-0.013999999999999957,-0.01599999999999996,85,3,0.9941098647022418,0.10837701279187609,0.458,0.454,0.444
2025-03-27 00:00:00+00:00,0.458,0.582,0.693,0.888,0.323,0.407,1.196,18.895,4.544,0.0,0.0,0.0,0.46,0.474,0.469,0.477,0.473,0.693,0.582,0.691,0.585,0.697,0.588,19.158,20.686,20.032,0.0,0.0,0.0,0.0,0.0,0.0,0.6,0.0,1.1,0.3,0.1,0.3,0.5999999999999956,0.0,1.1000000000000072,1.6999999999999647,1.1999999999999857,1.0,3.7000000000000073,5.9,1.2000000000000142,1.0,3.6999999999999864,5.899999999999972,-0.0020000000000000018,-0.010999999999999954,86,3,0.9958270335100595,0.09126072172931188,0.454,0.444,0.444
2025-03-28 00:00:00+00:00,0.454,0.594,0.692,0.884,0.317,0.396,1.178,18.427,4.862,0.2,0.0,0.0,0.458,0.46,0.474,0.476,0.476,0.692,0.594,0.693,0.582,0.691,0.585,18.895,19.158,20.686,0.2,0.0,0.0,0.0,0.0,0.0,0.0,0.0,0.0,0.6,0.0,1.1,0.19999999999999557,0.0,0.0,0.19999999999996448,1.2999999999999856,0.4,1.7000000000000073,3.4000000000000004,1.4000000000000141,1.0,3.6999999999999864,6.099999999999972,-0.0040000000000000036,-0.019999999999999962,87,3,0.9972495210773451,0.07411742515094437,0.444,0.444,0.439
2025-03-29 00:00:00+00:00,0.444,0.576,0.692,0.881,0.315,0.385,1.191,17.393,4.383,0.3,1.7,2.0,0.454,0.458,0.46,0.469,0.477,0.692,0.576,0.692,0.594,0.693,0.582,18.427,18.895,19.158,0.3,1.7,2.0,0.2,0.0,0.0,0.0,0.0,0.0,0.0,0.0,0.0,0.49999999999999556,1.7,2.000000000000007,4.199999999999965,1.3999999999999857,1.8,3.4000000000000075,6.6000000000000005,1.7000000000000142,2.7,5.699999999999987,10.099999999999973,-0.010000000000000009,-0.016000000000000014,88,3,0.998376906467142,0.056952196034039754,0.444,0.439,0.435
2025-03-30 00:00:00+00:00,0.444,0.574,0.692,0.879,0.306,0.383,1.218,17.39,4.34,0.0,0.0,0.0,0.444,0.454,0.458,0.474,0.476,0.692,0.574,0.692,0.576,0.692,0.594,17.393,18.427,18.895,0.0,0.0,0.0,0.3,1.7,2.0,0.2,0.0,0.0,0.0,0.0,0.0,0.49999999999999556,1.7,2.000000000000007,4.199999999999965,1.3999999999999857,1.8,3.4000000000000075,6.6000000000000005,1.7000000000000142,2.7,5.699999999999987,10.099999999999973,0.0,-0.014000000000000012,89,3,0.9992088560679753,0.03977011384605572,0.439,0.435,0.432
2025-03-31 00:00:00+00:00,0.439,0.571,0.695,0.873,0.305,0.371,1.202,16.863,4.246,0.1,0.0,0.0,0.444,0.444,0.454,0.46,0.469,0.695,0.571,0.692,0.574,0.692,0.576,17.39,17.393,18.427,0.1,0.0,0.0,0.0,0.0,0.0,0.3,1.7,2.0,0.2,0.0,0.0,0.3999999999999956,1.7,2.000000000000007,4.099999999999964,1.199999999999986,1.7,3.1000000000000076,6.0,1.8000000000000143,2.7,5.699999999999987,10.199999999999973,-0.0050000000000000044,-0.015000000000000013,90,3,0.9997451236925734,0.022576263041545485,0.435,0.432,0.432
2025-04-01 00:00:00+00:00,0.435,0.57,0.692,0.866,0.295,0.376,1.185,16.473,4.23,0.0,0.0,0.0,0.439,0.444,0.444,0.458,0.474,0.692,0.57,0.695,0.571,0.692,0.574,16.863,17.39,17.393,0.0,0.0,0.0,0.1,0.0,0.0,0.0,0.0,0.0,0.3,1.7,2.0,0.09999999999999556,0.0,0.0,0.09999999999996448,0.5999999999999858,1.7,2.0000000000000075,4.3,1.8000000000000143,2.7,5.699999999999987,10.199999999999973,-0.0040000000000000036,-0.009000000000000008,91,4,0.9999855506507186,0.005375731557583884,0.432,0.432,0.43
2025-04-02 00:00:00+00:00,0.432,0.569,0.691,0.866,0.289,0.367,1.181,16.227,4.206,0.0,0.0,0.0,0.435,0.439,0.444,0.454,0.46,0.691,0.569,0.692,0.57,0.695,0.571,16.473,16.863,17.39,0.0,0.0,0.0,0.0,0.0,0.0,0.1,0.0,0.0,0.0,0.0,0.0,0.09999999999999556,0.0,0.0,0.09999999999996448,0.5999999999999858,1.7,2.0000000000000075,4.3,1.8000000000000143,2.7,5.699999999999987,10.199999999999973,-0.0030000000000000027,-0.01200000000000001,92,4,0.9999300657962057,-0.011826390691832589,0.432,0.43,0.425
2025-04-03 00:00:00+00:00,0.432,0.565,0.689,0.864,0.286,0.366,1.183,16.161,4.112,0.0,0.0,0.0,0.432,0.435,0.439,0.444,0.458,0.689,0.565,0.691,0.569,0.692,0.57,16.227,16.473,16.863,0.0,0.0,0.0,0.0,0.0,0.0,0.0,0.0,0.0,0.1,0.0,0.0,0.0,0.0,0.0,0.0,0.5999999999999858,1.7,2.0000000000000075,4.3,1.8000000000000143,2.7,5.699999999999987,10.199999999999973,0.0,-0.007000000000000006,93,4,0.9995786855478958,-0.029025013321975237,0.43,0.425,0.422
2025-04-04 00:00:00+00:00,0.43,0.563,0.688,0.858,0.282,0.36,1.179,16.021,4.05,0.0,0.0,0.0,0.432,0.432,0.435,0.444,0.454,0.688,0.563,0.689,0.565,0.691,0.569,16.161,16.227,16.473,0.0,0.0,0.0,0.0,0.0,0.0,0.0,0.0,0.0,0.0,0.0,0.0,0.0,0.0,0.0,0.0,0.3999999999999858,1.7,2.0000000000000075,4.1,1.7000000000000142,2.0999999999999996,3.6999999999999864,7.499999999999972,-0.0020000000000000018,-0.0050000000000000044,94,4,0.9989315138848577,-0.046215046983708354,0.425,0.422,0.419
2025-04-05 00:00:00+00:00,0.425,0.56,0.688,0.856,0.279,0.359,1.207,15.511,3.973,0.0,0.0,0.0,0.43,0.432,0.432,0.439,0.444,0.688,0.56,0.688,0.563,0.689,0.565,16.021,16.161,16.227,0.0,0.0,0.0,0.0,0.0,0.0,0.0,0.0,0.0,0.0,0.0,0.0,0.0,0.0,0.0,0.0,0.0999999999999858,0.0,0.0,0.1,1.5000000000000142,1.8,3.3999999999999866,6.699999999999972,-0.0050000000000000044,-0.007000000000000006,95,4,0.9979887423155984,-0.06339140486951038,0.422,0.419,0.418
2025-04-06 00:00:00+00:00,0.422,0.556,0.69,0.852,0.281,0.352,1.203,15.214,3.875,0.0,0.0,0.0,0.425,0.43,0.432,0.435,0.444,0.69,0.556,0.688,0.56,0.688,0.563,15.511,16.021,16.161,0.0,0.0,0.0,0.0,0.0,0.0,0.0,0.0,0.0,0.0,0.0,0.0,0.0,0.0,0.0,0.0,0.0999999999999858,0.0,0.0,0.1,1.5000000000000142,1.8,3.3999999999999866,6.699999999999972,-0.0030000000000000027,-0.010000000000000009,96,4,0.9967506498213929,-0.08054900421874167,0.419,0.418,0.415
2025-04-07 00:00:00+00:00,0.419,0.556,0.688,0.853,0.27,0.344,1.206,14.945,3.889,0.0,0.0,0.0,0.422,0.425,0.43,0.432,0.439,0.688,0.556,0.69,0.556,0.688,0.56,15.214,15.511,16.021,0.0,0.0,0.0,0.0,0.0,0.0,0.0,0.0,0.0,0.0,0.0,0.0,0.0,0.0,0.0,0.0,0.0,0.0,0.0,0.0,1.2000000000000144,1.7,3.0999999999999863,5.999999999999972,-0.0030000000000000027,-0.01100000000000001,97,4,0.9952176027737294,-0.09768276782171598,0.418,0.415,0.413
2025-04-08 00:00:00+00:00,0.418,0.556,0.689,0.851,0.273,0.348,1.227,14.854,3.877,0.0,0.0,0.0,0.419,0.422,0.425,0.432,0.435,0.689,0.556,0.688,0.556,0.69,0.556,14.945,15.214,15.511,0.0,0.0,0.0,0.0,0.0,0.0,0.0,0.0,0.0,0.0,0.0,0.0,0.0,0.0,0.0,0.0,0.0,0.0,0.0,0.0,0.6000000000000142,1.7,1.9999999999999862,4.299999999999971,-0.0010000000000000009,-0.007000000000000006,98,4,0.9933900548258936,-0.11478762552212701,0.415,0.413,0.412
2025-04-09 00:00:00+00:00,0.415,0.554,0.689,0.846,0.268,0.335,1.254,14.593,3.829,0.0,0.0,0.0,0.418,0.419,0.422,0.43,0.432,0.689,0.554,0.689,0.556,0.688,0.556,14.854,14.945,15.214,0.0,0.0,0.0,0.0,0.0,0.0,0.0,0.0,0.0,0.0,0.0,0.0,0.0,0.0,0.0,0.0,0.0,0.0,0.0,0.0,0.6000000000000142,1.7,1.9999999999999862,4.299999999999971,-0.0030000000000000027,-0.007000000000000006,99,4,0.9912685467787256,-0.13185851571739118,0.413,0.412,0.412
2025-04-10 00:00:00+00:00,0.413,0.557,0.689,0.849,0.268,0.335,1.25,14.367,3.9,0.0,0.0,0.0,0.415,0.418,0.419,0.425,0.432,0.689,0.557,0.689,0.554,0.689,0.556,14.593,14.854,14.945,0.0,0.0,0.0,0.0,0.0,0.0,0.0,0.0,0.0,0.0,0.0,0.0,0.0,0.0,0.0,0.0,0.0,0.0,0.0,0.0,0.6000000000000142,1.7,1.9999999999999862,4.299999999999971,-0.0020000000000000018,-0.006000000000000005,100,4,0.9888537064205885,-0.1488903868564548,0.412,0.412,0.418
2025-04-11 00:00:00+00:00,0.412,0.555,0.688,0.844,0.264,0.335,1.205,14.339,3.863,0.0,0.0,0.0,0.413,0.415,0.418,0.422,0.43,0.688,0.555,0.689,0.557,0.689,0.554,14.367,14.593,14.854,0.0,0.0,0.0,0.0,0.0,0.0,0.0,0.0,0.0,0.0,0.0,0.0,0.0,0.0,0.0,0.0,0.0,0.0,0.0,0.0,0.40000000000001423,1.7,1.9999999999999862,4.099999999999971,-0.0010000000000000009,-0.006000000000000005,101,4,0.986146248341595,-0.16587819893463143,0.412,0.418,0.42
2025-04-12 00:00:00+00:00,0.412,0.557,0.688,0.853,0.276,0.341,1.258,14.342,3.912,1.91,3.5,9.4,0.412,0.413,0.415,0.419,0.425,0.688,0.557,0.688,0.555,0.689,0.557,14.339,14.367,14.593,1.91,3.5,9.4,0.0,0.0,0.0,0.0,0.0,0.0,0.0,0.0,0.0,1.9099999999999955,3.5,9.400000000000007,14.809999999999965,1.9099999999999857,3.5,9.400000000000007,14.81,2.010000000000014,3.5,9.399999999999986,14.909999999999972,0.0,-0.0030000000000000027,102,4,0.9831469737221499,-0.1828169249850199,0.418,0.42,0.421
2025-04-13 00:00:00+00:00,0.418,0.561,0.688,0.854,0.276,0.359,1.231,14.826,4.003,0.0,0.0,0.0,0.412,0.412,0.413,0.418,0.422,0.688,0.561,0.688,0.557,0.688,0.555,14.342,14.339,14.367,0.0,0.0,0.0,1.91,3.5,9.4,0.0,0.0,0.0,0.0,0.0,0.0,1.9099999999999955,3.5,9.400000000000007,14.809999999999965,1.9099999999999857,3.5,9.400000000000007,14.81,2.010000000000014,3.5,9.399999999999986,14.909999999999972,0.006000000000000005,0.0050000000000000044,103,4,0.9798567700958665,-0.1997015525660636,0.42,0.421,0.451
2025-04-14 00:00:00+00:00,0.42,0.565,0.691,0.845,0.27,0.357,1.233,15.086,4.105,0.5,1.4,4.1,0.418,0.412,0.412,0.415,0.419,0.691,0.565,0.688,0.561,0.688,0.557,14.826,14.342,14.339,0.5,1.4,4.1,0.0,0.0,0.0,1.91,3.5,9.4,0.0,0.0,0.0,2.4099999999999957,4.9,13.500000000000007,20.809999999999967,2.409999999999986,4.9,13.500000000000007,20.810000000000002,2.4100000000000144,4.9,13.499999999999986,20.809999999999974,0.0020000000000000018,0.008000000000000007,104,4,0.9762766110869321,-0.21652708524481437,0.421,0.451,0.564
2025-04-15 00:00:00+00:00,0.421,0.6,0.694,0.896,0.303,0.362,1.195,15.139,5.019,5.4,14.8,14.3,0.42,0.418,0.412,0.413,0.418,0.694,0.6,0.691,0.565,0.688,0.561,15.086,14.826,14.342,5.4,14.8,14.3,0.5,1.4,4.1,0.0,0.0,0.0,1.91,3.5,9.4,5.899999999999996,16.200000000000003,18.400000000000006,40.499999999999964,7.809999999999986,19.700000000000003,27.800000000000008,55.31,7.810000000000015,19.700000000000003,27.799999999999986,55.309999999999974,0.0010000000000000009,0.009000000000000008,105,4,0.9724075561219968,-0.23328854407545518,0.451,0.564,0.536
2025-04-16 00:00:00+00:00,0.451,0.711,0.714,1.015,0.404,0.434,1.239,18.196,8.443,16.1,15.6,23.3,0.421,0.42,0.418,0.412,0.415,0.714,0.711,0.694,0.6,0.691,0.565,15.139,15.086,14.826,16.1,15.6,23.3,5.4,14.8,14.3,0.5,1.4,4.1,0.0,0.0,0.0,21.999999999999996,31.8,41.70000000000001,95.49999999999997,23.90999999999999,35.3,51.10000000000001,110.31,23.910000000000018,35.3,51.09999999999999,110.30999999999997,0.030000000000000027,0.03300000000000003,106,4,0.9682507501166718,-0.2499809690726521,0.564,0.536,0.471
2025-04-17 00:00:00+00:00,0.564,0.893,0.785,1.169,0.495,0.638,1.238,32.849,15.363,5.2,9.1,12.5,0.451,0.421,0.42,0.412,0.413,0.785,0.893,0.714,0.711,0.694,0.6,18.196,15.139,15.086,5.2,9.1,12.5,16.1,15.6,23.3,5.4,14.8,14.3,0.5,1.4,4.1,26.699999999999996,39.5,50.10000000000001,116.29999999999997,29.10999999999999,44.4,63.60000000000001,137.11,29.110000000000017,44.4,63.59999999999999,137.10999999999999,0.11299999999999993,0.14399999999999996,107,4,0.9638074231367307,-0.26659942067929354,0.536,0.471,0.44
2025-04-18 00:00:00+00:00,0.536,0.741,0.769,0.986,0.378,0.518,1.267,28.645,9.325,0.0,0.0,0.0,0.564,0.451,0.421,0.418,0.412,0.769,0.741,0.785,0.893,0.714,0.711,32.849,18.196,15.139,0.0,0.0,0.0,5.2,9.1,12.5,16.1,15.6,23.3,5.4,14.8,14.3,21.299999999999997,24.699999999999996,35.80000000000001,81.79999999999997,29.10999999999999,44.4,63.60000000000001,137.11,29.110000000000017,44.4,63.59999999999999,137.10999999999999,-0.027999999999999914,0.11500000000000005,108,4,0.9590788900341131,-0.28313898122818354,0.471,0.44,0.435
2025-04-19 00:00:00+00:00,0.471,0.66,0.741,0.921,0.322,0.409,1.243,20.382,6.688,0.1,0.2,0.0,0.536,0.564,0.451,0.42,0.412,0.741,0.66,0.769,0.741,0.785,0.893,28.645,32.849,18.196,0.1,0.2,0.0,0.0,0.0,0.0,5.2,9.1,12.5,16.1,15.6,23.3,5.299999999999996,9.299999999999999,12.500000000000007,27.099999999999966,27.29999999999999,41.1,54.20000000000001,122.6,29.21000000000002,44.6,63.59999999999999,137.40999999999997,-0.06500000000000006,0.019999999999999962,109,4,0.9540665500578387,-0.2995947563972602,0.44,0.435,0.432
2025-04-20 00:00:00+00:00,0.44,0.629,0.734,0.901,0.31,0.382,1.24,16.975,5.806,0.0,0.6,1.2,0.471,0.536,0.564,0.421,0.418,0.734,0.629,0.741,0.66,0.769,0.741,20.382,28.645,32.849,0.0,0.6,1.2,0.1,0.2,0.0,0.0,0.0,0.0,5.2,9.1,12.5,0.09999999999999645,0.8,1.200000000000007,2.099999999999964,27.29999999999999,41.7,55.40000000000001,124.4,29.21000000000002,45.2,64.79999999999998,139.20999999999998,-0.030999999999999972,-0.12399999999999994,110,4,0.9487718864399473,-0.31596187665790293,0.435,0.432,0.454
2025-04-21 00:00:00+00:00,0.435,0.616,0.729,0.892,0.302,0.368,1.241,16.519,5.447,0.5,0.0,0.2,0.44,0.471,0.536,0.451,0.42,0.729,0.616,0.734,0.629,0.741,0.66,16.975,20.382,28.645,0.5,0.0,0.2,0.0,0.6,1.2,0.1,0.2,0.0,0.0,0.0,0.0,0.5999999999999964,0.8,1.400000000000007,2.7999999999999643,27.29999999999999,40.300000000000004,51.50000000000001,119.1,29.71000000000002,45.2,64.99999999999999,139.90999999999997,-0.0050000000000000044,-0.10100000000000003,111,4,0.9431964659565866,-0.33223549871590435,0.432,0.454,0.527
2025-04-22 00:00:00+00:00,0.432,0.624,0.728,0.907,0.307,0.369,1.245,16.19,5.69,3.2,9.5,9.8,0.435,0.44,0.471,0.564,0.421,0.728,0.624,0.729,0.616,0.734,0.629,16.519,16.975,20.382,3.2,9.5,9.8,0.5,0.0,0.2,0.0,0.6,1.2,0.1,0.2,0.0,3.6999999999999966,10.1,11.200000000000008,24.999999999999964,25.09999999999999,35.0,47.00000000000001,107.1,32.91000000000002,54.7,74.79999999999998,162.40999999999997,-0.0030000000000000027,-0.03899999999999998,112,4,0.9373419384643772,-0.3484108069446808,0.454,0.527,0.516
2025-04-23 00:00:00+00:00,0.454,0.722,0.746,0.97,0.347,0.416,1.243,18.444,8.792,14.9,11.7,14.0,0.432,0.435,0.44,0.536,0.451,0.746,0.722,0.728,0.624,0.729,0.616,16.19,16.519,16.975,14.9,11.7,14.0,3.2,9.5,9.8,0.5,0.0,0.2,0.0,0.6,1.2,18.599999999999998,21.2,24.000000000000007,63.79999999999997,23.89999999999999,31.1,37.70000000000001,92.7,47.81000000000002,66.4,88.79999999999998,203.01,0.02200000000000002,0.014000000000000012,113,4,0.9312100364121947,-0.3644830148102912,0.527,0.516,0.472
2025-04-24 00:00:00+00:00,0.527,0.867,0.784,1.038,0.427,0.579,1.223,27.542,14.194,0.0,0.6,0.5,0.454,0.432,0.435,0.471,0.564,0.784,0.867,0.746,0.722,0.728,0.624,18.444,16.19,16.519,0.0,0.6,0.5,14.9,11.7,14.0,3.2,9.5,9.8,0.5,0.0,0.2,18.099999999999994,21.8,24.30000000000001,64.19999999999996,18.69999999999999,22.599999999999998,25.70000000000001,67.0,47.81000000000002,67.0,89.29999999999998,204.10999999999999,0.07300000000000001,0.09200000000000003,114,4,0.9248025743285089,-0.38044736628785164,0.516,0.472,0.452
2025-04-25 00:00:00+00:00,0.516,0.733,0.756,0.945,0.351,0.515,1.2,25.838,9.002,0.0,0.0,0.0,0.527,0.454,0.432,0.44,0.536,0.756,0.733,0.784,0.867,0.746,0.722,27.542,18.444,16.19,0.0,0.0,0.0,0.0,0.6,0.5,14.9,11.7,14.0,3.2,9.5,9.8,14.899999999999997,12.299999999999999,14.500000000000007,41.69999999999996,18.69999999999999,22.6,25.70000000000001,67.0,47.81000000000002,67.0,89.29999999999998,204.10999999999999,-0.01100000000000001,0.08400000000000002,115,4,0.9181214482844365,-0.39629913726891813,0.472,0.452,0.438
2025-04-26 00:00:00+00:00,0.472,0.678,0.742,0.91,0.317,0.425,1.248,20.391,7.234,0.0,0.0,0.0,0.516,0.527,0.454,0.435,0.471,0.742,0.678,0.756,0.733,0.784,0.867,25.838,27.542,18.444,0.0,0.0,0.0,0.0,0.0,0.0,0.0,0.6,0.5,14.9,11.7,14.0,0.0,0.6,0.5000000000000071,1.0999999999999646,18.599999999999987,22.4,25.70000000000001,66.7,45.90000000000002,63.5,79.89999999999998,189.29999999999998,-0.04400000000000004,0.01799999999999996,116,4,0.9111686353326631,-0.41203363695942635,0.452,0.438,0.43
2025-04-27 00:00:00+00:00,0.452,0.647,0.735,0.893,0.291,0.393,1.268,18.181,6.306,0.0,0.0,0.0,0.472,0.516,0.527,0.432,0.44,0.735,0.647,0.742,0.678,0.756,0.733,20.391,25.838,27.542,0.0,0.0,0.0,0.0,0.0,0.0,0.0,0.0,0.0,0.0,0.6,0.5,0.0,0.0,0.0,0.0,18.599999999999987,21.8,24.500000000000007,64.89999999999999,45.90000000000002,63.5,79.89999999999998,189.29999999999998,-0.019999999999999962,-0.07500000000000001,117,4,0.9039461929224011,-0.42764620926777464,0.438,0.43,0.421
2025-04-28 00:00:00+00:00,0.438,0.618,0.731,0.882,0.285,0.373,1.258,16.742,5.496,0.0,0.0,0.0,0.452,0.472,0.516,0.454,0.435,0.731,0.618,0.735,0.647,0.742,0.678,18.181,20.391,25.838,0.0,0.0,0.0,0.0,0.0,0.0,0.0,0.0,0.0,0.0,0.0,0.0,0.0,0.0,0.0,0.0,18.099999999999987,21.8,24.30000000000001,64.2,45.40000000000002,62.1,75.79999999999998,183.29999999999998,-0.014000000000000012,-0.07800000000000001,118,4,0.8964562582905575,-0.44313223418263453,0.43,0.421,0.415
2025-04-29 00:00:00+00:00,0.43,0.6,0.728,0.87,0.275,0.355,1.263,15.974,5.019,0.0,0.0,0.0,0.438,0.452,0.472,0.527,0.432,0.728,0.6,0.731,0.618,0.735,0.647,16.742,18.181,20.391,0.0,0.0,0.0,0.0,0.0,0.0,0.0,0.0,0.0,0.0,0.0,0.0,0.0,0.0,0.0,0.0,14.89999999999999,12.299999999999999,14.500000000000007,41.7,40.000000000000014,47.3,61.49999999999999,148.79999999999998,-0.008000000000000007,-0.04199999999999998,119,4,0.8887010478292915,-0.45848712914008766,0.421,0.415,0.413
2025-04-30 00:00:00+00:00,0.421,0.587,0.723,0.865,0.261,0.344,1.26,15.176,4.658,0.0,0.0,0.0,0.43,0.438,0.452,0.516,0.454,0.723,0.587,0.728,0.6,0.731,0.618,15.974,16.742,18.181,0.0,0.0,0.0,0.0,0.0,0.0,0.0,0.0,0.0,0.0,0.0,0.0,0.0,0.0,0.0,0.0,0.0,0.6,0.5000000000000071,1.1,23.900000000000013,31.7,38.19999999999999,93.79999999999997,-0.009000000000000008,-0.031000000000000028,120,4,0.8806828564301475,-0.47370635037968,0.415,0.413,0.464
2025-05-01 00:00:00+00:00,0.415,0.581,0.724,0.86,0.257,0.333,1.277,14.579,4.503,0.0,0.0,0.0,0.421,0.43,0.438,0.472,0.527,0.724,0.581,0.723,0.587,0.728,0.6,15.176,15.974,16.742,0.0,0.0,0.0,0.0,0.0,0.0,0.0,0.0,0.0,0.0,0.0,0.0,0.0,0.0,0.0,0.0,0.0,0.0,0.0,0.0,18.700000000000017,22.6,25.69999999999999,66.99999999999997,-0.006000000000000005,-0.02300000000000002,121,5,0.8724040568049612,-0.48878539428899265,0.413,0.464,0.442
2025-05-02 00:00:00+00:00,0.413,0.615,0.727,0.904,0.29,0.34,1.279,14.426,5.53,13.5,12.8,15.0,0.415,0.421,0.43,0.452,0.516,0.727,0.615,0.724,0.581,0.723,0.587,14.579,15.176,15.974,13.5,12.8,15.0,0.0,0.0,0.0,0.0,0.0,0.0,0.0,0.0,0.0,13.499999999999995,12.8,15.000000000000007,41.29999999999996,13.49999999999999,12.8,15.000000000000007,41.3,32.20000000000002,35.400000000000006,40.69999999999999,108.29999999999998,-0.0020000000000000018,-0.017000000000000015,122,5,0.8638670987837349,-0.503719798736334,0.464,0.442,0.424
2025-05-03 00:00:00+00:00,0.464,0.657,0.724,0.944,0.317,0.441,1.261,19.604,6.63,0.0,0.0,0.3,0.413,0.415,0.421,0.438,0.472,0.724,0.657,0.727,0.615,0.724,0.581,14.426,14.579,15.176,0.0,0.0,0.3,13.5,12.8,15.0,0.0,0.0,0.0,0.0,0.0,0.0,13.499999999999995,12.8,15.300000000000008,41.59999999999996,13.49999999999999,12.8,15.300000000000008,41.599999999999994,32.100000000000016,35.2,40.999999999999986,108.29999999999998,0.051000000000000045,0.04300000000000004,123,5,0.8550745085896932,-0.518505144391157,0.442,0.424,0.415
2025-05-04 00:00:00+00:00,0.442,0.602,0.703,0.885,0.282,0.381,1.256,17.144,5.065,0.0,0.0,0.0,0.464,0.413,0.415,0.43,0.452,0.703,0.602,0.724,0.657,0.727,0.615,19.604,14.426,14.579,0.0,0.0,0.0,0.0,0.0,0.3,13.5,12.8,15.0,0.0,0.0,0.0,13.499999999999995,12.8,15.300000000000008,41.59999999999996,13.49999999999999,12.8,15.300000000000008,41.599999999999994,32.100000000000016,34.599999999999994,39.79999999999998,106.49999999999997,-0.02200000000000002,0.027000000000000024,124,5,0.8460288880917339,-0.533137056031809,0.424,0.415,0.406
2025-05-05 00:00:00+00:00,0.424,0.585,0.703,0.883,0.27,0.361,1.246,15.408,4.624,0.0,0.0,0.0,0.442,0.464,0.413,0.421,0.438,0.703,0.585,0.703,0.602,0.724,0.657,17.144,19.604,14.426,0.0,0.0,0.0,0.0,0.0,0.0,0.0,0.0,0.3,13.5,12.8,15.0,0.0,0.0,0.3000000000000071,0.29999999999996446,13.49999999999999,12.8,15.300000000000008,41.599999999999994,31.600000000000016,34.599999999999994,39.59999999999999,105.79999999999998,-0.018000000000000016,0.01100000000000001,125,5,0.8367329140344921,-0.5476112038402312,0.415,0.406,0.398
2025-05-06 00:00:00+00:00,0.415,0.581,0.7,0.866,0.262,0.35,1.229,14.567,4.51,0.0,0.0,0.0,0.424,0.442,0.464,0.415,0.43,0.7,0.581,0.703,0.585,0.703,0.602,15.408,17.144,19.604,0.0,0.0,0.0,0.0,0.0,0.0,0.0,0.0,0.0,0.0,0.0,0.3,0.0,0.0,0.0,0.0,13.49999999999999,12.8,15.300000000000008,41.599999999999994,28.400000000000013,25.099999999999998,29.799999999999983,83.29999999999998,-0.009000000000000008,-0.049000000000000044,126,5,0.8271893372462497,-0.5619233046832195,0.406,0.398,0.392
2025-05-07 00:00:00+00:00,0.406,0.573,0.696,0.853,0.251,0.334,1.24,13.762,4.296,0.0,0.0,0.0,0.415,0.424,0.442,0.413,0.421,0.696,0.573,0.7,0.581,0.703,0.585,14.567,15.408,17.144,0.0,0.0,0.0,0.0,0.0,0.0,0.0,0.0,0.0,0.0,0.0,0.0,0.0,0.0,0.0,0.0,13.49999999999999,12.8,15.300000000000008,41.599999999999994,13.500000000000014,13.4,15.799999999999986,42.69999999999997,-0.008999999999999952,-0.035999999999999976,127,5,0.8174009818249189,-0.5760691233798758,0.398,0.392,0.385
2025-05-08 00:00:00+00:00,0.398,0.565,0.694,0.844,0.24,0.331,1.243,13.108,4.1,0.0,0.0,0.0,0.406,0.415,0.424,0.464,0.415,0.694,0.565,0.696,0.573,0.7,0.581,13.762,14.567,15.408,0.0,0.0,0.0,0.0,0.0,0.0,0.0,0.0,0.0,0.0,0.0,0.0,0.0,0.0,0.0,0.0,13.49999999999999,12.8,15.300000000000008,41.599999999999994,13.500000000000014,12.8,15.299999999999986,41.599999999999966,-0.008000000000000007,-0.025999999999999968,128,5,0.8073707443023492,-0.5900444739548627,0.392,0.385,0.379
2025-05-09 00:00:00+00:00,0.392,0.558,0.696,0.84,0.233,0.324,1.25,12.585,3.941,0.0,0.0,0.0,0.398,0.406,0.415,0.442,0.413,0.696,0.558,0.694,0.565,0.696,0.573,13.108,13.762,14.567,0.0,0.0,0.0,0.0,0.0,0.0,0.0,0.0,0.0,0.0,0.0,0.0,0.0,0.0,0.0,0.0,0.0,0.0,0.3000000000000071,0.3,13.500000000000014,12.8,15.299999999999986,41.599999999999966,-0.006000000000000005,-0.022999999999999965,129,5,0.7971015927871943,-0.6038452208771035,0.385,0.379,0.376
2025-05-10 00:00:00+00:00,0.385,0.551,0.691,0.834,0.229,0.316,1.246,12.082,3.755,0.0,0.0,0.0,0.392,0.398,0.406,0.424,0.464,0.691,0.551,0.696,0.558,0.694,0.565,12.585,13.108,13.762,0.0,0.0,0.0,0.0,0.0,0.0,0.0,0.0,0.0,0.0,0.0,0.0,0.0,0.0,0.0,0.0,0.0,0.0,0.0,0.0,13.500000000000014,12.8,15.299999999999986,41.599999999999966,-0.007000000000000006,-0.02100000000000002,130,5,0.7865965660866021,-0.6174672802835514,0.379,0.376,0.374
2025-05-11 00:00:00+00:00,0.379,0.543,0.69,0.83,0.22,0.32,1.24,11.64,3.587,0.0,0.0,0.0,0.385,0.392,0.398,0.415,0.442,0.69,0.543,0.691,0.551,0.696,0.558,12.082,12.585,13.108,0.0,0.0,0.0,0.0,0.0,0.0,0.0,0.0,0.0,0.0,0.0,0.0,0.0,0.0,0.0,0.0,0.0,0.0,0.0,0.0,13.500000000000014,12.8,15.299999999999986,41.599999999999966,-0.006000000000000005,-0.019000000000000017,131,5,0.7758587728069828,-0.6309066211876704,0.376,0.374,0.384
2025-05-12 00:00:00+00:00,0.376,0.539,0.687,0.823,0.219,0.313,1.207,11.373,3.505,0.0,0.0,0.0,0.379,0.385,0.392,0.406,0.424,0.687,0.539,0.69,0.543,0.691,0.551,11.64,12.082,12.585,0.0,0.0,0.0,0.0,0.0,0.0,0.0,0.0,0.0,0.0,0.0,0.0,0.0,0.0,0.0,0.0,0.0,0.0,0.0,0.0,13.500000000000014,12.8,15.299999999999986,41.599999999999966,-0.0030000000000000027,-0.016000000000000014,132,5,0.7648913904341226,-0.6441592666722685,0.374,0.384,0.366
2025-05-13 00:00:00+00:00,0.374,0.527,0.691,0.914,0.213,0.322,1.234,11.284,3.244,0.0,0.0,0.0,0.376,0.379,0.385,0.398,0.415,0.691,0.527,0.687,0.539,0.69,0.543,11.373,11.64,12.082,0.0,0.0,0.0,0.0,0.0,0.0,0.0,0.0,0.0,0.0,0.0,0.0,0.0,0.0,0.0,0.0,0.0,0.0,0.0,0.0,13.500000000000014,12.8,15.299999999999986,41.599999999999966,-0.0020000000000000018,-0.01100000000000001,133,5,0.753697664392914,-0.6572212950663319,0.384,0.366,0.369
2025-05-14 00:00:00+00:00,0.384,0.528,0.689,0.827,0.21,0.308,1.23,11.995,3.261,0.0,0.0,0.0,0.374,0.376,0.379,0.392,0.406,0.689,0.528,0.691,0.527,0.687,0.539,11.284,11.373,11.64,0.0,0.0,0.0,0.0,0.0,0.0,0.0,0.0,0.0,0.0,0.0,0.0,0.0,0.0,0.0,0.0,0.0,0.0,0.0,0.0,13.500000000000014,12.8,15.299999999999986,41.599999999999966,0.010000000000000009,0.0050000000000000044,134,5,0.742280907086982,-0.6700888411055113,0.366,0.369,0.359
2025-05-15 00:00:00+00:00,0.366,0.526,0.69,0.816,0.21,0.306,1.238,10.682,3.212,0.0,0.0,0.0,0.384,0.374,0.376,0.385,0.398,0.69,0.526,0.689,0.528,0.691,0.527,11.995,11.284,11.373,0.0,0.0,0.0,0.0,0.0,0.0,0.0,0.0,0.0,0.0,0.0,0.0,0.0,0.0,0.0,0.0,0.0,0.0,0.0,0.0,13.500000000000014,12.8,15.299999999999986,41.599999999999966,-0.018000000000000016,-0.010000000000000009,135,5,0.7306444969184916,-0.6827580970759147,0.369,0.359,0.36
2025-05-16 00:00:00+00:00,0.369,0.524,0.686,0.813,0.202,0.291,1.24,10.918,3.182,0.0,0.0,0.0,0.366,0.384,0.374,0.379,0.392,0.686,0.524,0.69,0.526,0.689,0.528,10.682,11.995,11.284,0.0,0.0,0.0,0.0,0.0,0.0,0.0,0.0,0.0,0.0,0.0,0.0,0.0,0.0,0.0,0.0,0.0,0.0,0.0,0.0,0.0,0.0,0.2999999999999858,0.29999999999997157,0.0030000000000000027,-0.0050000000000000044,136,5,0.7187918772884232,-0.6952253139408722,0.359,0.36,0.359
2025-05-17 00:00:00+00:00,0.359,0.523,0.682,0.814,0.206,0.289,1.274,10.2,3.156,0.0,0.0,0.0,0.369,0.366,0.384,0.376,0.385,0.682,0.523,0.686,0.524,0.69,0.526,10.918,10.682,11.995,0.0,0.0,0.0,0.0,0.0,0.0,0.0,0.0,0.0,0.0,0.0,0.0,0.0,0.0,0.0,0.0,0.0,0.0,0.0,0.0,0.0,0.0,0.0,0.0,-0.010000000000000009,-0.025000000000000022,137,5,0.7067265555776158,-0.7074868024503348,0.36,0.359,0.373
2025-05-18 00:00:00+00:00,0.36,0.528,0.686,0.814,0.203,0.288,1.227,10.245,3.261,0.0,0.0,0.0,0.359,0.369,0.366,0.374,0.379,0.686,0.528,0.682,0.523,0.686,0.524,10.2,10.918,10.682,0.0,0.0,0.0,0.0,0.0,0.0,0.0,0.0,0.0,0.0,0.0,0.0,0.0,0.0,0.0,0.0,0.0,0.0,0.0,0.0,0.0,0.0,0.0,0.0,0.0010000000000000009,-0.006000000000000005,138,5,0.6944521021088763,-0.719538934232584,0.359,0.373,0.351
2025-05-19 00:00:00+00:00,0.359,0.522,0.685,0.808,0.196,0.294,1.247,10.174,3.132,0.0,0.0,0.0,0.36,0.359,0.369,0.384,0.376,0.685,0.522,0.686,0.528,0.682,0.523,10.245,10.2,10.918,0.0,0.0,0.0,0.0,0.0,0.0,0.0,0.0,0.0,0.0,0.0,0.0,0.0,0.0,0.0,0.0,0.0,0.0,0.0,0.0,0.0,0.0,0.0,0.0,-0.0010000000000000009,-0.010000000000000009,139,5,0.6819721490904629,-0.7313781428679254,0.373,0.351,0.347
2025-05-20 00:00:00+00:00,0.373,0.519,0.686,0.805,0.194,0.294,1.222,11.253,3.079,0.0,0.0,0.0,0.359,0.36,0.359,0.366,0.374,0.686,0.519,0.685,0.522,0.686,0.528,10.174,10.245,10.2,0.0,0.0,0.0,0.0,0.0,0.0,0.0,0.0,0.0,0.0,0.0,0.0,0.0,0.0,0.0,0.0,0.0,0.0,0.0,0.0,0.0,0.0,0.0,0.0,0.014000000000000012,0.014000000000000012,140,5,0.6692903895412567,-0.7430009249440493,0.351,0.347,0.35
2025-05-21 00:00:00+00:00,0.351,0.516,0.687,0.799,0.194,0.285,1.24,9.678,3.014,0.0,0.0,0.0,0.373,0.359,0.36,0.369,0.384,0.687,0.516,0.686,0.519,0.685,0.522,11.253,10.174,10.245,0.0,0.0,0.0,0.0,0.0,0.0,0.0,0.0,0.0,0.0,0.0,0.0,0.0,0.0,0.0,0.0,0.0,0.0,0.0,0.0,0.0,0.0,0.0,0.0,-0.02200000000000002,-0.009000000000000008,141,5,0.6564105761979381,-0.7544038410927472,0.347,0.35,0.384
2025-05-22 00:00:00+00:00,0.347,0.512,0.691,0.802,0.195,0.315,1.251,9.436,2.933,0.0,0.0,0.0,0.351,0.373,0.359,0.359,0.366,0.691,0.512,0.687,0.516,0.686,0.519,9.678,11.253,10.174,0.0,0.0,0.0,0.0,0.0,0.0,0.0,0.0,0.0,0.0,0.0,0.0,0.0,0.0,0.0,0.0,0.0,0.0,0.0,0.0,0.0,0.0,0.0,0.0,-0.0040000000000000036,-0.01200000000000001,142,5,0.6433365204044917,-0.765583517007675,0.35,0.384,0.405
2025-05-23 00:00:00+00:00,0.35,0.529,0.694,0.873,0.204,0.321,1.248,9.615,3.293,7.2,15.2,12.5,0.347,0.351,0.373,0.36,0.369,0.694,0.529,0.691,0.512,0.687,0.516,9.436,9.678,11.253,7.2,15.2,12.5,0.0,0.0,0.0,0.0,0.0,0.0,0.0,0.0,0.0,7.199999999999995,15.2,12.500000000000007,34.89999999999996,7.1999999999999895,15.2,12.500000000000007,34.9,7.200000000000014,15.2,12.499999999999986,34.89999999999997,0.0030000000000000027,-0.02300000000000002,143,5,0.6300720909843687,-0.7765366444428655,0.384,0.405,0.392
2025-05-24 00:00:00+00:00,0.384,0.582,0.697,0.886,0.243,0.38,1.253,12.011,4.556,13.0,10.5,19.6,0.35,0.347,0.351,0.359,0.359,0.697,0.582,0.694,0.529,0.691,0.512,9.615,9.436,9.678,13.0,10.5,19.6,7.2,15.2,12.5,0.0,0.0,0.0,0.0,0.0,0.0,20.199999999999996,25.7,32.10000000000001,77.99999999999997,20.19999999999999,25.7,32.10000000000001,78.0,20.200000000000014,25.7,32.09999999999999,77.99999999999997,0.03400000000000003,0.03300000000000003,144,5,0.6166212130956382,-0.7872599821916922,0.405,0.392,0.439
2025-05-25 00:00:00+00:00,0.405,0.566,0.695,0.867,0.25,0.353,1.265,13.721,4.141,0.0,0.0,0.1,0.384,0.35,0.347,0.373,0.36,0.695,0.566,0.697,0.582,0.694,0.529,12.011,9.615,9.436,0.0,0.0,0.1,13.0,10.5,19.6,7.2,15.2,12.5,0.0,0.0,0.0,20.199999999999996,25.7,32.20000000000001,78.09999999999997,20.19999999999999,25.7,32.20000000000001,78.1,20.200000000000014,25.7,32.19999999999999,78.09999999999997,0.02100000000000002,0.05800000000000005,145,5,0.6029878670694714,-0.7977503570459932,0.392,0.439,0.528
2025-05-26 00:00:00+00:00,0.392,0.534,0.694,0.826,0.214,0.314,1.26,12.661,3.387,5.6,10.7,7.7,0.405,0.384,0.35,0.351,0.359,0.694,0.534,0.695,0.566,0.697,0.582,13.721,12.011,9.615,5.6,10.7,7.7,0.0,0.0,0.1,13.0,10.5,19.6,7.2,15.2,12.5,18.599999999999994,21.2,27.40000000000001,67.19999999999996,25.79999999999999,36.4,39.900000000000006,102.1,25.80000000000001,36.4,39.899999999999984,102.09999999999997,-0.013000000000000012,0.04200000000000004,146,5,0.5891760872322963,-0.8080046647350754,0.439,0.528,0.457
2025-05-27 00:00:00+00:00,0.439,0.744,0.725,1.099,0.419,0.478,1.245,17.621,9.517,18.5,26.6,27.4,0.392,0.405,0.384,0.347,0.373,0.725,0.744,0.694,0.534,0.695,0.566,12.661,13.721,12.011,18.5,26.6,27.4,5.6,10.7,7.7,0.0,0.0,0.1,13.0,10.5,19.6,24.099999999999994,37.3,35.2,96.59999999999997,44.29999999999999,63.0,67.30000000000001,174.6,44.30000000000001,63.0,67.29999999999998,174.59999999999997,0.046999999999999986,0.05499999999999999,147,5,0.5751899607119775,-0.8180198708443175,0.528,0.457,0.409
2025-05-28 00:00:00+00:00,0.528,0.645,0.729,0.998,0.351,0.545,1.234,27.471,6.267,0.0,0.1,0.2,0.439,0.392,0.405,0.35,0.351,0.729,0.645,0.725,0.744,0.694,0.534,17.621,12.661,13.721,0.0,0.1,0.2,18.5,26.6,27.4,5.6,10.7,7.7,0.0,0.0,0.1,24.099999999999994,37.4,35.300000000000004,96.79999999999997,44.29999999999999,63.1,67.50000000000001,174.9,44.30000000000001,63.1,67.49999999999999,174.89999999999998,0.08900000000000002,0.123,148,5,0.5610336262283677,-0.8277930117131022,0.457,0.409,0.423
2025-05-29 00:00:00+00:00,0.457,0.584,0.727,0.906,0.269,0.403,1.275,18.836,4.586,0.0,0.0,0.0,0.528,0.439,0.392,0.384,0.347,0.727,0.584,0.729,0.645,0.725,0.744,27.471,17.621,12.661,0.0,0.0,0.0,0.0,0.1,0.2,18.5,26.6,27.4,5.6,10.7,7.7,18.499999999999993,26.700000000000003,27.600000000000005,72.79999999999997,44.29999999999999,63.1,67.50000000000001,174.9,44.30000000000001,63.1,67.49999999999999,174.89999999999998,-0.07100000000000001,0.065,149,5,0.5467112728685939,-0.8373211953118121,0.409,0.423,0.417
2025-05-30 00:00:00+00:00,0.409,0.563,0.723,1.003,0.244,0.368,1.272,14.049,4.063,0.0,1.1,1.7,0.457,0.528,0.439,0.405,0.35,0.723,0.563,0.727,0.584,0.729,0.645,18.836,27.471,17.621,0.0,1.1,1.7,0.0,0.0,0.0,0.0,0.1,0.2,18.5,26.6,27.4,0.0,1.2000000000000002,1.900000000000007,3.0999999999999712,37.09999999999999,49.00000000000001,56.70000000000001,142.79999999999998,44.30000000000001,64.2,69.19999999999999,177.69999999999996,-0.04800000000000004,-0.030000000000000027,150,5,0.5322271388474397,-0.8466016020976267,0.423,0.417,0.383
2025-05-31 00:00:00+00:00,0.423,0.586,0.746,1.018,0.244,0.38,1.241,15.358,4.646,3.3,0.3,2.4,0.409,0.457,0.528,0.392,0.384,0.746,0.586,0.723,0.563,0.727,0.584,14.049,18.836,27.471,3.3,0.3,2.4,0.0,1.1,1.7,0.0,0.0,0.0,0.0,0.1,0.2,3.2999999999999927,1.4000000000000001,4.100000000000007,8.799999999999972,27.39999999999999,38.8,39.50000000000001,105.69999999999999,47.60000000000001,64.5,71.59999999999998,183.69999999999996,0.014000000000000012,-0.10500000000000004,151,5,0.5175855102531889,-0.8556314858488706,0.417,0.383,0.366
2025-06-01 00:00:00+00:00,0.417,0.563,0.73,0.929,0.214,0.36,1.283,14.728,4.07,0.1,0.0,0.0,0.423,0.409,0.457,0.439,0.405,0.73,0.563,0.746,0.586,0.723,0.563,15.358,14.049,18.836,0.1,0.0,0.0,3.3,0.3,2.4,0.0,1.1,1.7,0.0,0.0,0.0,3.399999999999993,1.4000000000000001,4.100000000000007,8.899999999999972,27.49999999999999,38.8,39.400000000000006,105.7,47.70000000000001,64.5,71.59999999999998,183.79999999999995,-0.006000000000000005,-0.040000000000000036,152,6,0.5027907197793043,-0.8644081744776648,0.383,0.366,0.361
2025-06-02 00:00:00+00:00,0.383,0.544,0.726,0.83,0.205,0.305,1.221,11.966,3.613,0.2,0.0,0.0,0.417,0.423,0.409,0.528,0.392,0.726,0.544,0.73,0.563,0.746,0.586,14.728,15.358,14.049,0.2,0.0,0.0,0.1,0.0,0.0,3.3,0.3,2.4,0.0,1.1,1.7,3.5999999999999925,0.3,2.400000000000007,6.299999999999971,22.099999999999994,28.1,31.700000000000006,81.9,47.90000000000001,64.5,71.59999999999998,183.99999999999997,-0.033999999999999975,-0.025999999999999968,153,6,0.4878471454423119,-0.8729290708206411,0.366,0.361,0.396
2025-06-03 00:00:00+00:00,0.366,0.539,0.722,0.817,0.197,0.288,1.237,10.679,3.482,1.2,3.6,2.9,0.383,0.417,0.423,0.457,0.439,0.722,0.539,0.726,0.544,0.73,0.563,11.966,14.728,15.358,1.2,3.6,2.9,0.2,0.0,0.0,0.1,0.0,0.0,3.3,0.3,2.4,1.499999999999993,3.6,2.9000000000000075,7.999999999999971,4.799999999999993,5.1,7.200000000000006,17.099999999999998,49.10000000000001,68.1,74.49999999999999,191.69999999999996,-0.017000000000000015,-0.056999999999999995,154,6,0.47275920928627757,-0.881191653407483,0.361,0.396,0.448
2025-06-04 00:00:00+00:00,0.361,0.54,0.726,0.837,0.211,0.288,1.255,10.322,3.522,8.7,8.9,14.4,0.366,0.383,0.417,0.409,0.528,0.726,0.54,0.722,0.539,0.726,0.544,10.679,11.966,14.728,8.7,8.9,14.4,1.2,3.6,2.9,0.2,0.0,0.0,0.1,0.0,0.0,10.099999999999993,12.5,17.300000000000008,39.89999999999997,13.499999999999993,13.9,21.400000000000006,48.8,57.80000000000001,77.0,88.89999999999999,223.69999999999996,-0.0050000000000000044,-0.055999999999999994,155,6,0.4575313760742512,-0.8891934772070711,0.396,0.448,0.443
