date,NDVI_6387_EUPEN,NDVI_6228_CHAUDFONTAINE,NDVI_5904_COMBLAIN,NDVI_5826_SAUHEID,NDVI_6732_STAVELOT,NDVI_6832_TROIS-PONTS,NDVI_7141_HUY,NDVI_7133_LIEGE,NDVI_6657_LOUVEIGNE,NDVI_6958_ROBERTVILLE,NDVI_6529_MONT-RIGI,NDVI_6387_EUPEN_anom,NDVI_6228_CHAUDFONTAINE_anom,NDVI_5904_COMBLAIN_anom,NDVI_5826_SAUHEID_anom,NDVI_6732_STAVELOT_anom,NDVI_6832_TROIS-PONTS_anom,NDVI_7141_HUY_anom,NDVI_7133_LIEGE_anom,NDVI_6657_LOUVEIGNE_anom,NDVI_6958_ROBERTVILLE_anom,NDVI_6529_MONT-RIGI_anom
2021-01-01,0.3426741410632144,0.27409957106749666,0.2848857554195357,0.25698025685230197,0.35283705282944405,0.34945647361655907,0.22651441113896523,0.247613406088226,0.2845071308550237,0.35510284605039544,0.3569105693026109,-0.004842375932934795,-0.0056361789250586325,-0.005725772200580348,-0.005800883268449131,-0.00500494572346033,-0.005054823279991905,-0.006251470860297786,-0.005819825912085769,-0.005504388610690358,-0.005332461950861289,-0.005251853591532962
2021-01-02,0.3432206707745906,0.27474862925175636,0.2855455468464356,0.2576521875914687,0.3534026053572293,0.3500277282700161,0.22724468096286227,0.24828867377913186,0.2851379943535857,0.3557105949036519,0.3575076937432666,-0.004723603347492,-0.005477547258810667,-0.005563963671853411,-0.005631460984126091,-0.00488112255033013,-0.004929662069590279,-0.006059201567416461,-0.0056480493119626385,-0.005354222425652588,-0.005192360379562999,-0.0051161352081306455
2021-01-03,0.34380129808791665,0.2754343922088449,0.28624253066377303,0.2583609953937302,0.35400324471457223,0.35063440419502817,0.22801327532730598,0.2490006755015504,0.2858054000775198,0.3563545307270617,0.35814078949588085,-0.004581318637640885,-0.005293543194096528,-0.005376443504592487,-0.005436526807430397,-0.0047331018689754645,-0.004780072383878231,-0.005840386117979324,-0.0054508536556737985,-0.005178811965861951,-0.005027277423488019,-0.004955591522140257
2021-01-04,0.34441585118622886,0.2761566570104709,0.2869765006228225,0.2591064705114542,0.35463879316262303,0.3512763218664287,0.2288199667928584,0.24974920056271674,0.2865091505307351,0.35703446296965496,0.3588096692172348,-0.004415623523923495,-0.0050842898047849805,-0.005163336879413005,-0.00521620882110424,-0.004560989058876697,-0.004606160676387916,-0.0055951647664301,-0.005228367857487287,-0.004978276335999343,-0.004837327233967514,-0.0047703344395153
2021-01-05,0.3450641482133785,0.2769152099268588,0.28774723953006526,0.2598883923465596,0.3553090626323714,0.3519532913304513,0.22966451664653662,0.25053402746202286,0.2872490374621501,0.35775019042854156,0.359514134975058,-0.0042266279213492575,-0.004849918993818536,-0.004924777923574375,-0.004970643981029921,-0.004364897932134737,-0.004408041913693095,-0.0053236869928668384,-0.004980729671181905,-0.004752743428691197,-0.004622632662596382,-0.00456048451369534
2021-01-06,0.3457459973278449,0.277709826489997,0.2885545193114584,0.26070652951579576,0.3560138547802975,0.35266511226094016,0.23054667497245127,0.2513549239565624,0.2880248419273179,0.3585015013084516,0.36025397830659867,-0.004014449900234585,-0.004590571446600966,-0.00466090966359739,-0.004699978067945865,-0.004144950692943572,-0.00418583953447027,-0.005026111450518761,-0.0047080856415160355,-0.004502349879228762,-0.004383325217637624,-0.00432617090278592
2021-01-07,0.3464611967595054,0.2785402715600603,0.2893981010799265,0.2615606399192114,0.3567529610470657,0.3534115740186298,0.23146618072576114,0.25221164712985594,0.2888363343532161,0.3592881732844086,0.36102898028031244,-0.0037792156444703684,-0.004306396581620575,-0.0043718839750745975,-0.004404365636383745,-0.0039012778944145787,-0.003939685405889737,-0.004702605910333613,-0.004410591052925017,-0.004227241017532302,-0.004119545017699344,-0.004067531324023932
2021-01-08,0.3472095348693414,0.2794062993949919,0.29027773520605277,0.2624504708117972,0.35752616271924054,0.35419245571347685,0.23242276180992058,0.2531039434637329,0.2896832746061801,0.3601099735675182,0.36183891156064624,-0.00352105940723324,-0.003997552498320567,-0.004057861529692897,-0.004083969960839873,-0.0036340183927706105,-0.0036697197773494783,-0.004353347202693092,-0.004088409875467602,-0.003927570817376658,-0.0038314407426995323,-0.0037847120055487515
2021-01-09,0.347990790212067,0.2803076537232224,0.29119316139194695,0.26337575887827563,0.3583332309940077,0.3550075262700243,0.2334161351571967,0.25403154891335256,0.29056541206296305,0.3609666589738552,0.3626835324759038,-0.003240123464152922,-0.003664205922235264,-0.0037190117394877986,-0.00373896297920151,-0.0033433192989223426,-0.003376091231568401,-0.003978521156276005,-0.003741714708034194,-0.003603501842892376,-0.0035191695821312208,-0.003477867635487908
2021-01-10,0.34880473160165687,0.2812440678195047,0.29214410874827323,0.2643362303110217,0.3591739270468804,0.3558565444957815,0.2344460068124342,0.2549941889853385,0.29148248568489926,0.36185797599642533,0.36356259308916794,-0.0029365580639527655,-0.003306532147408392,-0.003355512698340668,-0.0033695252334428605,-0.003029335927444643,-0.0030589566330518903,-0.0035783225340863534,-0.003370686718839666,-0.0032552051923609437,-0.003182897180647404,-0.003147161308379942
2021-01-11,0.34965111817975875,0.2822152645838422,0.2931302958744094,0.2653316008910858,0.36004800210237053,0.3567392591525962,0.23551207202004137,0.25599157881900625,0.2924342240951497,0.3627836608801817,0.3644758332722602,-0.0026105213765758584,-0.0029247149761126856,-0.0029675511207446492,-0.002975845807612898,-0.0026922317429675657,-0.0027184810739497856,-0.003152954966669258,-0.002975515583215127,-0.0028828604393217327,-0.0028227975809823613,-0.002792764468947495
2021-01-12,0.3505296994869673,0.28322095662348723,0.2941514309417185,0.2663615760722994,0.3609551975076072,0.3576554090309995,0.23661401531417184,0.25702342327065736,0.29342034565900693,0.3637434397000741,0.3654229827827179,-0.0022621794388170136,-0.0025189466558898643,-0.002555322277853156,-0.0025581222631312905,-0.002332178303998067,-0.002354837817320765,-0.0027026308825343626,-0.002556399418722821,-0.0024866555710086335,-0.0024390531642272673,-0.002414856853239833
2021-01-13,0.3514402155369387,0.28426084633798526,0.29520721177990594,0.26742585106843586,0.36189524480887436,0.3586047230275034,0.23775151061207647,0.258089417000918,0.2944405585672347,0.36473702844210837,0.36640376134376257,-0.001891706097475243,-0.0020894278139299005,-0.0021190299308335714,-0.002116560571415682,-0.0019493552041937035,-0.0019682082378219,-0.0022275714358087895,-0.0021135447176105493,-0.0020667869241377534,-0.0020318545874780103,-0.0020136264271630178
2021-01-14,0.3523823968933247,0.2853346260072397,0.29629732596643554,0.2685241109434007,0.36286786583105174,0.359586920224823,0.2389242213105959,0.25918924456509296,0.2954945609224201,0.3657641330873907,0.3674178787272392,-0.0014992829500465876,-0.00163636738881201,-0.0016588862615489752,-0.0016513750438612584,-0.00154395001110319,-0.0015587817598443077,-0.0017280064311434307,-0.001647166276630474,-0.0016234591180631641,-0.0016014007188768775,-0.001589269322417708
2021-01-15,0.3533559647495038,0.2864419778825709,0.2974214509189813,0.2696560307044283,0.3638727727599309,0.3606017099750057,0.24013180038576737,0.26032258050651175,0.2965820408283091,0.36682444969913186,0.3684650348394975,-0.0010850992829728456,-0.0011599825596281255,-0.0011751118005856043,-0.0011627882591910832,-0.0011161582023960226,-0.001126755793110945,-0.001204174245895001,-0.0011574871242412965,-0.0011568849853260676,-0.001147898570068584,-0.0011419897698662917
2021-01-16,0.3543606310110844,0.28758257428074313,0.2985792539908844,0.27082127539825,0.3649096682273843,0.36164879198543814,0.24137389049551447,0.26148908945283555,0.2977026764821013,0.36791766451258756,0.36954491981019805,-0.0006493520074707937,-0.0006604986725106121,-0.0006679353526524157,-0.0006510309882077903,-0.0006661830995989271,-0.0006723356657596935,-0.0006563217496096119,-0.0006447384452204497,-0.0006672854996161992,-0.0006715632260892446,-0.000672000030343789
2021-01-17,0.35539609838115577,0.2887560776809321,0.29977039256958854,0.27201950021021426,0.3659782453993607,0.3627278564077074,0.2426501240853905,0.2626884262152997,0.2988561362696776,0.36904345402790645,0.37065721408400326,-0.0006227190233213387,-0.0006313043571885002,-0.0006383349550221906,-0.0006215282984233794,-0.0006387500783390232,-0.0006446384664687832,-0.0006253847930745293,-0.0006152988236991508,-0.0006383528716961129,-0.0006430586310550157,-0.0006437258264252455
2021-01-18,0.3564620604482644,0.2899621408246015,0.3009945141780247,0.2732503505663213,0.3670781880666837,0.36383858392929025,0.2439601234973434,0.26392023589086083,0.3000420788637297,0.3702014851058587,0.3718015885151429,-0.0005959017665941868,-0.0006019232287505782,-0.0006085456638090236,-0.0005918416884162503,-0.0006111280406542741,-0.0006167505082845248,-0.0005942627751178431,-0.0005856771253567317,-0.0006092313448911035,-0.0006143637446260897,-0.0006152611336781022
2021-01-19,0.3575582017770849,0.29120040681826376,0.302251256578915,0.2745134622381488,0.3682091707386211,0.3649806458680436,0.24530350108147156,0.2651841539672181,0.3012601533247636,0.37139141506641743,0.37297770446481154,-0.0005689081729470802,-0.0005723639815450321,-0.0005785762941431516,-0.0005619799429312788,-0.0005833251603503675,-0.0005886800437021056,-0.0005629649052450725,-0.0005558821157300997,-0.0005799295367297508,-0.0005854870580809801,-0.0005866143752627506
2021-01-20,0.35868419800176277,0.29247050923908946,0.30354024788196354,0.2758084614506311,0.36937085873920483,0.36615370426946564,0.2466798593107348,0.26647980643067815,0.30250999920494964,0.37261289179016316,0.3741852139013778,-0.0005417462302187981,-0.0005426353626288849,-0.0005484357144436292,-0.0005319518985400506,-0.0005553496647466294,-0.0005604353792236783,-0.0005315004449996663,-0.0005259226116422488,-0.0005504561180882384,-0.0005564371164957227,-0.0005577940282159854
2021-01-21,0.35983971592189967,0.2937720722433382,0.30486110665390614,0.2771349649926666,0.3705629083062658,0.3673574120067023,0.24808879089858957,0.2678068098768321,0.3037912466547838,0.37386555382248154,0.37542375950337226,-0.0005144239760649372,-0.0005127461691787905,-0.0005181328437925403,-0.0005017664410239542,-0.0005272098322424146,-0.0005320248729003274,-0.0004998787052216125,-0.0004958074785922362,-0.0005208198106252393,-0.0005272225162155642,-0.0005288086209424558
2021-01-22,0.3610244136011521,0.2951047106775769,0.30621344203138146,0.2784925803305162,0.37178496669315875,0.36859141288326863,0.24952987891951162,0.2691647716240103,0.3051035165325321,0.3751490304805239,0.3766929747652253,-0.0004869494955806464,-0.00048270524588805985,-0.00048767664929727506,-0.00047143250274500614,-0.0004989139898668449,-0.0005034569318576043,-0.000468109043292364,-0.0004655456281328907,-0.0004910293842013691,-0.0004978519023108308,-0.0004996667306900737
2021-01-23,0.36223794046841745,0.29646803019265267,0.3075968538365944,0.27988090572395935,0.37303667227314624,0.3698553417384523,0.25100269693237065,0.270553289829485,0.30644642051642584,0.37646294196289815,0.37799248410572095,-0.0004593309189062089,-0.00045252148234914413,-0.0004570761434354309,-0.0004409590600040758,-0.00047047051081461344,-0.0004747400098086829,-0.0004362008603660539,-0.0004351460152319242,-0.00046109365428254057,-0.00046833396601830835,-0.0004703769810133207
2021-01-24,0.3634799374215715,0.29786162736038757,0.30901093269573504,0.28129953034517613,0.37431765464640865,0.37114882455537,0.2525068091066212,0.2719719536083796,0.3078195612195703,0.3778068994620579,0.37932190297913837,-0.0004315764188230209,-0.0004222038104231274,-0.00042634038138888997,-0.00041035513038278904,-0.0004418878119694658,-0.00044588260455324935,-0.0004041635985874148,-0.00040461763562438247,-0.0004310214793333267,-0.0004386774421702988,-0.0004409480392201792
2021-01-25,0.3647500369337343,0.2992850897929588,0.3104552601601181,0.28274803440031754,0.3756275347496532,0.3724714785716465,0.2540417703512724,0.2734203431552581,0.3092225323075403,0.37918050527935643,0.3806808379890446,-0.00040369420833391567,-0.0003917612015968963,-0.0003954784583646842,-0.0003796297700765505,-0.0004131743514111941,-0.0004168932554612925,-0.000372006738297348,-0.00037396952314866505,-0.0004008217581937812,-0.0004088911066098544,-0.0004113886138081835
2021-01-26,0.3660478631620262,0.3007379962649311,0.31192940883001047,0.2842259892537297,0.37696592496828285,0.37382291239267845,0.2556071264465962,0.2748980298683509,0.3106549186186189,0.38058335294273354,0.38206888700470715,-0.0003756925382337184,-0.0003612026643284305,-0.0003644995069017054,-0.00034879207121363276,-0.00038433862591535917,-0.00038778054094812386,-0.0003397397952287218,-0.0003432107470746626,-0.0003705034274474883,-0.0003789837735925228,-0.0003817074518866481
2021-01-27,0.3673730320587859,0.30221991683790433,0.31343294248110354,0.2857329575547933,0.37833242925109994,0.3752027261074559,0.25720241417854045,0.2764045764763863,0.31211629628665194,0.3820150273269962,0.3834856392800906,-0.00034757969466736593,-0.0003305372413804353,-0.0003334126941705873,-0.0003178511591653277,-0.0003553891684363042,-0.00035855307593413155,-0.0003073723176885701,-0.0003123504094186269,-0.00034007545877612344,-0.00034896429317909927,-0.0003519133365890159
2021-01-28,0.36872515148521734,0.3037304129877393,0.3149654161936007,0.2872684933673433,0.3797266432275017,0.37661051140690177,0.2588271614757991,0.27793953716798475,0.3136062328664759,0.3834751047766605,0.38493067557540345,-0.00031936399667714666,-0.0002997740071449817,-0.0003022272192589881,-0.0002868161898453292,-0.0003263345455849498,-0.00032921950929626353,-0.0002749138837346843,-0.00028139764225132424,-0.00030954685630540935,-0.0003188415486170548,-0.00032201508447338156
2021-01-29,0.37010382132742864,0.3052690377343238,0.3165263764838751,0.2888321423016284,0.3811481543271421,0.3780458517046968,0.2604808875495075,0.27950245772358234,0.31512428746188653,0.3849631532313184,0.3864035682811572,-0.0002910537937422797,-0.0002689220649575996,-0.0002709523104509892,-0.0002556963470002893,-0.00029718335509121285,-0.000299788521308908,-0.00024237409833960388,-0.00025036160499442017,-0.0002789266539394153,-0.00028862445371136136,-0.00029202154291363414
2021-01-30,0.37150863361483266,0.30683533577384114,0.3181153614386634,0.29042344164877226,0.3825965419020166,0.37950832226055425,0.26216310303551454,0.28109287564984187,0.31667001085610547,0.3864787323534924,0.38790388154470407,-0.0002626574633072254,-0.00023799054440482026,-0.00023959722249511373,-0.00022450083949232535,-0.0002679442232615403,-0.00027026882107505923,-0.00020976259054916735,-0.00021925148171081377,-0.00024822391268919386,-0.00025832195018593573,-0.00026194158748105156
2021-01-31,0.37293917264087234,0.3084288436135021,0.31973190085175335,0.2920419205176965,0.3840713773509398,0.380997490305908,0.26387331013919346,0.2827103203165116,0.3182429456447122,0.3880213936589362,0.38943117139921146,-0.00023418340830311246,-0.00020698859862094965,-0.00020817123386629444,-0.0001932388985740885,-0.00023862580242522968,-0.000240669143948824,-0.00017708901063367977,-0.000188076478386201,-0.00021744771798959395,-0.00022794300503981013,-0.00023178411931834564
2021-02-01,0.3743950150860347,0.3100490897086997,0.3213755163631247,0.29368709997446485,0.38557222424637433,0.3825129151719749,0.2656110027827478,0.28435431309569253,0.31984262637099664,0.38959068064935093,0.3909849858950397,-0.00020564005466100488,-0.00017592540158078984,-0.00017668364402029235,-0.00016191977515711553,-0.00020923676837480976,-0.00021099824895093322,-0.00014436302723086492,-0.00015684582020580873,-0.00018660717701196594,-0.00019749660789109003,-0.00020155806250587993
2021-02-02,0.37587573014311804,0.3116955946025475,0.3230457216005047,0.29535849318400786,0.3870986384635772,0.3840541484201563,0.26737566675496777,0.286024367503472,0.32146857966369546,0.3911861289474689,0.3925648652334809,-0.00017703584881817447,-0.00014481014538381132,-0.00014514377064139827,-0.0001305527370734083,-0.00017978581779876102,-0.00018126491617648233,-0.00011159432448554218,-0.00012556874882363456,-0.0001557114159685402,-0.00016699176831846962,-0.00017127236142000513
2021-02-03,0.37738087964471484,0.3133678710677574,0.3247420223232926,0.2970556055541846,0.38865016831202454,0.385620733974738,0.2691667798633929,0.28771998934388193,0.32312032437707056,0.39280726643446995,0.3941703419028212,-0.00014837925521926643,-0.00011365203753499475,-0.000113560946885638,-9.914706633451509e-05,-0.00015028166570646428,-0.00015147794419700933,-7.87925991844185e-05,-9.425451962863374e-05,-0.0001247695774117541,-0.0001364375131951423,-0.00014093597808673142
2021-02-04,0.3789100181928716,0.31506542425081896,0.32646391656881335,0.298777934882141,0.39022635466907224,0.3872122082578503,0.2709838120888383,0.28944067685513997,0.3247973717332868,0.3944536133896903,0.3958009408166844,-0.00011967875381158066,-8.246029821989964e-05,-8.194451861875951e-05,-6.771205638333999e-05,-0.00012073304285131758,-0.00012164614745691082,-4.596755788544016e-05,-6.291239900491075e-05,-9.379081752980412e-05,-0.00010584288401654929,-0.00011055788953018286
2021-02-05,0.3804626932908905,0.31678775181843444,0.32821089480085747,0.3005249715029189,0.3918267311158186,0.38882810032664855,0.27282622574223553,0.2911859208581283,0.3264992254670507,0.3961246826325787,0.3974561794546181,-9.094283753541266e-05,-5.1244157575791593e-05,-5.030384165027879e-05,-3.625700934556386e-05,-9.114869314663654e-05,-9.177835366475096e-05,-1.3128914046312001e-05,-3.155166159013456e-05,-6.278430343598096e-05,-7.52169342257969e-05,-8.014708511533408e-05
2021-02-06,0.3820384454772302,0.3185343441061668,0.32998244006045957,0.30229619844027544,0.3934508240751255,0.39046793201267255,0.2746934756237424,0.2929552049070683,0.3282253819724623,0.39781997966686106,0.39913556800487887,-6.218000981011995e-05,-2.0012852961215355e-05,-1.8648278965971432e-05,-4.791233275347473e-06,-6.153737107728041e-05,-6.188340118107316e-05,1.9713614849314887e-05,-1.8158753095631752e-07,-3.175921045645014e-05,-4.4568726534355285e-05,-4.971256388869305e-05
2021-02-07,0.383636808461467,0.3203046842692585,0.3317780281188763,0.30409109155966346,0.3950981529517575,0.39213121806334394,0.2765850091840782,0.29474800544234464,0.32997533045204014,0.39953900282687077,0.40083860950937633,-3.3398782019800066e-05,1.1224373778595531e-05,1.3012802044409799e-05,2.6675960597966064e-05,-3.190783910966832e-05,-3.1970136403325355e-05,5.25503101692637e-05,3.118854026273876e-05,-7.247194158677139e-07,-1.390733023914903e-05,-1.926333191454299e-05
2021-02-08,0.38525730926227886,0.3220982484355731,0.3335971276327125,0.3059091197233319,0.3967682302745967,0.3938174662855605,0.2785002666880305,0.2965637919454356,0.3317485530678753,0.40128124342599775,0.40256480001072986,-4.607670992584634e-06,4.2458279045753944e-05,4.467003235708589e-05,5.813526062531382e-05,-2.2688650991309345e-06,-2.047411148009548e-06,8.53714550070328e-05,6.254943886563336e-05,3.030998608094526e-05,1.675818145840946e-05,1.119160038953737e-05
2021-02-09,0.38689946834740746,0.32391450586061793,0.3354392003011559,0.30774974494749785,0.3984605618408945,0.39552617769134446,0.28043868138009054,0.2984020270959018,0.33354452509486754,0.40304618590721925,0.4043136287013983,2.41848035187342e-05,7.367962022497565e-05,7.631404408858788e-05,8.957735749376416e-05,2.7370780305235876e-05,2.7875919969388985e-05,0.00011816733705793947,9.389182808322571e-05,6.133572236532991e-05,4.741873414071396e-05,4.1643220919040935e-05
2021-02-10,0.38856279977555974,0.3257529190846003,0.3373037010252676,0.30961242256154453,0.40017464686251336,0.3972568466454999,0.28239967965216434,0.3002621669303878,0.33536271507599924,0.4048333079956596,0.406084578074836,5.297012135757617e-05,0.00010487915841922435,0.00010793547326665154,0.00012099294698081353,5.700232625527324e-05,5.779100215330679e-05,0.0001509282514924326,0.0001252064331983549,9.234330842239347e-05,7.806525485659632e-05,7.208251854917691e-05
2021-02-11,0.3902468113402055,0.32761294409147007,0.3391900780692864,0.3114966013691987,0.4019099781141184,0.39900896101523986,0.2843826812133141,0.30214366100358997,0.3372025849796034,0.4066420808531409,0.4078771240786318,8.173976448522247e-05,0.00013604766118313627,0.0001395249626016115,0.0001523727327085722,8.661700429996033e-05,8.768898305006045e-05,0.00018364450382907238,0.00015648398771567207,0.00012332356860900173,0.00010868867480773314,0.00010250048580268123
2021-02-12,0.3919510047152298,0.32949403046990244,0.3410977732238962,0.3134017238116372,0.40366604208327317,0.4007820023217334,0.28638709926147465,0.3040459525511413,0.33906359035857503,0.40847196923467405,0.40969073626958374,0.00011048521950152157,0.0001671759052551125,0.00017107316425535313,0.0001837074288929541,0.00011620605097928394,0.00011756101536603003,0.00021630641280273588,0.00018771523610316976,0.00015426733536760828,0.0001392799320311111,0.00013288812151324159
2021-02-13,0.3936748756023951,0.33139562157617486,0.3430262219714088,0.3153272261324792,0.4054423191223975,0.40257544589353256,0.288412340657097,0.30596847865436844,0.34094518051148187,0.4103224316468471,0.4115248779706664,0.0001391979801638743,0.00019825467928741292,0.00020257074260754404,0.00021498776309375467,0.00014576071041877414,0.0001473982594862311,0.0002489043132284374,0.0002188909365324343,0.0001851654519400281,0.00016982997408188094,0.00016323643349069883
2021-02-14,0.39541791388057146,0.3333171546988847,0.34497485365281405,0.3172725385446094,0.4072382836025374,0.4043887610218304,0.29045780609866967,0.30791067040686665,0.342846798645525,0.4121929205080614,0.41337900642984166,0.00016786954990438696,0.0002292747865702549,0.00023400837701798016,0.0002462044789565132,0.0001752722369188775,0.00017719188608988912,0.00028142855886365004,0.0002500018636119039,0.00021600877507566008,0.00020032976071115982,0.00019353644118108582
2021-02-15,0.3971796037566897,0.335258061225467,0.34694309163664716,0.31923708539878826,0.4090534040689091,0.4062214111175074,0.29252289030006,0.3098719530828497,0.3447678820413053,0.4140828823105693,0.41525257298066875,0.00019649144434447097,0.000260227047755357,0.00026537676458482373,0.0002773483389531539,0.00020473189754421917,0.00020693307876384903,0.0003138695252605239,0.0002810388111178508,0.00024678817773993167,0.0002307702665412248,0.00022377917832516747
2021-02-16,0.3989594239183722,0.33721776681045373,0.34893035348962254,0.3212202853539948,0.4108871433981642,0.40807285386991543,0.2946069821696288,0.3118517463072195,0.3467078622193382,0.4159917577842669,0.41714502320466235,0.00022505519380461303,0.00029110230356999,0.00029666662289756784,0.0003084101271140227,0.0002341309747072029,0.00023661303661043354,0.00034621761261527384,0.00031199259471803575,0.00027749455181158567,0.0002611424837365428,0.00025395569560998643
2021-02-17,0.4007568476881991,0.3391956915454344,0.3509360511489859,0.3232215515494555,0.4127389589573332,0.4099425414073572,0.29670946499106177,0.3138494642273094,0.34866616510827814,0.41791898206219086,0.4190557970953544,0.00025355234581236896,0.00032189141752997363,0.00032786869278345065,0.0003393806517562048,0.0002634607687482249,0.00026622297685263696,0.0003784632486080741,0.0003428540546899228,0.0003081188107811883,0.0002914374246696383,0.00028405706331857683
2021-02-18,0.4025713431795586,0.3411912501306577,0.3529595910965315,0.32524029177830643,0.4146083027643991,0.41182992045921035,0.2988297166058668,0.3158645156862467,0.35064221121479405,0.41986398484767123,0.4209843292240095,0.0002819744676014757,0.00035258527864068245,0.0003589737410484295,0.0003702507482037931,0.00029271260050894865,0.00029575413743315737,0.00041059689123701393,0.0003736140586312331,0.0003386518924374804,0.00032164612458007724,0.0003140743739721841
2021-02-19,0.40440237345404284,0.34320385204823267,0.3550003745342333,0.3272759086628349,0.4164946216504544,0.4137344325196483,0.30096710959747913,0.31789630439788524,0.35263541579505125,0.42182619058309156,0.42293004890694375,0.00031031314860924253,0.00038317480409466587,0.0003899725632082185,0.00040101128149788723,0.00032187781390174974,0.0003251977796062122,0.0004426090316397291,0.00040426350416150614,0.0003690847615502313,0.0003517596442273452,0.00034399874496576777
2021-02-20,0.4062493966803351,0.345232901736873,0.35705779756143874,0.3293277998312555,0.4183973574233933,0.41565551401291134,0.3031210114769254,0.3199442291232574,0.3546451890277474,0.42380501862020614,0.42489238037439914,0.00033856000296395017,0.0004136509419598311,0.0004208559862123873,0.00043165314910259545,0.00035094777847116676,0.0003545451905240804,0.00047449019690920524,0.0004347933216171107,0.000399408412544322,0.00038176907253673065,0.00037382132119617717
2021-02-21,0.4081118662945468,0.3472777987681307,0.35913125135357343,0.33139535809595894,0.4203159470330881,0.4175925964600786,0.30529078486998656,0.32200768384848844,0.3566709361886483,0.4257998833919623,0.4268707429409234,0.00036670667196686546,0.00044400467385596887,0.00045161487115935595,0.00046216728359549375,0.00037991389194669267,0.0003837876858159839,0.0005062309528957032,0.0004651944767333771,0.0004296138721632259,0.00041166552923538324,0.00040353327768327674
2021-02-22,0.4099892311619549,0.3493379380240754,0.3612201223423014,0.33347797163319126,0.4222498227380061,0.4195451066472897,0.3074757877058071,0.324086057964128,0.3587120578265779,0.42781019458577974,0.4288645511772046,0.0003947448265657627,0.00047422701762583896,0.00048224011599995453,0.0004925446553535329,0.00040876758278912684,0.00041291661215731024,0.0005378219069985257,0.0004954579733199571,0.000459692202125217,0.00044144016748082215,0.0004331258221813572
2021-02-23,0.4118809357400913,0.35141270987635675,0.3633237923970908,0.33557502416410107,0.4241984122732134,0.42151246679536697,0.3096753734068947,0.326178736445837,0.3607679499408053,0.4298353573182337,0.4308732150833084,0.00042266616981978533,0.0005043090299915454,0.0005127226582318789,0.0005227762752240683,0.00043750031272760115,0.000441923349829898,0.0005692537109464602,0.0005255748559210849,0.0004896345017690318,0.000471084176478731,0.0004625901977803326
2021-02-24,0.4137864202431366,0.3535015003666038,0.36544163900812754,0.3376858951371058,0.4261611390197165,0.4234940947307908,0.31188889108045265,0.3282851000363849,0.36283800415977796,0.4318747723110895,0.43289614026326856,0.00045046243935398245,0.0005342418092018075,0.0005430534775804352,0.0005528531971840112,0.00046610357928456025,0.0004707993152733292,0.0006005170635630108,0.0005555362124664565,0.0005194319106864853,0.0005005887840896506,0.000491917685497556
2021-02-25,0.41570512080757005,0.3556036913881052,0.3675730354705263,0.3398099599115238,0.4281374221750941,0.4254894040579739,0.314115685710989,0.33040452542889726,0.3649216079211482,0.43392783606864005,0.4349327281009785,0.00047812540980501916,0.000564016497665687,0.0005732235986679601,0.0005827665209883204,0.0004945689182938029,0.000499535963624953,0.0006316027135190305,0.0005853331769091197,0.0005490756113446515,0.0005299452594256793,0.0005210996068573115
2021-02-26,0.4176364696590259,0.3577186608687164,0.3697173510697831,0.34194658994241556,0.4301266769253651,0.4274978043327849,0.316355098354147,0.3325363854513019,0.3670181446530411,0.43599394105628897,0.43698237593733175,0.000505646895255174,0.0005936242845736017,0.0006032240936703626,0.00061250739480323,0.0005228879064031466,0.0005281247912482523,0.0006625014620705305,0.0006149569318475434,0.0005785568316957201,0.0005591449154336847,0.0005501273264599815
2021-02-27,0.41957989528030626,0.3598457829549418,0.37187395126841327,0.34409515296658005,0.4321283146180448,0.4295187012372703,0.3186064663316968,0.33468004925192013,0.3691269939565074,0.4380724758803296,0.43904447724855733,0.0005330187516537355,0.0006230564085053514,0.0006330460849583996,0.0006420670178258758,0.0005510521635685994,0.0005565573382489974,0.0006932041657807808,0.0006443987111362515,0.0006078668477717541,0.0005881791114653034,0.0005789922545356152
2021-02-28,0.42153482258050357,0.36198442819713383,0.374042197893722,0.3462550131896509,0.4341417429363367,0.4315514967555231,0.3208691234276329,0.3368348824861446,0.3712475317891107,0.44016282546886726,0.4411184218257019,0.0005602328792285172,0.0006523041600217661,0.0006626807477253527,0.0006714366428878238,0.00057905335553321,0.000584825190979188,0.0007237017392257572,0.000673649802478582,0.0006369969862683456,0.0006170392558348392,0.000607685849488282
2021-03-01,0.4235006730651775,0.3641339637357577,0.37622144932664886,0.3484255314742396,0.4361663660744086,0.4335955893506449,0.3231424000853179,0.33900024750415403,0.3733791306495896,0.4422643712538282,0.4432035959551981,0.0005872812248808312,0.0006813588842425333,0.0006921193125974945,0.0007006075790448318,0.0006068831962938726,0.0006129199845265609,0.0007539851576829348,0.0007027015500066791,0.0006659386271081202,0.0006457168083613407,0.0006361996204213294
2021-03-02,0.42547686500754245,0.36629375348866494,0.3784110606916342,0.35060606552906554,0.4382015849137008,0.4356503741427505,0.3254256236056155,0.34117550353960185,0.3755211597635477,0.44437649135400425,0.4452993826004739,0.0006141557845704138,0.0007102119834074272,0.0007213530682299019,0.0007295711941475713,0.000634533450553032,0.0006408334051894449,0.0007840454598015412,0.0007315453568406682,0.000694683205994584,0.0006742032828958577,0.0006645251296511501
2021-03-03,0.4274628136206085,0.3684631583393203,0.38061038404744757,0.35279597009902036,0.44024679720021526,0.4377152430879615,0.3277181183459521,0.3433600068992308,0.3776729852701078,0.4464985607590768,0.44740516158454297,0.0006408486056824203,0.0007388549194204952,0.0007503733638839494,0.0007583189173963611,0.0006619959361554573,0.0006685571929377354,0.0008138737502544346,0.0007601726876342862,0.0007232222169437086,0.0007024902498319885,0.0006926539952039623
2021-03-04,0.4294579312302305,0.3706415363259256,0.3828187685789244,0.3549945971561096,0.4423013977227319,0.4397895851583367,0.3300192059202517,0.3455531111533512,0.379833970409483,0.448629951514568,0.44952030977352536,0.0006673517893818759,0.0007672792163756492,0.0007791716119873726,0.0007868422418773058,0.000689262526509804,0.0006960831438566628,0.0008434612023706101,0.0007885750710993622,0.0007515472148034164,0.0007305693386012169,0.0007205778932959928
2021-03-05,0.43146162744900907,0.37282824283138827,0.38503556078955203,0.3572012960912144,0.44436477849190104,0.44187278652268436,0.33232820539968,0.34775416732713094,0.3820034757114037,0.45077003290766277,0.45164420126104243,0.0006936574929499728,0.0007954764630664912,0.0008077392906749581,0.0008151327270795594,0.0007163251529934689,0.0007234031125744056,0.0008727990607471647,0.0008167441025140332,0.0007796498177509159,0.000758432240149487,0.0007482885607963952
2021-03-06,0.43347330935099704,0.3750226307740724,0.3872601046948509,0.3594154139066181,0.4464363289201561,0.44396423072820523,0.3346444335141426,0.3499625240926364,0.38418085918434725,0.45291817165384585,0.4537762075534326,0.0007197579321061021,0.0008234383154738789,0.0008360679463111365,0.0008431820013939939,0.0007431758073396244,0.0007505090146726623,0.0009018786438393933,0.0008446714462085891,0.0008075217097740506,0.0007860707093955699,0.0007757777976727387
2021-03-07,0.43549238164715454,0.3772240507992813,0.38949174201648995,0.3616362954092366,0.4485154360023979,0.446063298882911,0.33696720485447634,0.35217752796157176,0.3863654765055132,0.45507373208430274,0.45591569775573354,0.0007456453833102894,0.0008511564992356724,0.000864149195991204,0.0008709817645884965,0.0007698065440079893,0.000777392829079071,0.0009306913465313982,0.0008723488380328326,0.0008351546431315526,0.0008134765676724998,0.0008030374694176223
2021-03-08,0.43751824686150576,0.3794318514714125,0.39172981237708193,0.36386328340450336,0.4506014844973907,0.4481693698387638,0.33929583207527164,0.35439852347865636,0.3885566812114889,0.45723607633402175,0.4580620387583736,0.0007713121860495331,0.0008786228120958306,0.0008919747300212832,0.0008985237902662813,0.0007962094825348931,0.0008040466004402558,0.0009592286426806096,0.0008997680878012893,0.0008625404407937021,0.0008406417051453063,0.000830059509456027
2021-03-09,0.4395503055079401,0.3816453794667265,0.39397365349560015,0.36609571889084136,0.4526938571098238,0.4502818203754843,0.3416296260982695,0.3566248534155839,0.39075382488954913,0.45940456453055095,0.46021459542451804,0.0007967507451033806,0.0009058291263298601,0.0009195363143781887,0.000925799928298443,0.0008223768098662432,0.0008304624414764428,0.0009874820876415447,0.0009269210817165474,0.0008896709988626683,0.000867558083212927,0.0008568359215308519
2021-03-10,0.44158795626761194,0.3838639797666778,0.39622260138335763,0.3683329412546739,0.454791934672978,0.45240002538497254,0.3439678963162719,0.3588558589655081,0.3929562573695307,0.4615785549833454,0.46237273077801855,0.0008219535327934624,0.0009327673911523893,0.0009468257931457003,0.0009528021072372495,0.0008483007826688427,0.0008566325353151494,0.0010154433207660296,0.0009537997847709478,0.0009165382889696483,0.0008942177368861381,0.0008833587820714084
2021-03-11,0.44363059616687855,0.38608699585174355,0.39847599054049226,0.37057428846591006,0.4568950963319477,0.454523358056288,0.346309950797502,0.36109087993799327,0.39516332691622874,0.4637574043736538,0.4645358061919028,0.000846913091209156,0.0009594296350970422,0.0009738350909279658,0.0009795223367032868,0.0008739737296219463,0.0008825491378050554,0.0010431040678748893,0.0009803962431239044,0.0009431343606509657,0.0009206127771444472,0.0009096202425363797
2021-03-12,0.44567762075573103,0.388313769895699,0.4007331541528991,0.3728190972738506,0.4590027197273611,0.45665119006113164,0.3486550964903586,0.3633292549543757,0.39737438042225665,0.46594046794488714,0.4667031815773555,0.0008716220344157088,0.0009858079683766618,0.0010005562152394787,0.001005952709751179,0.0008993880536874999,0.0009082045798060601,0.001070456143708154,0.0010067025864555768,0.0009694513437016328,0.0009467353932704481,0.0009356125317374064
2021-03-13,0.44772842428665993,0.3905436429602797,0.40299342428955093,0.37506670340345316,0.46111418117954744,0.4587828917397801,0.3510026394285015,0.36557032164347586,0.399588763601309,0.4681270996934131,0.46887421557313025,0.0008960730506392678,0.0010118945852186645,0.0010269812588695748,0.0010320854052078277,0.0009245362343582308,0.0009335912694605208,0.0010974914543464553,0.0010327110302954523,0.0009954814505024334,0.0009725778551624709,0.0009613279581377476
2021-03-14,0.44978239989390617,0.3927759551901702,0.40525613210015005,0.3773164417519038,0.4632288558730927,0.46091783228741057,0.35335188493620723,0.3678134168376053,0.4018058211817777,0.4703166525597173,0.47104826573533914,0.0009202589044305376,0.00103768176617286,0.0010531024022226165,0.0010579126899885605,0.000949410829882924,0.0009587016944381244,0.001124201999606611,0.001058413878326836,0.001021216978326689,0.000998132515619754,0.00098675891212896
2021-03-15,0.45183893977304246,0.39501004600826745,0.4075206080130516,0.3795676465854302,0.46534611804173315,0.4630553799407672,0.3557021378339338,0.37005787676880814,0.40402489710065514,0.47250847861988005,0.4732246887275619,0.0009441724388065675,0.0010631618803976783,0.0010789119156319193,0.001083426921383801,0.0009740044794684932,0.0009835284241603848,0.0011505798754081198,0.0010838035246634181,0.0010466503116169923,0.0010233918126071329,0.0010118978682825963
2021-03-16,0.4538974353608319,0.39724525431115537,0.40978618193340133,0.3818196517363041,0.4674653411535296,0.46519490216510945,0.3580527026440374,0.3723030372652807,0.4062453346976757,0.4747019292773073,0.47540284051122,0.0009678065773676692,0.0010883273879176425,0.0011044021616473665,0.001108620549322703,0.0009983099054581834,0.0010080641119983302,0.0011766172761136229,0.0011088724561001406,0.0010717739242412372,0.001048348271492472,0.0010367373875770913
2021-03-17,0.45595727751531195,0.3994809186647358,0.41205218344142663,0.3840717907999699,0.46958589809626844,0.46733576584138986,0.3604028837965735,0.3745482339479111,0.4084664769096309,0.47689635545465997,0.47758207653615753,0.000991154326391963,0.00111317084185375,0.0011295655972953234,0.001133486118605087,0.001022319915485681,0.0010323014974476519,0.0012023064968372243,0.0011336132543371957,0.0010965803817179487,0.0010729945072577851,0.001061270119599056
2021-03-18,0.45801785669604955,0.4017163774999586,0.41431794199082445,0.3863233973322451,0.4717071613630338,0.46947733745360304,0.3627519858351283,0.3767928024268792,0.41068766646480537,0.47909110778592795,0.4797617519313742,0.0010142087769050012,0.0011376848906289871,0.0011543947763097417,0.001158016271108897,0.0010460274046027451,0.0010562334082754865,0.001227639935725111,0.0011580185981742708,0.0011210623434173561,0.0010973232266858757,0.0010854888047185374
2021-03-19,0.4600785631445136,0.403950969308589,0.41658278710718794,0.3885738050465318,0.47382850323789716,0.4716189832762547,0.36509931362261533,0.37903607849826026,0.4129082460774746,0.48128553680858543,0.48194122169585313,0.0010369631067238538,0.0011618622801412015,0.0011788823513376734,0.001182203747967181,0.0010694253573818036,0.001079852762644773,0.0012526100962053643,0.0011820812656773705,0.0011452125647333777,0.0011213272305167776,0.0011093862762369122
2021-03-20,0.4621387870645125,0.40618403283895954,0.418846048586409,0.39082234801098226,0.4759492959816686,0.47376006956188993,0.36744417254697703,0.38127739834057417,0.41512755864240514,0.48347899315578025,0.4841198408894263,0.0010594105824763833,0.0011856958559121056,0.0012030210761112548,0.0012060413917168722,0.0010925068499922364,0.001103152571208521,0.001277209589205297,0.0012057941363161073,0.0011690238992266844,0.0011449994155798837,0.0011329554625076899
2021-03-21,0.4641979188026423,0.4084149072916457,0.4211070566930038,0.39306836084555713,0.4780689120176548,0.47589996272863,0.3697858687267329,0.3835160987112198,0.41734494742930417,0.4856708277484896,0.48629696482362417,0.0010815445615932062,0.001209178565203528,0.0012268038075938792,0.0012295221484152075,0.0011152650522487928,0.001126125939178213,0.0013014311353397034,0.0012291501930703497,0.001192489300740729,0.0011683327768945428,0.001156189389029838
2021-03-22,0.4662553490286933,0.41064293251500494,0.42336514235829714,0.3953111789189243,0.4801867241173696,0.4780380295476594,0.37212370921630894,0.3857515171427408,0.4195597562771546,0.48786039198759423,0.48847194925244775,0.0011033584942737318,0.001232303459103412,0.0012502235080922852,0.0012526390697288337,0.0011376932296336961,0.001148766068364948,0.0013252675670630265,0.0012521425245075601,0.0012156018254849688,0.0011913204097437902,0.0011790811805104107
2021-03-23,0.46831046891596134,0.4128674492005286,0.42561963737841196,0.397550138545132,0.4823021055861404,0.48017363733060814,0.37445700221109196,0.3879829921388586,0.4217713297883862,0.4900470379458092,0.4906441505630124,0.0011248459254247778,0.0012550636945841132,0.0012732732473407227,0.0012753853149884975,0.0011597847452881616,0.0011710662591901122,0.0013487118307916601,0.0012747643268267717,0.0012383546340921647,0.0012139555117172685,0.0012016240628998642
2021-03-24,0.47036267032140755,0.41508779907793997,0.427869874612,0.3997845771800058,0.48441443044855736,0.48230615411677474,0.37678505725214584,0.3902098633702208,0.42397901352281575,0.49223011855941623,0.4928129259660033,0.001146000496569266,0.001277452536525281,0.0012959462045498693,0.0012977541532147585,0.0011815330619774356,0.0011930199126686247,0.001371756988991002,0.001297008905872532,0.0012607409936398195,0.001236231384724562,0.001223811365397065
2021-03-25,0.4724113459656196,0.4173033251099888,0.43011518817766137,0.4020138336172048,0.4865230736337095,0.4844349488601332,0.37910718543052907,0.3924314718698032,0.4261821541913082,0.4944089878197385,0.49497763368588604,0.0011668159477295492,0.001299463359708819,0.0013182356704274922,0.0013197389651081748,0.0012029317440246379,0.0012146205323611547,0.0013943962222278117,0.0013188696791162635,0.0012827542796440272,0.0012581414369757793,0.001245636522421878
2021-03-26,0.47445588961251417,0.41951337168687775,0.4323549136509884,0.40423724818388374,0.4886274111601535,0.48655939161607015,0.3814226995911544,0.3946471602279086,0.4283800998490947,0.4965830009643076,0.49713763315081977,0.001187286119278541,0.0013210896507779846,0.0013401350491621389,0.0013413332450091242,0.001223974459215238,0.0012358617262969718,0.001416622831188874,0.001340340177603483,0.0013043879780195167,0.0012796791849341016,0.0012670930755594445
2021-03-27,0.4764956962487325,0.42171728482026827,0.4345883882611795,0.4064541629359014,0.4907268203205601,0.48867885372779457,0.3837309145361284,0.39685627278670466,0.4305722000886933,0.4987515146676579,0.4992922851822116,0.0012074049537632026,0.0013423250101650686,0.001361637860374687,0.0013625306028229311,0.0012446549806717777,0.001256737208864489,0.0014384302386627468,0.001361414047868048,0.00132563568700661,0.0013008382552339715,0.0012881746754702106
2021-03-28,0.4785301622626739,0.4239144123368067,0.43681495108716445,0.40866392185251565,0.49282067986598216,0.49079270801236935,0.3860311472275134,0.3990581558342439,0.4327578062323757,0.5009138872316958,0.5014409521838608,0.00122716649769683,0.0013631631539857136,0.001382737741037643,0.0013833247659103542,0.0012649671886948988,0.0012772408026733295,0.0014598119914870367,0.0013820850538125429,0.0013464911190664286,0.0013216123865651408,0.001308875083769978
2021-03-29,0.4805586856231133,0.42610410407111254,0.43903394325318146,0.4108658710305116,0.4949083701896933,0.49290032894630254,0.38832271698944876,0.4012521577979083,0.4349362715241213,0.503069478775591,0.5035829983306325,0.0012465649033205906,0.0013835979158979272,0.0014034284473573022,0.0014037095809439348,0.0012849050725754485,0.0012973664403794771,0.001480761762456817,0.0014023470785544112,0.0013669481027414054,0.0013419954315286864,0.001329188174874707
2021-03-30,0.48258066605735267,0.4282857120581729,0.4412447081237481,0.4130593588777016,0.49698927351053895,0.4950010928506517,0.39060494570957416,0.40343762943721817,0.4371069513210014,0.5052176514251252,0.5057177897566095,0.0012655944303342492,0.0014036232489267886,0.001423703856620162,0.0014236790157292067,0.0013044627323727798,0.0013171081664834494,0.0015012733521980182,0.001422194126234011,0.001387000584480269,0.0013619813584532237,0.0013491079378137316
2021-03-31,0.48459550522885064,0.4304585907250857,0.4434465914979714,0.4152437363057417,0.4990627740557482,0.49709437807557955,0.3928771580396938,0.4056139240359546,0.439269203283942,0.5073577695014511,0.5078446947426638,0.001284249447594421,0.0014232332272542947,0.0014435579690066924,0.0014432271609887692,0.0013236343806610762,0.0013364601390907227,0.0015213406910011273,0.0014416203237906933,0.0014066426304318314,0.0013815642531820327,0.0013686284780090041
2021-04-01,0.48660260691428087,0.43262209708209504,0.44563894180313607,0.41741835692220763,0.5011282582431499,0.4991795651843102,0.39513868159562265,0.4077803975935327,0.44142238756779956,0.5094891997091978,0.5099630839033912,0.0013025244347813492,0.001442422047972125,0.0014629849093655278,0.0014623482321121095,0.0013424143442404834,0.001355416631641404,0.0015409578406176405,0.0014606199227000793,0.0014258684281982514,0.0014007383208204383,0.001387744019018422
2021-04-02,0.4886013771799636,0.4347755909128626,0.44782111028751537,0.41958257722187287,0.5031851148627432,0.5012560371364307,0.3973888471561564,0.40993640901557166,0.4435658670107034,0.5116113113238765,0.5120723303733574,0.0013204139840324314,0.0014611840327997117,0.0014819789289526875,0.0014810365708665674,0.0013607970658185975,0.001373972034604043,0.001560118996017601,0.0014791873006752554,0.0014446722885569918,0.001419497887454657,0.001406448904246016
2021-04-03,0.49059122455762016,0.43691843496391725,0.4499924512123469,0.42173575677713193,0.5052327352575623,0.5033231794704833,0.39962698886110376,0.41208132030360484,0.44569900732260054,0.5137234763785181,0.5141718099925975,0.0013379128015424402,0.001479513629763729,0.001500534407131715,0.0014992866470724397,0.0013787771056517073,0.0013921208571366916,0.0015788184871067257,0.0014973169633303862,0.0014630486471426396,0.0014378374018260143,0.0014247375986151667
2021-04-04,0.49257156021939785,0.43904999513322945,0.45215232204291766,0.4238772584275129,0.5072705135037893,0.5053803804857941,0.4018524444083261,0.41421449674387356,0.4478211772729542,0.515825069849502,0.5162609014913149,0.0013550157091294923,0.0014974054148416682,0.0015186458530386804,0.0015170930602382282,0.0013963491431566721,0.0014098577287104952,0.001597050780404785,0.0015150035458065259,0.0014809920660955322,0.001455751436977848,0.0014426046902072942
2021-04-05,0.4945417981521135,0.4411696406578514,0.45430008363869967,0.42600644846822355,0.5092978465900563,0.5074270314234854,0.4040645552497228,0.4163353070951498,0.4499317488775336,0.5179154698415086,0.5183389866737245,0.0013717176457679336,0.0015148540935663868,0.0015363079072048813,0.0015344505411594156,0.0014135079784850513,0.0014271774006997529,0.0016148104806827934,0.0015322418143593475,0.001498497235669305,0.0014732346918587824,0.0014600448918619113
2021-04-06,0.4965013553306651,0.4432767443005707,0.4564351004424828,0.428122696837676,0.5113141345958867,0.5094625266466178,0.40626266678610645,0.4184431237755303,0.45203009758424484,0.5199940577715485,0.5204054506009881,0.0013880136690861966,0.0015318545025930774,0.0015535153431445736,0.0015513539534786625,0.0014302485340614846,0.0014440747479355087,0.001632092332559676,0.001549026667908071,0.0015155589758023558,0.0014902819928919175,0.0014770530427435924
2021-04-07,0.4984496518905573,0.44537068253551937,0.4585567406684459,0.43022537730393057,0.5133187808692207,0.5114862638194064,0.4084461285609092,0.4205373230481472,0.4541156024579469,0.5220602185520126,0.5224596817731832,0.0014038989568289084,0.001548401611227379,0.0015702630689007901,0.0015677982952043146,0.0014465658560862682,0.0014605447702202845,0.0016488912220575802,0.00156535313954409,0.0015321722376516744,0.0015068882955071583,0.0014936241098664205
2021-04-08,0.5003861112994927,0.44745083573268546,0.4606643764891116,0.43231386765000823,0.5153111922029739,0.513497644085463,0.4106142944526636,0.42261728520574404,0.45618764636419473,0.5241133407726842,0.5245010723102564,0.0014193688082836942,0.0015644905229135753,0.0015865461285515248,0.0015837787001909964,0.0014624551160010713,0.0014765825938095611,0.0016652021781148885,0.0015812163980022387,0.0015483321050854815,0.0015230486856323555,0.0015097531895846839
2021-04-09,0.5023101605279778,0.4495165883412716,0.46275738422113244,0.43438754985801503,0.5172907790105786,0.5154960722450069,0.4127665228661996,0.42468239475405456,0.45824561615186055,0.5261528168816672,0.526529018131905,0.0014344186456727304,0.0015801164766838238,0.0016023597036779469,0.001599290439579626,0.0014779116119187918,0.0014921834728535144,0.0016810203740569851,0.0015966117490888165,0.0015640337961391193,0.001538758381148253,0.0015254355090444927
2021-04-10,0.5042212302188906,0.45156732907184605,0.4648351445098471,0.4364458102920233,0.5192569555004493,0.5174809569309939,0.4149021769225037,0.4267320405939388,0.46028890283457485,0.5281780433651683,0.5285429191363342,0.0014490440155067175,0.0015952748485670298,0.00161769911478854,0.001614328923197017,0.0014929307700130012,0.0015073427908007808,0.0016963411290256136,0.0016115346370715877,0.001579272664429754,0.0015540127333026899,0.0015406664275956494
2021-04-11,0.5061187548559637,0.45360245107723307,0.466897042512558,0.43848803987965645,0.5212091398493299,0.5194517107841121,0.4170206246471811,0.42876561620221754,0.4623169017709344,0.5301884209260883,0.5305421793778361,0.0014632405899036582,0.0016099611529567515,0.001632559822704549,0.0016288897009141823,0.0015075081458733042,0.0015220560617655865,0.0017111599093624363,0.0016259806460282578,0.0015940442005306643,0.0015688072280876098,0.0015554414381637738
2021-04-12,0.5080021729311289,0.4556213521320897,0.4689424680804737,0.44051363429232304,0.5231467543744643,0.5214077506265896,0.41912123915746763,0.43078251981115134,0.46432901284342704,0.5321833546613634,0.5325262072431403,0.0014770041678690005,0.0016241710439395818,0.0016469374299037942,0.001642968463962391,0.001521639425819954,0.0015363189318539083,0.0017254723299521824,0.0016399455011525954,0.001608344033307063,0.0015831374875739934,0.0015697561685859007
2021-04-13,0.509870927110676,0.4576234348111129,0.4709708159392609,0.4425219941240479,0.5250692257045413,0.5233484976347677,0.4212033988477343,0.43278215458651303,0.46632464063601453,0.5341622542380061,0.5344944156264813,0.001490330676538254,0.001637900316580343,0.001660827681820909,0.001656561046209426,0.0015353204281797206,0.0015501271804535532,0.001739274155519388,0.0016534250700187547,0.0016221679312082293,0.0015969992712079328,0.0015836063829027802
2021-04-14,0.5117244644001782,0.45960810666582724,0.47298148586815514,0.4445125250688451,0.5269759849493642,0.5252733775103828,0.42326648757342983,0.43476392880420156,0.4683031946103264,0.5361245340677934,0.5364462221033329,0.0015032161723831372,0.0016511449081660357,0.0016742264681068875,0.0016696634253911546,0.0015485471045235677,0.0015634767214813827,0.0017525613018819497,0.0016664153638054624,0.0016355118035202842,0.00161038847706374,0.0015969879826129851
2021-04-15,0.5135622363081308,0.46157478039990074,0.47497388287757597,0.4464846380965839,0.5288664678681962,0.5271818206505113,0.4253098948334083,0.4367272560253424,0.47026408928040986,0.5380696134805545,0.5383810491027573,0.001515656842378088,0.0016639008994090432,0.0016871298238453347,0.001682271724303186,0.0015613155408656931,0.0015763636045932339,0.0017653298371590465,0.0016789125384760184,0.0016483717015768895,0.0016233011430608624,0.001609897007886052
2021-04-16,0.5153836990082599,0.4635228740429348,0.47694741738519325,0.44843774962729094,0.5307401150367262,0.5290732623161246,0.42733301595058615,0.43867155526982393,0.4722067443859843,0.5399969168959973,0.5402983240783169,0.0015276490051292502,0.0016761645156064264,0.0016995339307251944,0.0016943822119469543,0.0015736219588199374,0.0015887840163534284,0.001777575982935875,0.0016909128959153863,0.0016607438199273128,0.0016357334481330588,0.001622329638733766
2021-04-17,0.5171883135004472,0.4654518111226786,0.4789015053903956,0.4503712817038416,0.5325963720126135,0.530947142799203,0.4293352522508762,0.44059625118821905,0.47413058506414946,0.5419058739940342,0.5421974796775008,0.001539189111961936,0.0016879321277566417,0.0017114351181722887,0.001705991304633947,0.0015854627167194435,0.0016007342813620928,0.0017892961153809228,0.0017024128850248177,0.001672624497462416,0.001647681713361937,0.0016342821961407017
2021-04-18,0.5189755457702316,0.4673610208356163,0.4808355686471039,0.4522846621629871,0.5344346894995545,0.5328029075883636,0.4313160112403442,0.4425007742320398,0.4760350420194973,0.5437959198835478,0.5440779539096122,0.0015502737479734519,0.0016992002536339035,0.0017228298644335616,0.0017170955670472443,0.0015968343106937954,0.0016122108633431775,0.0018004867663184987,0.0017134091027722342,0.0016840102184989547,0.0016591424030631963,0.001645751143152796
2021-04-19,0.52074486694683,0.4692499382158782,0.4827490348348844,0.45417732480466605,0.5362545235098287,0.5346400075329495,0.4332747067805376,0.444384560822277,0.47791955169257494,0.5456664952695507,0.5459391903120724,0.0015608996330408464,0.0017099655588188045,0.001733714797620356,0.0017276917132567626,0.0016077333757046341,0.0016232103661921737,0.0018111446242546902,0.0017238982952001436,0.001694897613818802,0.0016701121258339002,0.001656733085924067
2021-04-20,0.5224957534596416,0.4711180043024213,0.48464133772830714,0.4560487095595532,0.5380553355252745,0.5364578990055308,0.43521075926193414,0.44624705351617105,0.47978355642665116,0.5475170466186922,0.5477806381150848,0.0015710636227950214,0.0017202248576840828,0.0017440866967055602,0.0017377766076926981,0.001618156686543637,0.0016337295349789782,0.0018212665353583013,0.0017338773583873701,0.0017052834616662627,0.001680587635557118,0.0016672247747204771
2021-04-21,0.5242276871931774,0.47296466630443657,0.4865119173645024,0.45789826265479144,0.5398365926566444,0.5382560440627733,0.43712359577545606,0.4480877011721697,0.4816265046327364,0.549347026323056,0.549601752404619,0.001580762709546879,0.0017299751143384223,0.0017539424924779001,0.001747347266072119,0.0016281011587858663,0.001643765256912011,0.001830849504392662,0.0017433433393692077,0.0017151646887022531,0.0016905658323616013,0.0016772231048831632
2021-04-22,0.525940155640382,0.4747893777649273,0.4883602202088605,0.4597254367778634,0.5415977678012951,0.5400339106046256,0.43901265028200465,0.449905959113018,0.48344785095280607,0.5511558928622048,0.5514019942836579,0.0015899940231812737,0.0017392134435234574,0.00176327926844827,0.0017564008562833133,0.0016375638497011513,0.0016533145622599221,0.0018398906956031413,0.001752293437009167,0.0017245383709125206,0.0017000437635368293,0.00168672511774548
2021-04-23,0.5276326520542904,0.4765915987224161,0.49018569931883355,0.46152969123855,0.5433383397991671,0.5417909725317747,0.44087736377995923,0.4517012892869382,0.4852470564211811,0.5529431109634287,0.553180831031666,0.0015987548320033351,0.0017479371114695885,0.0017720942617147073,0.0017649346992233417,0.001646541959127612,0.0016623746252296678,0.0018483874335557537,0.0017607250028293109,0.0017334017344732278,0.0017090186244117511,0.001695728001508412
2021-04-24,0.5293046755979843,0.47837079587072595,0.49198781450578377,0.4633104921289286,0.5450577935870029,0.5435267099013277,0.4427171844705956,0.4534731604268479,0.48702358862401773,0.5547081517601379,0.5549377362622311,0.001607042543549153,0.0017561435367025036,0.0017803848637786834,0.0017729462695909581,0.0016550328302981088,0.0016709427648023967,0.0018563372039289705,0.0017686355417936839,0.0017417521565734062,0.0017174877591801252,0.0017042290920741276
2021-04-25,0.5309557314927973,0.48012644271679683,0.4937660324948343,0.4650673124813652,0.5467556203507634,0.5452406090806723,0.4445315679213716,0.45522104820757037,0.48877692185685506,0.5564504929483637,0.5566721900788296,0.0016148547053517204,0.0017638302908095649,0.0017881486213179865,0.0017804331966333464,0.0016630339506271685,0.0016790164455287027,0.0018637376542580686,0.0017760227130468875,0.0017495871661882823,0.0017254486616889997,0.0017122258738332397
2021-04-26,0.5325853311647265,0.48185801973648107,0.4955198270826733,0.46679963242445316,0.5484313176761937,0.5469321628994668,0.44631997722703326,0.4569444354009901,0.49050653728018107,0.5581696189413168,0.5583836792286723,0.0016221890056663524,0.0017709950991561807,0.0017953832369116962,0.001787393264848558,0.0016705429524542792,0.0016865932782756943,0.0018705865946305744,0.0017828843306056386,0.0017569044448124682,0.0017328989761790092,0.0017197159804090978
2021-04-27,0.5341929923890116,0.4835650145282801,0.49724867929326655,0.46850693933685084,0.5500843896974963,0.5486008707997218,0.4480818831684947,0.45864281202911,0.49221192307296513,0.5598650210219583,0.5600716972545848,0.0016290432741555838,0.001777635841560321,0.0018020865697208621,0.001793824414640155,0.0016775576137457726,0.001693671020936871,0.0018768819983350227,0.0017892183640070836,0.0017637018271455251,0.0017398364979825942,0.001726697195359006
2021-04-28,0.5357782394328313,0.4852469219649724,0.4989520775314299,0.47018872799897515,0.5517143472440639,0.5502462389839228,0.4498167643694412,0.4603156755149619,0.49389257458411434,0.5615361974935353,0.5617357446448751,0.0016354154825310996,0.0017837505529196829,0.0018082566361208863,0.0017997247429277219,0.001684075858749745,0.0017002475790945937,0.0018826220024600326,0.001795022938909041,0.0017699773017327836,0.0017462591741744804,0.0017331674528285879
2021-04-29,0.5373406031960815,0.48690324434308774,0.5006295177342202,0.47184450074250334,0.5533207079852358,0.5518677805611523,0.4515241074506138,0.4619625308313263,0.4955479944818072,0.5631826538280444,0.5633753289811488,0.0016413037451541435,0.0017893374237925586,0.0018138916102904967,0.0018050925037089716,0.0016900957586132304,0.0017063210066389223,0.0018878049084459225,0.001800296337644336,0.0017757290115600899,0.0017521651041829678,0.0017391248381647406
2021-04-30,0.5388796213501887,0.4885334915301871,0.5022805035200936,0.47347376759764204,0.5549029965730242,0.5534650156911701,0.4532034071817263,0.46358289064721947,0.497177692900663,0.5648039028125661,0.564989965084023,0.001646706319593405,0.0017943948009341848,0.001818989824749817,0.0018099261085773866,0.0016956155319505228,0.0017118895063457096,0.001892429182587585,0.0018050369997288374,0.001780955254604255,0.0017575525403468184,0.00174456758848196
2021-05-01,0.5403948384749203,0.4901371811098995,0.5039045463357942,0.47507604643811613,0.55646074478278,0.555037471726404,0.45485416663097095,0.4651762754721033,0.4987811875867002,0.566399464693443,0.5665791751566968,0.0016516216071392753,0.0017989211877850186,0.0018235497708550819,0.0018142241271911774,0.0017006335453720878,0.0017169514304059552,0.0018964934564877356,0.00180924352232531,0.001785654484335708,0.0017624198884378384,0.0017494940931819247
2021-05-02,0.5418858061931516,0.49171383852467737,0.5055011656009252,0.4766508631238388,0.5579934916517455,0.5565846833518149,0.4564758973120688,0.46674221379777264,0.5003580040400437,0.5679688673182447,0.5681424889263422,0.0016560481532795768,0.0018029152449144936,0.0018275700992453903,0.0018179852876978875,0.0017051483139670642,0.00172150528091497,0.001899996527462644,0.001812914660655418,0.0017898253101769623,0.001766765708129392,0.0017539028944330015
2021-05-03,0.5433520833035479,0.4932629972162259,0.5070698888501581,0.4781977516412161,0.5595007836154628,0.55810619272259,0.45806811932881975,0.4682802422378836,0.5019076756553362,0.569511646275485,0.569679443783264,0.001659984648128332,0.0018063757904170363,0.001831049620240388,0.0018212084771091486,0.0017091585017424693,0.0017255497103146888,0.0019029373588968501,0.0018160493283705392,0.001793466497913454,0.0017705887134233933,0.0017577926876004568
2021-05-04,0.5447932359111214,0.4947841987635644,0.5086102518730455,0.47971625424104875,0.5609821746419902,0.5596015495996279,0.45963036151711323,0.46978990566507617,0.5034297438598148,0.5710273450320495,0.5711895849177919,0.0016634299268127872,0.0018093018002611205,0.0018339873041940402,0.0018238927416315276,0.0017126629220196588,0.001729083521793462,0.001905315080551695,0.001818646597871898,0.0017965769700588607,0.0017738877730311131,0.001761162321631038
2021-05-05,0.5462088375556303,0.4962769930186816,0.5101217988513868,0.4812059215739874,0.5624372263638899,0.5610703114827713,0.4611621615843509,0.4712707573456541,0.5049237582490104,0.5725155150682906,0.5726724654548694,0.001666382969820135,0.0018116924085939123,0.0018363822817981656,0.0018260372869482455,0.0017156605377844913,0.001732105669640216,0.001907128988820117,0.0018207057005857896,0.0017991558061749569,0.0017766619107072446,0.001764010799396698
2021-05-06,0.5475984693377727,0.4977409382397405,0.5116040824941127,0.48266631282350164,0.563865508207947,0.5625120437417488,0.46266306624624914,0.4727223590717805,0.5063892767200282,0.5739757160107527,0.5741276465862873,0.001668842903297163,0.0018135469079956779,0.0018382338443407864,0.0018276414784536565,0.0017181504619935284,0.001734615259552763,0.0019083785469381498,0.0018222260271904545,0.0018012022431419528,0.0017789103055405597,0.0017663372779864739
2021-05-07,0.5489617200431469,0.49917560122179744,0.5130566641696459,0.4840969958363252,0.5652665975225855,0.5639263197447891,0.464132631360971,0.47414428129115066,0.5078258656023757,0.5754075157624846,0.5755546977005379,0.0016708089993094921,0.0018148647496900594,0.0018395414439146274,0.001828704841441653,0.0017201319578383778,0.001736611548902145,0.0019090633851412409,0.0018232071277969886,0.0018027156753871454,0.001780632292194828,0.0017681410689581734
2021-05-08,0.5502981862639377,0.5005805574249946,0.5144791140356982,0.4854975472503371,0.5666400797029361,0.56531272098487,0.4655704220605565,0.4755361032341033,0.5092330997862894,0.5768104906309037,0.5769531965102371,0.001672280676058957,0.0018156455437066121,0.001840304693579653,0.001829227061245997,0.0017216044389629648,0.0017380939469552326,0.0019091833007751635,0.0018236487120817935,0.0018036956550608885,0.00178182736110577,0.00176942163854088
2021-05-09,0.5516074725182879,0.5019553911001882,0.5158710111664697,0.4868675526198414,0.5679855483135237,0.5666708372035588,0.4669760128796051,0.4768974130381331,0.5106105628485345,0.5781842254531755,0.5783227291770872,0.0016732574980516945,0.0018158890589961008,0.0018405233674780863,0.0018292079833334696,0.0017225674696359494,0.0017390620150457003,0.0019087382583543033,0.001823550649373007,0.0018041418921718178,0.0017824951586339344,0.0017701786077929382
2021-05-10,0.5528891913673305,0.5032996954119741,0.5172319436772057,0.4882066065382079,0.5693026052085404,0.5680002665124172,0.46834898788118007,0.47822780786976776,0.5119578471756289,0.5795283137190642,0.579662890434339,0.001673739176230593,0.0018155952234978345,0.0018401974009010225,0.001828647613349721,0.001723020764881067,0.0017395154667074753,0.0019077283895741481,0.0018229129686888612,0.0018040542546705618,0.0017826354871670613,0.0017704117527160834
2021-05-11,0.5541429635298374,0.5046130725590795,0.5185615088460813,0.48951431275783885,0.5705908606496618,0.5693006155119238,0.46968894077988926,0.4795268940437727,0.513274554084465,0.580842357691228,0.5809732837067152,0.0016737255680593366,0.0018147641241632595,0.0018393268903071913,0.0018275461171169405,0.0017229641905615045,0.001739454167756338,0.0019061539932711535,0.0018217358587294674,0.0018034327684909313,0.0017822483051797011,0.0017701210043183924
2021-05-12,0.555368417994454,0.5058951338920755,0.5198593132333721,0.49079028430742466,0.5718499334213759,0.5705714994078891,0.47099547506211215,0.4807942871396487,0.5145602939402851,0.5821259685229141,0.5822535212277641,0.001673216677564815,0.0018133960069270927,0.0018379120932945359,0.0018259038205854505,0.001722397763417538,0.0017388781363318895,0.0019040155353343136,0.0018200196678206937,0.0018022776175411481,0.0017813337272447605,0.0017693064486368204
2021-05-13,0.5565651921294891,0.5071455000283882,0.5211249727978804,0.492034143606456,0.5730794509437941,0.5718125421253221,0.4722682041033347,0.4820296121153883,0.5158146862719795,0.583378766373027,0.5835032241546062,0.001672212655335903,0.0018114912766381552,0.001835953428524384,0.0018237212097379496,0.0017213216510650886,0.0017377875428913336,0.0019013136485681592,0.001817764903810859,0.0018005891436480015,0.0017798920240015281,0.0017679683267118884
2021-05-14,0.5577329317902215,0.5083638009645609,0.5223581130105781,0.49324552257695387,0.5742790493828999,0.5730233764197155,0.4735067512825573,0.4832325034184566,0.5170373598846767,0.5846003805185265,0.5847220226800397,0.00167071379847894,0.0018090504969363597,0.0018334514755967701,0.001820998930443407,0.001719736171942543,0.001736182710158185,0.0018980491325041315,0.001814972233920853,0.001798367846459037,0.0017779236220725192,0.0017661070345150742
2021-05-15,0.5588712914236993,0.5095496761857459,0.5235583689654378,0.494424062752392,0.5754483737582157,0.5742036439857214,0.47471075009374303,0.4844026050939645,0.518227952969583,0.5857904494641337,0.5859095561419727,0.001668720550530245,0.0018060743900875087,0.0018304069748806828,0.00181773778826827,0.0017176417952190492,0.001734064113028344,0.0018942229531649368,0.0018116424845468493,0.001795614383290789,0.0017754291039401293,0.0017637231228330164
2021-05-16,0.5599799341709912,0.5107027747723865,0.5247253854874113,0.49556941538377164,0.576587078047846,0.5753529955631789,0.4758798442542737,0.48553957089000094,0.5193861132110507,0.5869486210493005,0.5870654731301476,0.001666233501323,0.0018025638367697994,0.0018268208272917974,0.0018139387482370983,0.0017150391406540733,0.0017314323784295427,0.0018898362427791082,0.001807776641015002,0.0017923295689381558,0.0017724092077714415,0.00176081729710309
2021-05-17,0.5610585319668728,0.5118227555040595,0.5258588172375347,0.49668124154282184,0.5776948252908719,0.5764710910404645,0.4770136878103778,0.4866430643600952,0.5205114978908307,0.5880745525524218,0.588189431590131,0.0016632533868157218,0.0017985198758124765,0.0018226940940294645,0.001809602934546628,0.0017119289784149894,0.0017282882851337167,0.0018848902994442196,0.0018033758472910666,0.0017885143754303723,0.001768864827202954,0.0017573904172061283
2021-05-18,0.5621067656369033,0.5129092869604472,0.5269583288151184,0.4977592122222951,0.5787712876870614,0.5775575995551381,0.4781119452395055,0.4877127589627756,0.5216037739894908,0.589167910792252,0.5892810989245318,0.0016597810888723252,0.00179394370388819,0.0018180279962608514,0.001804731630234313,0.0017083122288485963,0.001724632763528966,0.0018793865867448023,0.0017984414056402276,0.0017841699317443505,0.0017647970110740152,0.0017534434972109603
2021-05-19,0.563124324991875,0.5139620476194116,0.5280235948569961,0.49880300843332415,0.5798161466938739,0.5786121995918497,0.47917429154961433,0.48874833815819946,0.5226626182849603,0.5902283722264967,0.590340152091423,0.0016558176350012221,0.0017888366751602769,0.0018128239147583436,0.0017993262767971863,0.001704189962210001,0.001720466895342443,0.0018733267333179704,0.001792974776243128,0.0017792975234709463,0.0017602069631165174,0.0017489777050750943
2021-05-20,0.5641109089196037,0.5149807259521357,0.5290543001338085,0.4998123212998173,0.5808290931207186,0.5796345790774824,0.4802004123753395,0.48974949550182223,0.5236877174481769,0.5912556230475567,0.5913662776999328,0.0016513641980522298,0.0017832003008803055,0.0018070833894942018,0.0017933884737664774,0.001699563398343762,0.0017157919133227173,0.0018667125323718614,0.0017869775767637153,0.0017738985924342643,0.0017550960415996242,0.0017439943622974408
2021-05-21,0.565066225474033,0.5159650205153128,0.530050139643281,0.5007868521498587,0.5818098272204509,0.5806244354734967,0.4811900040710202,0.4907159347350789,0.5246787681358062,0.592249359275387,0.5923591721029862,0.0016464220958694042,0.0017770362489426539,0.0018008081191817071,0.0017869199782333811,0.0016944339063242886,0.0017106092008706275,0.0018595459411550608,0.0017804515818696798,0.0017679747362647769,0.0017494657589269824,0.0017384949435302888
2021-05-22,0.5659899919616247,0.5169146400403453,0.531010818700482,0.5017263126040916,0.5827580587780726,0.5815814758654606,0.4821427738005522,0.49164736987305147,0.525635477080005,0.5932092868474501,0.5933185414871543,0.001640992790899909,0.0017703463433891287,0.0017939999607747836,0.001779922704330139,0.0016888030040514979,0.0017049202916351591,0.0018518290803767323,0.001773398722707764,0.0017615277079268132,0.00174331778119019,0.001732481076139547
2021-05-23,0.5668819350250129,0.517829303519538,0.5319360530250216,0.5026304246610529,0.5836735071966103,0.5825054170497248,0.48305843962404443,0.4925435252890975,0.5265575611752048,0.5941351217057343,0.5942441019596021,0.0016350778897624707,0.0017631325638706175,0.0017866609289163282,0.0017723987226625493,0.0016826723577996194,0.0016987268690562551,0.001843564233580619,0.001765821086332442,0.0017545594151997523,0.0017366539276750803,0.0017259545397253495
2021-05-24,0.5677417907238954,0.5187087402892515,0.5328255688251787,0.503498920779439,0.5845559015801481,0.5833959856172274,0.48393673058124775,0.4934041357964116,0.5274447475618872,0.5950265898808089,0.5951355796320945,0.0016286791427716496,0.0017553970450598921,0.0017787931953449077,0.0017643502596975669,0.001676043781725256,0.0016920307658663258,0.0018347538464675295,0.001757720915088412,0.0017470719201138074,0.0017294761703222639,0.0017189172655949214
2021-05-25,0.5685693046131376,0.5195526901099978,0.5336791028789165,0.5043315439572759,0.585404980813992,0.584252918034402,0.484777386771738,0.4942289467264989,0.5282967737073265,0.5958834275728994,0.5959927107020461,0.0016217984434198085,0.0017471420760225564,0.0017703990882488307,0.0017557796971049422,0.0016689192373309236,0.0016848339635506804,0.0018254005261731931,0.0017491006059466851,0.0017390674383388482,0.0017217866331464826,0.0017113713361909255
2021-05-26,0.5693642318180653,0.5203609032434461,0.5344964026117767,0.5051280478079695,0.5862204936419365,0.5850759607211595,0.4855801594318231,0.49501771400453526,0.529113387483279,0.5967053812299467,0.5968152415305832,0.0016144378278160065,0.001738370099535702,0.0017614810915795864,0.0017466895710521735,0.0016613008328839607,0.0016771385917589976,0.0018155070404952123,0.0017399627097954284,0.0017305483385301468,0.0017135875916047816,0.0017033189844751773
2021-05-27,0.5701263371069301,0.5211331405263276,0.535277226171619,0.5058881966332165,0.5870021987406151,0.5858648701259277,0.4863448110081578,0.49577020422159274,0.5298943472405898,0.59749220762264,0.5976029287176003,0.0016065994740853684,0.0017290837113685953,0.001752041844315877,0.0017370825714543292,0.001653190822792694,0.0016689469276756075,0.001805076317075216,0.0017303099306849035,0.001721517141626161,0.0017048814719256011,0.0016947625932682842
2021-05-28,0.5708553949605156,0.5218691734412066,0.5360213425001898,0.5066117654927489,0.587749864790913,0.5866194127977211,0.4870711152280384,0.49648619470370997,0.5306394218807025,0.5982436739163909,0.5983555391737861,0.0015982857017224905,0.0017192856595134032,0.001742084139682576,0.0017269615411760197,0.0016445916069397493,0.0016602613953454748,0.0017941114425321092,0.0017201451250278832,0.0017119765201032422,0.0016956708503900186,0.0016857046945434329
2021-05-29,0.5715511896388735,0.5225687841841018,0.5367285314014958,0.5072985402709009,0.5884632705464169,0.5873393654552239,0.48775885716636147,0.49716547357778396,0.531348390924044,0.5989595577402332,0.5990728501895988,0.0015894989709064333,0.0017089788433708453,0.0017316109243249445,0.0017163294751939562,0.0016355057299713982,0.001651084564957661,0.0017826156615487476,0.0017094713007538287,0.0017019292971850453,0.0016859584525690252,0.0016761479686797642
2021-05-30,0.5722135152451647,0.523231765728938,0.5373985836069641,0.5079483177399661,0.589142204898886,0.5880245150528609,0.48840783330922233,0.49780783983426763,0.5320210445752682,0.5996396472526264,0.5997546495011677,0.0015802418817725261,0.0016981663128933233,0.001720625297436218,0.0017051895197069955,0.0016259358805444935,0.0016414191520829347,0.0017705923759114284,0.0016982916164193784,0.0016913784460065306,0.001675747152517948,0.0016660952436653442
2021-05-31,0.5728421757865864,0.5238579218888111,0.5380313008373657,0.5085609056203375,0.5897864669407235,0.5886746588438446,0.48901785161413963,0.49841310338665046,0.5326571837853379,0.6002837412041414,0.6004007353531078,0.0015705171736424273,0.0016868512676835312,0.0017091305098390075,0.001693544971207328,0.0016158848905325485,0.0016312680168739657,0.0017580451435040834,0.0016866093802723747,0.0016803270887342237,0.0016650399719239095,0.0016555494942632754
2021-06-01,0.5734369852323691,0.5244470673740379,0.5386264958614946,0.5091361226374057,0.5903958660244244,0.5892896044401664,0.4895887315668826,0.49898108512771006,0.5332566203104258,0.6008916489970159,0.6010109165582211,0.0015603277242126623,0.0016750370560441041,0.0016971299630276215,0.0016813992755040363,0.0016053557341838554,0.0016206341632137855,0.0017449776772545667,0.0016744280492749786,0.0016687784956421758,0.0016538400792143193,0.0016445138411310678
2021-06-02,0.5739977675688298,0.5249990278469923,0.5391839925515656,0.5096737985752009,0.5909702218189965,0.5898691698695312,0.49012030423488845,0.49951161698251123,0.5338191767676208,0.6014631907415535,0.6015850125540717,0.0015496765487067465,0.0016627271739916294,0.0016846272081553204,0.0016687560267037993,0.00159435152724563,0.0016095207378312715,0.0017313938440363108,0.0016617512280789892,0.0016567360841455159,0.0016421507886174025,0.0016329915498951575
2021-06-03,0.574524356851452,0.5255136399736894,0.5397036259353393,0.5101737743267631,0.5915093643633194,0.5904131836292044,0.4906124123172528,0.5000045419581426,0.5343446866874159,0.601998197309357,0.602122853456418,0.0015385667989776808,0.0016499252642173667,0.0016716259449889304,0.0016556189661478538,0.001582875526039751,0.001597931029368005,0.0017172976635240755,0.0016485826679595306,0.001644203417786927,0.0016299755591825393,0.0016209860301870105
2021-06-04,0.5750165972539956,0.5259907514721217,0.5401852422449382,0.5106359019412234,0.5920131341164404,0.5909214847367615,0.49106491019127685,0.5004597141901734,0.5348329945629717,0.6024965103833754,0.6026242801094848,0.001527001762580138,0.0016366351150127745,0.0016581300208121652,0.0016419919813034367,0.0015709311264998638,0.0015858684674046053,0.0017026933070048433,0.0016349262657055497,0.0016311842051847103,0.0016173179937559734,0.0016085008346339302
2021-06-05,0.5754743431146054,0.5264302211573209,0.5406286989623472,0.5110600446675856,0.592481382004785,0.5913939227777273,0.4914776639555594,0.5008769989858173,0.535283955896132,0.6029579825047532,0.6030891441330574,0.001514984861793467,0.00162286065914663,0.0016441434292853163,0.0016278791046144825,0.0015585218631659625,0.0015733366214473188,0.0016875850961421412,0.001620786062466073,0.0016176822989331097,0.0016041818379151085,0.001595539657805345
2021-06-06,0.5758974589789174,0.5268319189831369,0.5410338648615889,0.5114460769951931,0.5929139694662694,0.5918303579500853,0.49185055146962137,0.5012562728637895,0.5356974372401816,0.603382477116465,0.6035173079663929,0.0015025196526127216,0.0016086059727022928,0.0016296703092657516,0.001613284512308244,0.0015456514081388928,0.001560339199871974,0.0016719775016990068,0.001606166242554552,0.001603701694462445,0.0015905709788591738,0.0015821063351222353
2021-06-07,0.5762858196401401,0.52719572608072,0.5414006200475552,0.5117938846908702,0.5933107684913036,0.5922306611056455,0.4921834623900476,0.501597423590848,0.5360733162393402,0.6037698686037261,0.6039086449089242,0.0014896098236936162,0.0015938752738704487,0.0016147149435827846,0.0015982125231601696,0.0015323235699923332,0.001546880048823418,0.0016558751422132145,0.0015910711322113524,0.0015892465288599444,0.0015764894442611421,0.0015682048417209327
2021-06-08,0.5766393101761056,0.5275215347936972,0.5417288559914868,0.5121033648327233,0.5936716616606726,0.5925947137882642,0.4924762982031415,0.5019003502150038,0.5364114816649638,0.6041200423311623,0.604263039157754,0.001476259195262286,0.0015786729217021067,0.0015992817577701324,0.001582667597213483,0.0015185422926488057,0.0015329631510814234,0.001639282782632756,0.001575505198322169,0.0015743210796409501,0.0015619414010730193,0.0015538392912771704
2021-06-09,0.5769578259832763,0.5278092487100287,0.5420184755630861,0.5123744258405996,0.5939965421802818,0.5929224082688959,0.49272897225407414,0.5021649630953952,0.5367118334484623,0.6044328946767347,0.6045803858419228,0.0014624717179836377,0.001563003414818076,0.0015833753187549648,0.0015666543344619033,0.0015043116542103885,0.0015185926248801884,0.0016222053329032482,0.0015594730470972484,0.0015589297634858168,0.0015469311542951614,0.0015390139347882803
2021-06-10,0.577241272807702,0.5280587826905375,0.542269393059263,0.5126069875031859,0.5942853139127579,0.5932136475774715,0.49294140977252887,0.5023911839288139,0.5369742827109112,0.6047083330624005,0.6048605910534406,0.001448251471795503,0.0015468713900771425,0.0015670003335090943,0.001550177473487846,0.0014896358657510156,0.0015037727226896447,0.0016046478465169822,0.0015429794227084237,0.0015430771349330685,0.001531463145701184,0.0015237331593155323
2021-06-11,0.5774895667729059,0.5282700628941044,0.5424815342294937,0.5128009810017445,0.5945378914058992,0.5934683455315939,0.4931135478948262,0.5025789457728755,0.5371987517893513,0.6049462759815097,0.6051035718750774,0.0014336026646960542,0.0015302816212052761,0.0015501616476543134,0.0015332418900592115,0.001474519270072694,0.0014885078299569088,0.001586615519016621,0.001526029205884183,0.0015267678850305888,0.0015155419525234581,0.0015080014866861724
2021-06-12,0.5777026344047094,0.5284430267995176,0.542654836297792,0.5129563489304788,0.5947541999179631,0.5936864267620406,0.4932453356825263,0.5027281930658297,0.5373851742597704,0.605146653022925,0.6053092564048991,0.0014185296315037954,0.0015132390173815402,0.0015328642440277651,0.0015158525956880942,0.001458966340420198,0.0014728024638093196,0.0015681136864580392,0.001508627412466379,0.0015100068399472866,0.001499172286099304,0.001491823572155826
2021-06-13,0.5778804126529729,0.528577623223975,0.5427892479812886,0.5130730453135186,0.5949341754397798,0.5938678267350672,0.4933367341375027,0.5028388816430015,0.5375334949567607,0.6053094048918559,0.6054775837775439,0.0014030368325721465,0.0014957486217869187,0.0015151132412103419,0.0014980147361463025,0.0014429816791549088,0.0014566612717175076,0.001549147823831143,0.0014907791919259727,0.0014927989595464597,0.001482358990476218,0.0014752042030292678
2021-06-14,0.5780228489102519,0.5286738123382294,0.5428847295054032,0.5131510356185267,0.5950777647136971,0.5940124917715032,0.49338771621348154,0.5029109787498597,0.5376436699898417,0.6054344834274058,0.6056085041822343,0.001387128852468833,0.0014778156101111772,0.0014969138920087888,0.001479733589943355,0.0014265700163953454,0.0014400890301200509,0.0015297235434396095,0.0014724898258382524,0.0014751493359166368,0.001465107040979019,0.001458148297245332
2021-06-15,0.5781299010273664,0.528731565678374,0.5429412526156172,0.5131902967669167,0.595184925249339,0.5941203790626369,0.4933982668240471,0.5029444630517106,0.5377156667564489,0.6055218516168237,0.6057019788775166,0.0013708103986213027,0.0014594452890204224,0.0014782715819036119,0.0014610145667641738,0.0014097362086167298,0.0014230906430098278,0.0015098465932408822,0.0014537647263208608,0.0014570631918658927,0.0014474215427370263,0.0014406609019210759
2021-06-16,0.5782015373258726,0.5287508661542663,0.5429588005858325,0.5131908171406836,0.5952556253361785,0.5941914566828836,0.49336838284710327,0.5029393246400105,0.5377494639515797,0.6055714836064567,0.6057579802027238,0.0013540862999225078,0.0014406430945882454,0.0014591918274541316,0.0014418632058691427,0.001392485237213581,0.001405671140483622,0.0014895228551438655,0.001434609434431966,0.0014385458793741979,0.0014293077291737122,0.0014227471918576429
2021-06-17,0.5782377366074374,0.528731708054585,0.5429373682233228,0.5131525965858407,0.5952898440529227,0.594225703599231,0.4932980731258002,0.5028955650352984,0.5377450515741012,0.6055833647094006,0.6057764915861634,0.0013369615053021588,0.001421414590686676,0.0014396802746671211,0.0014222851744545295,0.0013748222070255611,0.0013878356772513145,0.0014687583432702045,0.0014150296185310163,0.0014196028780130154,0.001410770960457719,0.0014044124680105963
2021-06-18,0.5782384881601114,0.5286740970485203,0.5428769618702686,0.5130756464124648,0.5952875712737028,0.5942231096774657,0.49318735846591516,0.5028131971867453,0.5377024309297065,0.6055574914098465,0.6057575075500188,0.0013194410822634506,0.0014017654673396107,0.0014197426973242555,0.001402286265974606,0.001356752344827794,0.0013695895311137685,0.0014475592021725436,0.0013950310726003057,0.0014002397933208233,0.0013918167219180155,0.0013856621559191762
2021-06-19,0.5782037917614973,0.5285780501840955,0.5427775994018821,0.5129599893913499,0.5952488076710706,0.5941836756851715,0.4930362716296975,0.5026922454683225,0.53762161463053,0.6054938713641193,0.6057010337119719,0.0013015302153803754,0.0013817015390383824,0.0013993849952760318,0.001381872398427464,0.0013382809977832144,0.0013509381013995236,0.0014259317050180353,0.0013746197145313443,0.001380462355146106,0.0013724506224179756,0.0013665018041026933
2021-06-20,0.578133657678818,0.5284435958831234,0.5426393102211158,0.5128056597472697,0.5951735647157997,0.5941074132915009,0.4928448573261728,0.5025327456715895,0.5375026265914155,0.6053925233984139,0.6056070867835402,0.0012832342047669476,0.00136122874302258,0.0013786131926937228,0.001361049612605636,0.0013194136318601668,0.0013318869073668527,0.0014038822517310479,0.0013538015843731488,0.001360276415951378,0.0013526783926979258,0.0013469370824176208
2021-06-21,0.5780281066658766,0.528270773932794,0.542462135249963,0.5126127031488485,0.5950618646734916,0.5939943450637232,0.49261317219791256,0.5023347449951023,0.5373455020228372,0.6052534775032247,0.6054756945651313,0.001264558464506793,0.001340353137521122,0.0013574334362876916,0.0013398240703063058,0.0013001558302165872,0.0013124415865702899,0.0013814173670990693,0.001332582842545671,0.0013396879490801261,0.0013325058836791692,0.0013269737803798254
2021-06-22,0.5778871699569166,0.5280596354739037,0.5422461269173485,0.5123811766950482,0.594913740597986,0.5938445044605457,0.4923412848042744,0.5020983020304469,0.5371502874204834,0.6050767748244684,0.605306895937816,0.0012455085210525407,0.001319080899962466,0.0013358519934887347,0.0013182020525084326,0.0012805132915456596,0.0012926078931929652,0.001358543698843695,0.0013109697680162569,0.001318703046991554,0.0013119390647314821,0.0013066178054512712
2021-06-23,0.5777108892573772,0.5278102429857189,0.5419913491436136,0.5121111488982719,0.5947292363215785,0.5936579358222136,0.49202927560111204,0.5018234867449001,0.5369170405514954,0.604862467651311,0.6051007408518239,0.0012260900115884654,0.0012974183251434068,0.0013138752505936768,0.001296189957516014,0.0012604918283893873,0.0012723916963436332,0.00133526801565087,0.0012889687564405783,0.00129732791945536,0.0012909840219075264,0.0012858751812924174
2021-06-24,0.5774993167315535,0.5275226702674894,0.5416978773215998,0.5118026996640885,0.5945084064420543,0.5934346943573892,0.49167723691696835,0.5015103804607264,0.5366458304373742,0.6046106194006925,0.6048572903117624,0.0012063086823639324,0.0012753718233685651,0.0012915097108734397,0.0012737942990612705,0.001240097365422077,0.0012517989783209504,0.0013115972051698788,0.001266586318272589,0.0012755688917157615,0.0012696469561414014,0.0012647520459800887
2021-06-25,0.5772525149871602,0.5271970024166089,0.541365798294341,0.5114559202675887,0.5942513163065272,0.5931748461268128,0.49128527292575386,0.5011590758311126,0.5363367373335559,0.6043213045985621,0.6045766163585623,0.0011861703869929796,0.0012529479185523495,0.0012687619926514682,0.00125102170437974,0.0012193359376933,0.001230835832840671,0.0012875382719743644,0.001243829076835512,0.0012534324026188814,0.001247934181414112,0.0012432546501893738
2021-06-26,0.5769705570568034,0.5268333358034343,0.540995210329364,0.5110709133263758,0.5939580419921046,0.5928784680237572,0.4908534996159195,0.5007696768127506,0.5359898527056633,0.6039946088578247,0.6042588020481621,0.0011656810847205934,0.0012301532462890563,0.0012456388273434094,0.0012278789122494027,0.0011982136888433192,0.0012095084632356423,0.001263098335489543,0.0012207037663632403,0.001230925002708716,0.0012258521228853958,0.0012213893553452149
2021-06-27,0.5766535263763718,0.526431778042767,0.5405862230896098,0.5106477927701969,0.5936286702833743,0.5925456477512707,0.49038204475613434,0.5003422986350746,0.5356052792024381,0.603630628853006,0.6039039414269297,0.0011448468386615618,0.0012069945518889957,0.0012221470574659277,0.0012043727709938334,0.001176736869285655,0.0011878231806170536,0.0012382846278858883,0.0011972172300071526,0.0012080533522863535,0.001203407314991467,0.0011991626317409132
2021-06-28,0.5763015167603436,0.5259924479620088,0.5401389576009823,0.510186683807233,0.5932632986467237,0.5921764837962266,0.4898710478574763,0.49987706776616353,0.5351831306253672,0.6032294722916454,0.6035121395038315,0.0011236738140039115,0.0011834786883822002,0.001198293634611436,0.0011805102364593756,0.0011549118343558984,0.0011657864020089281,0.0012131044919388434,0.0011733764178113448,0.0011848242194414382,0.0011806063995122296,0.0011765810566209955
2021-06-29,0.5759146323740276,0.5255154755659988,0.5396535462165364,0.5096877228870437,0.5928620352014985,0.5917710854001791,0.48932066013214887,0.4993741218753164,0.5347235318950064,0.6027912578824228,0.6030835122193606,0.001102168276186588,0.0011596126144910457,0.0011740856173922953,0.0011562983699529017,0.0011327450424338803,0.0011434046484493088,0.0011875653788555596,0.001149188384655886,0.0011612444780479958,0.0011574561236050718,0.0011536513122371028
2021-06-30,0.5754929877027385,0.5250010019985432,0.539130132577309,0.5091510576601933,0.5924249986880085,0.5913295725270348,0.48873104444873505,0.4988336097923137,0.5342266190140139,0.6023161153000326,0.6026181864112266,0.0010803365890441619,0.0011354033925713436,0.0011495301693492666,0.0011317443361557045,0.001110243053029758,0.001120684543058137,0.0011616748460707704,0.0011246602881687662,0.0011373211057306154,0.0011339633378092406,0.0011303801838696836
2021-07-01,0.5750367075179176,0.5244491795006468,0.5385688715698178,0.5085768469345566,0.5919523184323884,0.5908520758275567,0.4881023752840013,0.498255691463377,0.5336925390269062,0.601804185146809,0.6021162997768216,0.001058185212924112,0.0011108581865205691,0.0011246345568353133,0.0011068554010014164,0.0010874125248440114,0.0010976328090805954,0.0011354405550094704,0.0010997993866083688,0.0011130611818004343,0.0011101349940180194,0.0011067745578194899
2021-07-02,0.5745459268402123,0.5238601713654655,0.5379699292802244,0.5079652606283256,0.591444134308331,0.5903387366007002,0.487434838671268,0.49764053790383733,0.5331214499765438,0.6012556189111207,0.6015780008324764,0.0010357207027746895,0.0010859842596605551,0.001099406146862214,0.0010816389295266182,0.0010642602137974633,0.0010742562678955903,0.00110887026882045,0.0010746130367152995,0.001088471885159259,0.0010859781434217064,0.0010828414193717606
2021-07-03,0.5740207908995217,0.5232341518899822,0.5373334829451882,0.5073164797197273,0.5909005966956942,0.5897897067518019,0.4867286321453582,0.49698833114752994,0.5325135208573649,0.6006705789225427,0.6010034488695083,0.0010129497062064674,0.001060788972586324,0.0010738524049225262,0.0010561023836903605,0.0010407929710312125,0.0010505618369981429,0.0010819718500788,0.0010491086915357384,0.001063560492175708,0.001061499934421506,0.0010585878507267665
2021-07-04,0.5734614550920193,0.5225713063234317,0.5366597208994195,0.506630696193471,0.5903218664360026,0.5892051487476264,0.4859839646841448,0.4962992641929271,0.5318689315653758,0.600049238303819,0.6003928139070865,0.0009898789615235826,0.0010352797809884962,0.0010479808927796874,0.0010302533201679287,0.001017017740880255,0.001026556527951028,0.0010547532584593289,0.0010232938982157602,0.001038334374530936,0.001036707610512222,0.0010340210289052632
2021-07-05,0.5728680849341684,0.5218718308124811,0.535948842519947,0.505908112983935,0.5897081147848504,0.5885852355682922,0.48520105664671026,0.49557354094602685,0.5311878728449193,0.5993917809196357,0.599746276641921,0.0009665152957298861,0.001009464233447499,0.001021799266230028,0.0010040993881129667,0.0009929415588170176,0.0010022474443117657,0.0010272225483815012,0.0009971762957683428,0.001012800997039931,0.0010116085081419701,0.0010091482236254112
2021-07-06,0.5722408560137463,0.5211359323431877,0.5352010581671202,0.5051489439151161,0.5890595233612268,0.5879301506560822,0.4843801397081384,0.4948113761600134,0.5304705462322272,0.5986984013222107,0.599064028394791,0.0009428656225107801,0.000983349969199132,0.0009953152728382486,0.000977648326894398,0.0009685715493725766,0.0009776417795288594,0.0009993878666249567,0.0009707636128118424,0.0009869679154391742,0.0009862100545392494,0.0009839767951512757
2021-07-07,0.571579953937881,0.5203638286797476,0.5344165891223606,0.5043534136373562,0.5883762840937673,0.5872400878611614,0.48352145679095904,0.49401299537170923,0.5297171639957854,0.5979693046937214,0.598346271053928,0.0009189369401847447,0.0009569447158738198,0.0009685367496446995,0.0009509079638073681,0.000943914924023237,0.00095274681481472,0.0009712574499204374,0.0009440636652843781,0.0009608427741535364,0.0009605197655144782,0.0009585141921122364
2021-07-08,0.57088557427813,0.5195557483000579,0.5335956675226784,0.5035217575608626,0.5876585991639642,0.5865152513842129,0.4826252619932619,0.49317863483483415,0.528927949073518,0.5972047067855912,0.5975932170152776,0.0008947363296341049,0.0009302562872123277,0.0009414716208443474,0.0009238862117548763,0.0009189789790619018,0.0009275699169899454,0.0009428396225102387,0.000917084354129738,0.0009344333040323116,0.0009345452432382162,0.0009327679493028596
2021-07-09,0.5701579225126056,0.5187119303281025,0.5327385362919829,0.5026542217860488,0.5869066809463347,0.5857558557160114,0.481691820513506,0.4923085414500944,0.5281031350068183,0.5964048338546416,0.5968050891196445,0.0008702709522079299,0.0009032925807482828,0.0009141278954445387,0.0008965910669085364,0.0008937710934356913,0.0009021185363031758,0.0009141427936869562,0.0008898336629600267,0.000907747320063157,0.0009082941739889661,0.0009067456854503497
2021-07-10,0.5693972139651723,0.5178326244631952,0.5318454490691946,0.501751063030708,0.5861207519455763,0.5849621255739529,0.48072140857204304,0.4914029726921215,0.5272429658714384,0.5955699225961416,0.5959821205867538,0.0008455480476059485,0.0008760615754770384,0.0008865136648934513,0.0008690306063409148,0.0008682987265636877,0.0008764002042278562,0.0008851754553039215,0.0008623196556936108,0.0008807927190578324,0.0008817743258804356,0.0008804551009619077
2021-07-11,0.5686036737417279,0.516918090906089,0.530916670133192,0.5008125485540459,0.5853010447307248,0.5841342958355569,0.47971431332937875,0.49046219653327994,0.5263476962052642,0.5947002200737653,0.5951245549462336,0.0008205749317330424,0.0008485713294915653,0.0008586371006866766,0.0008412129856351647,0.0008425694161287023,0.0008504225312327973,0.0008559461792624901,0.0008345504741678056,0.0008535774773164029,0.0008549935465625991,0.0008539039756433331
2021-07-12,0.5677775366635914,0.5159686002819761,0.5299524743246039,0.4998389560775958,0.5844478018663326,0.5832726114689605,0.4786708328011981,0.48948649136437034,0.5254175909329932,0.5937959836464811,0.5942326459655548,0.0007953589945360884,0.0008208299775973593,0.000830506451947155,0.0008131464364733998,0.0008165907758477253,0.0008241932045283118,0.000826463614975792,0.0008065343357296917,0.0008261096482665709,0.0008279597608987777,0.0008271001664007516
2021-07-13,0.5669190471980158,0.5149844335604079,0.5289531469644836,0.4988305737030351,0.5835612758406914,0.5823773274604309,0.4775912757701774,0.4884761459122503,0.5244529252877398,0.5928574808923959,0.5933066575749336,0.0007699076978165964,0.0007928457289066992,0.00080213004298757,0.0007848392641988666,0.0007903704932186173,0.0007977199857942541,0.0007967364868089466,0.0007782795308060031,0.0007983973600809158,0.0008006809686212923,0.0008000516049120332
2021-07-14,0.5660284593858455,0.5139658819721515,0.5279189837698732,0.4977876998269314,0.5826417289911144,0.5814487087389111,0.47647596169461054,0.4874314591543938,0.5234539847295877,0.591884989529573,0.5923468637892324,0.0007442285730230314,0.0007646268644093679,0.0007735162708425447,0.0007562998453591319,0.000763916327244929,0.0007710107088829687,0.000766773591497405,0.000749794420447758,0.0007704488132711518,0.0007731652419632473,0.0007727662952815573
2021-07-15,0.5651060367663416,0.5129132469230084,0.526850290766301,0.496710643052443,0.5816894334263087,0.5804870300976201,0.4753252206138761,0.4863527402304198,0.5224210648611205,0.5908787973338531,0.5913535486268747,0.000718329219020708,0.0007361817345209465,0.0007446736027884038,0.0007275366252273985,0.0007372361061396271,0.0007440732774985914,0.0007365837955439214,0.0007210874338574591,0.0007422722782626234,0.0007454207232711063,0.0007452523116721066
2021-07-16,0.5641520522991984,0.5118268399046254,0.5257473841972204,0.4955997220979979,0.5807046709458529,0.5794925761127399,0.47413939305077335,0.48524030835061294,0.5213544713399448,0.5898392020536947,0.5903270060257972,0.0006922172998456988,0.0007075187566135677,0.0007156105738348462,0.0006985581153035603,0.0007103377250093912,0.0007169156628602513,0.0007061760325947075,0.0006921670658943113,0.0007138760929450427,0.0007174556225941764,0.0007175177959133361
2021-07-17,0.5631667882837679,0.5107069824023174,0.5246105904304292,0.4944552657029792,0.5796877329568081,0.5784656410592034,0.4729188299107565,0.48409449270146376,0.5202545197882431,0.5887665113220669,0.5892675397564718,0.000665900542435427,0.0006786464125230207,0.000686335784199521,0.0006693728907944951,0.0006832291435183713,0.0006895459013429583,0.000675559300796047,0.000663041874560566,0.0006852686602060176,0.0006892782152558841,0.0006895709550955864
2021-07-18,0.5621505362755231,0.5095540057999363,0.523440245861492,0.49327761253044683,0.5786389203874867,0.5774065288236151,0.47166389237809603,0.48291563234825724,0.5191215356993766,0.5876610425654153,0.5881754633320121,0.000639386734340941,0.0006495732460407577,0.0006568578967633965,0.0006399895880778717,0.0006559183835316285,0.0006619720920997274,0.0006447426601320361,0.0006337204784688244,0.0006564584454457068,0.0006608968394045123,0.0006614200591377184
2021-07-19,0.5611035969997836,0.5083682512818081,0.5222366968141957,0.4920671110669209,0.5775585435984009,0.5763155528143253,0.4703749518089973,0.48170407613473787,0.517955854341565,0.5865231229097297,0.5870510999154023,0.0006126837214253111,0.0006203078603841394,0.0006271856345076987,0.0006104169021455275,0.0006284135267422553,0.000634202394664829,0.0006137352297417298,0.0006042115542918003,0.0006274539740699359,0.0006323198935452856,0.0006330734383434011
2021-07-20,0.5600262802627246,0.5071500697317722,0.5210002994380672,0.4908241195192601,0.5764469222904245,0.5751930358686868,0.469052389621712,0.4804601825798812,0.5167578206586764,0.5853530890837441,0.5858947822238658,0.0005857994055391558,0.0005908589156522481,0.0005973277779327546,0.0005806635840313601,0.0006007227122800662,0.0006062450265374997,0.0005825461852229097,0.0005745238341949843,0.0005982638289689923,0.0006035558340564684,0.0006045394809326421
2021-07-21,0.5589189048597009,0.5058998216293475,0.519731419602981,0.4895490057086609,0.5753043854101875,0.5740393101575236,0.46769659718366907,0.47918431977180276,0.515527789168151,0.5841512873192911,0.5847068524304121,0.0005587417421843988,0.0005612351262610504,0.0005672931624576272,0.0005507384382207325,0.0005728541343031912,0.0005781082607535515,0.0005511847559154792,0.0005446661032526556,0.0005688966479753255,0.0005746131726859227,0.0005758266305639914
2021-07-22,0.55778179848091,0.504617876943062,0.5184304327908953,0.4882421469618144,0.5741312710527334,0.5728547170868352,0.466307975695664,0.47787686525883394,0.514266123856097,0.582918073248849,0.5834876620625784,0.0005315187381587094,0.0005314452583663476,0.0005370906758092042,0.0005206503200456125,0.0005448160395710167,0.0005498004234342213,0.0005196602221712587,0.0005146471968474065,0.0005393611213109217,0.0005455004740336777,0.000546943383831211
2021-07-23,0.5566152976144239,0.503304615020973,0.517097723984738,0.4869039299992493,0.5729279263614747,0.5716396071967698,0.4648869360731356,0.4765382059377999,0.5129731980695784,0.5816538118003005,0.5822375718984099,0.0005041384491869527,0.0005014981272696284,0.0005067292553885272,0.0004904081330645016,0.0005166167250076903,0.0005213298913243625,0.00048798191260679413,0.00048447599805667707,0.0005096659890132527,0.000516226353014404,0.000517898287751839
2021-07-24,0.5554197474466166,0.5019604244784119,0.5157336875544869,0.4855347508208945,0.5716947074254657,0.5703943400578925,0.46343389882457037,0.47516873793953085,0.5116493944061364,0.5803588770889485,0.5809569518596973,0.00047660897753776243,0.000471402594808934,0.00047621788562901557,0.0004600208264267658,0.00048826453524386526,0.0004927050893119844,0.0004561592013432869,0.00045416143502374773,0.00047982003834967646,0.00048679947231156095,0.0004886999372365475
2021-07-25,0.5541955017600165,0.5005857030829858,0.5143387271404664,0.4841350145888968,0.5704319791740297,0.5691192841647846,0.46194929392706763,0.4737688665116402,0.5102951046005733,0.5790336523068085,0.5796461809025135,0.00044893846962390516,0.0004411675667361781,0.00044556559533548423,0.0004294973922253087,0.00045976786014878535,0.0004639344879371343,0.0004242015052333681,0.00042371247831551884,0.00044983210121718464,0.000457228539813781,0.0004593569725471758
2021-07-26,0.552942922828619,0.49918085763687303,0.512913255533906,0.4827051355077272,0.5691401152687718,0.5678148168269984,0.4604335606991013,0.47233900589860495,0.508910729409031,0.5776785296092131,0.5783056469050745,0.0004211351135942065,0.0004108019900828652,0.00041478145501394614,0.00039884686283586657,0.0004311351323469381,0.0004350266008832371,0.00039211828107332813,0.0003931381382679122,0.00041971105152927013,0.000427522306034267,0.00042987807674021994
2021-07-27,0.5516623813106819,0.4977463038564424,0.5114576945547874,0.48124553670160997,0.5678194979930058,0.5664813240574058,0.45888714767051936,0.47087957921918483,0.5074966784904004,0.5762939099987717,0.576935746552955,0.00039320713690893516,0.00038031485051126523,0.0003838745741864269,0.00036807830824270305,0.00040237482472305075,0.0004059899824588875,0.00035991902280535504,0.0003624474623201701,0.00038946580258814034,0.0003976895615271925,0.0004002719730935578
2021-07-28,0.5503542561390423,0.49628246624923794,0.509972474927022,0.47975665008931484,0.56647051813863,0.5651192004579717,0.45731051244981635,0.46939101834121444,0.506053370285099,0.574880203206702,0.57553688522171,0.0003651628039059718,0.00034971516965698335,0.0003528540986962314,0.00033720083335642137,0.0003734954479147623,0.00037683322506743,0.0003276132587078928,0.0003316495323372748,0.00035910530445038,0.00036773913427978755,0.0003705474225302874
2021-07-29,0.5490189344089835,0.49478977798835777,0.5084580361509937,0.47823891625634385,0.5650935748904864,0.5637288491029828,0.4557041215887198,0.467873763753806,0.5045812318912449,0.573437827571589,0.5741094768569132,0.0003370104133537666,0.0003190120024572085,0.0003217292080023304,0.0003062235753183429,0.0003445055477945269,0.00034756495666143916,0.00029521054857645224,0.0003007534619220431,0.0003286385412754056,0.0003376798871065345,0.00034071322102369184
2021-07-30,0.5476568112636898,0.4932686807842742,0.5069148263734994,0.47669278432455664,0.5636890757082355,0.5623106814197747,0.45406845044412986,0.46632826443700215,0.5030806989382736,0.5719672099155886,0.5726539438516637,0.0003087582959988566,0.00028821443447396566,0.00029050911245853683,0.0002751557007978356,0.00031541370294052573,0.00031819383819364777,0.0002627204808942629,0.00026976839371861683,0.0002980745286689235,0.0003075207150217141,0.00031077819699310005
2021-07-31,0.5462682897773139,0.49171962475412123,0.5053433022551417,0.47511871181926624,0.5622574362057808,0.5608651170669804,0.4524039830374534,0.46475497772891544,0.5015522154580271,0.5704687854181251,0.5711707169215955,0.0002804148120967298,0.000257331579202269,0.00025920305059512483,0.00024400640327842948,0.0002862285220971428,0.00028872856104977807,0.00023015266999482087,0.0002387034967073487,0.00026742231101395397,0.00027727054261017514,0.00028075120869408554
2021-08-01,0.5448537808357027,0.49014306828850057,0.5037439288351899,0.4735171645338518,0.5607990800282843,0.5593925838103485,0.45071121191137503,0.4631543691903947,0.49999623375335794,0.5689429974871144,0.5696602349774199,0.00025198834894013533,0.00022637257537638789,0.00022782028637891028,0.0002127849003387694,0.0002569586416288905,0.0002591778444791526,0.0001975167532177191,0.00020756796349097328,0.00023669095879469415,0.0002469383213837828,0.0002506411415956755
2021-08-02,0.5434137030148094,0.48853947791583446,0.5021171793939705,0.4718886163919214,0.5593144387268015,0.5578935173961608,0.4489906379841047,0.4615269124672579,0.498413214264286,0.5673902976277533,0.5681229449950455,0.00022348731837718017,0.00019534658426334506,0.00019637010647444164,0.00018150043092390877,0.00022761272296456525,0.00022955043301464695,0.000164822388055319,0.0001763710075750602,0.00020588956591277574,0.0002165330271355348,0.00022045690575067667
2021-08-03,0.5419484824568296,0.4869093281643138,0.500463535312815,0.47023354930707056,0.557803951630579,0.5563683614222869,0.44724277040114935,0.45987308915013225,0.4968036254317463,0.5658111453089105,0.5665593018833107,0.00019492015432098775,0.00016426278695341745,0.000164861817496198,0.00015016225261105243,0.00019819945003329842,0.0001998550938839827,0.0001320792492968681,0.00014512186064019605,0.00017502724699569594,0.00018606365728091045,0.0001902074331606718
2021-08-04,0.5404585527440995,0.48525310142147654,0.4987834859316115,0.46855245304027787,0.5562680657170508,0.554817567206917,0.4454681263846469,0.45819338863194503,0.49516794355897015,0.564206007827163,0.5649697683493692,0.00016629531025491584,0.00013313038164214364,0.00013330474325362607,0.00011877963887202414,0.00016872752669672142,0.0001701006144159134,9.929702616351399e-05,0.00011382976981205717,0.00014411313470030773,0.000155539228196222,0.0001599016751311355
2021-08-05,0.5389443547707921,0.4835712877914618,0.4970775284040017,0.4668458250549744,0.5547072354795676,0.5532415936550091,0.4436672310803132,0.4564883079631034,0.4935066526705396,0.5625753601685165,0.5633548147617662,0.00013762125673122405,0.00010195858090894516,0.00010170822199317975,8.736187632674142e-05,0.00013920567417002871,0.00014029579943930504,6.648541944254127e-05,8.250399492376603e-05,0.00011315637700987091,0.00012496877255208094,0.00012954859962333032
2021-08-06,0.5374063366124486,0.4818643849499806,0.49534616755026367,0.46511417036983826,0.5531219227929085,0.551640907122492,0.4418406174020424,0.45475835170440937,0.49182024436915583,0.5609196848678469,0.5617149190112513,0.00010890647886374616,7.075660899125147e-05,7.008160363308757e-05,5.591826199685679e-05,0.00010964262844470607,0.00011044946867821981,3.3654138616279194e-05,5.115380577602746e-05,8.216613452688426e-05,9.436133663698332e-05,9.915718860087352e-05
2021-08-07,0.5358449533933866,0.48013289799704517,0.49358991570792976,0.46335800140935035,0.5515125967766028,0.5500159812782636,0.4399888258742094,0.4530040317777517,0.49010921769016724,0.5592394718661137,0.560050566369359,8.01594738168987e-05,3.953369905468351e-05,3.843424699956355e-05,2.445810055351494e-05,8.004713770159988e-05,8.05704541424479e-05,8.128989890665572e-07,1.9788479393823e-05,5.115157776303114e-05,6.37259776845589e-05,6.873643537053109e-05
2021-08-08,0.5342606671520205,0.4783773393075018,0.49180929258017475,0.4615778378521602,0.5498797336561103,0.5483672969640238,0.4381124044717196,0.4512258673146217,0.48837407895389556,0.5575352183653758,0.5583622493448145,5.138874829213602e-05,8.299090460406333e-06,6.7755170536920595e-06,-7.00929843505671e-06,5.042795972276526e-05,5.066759751326533e-05,-3.20285811880594e-05,-1.1582702717449767e-05,2.01218844241291e-05,3.307176119005106e-05,3.829534192356654e-05
2021-08-09,0.5326539467041382,0.47659822837941096,0.49000482508202975,0.45977420647730416,0.5482238166218983,0.5466953420519853,0.43621190845785485,0.4494243845024917,0.48661534161580877,0.5558074286816632,0.5566504675377866,2.2602816010186544e-05,-2.2937973968240044e-05,-2.48852178768022e-05,-3.84746232598987e-05,2.079385929931732e-05,2.074974752652725e-05,-6.486058359272961e-05,-4.295045732061187e-05,-1.0913763304032376e-05,2.4077582297943323e-06,7.842916268319122e-06
2021-08-10,0.5310252675041697,0.47479609168031967,0.4881770471844589,0.4579476410083243,0.5465453356864584,0.5450006113005065,0.43428790021996144,0.44760011642910874,0.4848335261145804,0.5540566140957401,0.5549157274920526,-6.189804808820476e-06,-5.41682506811636e-05,-5.6538588870669315e-05,-6.992856282417304e-05,-8.846394361938792e-06,-9.174242644238717e-06,-9.767339270738695e-05,-7.430550219256205e-05,-4.194618147412843e-05,-2.8256957225525348e-05,-2.2611830231444863e-05
2021-08-11,0.5293751115044931,0.47297146249147015,0.4863264997563479,0.45609868195532877,0.5448447875393044,0.543283606207682,0.4323409491030315,0.44575360292474536,0.48302915971808413,0.5522832927018105,0.553158542545101,-3.498059396489506e-05,-8.538249813760945e-05,-8.817522918663778e-05,-0.0001013618094020674,-3.84840302320999e-05,-3.909551800884703e-05,-0.00013045729869359812,-0.00010563855887107954,-7.296618709418112e-05,-5.891331099261432e-05,-5.305988552728458e-05
2021-08-12,0.5277039670128173,0.4711248807499956,0.4844537304044533,0.4542278764550487,0.543122675399991,0.5415448348629428,0.43037163124122413,0.4438853904024551,0.48120277636736597,0.5504879892542057,0.5513794326762281,-6.376103180061321e-05,-0.00011657147953886282,-0.0001197857770335875,-0.00013276506138970579,-6.811027805908587e-05,-6.900522438091361e-05,-0.0001632026002660325,-0.0001369403554004056,-0.00010396460084560744,-8.955223136264401e-05,-8.34922395490656e-05
2021-08-13,0.5260123285476836,0.4692568928891415,0.4825592933113561,0.45233577810892994,0.5413795088692073,0.539784811796704,0.4283805293873774,0.44199603169638024,0.47935491651864326,0.548671235012099,0.5495789243526672,-9.252260172099014e-05,-0.00014772596556383855,-0.00015136087834199952,-0.00016412902605961177,-9.771637095878916e-05,-9.889451099676094e-05,-0.00019589960756377645,-0.0001682016290752708,-0.00013493224979899132,-0.00012016465178665836,-0.00011389988687404706
2021-08-14,0.5243006966921292,0.46736805167656903,0.48064374907147095,0.45042294681931394,0.5396158037779738,0.5380040578281072,0.4263682327405641,0.4400860858981584,0.47748612698337434,0.5468335675822991,0.5477575503737985,-0.00012125679271535184,-0.000178836737099064,-0.00018289118953135342,-0.00019544442231012038,-0.00012729354801244153,-0.0001287545331354334,-0.00022853864501565235,-0.00019941312918203558,-0.00016585997012874554,-0.00015074151355720655,-0.00014427382939019573
2021-08-15,0.5225695779455585,0.4654589160507815,0.4787076645251562,0.4484899486237539,0.5378320820350031,0.5362030999109005,0.4243353367717365,0.43815611819147965,0.47559696076644853,0.5449755307601637,0.5459158497134856,-0.00014995510187354455,-0.00020989458796655258,-0.0002143673802755819,-0.00022670198341168124,-0.00015683305685698645,-0.0001585764547367141,-0.00026111005420581535,-0.00023056561973544554,-0.00019673860982505342,-0.00018127376848886545,-0.00017460507895894484
2021-08-16,0.5208194845738588,0.46353005095572564,0.47675161259097826,0.4465373555275145,0.5360288714722553,0.5343824709775069,0.42228244304751805,0.4362066996848381,0.47368797690254344,0.5430976743686818,0.5440543673605841,-0.00017860903690469776,-0.00024089032764851304,-0.0002457801362627521,-0.000257892459749276,-0.00018632615627722782,-0.0001883514510138129,-0.000293604196729913,-0.0002616498822129443,-0.0002275590314013698,-0.0002117523815958755,-0.00020488466007573258
2021-08-17,0.5190509344578156,0.46158202717361546,0.47477617209617395,0.4445657453343077,0.534206705688748,0.5325427097813187,0.4202101590521896,0.4342384072425334,0.4717597402906966,0.5412005540957716,0.5421736541576704,-0.0002072101186483266,-0.0002718147840070628,-0.00027712016195352573,-0.00028900662155867396,-0.00021576411878965196,-0.00021807071106616505,-0.0003260114570486361,-0.0002926567182806039,-0.0002583121145993683,-0.0002421683337661129,-0.0002351036125252115
2021-08-18,0.5172644509398613,0.4596154211560288,0.47278192760536764,0.4425757014753095,0.5323661238926513,0.5306843607372727,0.4181190980079252,0.43225182331396605,0.4698128215271442,0.539284731329843,0.540274266638039,-0.0002357498835841021,-0.00030265880599794626,-0.00030837818332979383,-0.0003200352616590796,-0.0002451382332282481,-0.00024772544048679013,-0.000358322245332221,-0.00032357695251677976,-0.0002889887590866169,-0.00027251262443050983,-0.00026525299403346025
2021-08-19,0.5154605626692104,0.4576308148533261,0.47076946924758833,0.44056781283651425,0.5305076707417311,0.5288079737607492,0.4160098786933298,0.4302475357612814,0.46784779673647103,0.5373507729936753,0.5383567668610152,-0.0002642198863366252,-0.0003334132663788125,-0.00033954495064031365,-0.0003509691981770091,-0.0002744398073198928,-0.0002773068639637666,-0.00039052700029845733,-0.00035440143512682765,-0.00031957988715086705,-0.0003027762742251472,-0.000295323882913201
2021-08-20,0.5136398034454246,0.45562879554244123,0.46873939254164143,0.4385426735844745,0.5286318961821749,0.5269141041048423,0.41388312526033266,0.4282261376854122,0.46586524740112706,0.5353992513766543,0.5364217222456332,-0.0002926117021735397,-0.0003640690644101108,-0.0003706112411372975,-0.0003817992772622847,-0.00030366017025684755,-0.00030680622787848666,-0.00042261619204231327,-0.0003851210446506603,-0.00035007644638479496,-0.0003329503276491286,-0.0003253073807042428
2021-08-21,0.5118027120604506,0.45360995565309814,0.466692298219885,0.4365008829904761,0.5267393552858525,0.5250033121960532,0.41173946704949044,0.42618822725057015,0.4638657601893566,0.5334307439654244,0.5344697054027253,-0.0003209169295005365,-0.000394617128547714,-0.0004015678618053964,-0.0004125163757989214,-0.00033279067526426065,-0.00033621480289425243,-0.0004545803248560687,-0.00041572669066131107,-0.00038046941236613563,-0.00036302585571390544,-0.000355194614808263
2021-08-22,0.5099498321391859,0.45157489259249967,0.4646287920504634,0.43444304525320493,0.5248306080860633,0.523076163468449,0.4095795384037565,0.42413440750724013,0.4618499267815943,0.5314458332729977,0.5325012939654813,-0.00034912719234470035,-0.0004250484191284376,-0.00043240565208280124,-0.0004431114041033579,-0.00036182270215701084,-0.00036552388654065293,-0.00048640994003790183,-0.00044620931645555917,-0.000410749791327214,-0.0003929939585880504,-0.00038497674111104274
2021-08-23,0.5080817119786086,0.4495242085685467,0.4625494846580511,0.432369769319955,0.5229062194118131,0.521133228196343,0.40740397848076665,0.42206528621372635,0.45981834369537733,0.5294451066663827,0.5305170704185139,-0.0003772341428358583,-0.0004553539310434007,-0.0004631154865707421,-0.0004735753086141936,-0.00039074765989033367,-0.00039472480578850444,-0.0005180956186929819,-0.00047655990173467444,-0.0004409086228165382,-0.0004228457682272646,-0.0004146449466022606
2021-08-24,0.5061989043855297,0.4474585104116341,0.46045499134315804,0.43028166870643053,0.5209667587206702,0.5191750813255411,0.4052134310637037,0.41998147565630906,0.45777161210882555,0.5274291561927711,0.5285176219254936,-0.00040522946367504975,-0.000485524696404227,-0.0004936882777354934,-0.0005038990745723226,-0.0004195569891053408,-0.0004238089196156869,-0.0005496279845189078,-0.000506769465271617,-0.00047093698235106674,-0.0004525724510002771,-0.00044419045198307305
2021-08-25,0.5043019665130076,0.44537840939508055,0.45834593190005335,0.42817936131519774,0.5190127999302567,0.5172023023032064,0.40300854437079064,0.41788359246805756,0.45571033768274455,0.5253985784043415,0.5265035401553976,-0.00043310487059633473,-0.0005155517871960891,-0.000524114978596113,-0.0005340737286871344,-0.0004482421646566648,-0.0004527676215648757,-0.0005809977065817096,-0.0005368290675703546,-0.0005008259840558194,-0.00048216521030375326,-0.00047360451426270433
2021-08-26,0.502391459695477,0.44328452105424226,0.45622293043335754,0.42606346925283645,0.5170449212484145,0.5152154749063899,0.40078997086347323,0.4157722574463583,0.4536351303813996,0.5233539741817297,0.5244754211074252,-0.0004608521148187217,-0.0005454263179197616,-0.0005543865854025776,-0.0005640903417932219,-0.0004767946981402149,-0.00048159234229083747,-0.0006121955020758074,-0.0005667298135116905,-0.0005305667832943284,-0.0005116152891647685,-0.0005028784293468203
2021-08-27,0.5004679492826429,0.44117746500436683,0.4540866151733609,0.4239346186458492,0.5150637050021059,0.5132151870692835,0.3985583670533456,0.41364809536921315,0.451546604292018,0.5212959485562206,0.522433864934632,-0.0004884629854856604,-0.0005751394482209071,-0.0005844941402988746,-0.0005939400314918797,-0.000505206140401615,-0.000510274552094514,-0.0006432121390715917,-0.0005964628549829376,-0.000560150579285601,-0.0005409139728301815,-0.0005320035346132457
2021-08-28,0.49853200447218254,0.4390578647572388,0.4519376182901184,0.4217934394553805,0.5130697374650925,0.51120203070924,0.39631439330787843,0.41151173481035447,0.4494453774430707,0.5192251105307069,0.5203794757663346,-0.0005159293120965414,-0.0006046823855060945,-0.0006144287339757137,-0.0006236139647797234,-0.0005334680840382022,-0.0005388057634486687,-0.0006740384392470156,-0.000626019393499655,-0.0005895686177085913,-0.0005700525913485688,-0.0005609712114749144
2021-08-29,0.4965841981413117,0.4369263475366721,0.44977657570638213,0.41964056529080135,0.5110636086844488,0.5091766015516143,0.3940587136550048,0.409363807953243,0.447332071621388,0.5171420728994766,0.5183128615293405,-0.0005432429669234851,-0.0006340463875451618,-0.0006441815083048086,-0.000653103360662266,-0.0005615721658859263,-0.0005671775335092111,-0.0007046652806042553,-0.0006553906828057898,-0.0006188121932922952,-0.0005990225221341738,-0.0005897728879296071
2021-08-30,0.49462510667726073,0.43478354409290537,0.44760412690942014,0.4174766332222132,0.5090459123059562,0.507139498953481,0.39179199558662464,0.4072049504039919,0.44520731218816223,0.515047452066878,0.5162346337680506,-0.0005703958674166953,-0.0006632227650572031,-0.0006737436589618895,-0.0006823994927530053,-0.0005895100694950361,-0.0005953814666119772,-0.0007350836001677741,-0.0006845680314649938,-0.0006478726523921896,-0.0006278151925179776,-0.0006184000410984769
2021-08-31,0.4926553098067127,0.43263008851595186,0.4454209147617831,0.4153022835919294,0.507017245398435,0.5050913257262721,0.3895149098610822,0.4050358010032831,0.44307172789389343,0.5129418678649144,0.5141454074634952,-0.0005973799785960465,-0.0006922028842829553,-0.0007031064380306762,-0.0007114936918551917,-0.000617273527590112,-0.0006234092167602956,-0.0007652843966678424,-0.0007135428054299564,-0.0006767413955512946,-0.0006564220822858902,-0.0006468441997458108
2021-09-01,0.4906753904242528,0.4304666180479627,0.44322758531106976,0.4131181598249878,0.5049782082770609,0.5030326879573975,0.38722813030467856,0.4028570016373227,0.44092595069233326,0.5108259433698271,0.51204580085135,-0.0006241873154285149,-0.0007209781695386441,-0.0007322611565927506,-0.0007403773485269993,-0.000644854324517663,-0.0006512524900919026,-0.0007952587332025751,-0.0007423064305988047,-0.0007054098800434172,-0.0006848347261987353,-0.000675096946787912
2021-09-02,0.48868593441987973,0.42829377289465603,0.44102478759875224,0.4109249082387499,0.5029294043257233,0.5009641948308936,0.3849323336122753,0.4006691970478963,0.4387706155534773,0.5087003047177161,0.509936435238991,-0.0006508099451923433,-0.0007495401057546758,-0.000761199187297279,-0.0007690419156299866,-0.0006722442986756283,-0.0006789030473338675,-0.0008249977398835373,-0.0007708503953523516,-0.0007338696224031827,-0.0007130447164979126,-0.0007031499217822201
2021-09-03,0.4866875305056328,0.42611219603587064,0.4388131734681126,0.40872317785164625,0.5008714398184736,0.4988864584471552,0.3826281991470493,0.39847303464158,0.4366063602756694,0.5065655809192563,0.5078179348216394,-0.0006772399898227754,-0.0007778802409944552,-0.0007899119669161347,-0.0007974789108574076,-0.0006994353449301105,-0.000706352706241753,-0.0008544926164604782,-0.0007991662530724697,-0.0007621122009348058,-0.0007410437053941843,-0.0007309948234021091
2021-09-04,0.48468077004138127,0.42392253303529726,0.43659339737135416,0.406513620191121,0.4988049237401185,0.49680009364180594,0.38031640873945893,0.39626916429816356,0.43443382529686564,0.5044224036735648,0.5056909264976521,-0.0007034696282446351,-0.0008059901889559407,-0.000818390998875318,-0.000825679919244704,-0.000726419417013624,-0.0007335933440195674,-0.0008837346349246378,-0.000827245624640427,-0.0007901292582051522,-0.0007688234075353684,-0.0007586234118931445
2021-09-05,0.4826662468598324,0.42172543184944594,0.4343661161759366,0.4042968891008338,0.49673046760601297,0.494705717803758,0.37799764648547884,0.39405823817833774,0.43225365350511924,0.5022714071812686,0.5035560396830122,-0.0007294910986854752,-0.0008338616314534364,-0.0008466278557710538,-0.0008536365956601788,-0.0007531885299045804,-0.0007606168997245644,-0.0009127151420925128,-0.0008550802009192338,-0.0008179125035157053,-0.0007963756024611524,-0.0007860275115116888
2021-09-06,0.4806445570908058,0.41952154263590546,0.4321319889701986,0.4020736405471783,0.4946486852811019,0.4926039506925172,0.3756725985441652,0.391840910530712,0.43006649004833836,0.5001132279568357,0.5014139061250761,-0.0007552967009741285,-0.0008614863208786239,-0.0008746141818639086,-0.0008813406672733004,-0.0007797347621917305,-0.0007874153766516678,-0.0009414255621656986,-0.000882661745209623,-0.0008454537153581021,-0.0008236921370340378,-0.0008131990129429667
2021-09-07,0.47861629898483043,0.41731151756095153,0.42989167686832475,0.3998445324251704,0.4925601927982679,0.490495414254786,0.3733419529346105,0.38961783749821055,0.4278729821433788,0.4979485046402213,0.4992651597156259,-0.0007808787988171639,-0.0008888560826414427,-0.0009023416955487584,-0.0009087839360034655,-0.0008060502584180118,-0.0008139808447005237,-0.0009698573992688586,-0.0009099820956890436,-0.0008727447438435232,-0.0008507649278511331,-0.00084012987570381
2021-09-08,0.476582072736111,0.4150960106065594,0.42764584281470874,0.3976102243637659,0.49046560817603707,0.488380732440419,0.3710063993323469,0.38738967692390963,0.4256737788845193,0.4957778778078805,0.497110436303295,-0.0008062298220606334,-0.0009159628175892665,-0.0009298021918086041,-0.0009359582809460587,-0.0008321272314048,-0.0008403054427219003,-0.000998002239964102,-0.0009370331678260624,-0.0008997775131182606,-0.000877585963639127,-0.0008668121305177579
2021-09-09,0.47454248030492224,0.41287567737688124,0.425395151387779,0.395371377530667,0.48836555123569786,0.4862605310177875,0.3686666288652609,0.38515708815637095,0.42346953105138585,0.4936019897832163,0.494950373505407,-0.0008313422689287253,-0.0009427985044027087,-0.0009569875446410192,-0.0009628556607752525,-0.000857957964556233,-0.0008663813808435505,-0.0010258517557401592,-0.0009638069567731722,-0.0009265440237509193,-0.0009041473076210615,-0.0008932378816767228
2021-09-10,0.47249812523947854,0.41065117490424147,0.42314026860333914,0.3931286544366709,0.4862606434178856,0.4841354373886031,0.3663233339090769,0.38292073185452924,0.42126089091637536,0.4914214844465011,0.49278561051929576,-0.000856208708244377,-0.0009693552019703899,-0.0009838897094622823,-0.000989468116123604,-0.0008835348141426613,-0.000892200942775645,-0.0010533977054773547,-0.000990295539735897,-0.0009530363551002452,-0.0009304410998685064,-0.0009193993093757902
2021-09-11,0.4704496124973338,0.40842316145470997,0.42088186171748243,0.39088271873962355,0.48415150759868836,0.4820060804022599,0.3639772078824723,0.3806812697921943,0.4190485120516374,0.48923700704434514,0.49061678793315683,-0.0008808217816284047,-0.0009956250517388354,-0.0010105007254894716,-0.0010157877719371156,-0.0009088502115628394,-0.0009177564880949451,-0.0010806319378861562,-0.0010164910783159176,-0.0009792466676592504,-0.0009564595596252001,-0.0009452886720273668
2021-09-12,0.4683975482663664,0.40619229633331244,0.41862059902914095,0.3886342350480306,0.48203876790532735,0.47987309016974855,0.3616289450418842,0.3784393646622198,0.4168330491356719,0.48704920399875684,0.4884445475364864,-0.0009051742056759293,-0.0010216002800361168,-0.0010368127180943043,-0.0010418068398069802,-0.0009338966655837999,-0.0009430404545039961,-0.0011075463939186903,-0.001042385820831937,-0.0010051672053746352,-0.0009821949876100966,-0.0009708983085525702
2021-09-13,0.4663425397853967,0.40395923968892905,0.4163571496823238,0.3863838687243917,0.4799230495314692,0.4777370978771952,0.3592792402760668,0.37619567988040226,0.41461515775959873,0.48485872271585556,0.48626953213016544,-0.0009292587741132619,-0.001047273200374732,-0.0010628179011354932,-0.0010675176202715742,-0.0009586667645560265,-0.0009680453600704464,-0.0011341331091546114,-0.0010679721046131796,-0.0010307902979425076,-0.0010076397682961535,-0.0009962206406483598
2021-09-14,0.4642851951644959,0.40172465231894766,0.4140921834681088,0.38413228568830676,0.4778049785522191,0.47559873559908417,0.3569287889004636,0.37395087938916566,0.41239549423315885,0.48266621139429433,0.484092385336246,-0.0009530683599289214,-0.0010726362157240654,-0.0010885085792604055,-0.0010929125050974653,-0.0009831531786091974,-0.0009927638054404997,-0.00116038421615694,-0.0010932423582670214,-0.0010561083630772905,-0.001032786372163419,-0.0010212481750285773
2021-09-15,0.46222612320503687,0.39948919547372164,0.4118263706264382,0.38188015221942034,0.4756851817388562,0.47345863611121625,0.3545782864514517,0.37170562746109154,0.4101747153905006,0.4804723188334471,0.48191375140749065,-0.0009765959174836136,-0.001097681820760421,-0.0011138771501842948,-0.0011179839795301127,-0.0010073486618193406,-0.0010171884760284966,-0.0011862919468010324,-0.0011181891039181435,-0.0010811139087561483,-0.0010576273579275264,-0.0010459735056436714
2021-09-16,0.4601659332195397,0.39725353066089697,0.40956038164778513,0.37962813476025964,0.4735642863733617,0.4713174327034609,0.3522284284805216,0.36946058850234736,0.4079534783958121,0.47827769424141925,0.4797342750367302,-0.0009998344845943974,-0.0011224026040857482,-0.0011389161069390585,-0.001142724624516367,-0.001031246054354118,-0.001041312144181572,-0.0012118486345724655,-0.00114280495942376,-0.0011057995354363803,-0.0010821553747407675,-0.0010703893158703348
2021-09-17,0.4581052348513666,0.39501831944966,0.40729488707474504,0.37737689971902194,0.4714429200627965,0.4691757589923552,0.3498799103484528,0.3672164268560806,0.40573244054885677,0.47608298704293595,0.47755460116608706,-0.0010227771845952027,-0.001146791250422885,-0.0011636180400942386,-0.0011671271189017673,-0.001054838284589965,-0.0010651276713180002,-0.0012370467168359989,-0.0011670826405558166,-0.0011301579382432259,-0.0011063631643681293,-0.0010944883806774386
2021-09-18,0.45604463789431793,0.39278422327496904,0.4050305573036101,0.37512711327237525,0.4693217105535812,0.4670342487336062,0.3475334270195442,0.3649738066058276,0.40351225909046656,0.47388884668716635,0.4753753747961271,-0.001045417228372314,-0.0011708405427790503,-0.0011879756399504893,-0.0011911842415951446,-0.0010781183712068043,-0.0010886280100403933,-0.001261878737074007,-0.001191014963157766,-0.0011541819091335226,-0.0011302435633354646,-0.0011182635687640996
2021-09-19,0.4539847521121849,0.39055190324182537,0.402768062385989,0.3728794411683242,0.46720128554573653,0.4648935356345536,0.3451896728559642,0.36273339137900024,0.40129359100805395,0.4716959224555418,0.47319724079499353,-0.0010677479163725412,-0.001194543364581635,-0.0012119816987025134,-0.0012148888737074093,-0.0011010794252523382,-0.001111806206220034,-0.0012863373470921036,-0.0012145948452707556,-0.0011778643390281118,-0.0011537895050489078,-0.0011417078446697149
2021-09-20,0.4519261870583114,0.38832201992964166,0.40050807183052844,0.3706345485292065,0.46508227250713696,0.46275425316664376,0.34284934141227746,0.3604958441505092,0.3990770928411997,0.4695048632696237,0.47102084370758013,-0.0010897626405856897,-0.0012178927017840735,-0.0012356291125706353,-0.00123823400065598,-0.0011237146521811403,-0.0011346554010560062,-0.001310415309193902,-0.0012378153092281186,-0.001201198219914712,-0.0011769940218847585,-0.0011648142708556852
2021-09-21,0.4498695518952155,0.3860952331967652,0.3982512544047929,0.3683930996548704,0.4629652984878319,0.46061703437797663,0.34051312523021005,0.3582618270465782,0.39686342048737155,0.4673163174990756,0.4688468275647998,-0.0011114548865009954,-0.0012408816449421267,-0.0012589108839052843,-0.001261212714242732,-0.0011460173538656027,-0.0011571688331041274,-0.001334105498323357,-0.0012606694837207777,-0.0012241766469225368,-0.0011998502472536088,-0.0011875760097590504
2021-09-22,0.44781545521433025,0.38387220198521566,0.39599827793736786,0.3661557578260996,0.4608509899344925,0.45848251170597654,0.33818171563371685,0.35603200114880984,0.3946532290078333,0.4651309327698013,0.4666758356930059,-0.0011328182350338056,-0.001263503391257692,-0.001281820123255284,-0.0012838182146961974,-0.0011679809305775724,-0.0011793398402774047,-0.001357400904171857,-0.0012831506058311737,-0.0012467928203654943,-0.0012223514176307182,-0.0012099863258148158
2021-09-23,0.4457645048559106,0.3816535841256939,0.3937498091202369,0.36392318510833654,0.4587399725050361,0.4563513167902432,0.33585580252440594,0.35380702629856214,0.3924471724338023,0.462949355772302,0.4645085105236214,-0.0011538463644256147,-0.0012857512465918597,-0.0013043500514081652,-0.001306043812685287,-0.0011895988829408455,-0.001201161861818234,-0.001380294633254453,-0.0013052520230331655,-0.001269040047754022,-0.0012444908745573025,-0.0012320385874496353
2021-09-24,0.4437173077291645,0.37944003614291844,0.391506513311497,0.36169604215576684,0.45663287088348264,0.4542240802856399,0.3335360741773867,0.35158756090168924,0.3902459035729111,0.460772232070309,0.4623454934030325,-0.0011745330521145125,-0.001307618627446494,-0.0013264940013961168,-0.0013278829312982077,-0.0012108648138561273,-0.0012226284402392373,-0.001402779910948282,-0.001326967195162343,-0.0012909117457753916,-0.0012662620666124558,-0.0012537262690450746
2021-09-25,0.44167446963265766,0.37723221306135035,0.3892690543384696,0.3594749880158217,0.4545303085951021,0.45210143167567207,0.3312232170375978,0.34937426173371033,0.3880500738160306,0.4586002059097526,0.4601874244028048,-0.0011948721765769332,-0.0013290990629115096,-0.0013482454204675753,-0.0013493291079880176,-0.0012317724303918531,-0.0012437332232346776,-0.0014248500834979638,-0.001348289696349314,-0.0013124014422422614,-0.001287658551349713,-0.001275042952866956
2021-09-26,0.4396365950750493,0.37503076821135944,0.3870380943012616,0.3572606799341544,0.45243290782190226,0.44998399908621395,0.3289179155166774,0.3471677837454572,0.38586033294451305,0.4564339200281179,0.4580349421302755,-0.0012148577191385401,-0.0013501861965807826,-0.001369597872028172,-0.001370375996486095,-0.0012523155456483637,-0.0012644699655594005,-0.0014464986199841934,-0.0013692132169234594,-0.0013335027780081998,-0.0013086739972054673,-0.0012959823309657281
2021-09-27,0.43760428709620697,0.37283635303589485,0.3848142933768409,0.35505377316015097,0.45034128921851624,0.4478724090996345,0.32662085179043415,0.3449687798692659,0.3836773289379121,0.45427401546424984,0.45588868353957923,-0.0012344837657560226,-0.0013708737884321476,-0.0013905450375437112,-0.0013910173686796923,-0.0012724880805871641,-0.0012848325308781328,-0.0014677191142568602,-0.0013897315652781073,-0.0013542095088479589,-0.0013293021853706954,-0.001316538207042306
2021-09-28,0.4355781470887585,0.37064961689771186,0.38259830962367886,0.35285492075303165,0.4482560717285399,0.4457672865693832,0.32433270559698074,0.34277790082576176,0.3815017077822344,0.4521211313686582,0.4537492837431628,-0.0012537445087660304,-0.0013911557166741972,-0.0014110807184107843,-0.0014112471164545726,-0.0012922840658301515,-0.0013048148935799753,-0.0014885052868304771,-0.0014098386697039,-0.0013745155073070503,-0.0013495370116329286,-0.0013367044982825482
2021-09-29,0.43355877462012954,0.3684712068872148,0.3803907987870194,0.3506647733885999,0.4461778724013758,0.44366925443508487,0.3220541540355887,0.34059579493130154,0.37933411327878247,0.4499759048143836,0.451617375823846,-0.0012726342486051867,-0.001411025979558278,-0.0014311988377912477,-0.0014310592535028421,-0.0013116976434274785,-0.0013244111405624204,-0.001508850986741972,-0.0014295285801852464,-0.001394414764513574,-0.001369372488181364,-0.0013564752371559297
2021-09-30,0.43154676725512187,0.3663017676309731,0.37819241410483473,0.3484839791666968,0.44410730620964034,0.4415789335382023,0.31978587136632364,0.3384231079061263,0.377175186853643,0.4478389706084766,0.44949359064748096,-0.0012911473954955732,-0.001430478697153681,-0.0014508934424097286,-0.0014504479170945328,-0.0013307230685888904,-0.0013436154729803973,-0.001528750193371009,-0.0014487954701608574,-0.0014139013919572951,-0.0013888027453795582,-0.001375844573183016
2021-10-01,0.4295427203790851,0.36414194110096576,0.3760038061145209,0.3463131834194185,0.44204498586718166,0.43949694243831866,0.3175285288105202,0.3362604826832817,0.3750255673678789,0.4457109611041489,0.4473785566762694,-0.0013092784710990735,-0.0014495081130882492,-0.001470158704315938,-0.001469407369811937,-0.0013493547113850313,-0.0013624222079633985,-0.0015481970182227855,-0.0014676336382479782,-0.0014329696232316946,-0.001407822033501649,-0.0013948067746660797
2021-10-02,0.4275472270217319,0.36199236642461097,0.3738256224603933,0.344153028520151,0.43999152164776867,0.43742389723009656,0.3152827943521577,0.33410855921836474,0.37288589092848007,0.4435925060136489,0.4452728997827917,-0.0013270221101385204,-0.0014681085962520712,-0.0014889889226091801,-0.0014879320012481934,-0.0013675870584131111,-0.001380825780295858,-0.001567185706668972,-0.0014860375099294831,-0.0014516138157403824,-0.0014264247244345496,-0.001413356230384022
2021-10-03,0.425560877681651,0.35985367969563903,0.371658507702039,0.3420041536934827,0.43794752120450114,0.43536041136096515,0.3130493325401931,0.3319679743001495,0.3707567907001291,0.441484232221921,0.4431772430647993,-0.0013443730619860372,-0.0014862746424625373,-0.0015073785251246696,-0.0015060163296668483,-0.001385414714428046,-0.001398820744064444,-0.0015857106396507947,-0.0015040016392040556,-0.0014698284523667615,-0.0014446053133422843,-0.0014314874512545428
2021-10-04,0.42358426015156925,0.35772651378586107,0.36950310312358065,0.33986719482604666,0.43591358938999475,0.4333070954495913,0.31082880429190934,0.32983936136215236,0.3686388967178376,0.4393867636010987,0.4410922066608304,-0.0013613261922157394,-0.0015040008760944246,-0.0015253220700829906,-0.0015236550036243357,-0.0014028324039399576,-0.001416401774270215,-0.0016037663353428155,-0.0015215207101962336,-0.0014876081431066113,-0.0014623584202963502,-0.0014491950719580649
2021-10-05,0.4216179593444151,0.3556114981578928,0.3673600465439101,0.33774278427835264,0.4338903280773964,0.43126455710518813,0.3086218666973401,0.3277233502951877,0.3665328357005083,0.43730072082589205,0.4390184075667026,-0.001377876484123186,-0.0015212820516698478,-0.0015428142477007523,-0.0015408428035526,-0.0014198349727739812,-0.0014335636684030817,-0.0016213474507739134,-0.001538589538731261,-0.0015049476266637551,-0.0014796787918668342,-0.0014664738525242416
2021-10-06,0.4196625571202315,0.35350925867888555,0.3652299721279474,0.3356315506976599,0.4318783359822794,0.42923340074771293,0.30642917282482546,0.3256205672609732,0.36443923086547964,0.43522672118991945,0.43695645945293166,-0.0013940190402113584,-0.0015381130554112943,-0.0015598498817612216,-0.001557574643305526,-0.0014364173895969334,-0.0014503013479826299,-0.001638448783409574,-0.0015552030738685274,-0.0015218417720059274,-0.0014965613026769464,-0.0014833186798842157
2021-10-07,0.41771863211399624,0.35142041743532293,0.36311351019898225,0.3335341188319513,0.429878208485475,0.4272142274290099,0.30425137152775983,0.3235316345068396,0.36235870174410517,0.4331653784230405,0.43490697248313787,-0.00140974908363789,-0.0015544889067539702,-0.0015764239311459871,-0.0015738455716626243,-0.0014525747474042894,-0.0014666098600603084,-0.0016550652726898818,-0.0015713563993952628,-0.0015382855798835582,-0.0015130009569204739,-0.0014997245693827987
2021-10-08,0.4157867595643936,0.34934559254893544,0.36101128705214974,0.33145110934506056,0.42789053745688804,0.4252076346549496,0.302089107252584,0.3214571701815963,0.36029186399842433,0.43111730250974406,0.4328705531334891,-0.0014250619596296588,-0.0015704047598197324,-0.0015925314913274868,-0.001589650773794249,-0.0014683022649742972,-0.0014824843786848119,-0.0016711920015287651,-0.0015870447352828165,-0.0015542741843095342,-0.001528992889838543,-0.0015156866662529023
2021-10-09,0.41386751114359155,0.3472853979937878,0.3589239247691007,0.3293831386330069,0.4259159110803546,0.42321421620861666,0.29994301984808486,0.3193977881526124,0.35823932923897844,0.4290830995086425,0.4308478040132336,-0.0014399531368607388,-0.0015858559048513299,-0.0016081677958192375,-0.0016049855726871787,-0.001483595288281403,-0.0014979202063308827,-0.0016868241977673337,-0.0016022634390999158,-0.001569802853998492,-0.0015445323691621327,-0.0015312002470533326
2021-10-10,0.41196145478807555,0.34524044341459365,0.356852041033917,0.3273308186415951,0.42395491367958804,0.4212345619746006,0.29781374437605246,0.3173540978241622,0.3562017048438248,0.427063371373132,0.4288393236863789,-0.0014544182087919966,-0.0016008377696071774,-0.0016233282175873165,-0.0016198454305270116,-0.0014984492918739822,-0.001512912775288644,-0.0017019572355875257,-0.0016170080073876214,-0.0015848669937672533,-0.0015596147965079021,-0.0015462607210659507
2021-10-11,0.4100691545305868,0.3432113339463136,0.3547962489503295,0.3252947566853285,0.422008125545269,0.4192692577644386,0.29570191092335557,0.3153267039570937,0.35417959377880404,0.42505871577326143,0.4268457064945671,-0.0014684528949760467,-0.0016153459207117749,-0.001638008270418767,-0.001634225950043533,-0.0015128598802132132,-0.0015274576490157399,-0.0017165866368798466,-0.001631274076990763,-0.0015994621458945701,-0.0015742357087439318,-0.0015608636316543634
2021-10-12,0.4081911703332158,0.3411986700350844,0.3527571568602901,0.32327555526769763,0.42007612276332695,0.41731888514326515,0.2936081444154892,0.3133162064898699,0.3521735944191132,0.42306972591887504,0.4248675423811994,-0.0014820530423231837,-0.0016293760649699895,-0.0016522036102500914,-0.001648122875809066,-0.001526822788974369,-0.0015415505234502302,-0.0017307080725690316,-0.0016450574263499607,-0.0016135839914399042,-0.0015883907793065033,-0.0015750046575822574
2021-10-13,0.4063280579217003,0.33920304726053796,0.3507353681639539,0.32127381190288756,0.418159477044468,0.41538402125771773,0.2915330644316485,0.3113232003610374,0.3501843003722361,0.42109699038407017,0.4229054167168626,-0.001495214626331065,-0.0016429240506365406,-0.0016659100364519452,-0.0016615320954999624,-0.0015403338863081428,-0.00155518722828335,-0.001744317363895187,-0.001658353976750071,-0.0016272283515221808,-0.001602075819482962,-0.0015886796142924875
2021-10-14,0.4044803686209772,0.33722505615955994,0.3487314811411239,0.319290118938965,0.4162587555549963,0.4134652386651485,0.28947728502138553,0.30934827533317377,0.34821230030228584,0.4191410929330303,0.42095991012610845,-0.0015079337522755365,-0.0016559858686442386,-0.0016791234930719212,-0.0016744496411122967,-0.00155338917406328,-0.00156836372819541,-0.0017574104836498572,-0.0016711597935281097,-0.0016403911885556899,-0.0016152867796491721,-0.0016018844551454747
2021-10-15,0.40264864919203747,0.3352652820515397,0.3467460887742094,0.3173250633825927,0.41437452074898035,0.41156310516419725,0.28744141452290184,0.3073920158183682,0.3462581777558096,0.4172026123472779,0.4190315983156369,-0.0015202066563622663,-0.0016685576537913138,-0.001691840070035866,-0.0016868716901362601,-0.0015659847889701317,-0.001581076124047509,-0.0017699835573686262,-0.0016834710872370984,-0.001653068607445185,-0.0016280197504701666,-0.0016146152726165819
2021-10-16,0.40083344167012963,0.33332430486516557,0.34477977857275377,0.3153792267253241,0.4125073302018135,0.40967818362676905,0.2854260553830323,0.30545500070528475,0.3443225109891078,0.4152821222544059,0.4171210519039368,-0.00153202970684152,-0.0016806356858842242,-0.0017040560043039554,-0.0016987945666880888,-0.00157811700378363,-0.0015933206540375555,-0.0017820328644762573,-0.001695284214766557,-0.0016652568567381842,-0.0016402709640546131,-0.0016268682994516892
2021-10-17,0.399035283204363,0.3314026989668147,0.3428331323995805,0.3134531847715314,0.4106577364452188,0.40781103183147255,0.28343180397897,0.30353780318785856,0.3424058727971182,0.41338019095833056,0.4152288362524288,-0.001543399405082635,-0.0016922163908386079,-0.0017157676809847477,-0.001710214742597027,-0.001589782228386516,-0.001605093694811932,-0.0017935548393893108,-0.001706595680422529,-0.0016769523297362476,-0.0016520367950711434,-0.001638639909783246
2021-10-18,0.3972547058987574,0.3295010329905876,0.34090672629861096,0.3115475074680164,0.40882628680374605,0.4059622022985633,0.2814592504417902,0.3016409905956798,0.34050883034391816,0.4114973812711211,0.413355511298167,-0.0015543123866088027,-0.0017032963417378255,-0.001726971634404495,-0.0017211288384486045,-0.0016009770108508237,-0.0016163917625385271,-0.001804546072569746,-0.001717402136960311,-0.0016881515655601254,-0.001663313761821661,-0.0016499266202023022
2021-10-19,0.395492236654784,0.3276198696700415,0.33900113032440277,0.3096627587353523,0.40701352323280954,0.40413224212644505,0.27950897848181966,0.29976512422611123,0.3386319449948896,0.40963425034645606,0.4115016313881445,-0.0015647654220934948,-0.0017138722598464273,-0.0017376645491335996,-0.001731533624586612,-0.0016116980384601742,-0.0016272115139373544,-0.0018150033115350017,-0.0017277003865753815,-0.0016988512501760478,-0.001674098527269463,-0.001660725090789572
2021-10-20,0.393748397015448,0.3257597656716684,0.3371169083734632,0.30779949630101183,0.4052199821583142,0.4023216928297739,0.2775815652159083,0.2979107591781918,0.3367757721506035,0.40779134951475027,0.40966774511525245,-0.001574755418314866,-0.0017239410155794332,-0.0017478432609662198,-0.0017414260220673938,-0.0016219421386903798,-0.001637549747269873,-0.0018249234618197274,-0.0017374873818499226,-0.0017090482173753307,-0.0016843879000298378,-0.0016710321261040328
2021-10-21,0.39202370301095396,0.3239212714301673,0.33525461801738193,0.3059582715343263,0.4034461943179193,0.4005310901792155,0.2756775809966507,0.29607844418837254,0.33494086108246784,0.40596922412000985,0.40785439515594346,-0.0015842794190727427,-0.001733499629430424,-0.0017575047578575198,-0.0017508031035713412,-0.0016317062801472493,-0.001647403403286729,-0.0018343035878917724,-0.0017467602266548754,-0.0017187394497107933,-0.0016941788353110332,-0.0016808446761281126
2021-10-22,0.39031866500600554,0.3221049309855629,0.3334148103378359,0.3041396292833266,0.4016926846039846,0.3987609640429026,0.273797589243609,0.2942687214681383,0.33312775477018813,0.40416841335845377,0.40606211810964465,-0.0015933346060619802,-0.0017425452728517254,-0.0017666461808160672,-0.0017596620942693098,-0.0016409875734639257,-0.001656769566132088,-0.001843140914021546,-0.0017555161770060335,-0.0017279220793914307,-0.0017034684358184227,-0.001690159837170302
2021-10-23,0.38863378754878,0.3203112818222147,0.33159802976351804,0.3023441077135138,0.3999599719082452,0.3970118382296372,0.27194214627658964,0.29248212654355776,0.3313369897410924,0.40238945011895916,0.40429144433996883,-0.001601918299706906,-0.0017510752690920173,-0.0017752648247466585,-0.0017680003726435745,-0.0016497832721569794,-0.0016656454642081098,-0.0018514328251011958,-0.0017637526418767813,-0.0017365933891291818,-0.0017122539526091551,-0.0016989748527245774
2021-10-24,0.38696956922162384,0.3185408547097672,0.329804813909029,0.300572238148608,0.398248568968265,0.3952842303338883,0.2701118011510177,0.2907191880968125,0.32956909591136335,0.40063286082536875,0.40254289781777164,-0.0016100279599544631,-0.0017590870939881986,-0.001783358139254454,-0.001775815471262765,-0.0016580907734370376,-0.0016740284709935715,-0.0018591768674212084,-0.0017714671839647034,-0.0017447508129439515,-0.0017205327859081687,-0.00170728711428636
2021-10-25,0.38532650249351486,0.31679417354608663,0.32803569341579036,0.2988245449133196,0.3965589822157073,0.3935786515826266,0.26830709549546283,0.2889804278097518,0.3278245964292278,0.39889916528071584,0.4008169959661009,-0.0016176611870259427,-0.001766578376712069,-0.0017909237293974312,-0.0017831050775142243,-0.0016659076189813327,-0.0016819161058220788,-0.001866370749395052,-0.0017786575204128963,-0.0017523919369230034,-0.0017283024858749663,-0.0017150941621231208
2021-10-26,0.3837050735743324,0.3150717552022306,0.3262911917950185,0.2971015451781949,0.39489171162647535,0.39189560668404505,0.26652856335136405,0.2872663602095188,0.32610400752014923,0.3971888765134044,0.39911424950708146,-0.0016248157221262494,-0.0017735469004728777,-0.0017979593563955398,-0.001789867034285686,-0.0016732314956592331,-0.0016893060346153121,-0.0018730123422369127,-0.0017853215234848174,-0.0017595144999343337,-0.001735560753330423,-0.0017223936860039646
2021-10-27,0.3821057622709794,0.31337410936949783,0.32457182527280914,0.295403748806576,0.39324725057275994,0.39023559367820654,0.26477673101499616,0.2855774925162927,0.324407838334067,0.39550250062539655,0.3974351623107849,-0.0016314894481140318,-0.001779990603172299,-0.0018044629382937827,-0.0017960993406054837,-0.0016800602362179728,-0.0016961960705744739,-0.0018790996805929105,-0.0017914572211949475,-0.0017661163942973568,-0.0017423054404364646,-0.0017291835258826382
2021-10-28,0.38052904184540154,0.31170173840860327,0.32287810263737826,0.29373165820372393,0.39162608567704416,0.3885991037896664,0.26305211688173197,0.28391432449319554,0.32273659079473216,0.3938405366424486,0.39578023124612655,-0.0016376803901258508,-0.0017859075780147782,-0.001810432550577612,-0.0018018001522340232,-0.0016863918199230832,-0.0017025841748274928,-0.0018846309631216362,-0.001797062797891602,-0.0017721956664052407,-0.0017485345513318373,-0.0017354616725361316
2021-10-29,0.3789753788745395,0.3100551372010196,0.3212105250885031,0.2920857681681495,0.39002869666810236,0.3869866212821115,0.2613552312926398,0.2822773482984032,0.32109075945117915,0.39220347636644187,0.39414994603383374,-0.0016433867161624316,-0.0017912960740725237,-0.001815866426742585,-0.00180696778220929,-0.0016922243731573583,-0.0017084684570310427,-0.0018896045530276129,-0.0018021365947942791,-0.0017777505173038333,-0.001754246242722024,-0.0017412262681599233
2021-10-30,0.3774452331122627,0.30843479300253573,0.3195695860892092,0.29046656574519425,0.388455556239042,0.38539862331505814,0.2596865763834658,0.28066704833950784,0.319470831331382,0.3905918042298493,0.3925447891015298,-0.0016486067376300095,-0.0017961544968027043,-0.0018207629588175012,-0.0018116007013464497,-0.0016975561699741903,-0.0017138471759314267,-0.0018940189785454642,-0.0018066771104849888,-0.0017827793032226813,-0.0017594388244262515,-0.0017464756069170972
2021-10-31,0.37593905735331945,0.3068411852990687,0.3179557712197465,0.2888745300829053,0.3869071299074252,0.38383557980265287,0.2580466459360436,0.27908390113017467,0.3178772857981329,0.38900599715238593,0.3909652354409753,-0.0016533389098405404,-0.001800481408520016,-0.0018251206978394663,-0.001815697538690264,-0.0017023856326094378,-0.00171871873987961,-0.0018978729333757327,-0.0018106830013521757,-0.0017872805360638067,-0.0017641107598753147,-0.00175120813544416
2021-11-01,0.374457297299349,0.30527478566477667,0.3163695580338987,0.2873101322902487,0.38538387587751566,0.3822979532746184,0.2564359252321765,0.2775283751491334,0.31631059440719317,0.387446524399879,0.38941175246751086,-0.001657581832468058,-0.001804275528821564,-0.0018289383542836601,-0.0018192570819206,-0.0017067113319469973,-0.0017230817073008442,-0.0019011652770712373,-0.001814153081988068,-0.001791252883839578,-0.0017682606665687661,-0.0017554224533097296
2021-11-02,0.3730003914269907,0.3037360576225122,0.31481141591766715,0.28577383529769984,0.3838862449046871,0.38078619873938213,0.2548548909100349,0.27600093070154774,0.31477122076775077,0.38591384744540524,0.38788479988174157,-0.001661334249963231,-0.0018075357349662258,-0.0018322147984440318,-0.0018222782777114754,-0.0017105319879434089,-0.0017269347871234353,-0.00190389503537447,-0.0018170863255400627,-0.0017946951710687276,-0.00177188731648259,-0.0017591173134294258
2021-11-03,0.3715687708581313,0.30222545650665916,0.31328180595037197,0.28426609372025574,0.3824146801620393,0.37930076354943293,0.25330401082311105,0.274502019782804,0.3132596204052319,0.3844084198327341,0.3863848295335039,-0.001664595051925677,-0.0018102610622062754,-0.0018349490607681984,-0.0018247602320422551,-0.0017138464700046097,-0.0017302768391586065,-0.0019060614005059762,-0.0018194818640142607,-0.0017976063791227959,-0.0017749896364325224,-0.0017622916224345753
2021-11-04,0.3701628592323299,0.30074342932839065,0.31178118076821204,0.28278735372290636,0.3809696171092547,0.3778420872689418,0.251783743901774,0.2730320859447581,0.3117762406265034,0.3829306870421162,0.384912285288156,-0.0016673632734314214,-0.0018124507040737647,-0.0018371403321434943,-0.0018267022104627717,-0.0017166537973222762,-0.0017331068744397826,-0.0019076637314034417,-0.0018213389885323172,-0.0017999856465285013,-0.0017775667083920754,-0.0017649444409960635
2021-11-05,0.3687830725814554,0.2992904146433924,0.3103099844303211,0.28133805288860747,0.3795514833637395,0.37641060154368816,0.25029454001746443,0.2715915641644817,0.31032152038750666,0.38148108635845873,0.3834676028952312,-0.0016696380953192258,-0.0018141040126183339,-0.0018387879641379445,-0.0018281036383102633,-0.0017189531391629265,-0.0017354240555136347,-0.0019087015539114294,-0.001822657149541107,-0.0018018322692224253,-0.001779617769764319,-0.0017670749841022237
2021-11-06,0.36742981920657636,0.29786684242208605,0.30886865228736476,0.2799186200887928,0.3781606985740845,0.3750067299733285,0.24883683984957072,0.27018088071554547,0.3088958901633647,0.3800600467419256,0.3820512098594922,-0.001671418844432837,-0.0018152204985996678,-0.0018398914691906132,-0.001828964100880015,-0.001720743815114556,-0.0017372276966890476,-0.001909174560921545,-0.0018234359569755942,-0.00180314570075929,-0.0017811422136072563,-0.0017686826212910955
2021-11-07,0.36610349955713833,0.29647313392239555,0.3074576108527131,0.27852947535646444,0.3767976742958847,0.3736308879860463,0.24741107475502466,0.2688004530418778,0.30749977182099714,0.378667988701002,0.3806635253144256,-0.0016727049938198846,-0.0018157998316311597,-0.0018404505207565425,-0.0018292833435470945,-0.001722025295287033,-0.0017385172642399027,-0.0019090826124635307,-0.0018236751803739626,-0.0018039255524734399,-0.0017821395888132363,-0.0017697668768371089
2021-11-08,0.36480450611246407,0.2951097015650883,0.30607727767622833,0.2771710297618977,0.375462813869953,0.3722834827156209,0.24601766664065614,0.26745068963423574,0.3061335784942828,0.37730532416805784,0.3793049598982144,-0.0016734961628878109,-0.0018158418402791643,-0.0018404649534031203,-0.0018290612718425692,-0.00172279720046975,-0.0017392923765622847,-0.0019084257357462053,-0.0018233747489465602,-0.0018041715935941949,-0.0017826096002432346,-0.0017703274298912497
2021-11-09,0.3635332232656122,0.2937769488117343,0.30472806122070434,0.27584368529099973,0.3741565123029648,0.3709649128809497,0.24465702783834395,0.2661319899093276,0.3047977144618069,0.3759724563774522,0.3779759156322222,-0.0016737921175174475,-0.001815346512112459,-0.0018399347628600404,-0.0018282979514807063,-0.0017230593022440899,-0.001739552804287725,-0.0019072041251501082,-0.0018225347515956614,-0.0018038837513141837,-0.0017825521088128404,-0.0017703641145770388
2021-11-10,0.36229002720963066,0.2924752700453153,0.30341036074099736,0.274547834726354,0.3728791561505707,0.36967556866806023,0.2433295609830003,0.2648447440916178,0.30349257502722904,0.37466977974620747,0.37667678580202957,-0.001673592770130572,-0.0018143139937067954,-0.0018388601060188026,-0.0018269936083406546,-0.0017228115230492613,-0.0017392984703518133,-0.0019054181421693794,-0.0018211554368899874,-0.0018030621108102163,-0.0017819671315352226,-0.001769876920039104
2021-11-11,0.36107528582623316,0.2912050504535202,0.30212456616587896,0.27328386153099105,0.3716311234030066,0.3684158316146487,0.24203565889342454,0.2635893330978536,0.302218546402305,0.37339767975729743,0.3754079548410544,-0.001672898179717608,-0.0018127445906008233,-0.0018372413008878596,-0.001825148628398332,-0.0017220539362075016,-0.0017385294500160131,-0.0019030683153051509,-0.0018192372129908763,-0.0018017069152194698,-0.001780854841513968,-0.0017688659904458448
2021-11-12,0.35988935857693843,0.2899666659147621,0.3008710579826506,0.2720521397349144,0.3704127833732416,0.36718607449717694,0.24077570445606183,0.2623661284243456,0.3009760055926025,0.3721565328455745,0.37416979821679164,-0.0016717085518189179,-0.0018106387672062185,-0.0018350788264975826,-0.001822763557613294,-0.0017207867659006504,-0.001737245970845236,-0.0019001553399090598,-0.0018167806475318238,-0.0017998185655655474,-0.0017792155678940658,-0.0017673316249475768
2021-11-13,0.35873259639669935,0.2887604828869497,0.2996502071245506,0.27085303382442055,0.3692244965876913,0.36598666122055995,0.23955007051170094,0.2611754920370361,0.29976532028593744,0.37094670628637794,0.3729626823197061,-0.001670024238464407,-0.0018079971466700706,-0.0018323733227588734,-0.0018198391017656967,-0.001719010387105313,-0.0017354484126425596,-0.001896680077977303,-0.0018137864674499515,-0.0017973976206419606,-0.0017770497957630416,-0.0017652742775879915
2021-11-14,0.3576053415900556,0.2875868582990466,0.2984623748609895,0.2696868986342396,0.3680666146795337,0.3648179467104838,0.23835911974514454,0.26001777626438777,0.2985868487435701,0.36976855808685155,0.3717869643548126,-0.001667845738069662,-0.0018048205106903636,-0.0018291255902738723,-0.0018163761262497968,-0.0017167253254800063,-0.0017331373073337097,-0.0018926435578958678,-0.0018102555587713454,-0.0017944447968451516,-0.0017743581660069618,-0.0017626945571690977
2021-11-15,0.35650792772983997,0.28644613944545017,0.2973079126906444,0.26855407924253605,0.36693948028465373,0.36368027680837445,0.23720320457788516,0.2588933236931236,0.29744093969418994,0.36862243688000135,0.37064299223597225,-0.0016651736952880691,-0.001801109799284717,-0.001825336590098925,-0.0018123756558154347,-0.0017139322572116145,-0.0017303133388121283,-0.0018880469741358319,-0.001806188966348543,-0.0017909609679629956,-0.0017711414751233057,-0.001759593227071865
2021-11-16,0.35544067955846975,0.28533866388322143,0.29618716223744496,0.2674549108687932,0.3658434269402529,0.36257398816905945,0.2360826670638175,0.2578024670668497,0.29632793223072035,0.3675086818215322,0.3695311044829403,-0.0016620089008198558,-0.0017968661105124406,-0.0018210074434601986,-0.001807838874265999,-0.0017106320088134397,-0.001726977342735414,-0.0018828916869003676,-0.00180158789355217,-0.001786947164916619,-0.0017674006749821003,-0.0017559712050291276
2021-11-17,0.3544039128918488,0.2842647593321971,0.29510045514948136,0.2663897187746166,0.36477877898614924,0.36149940816114534,0.23499783878801977,0.2567455291875927,0.2952481557099763,0.3664276224894843,0.36845163012119053,-0.001658352291178944,-0.0017920907001492403,-0.0018161394314218926,-0.0018027671241084287,-0.0017068255568827295,-0.0017231303062788528,-0.001877179221721953,-0.0017964537019130034,-0.0017824045754549211,-0.001763136872546367,-0.0017518295628565217
2021-11-18,0.3533979345259141,0.2832247435780109,0.29404811300086464,0.2653588181674841,0.36374585146880134,0.3604568547701453,0.2339490407686318,0.255722822820275,0.29420192965520237,0.36537957878670674,0.3674048885845543,-0.001654204948414617,-0.0017867849813160142,-0.0018107339945068746,-0.0017971619061552535,-0.0017025140278093542,-0.0017187733678419304,-0.001870911269011094,-0.0017907879107214586,-0.001777334543803244,-0.001758351329543939,-0.0017471695261317977
2021-11-19,0.3524230421458488,0.2822189243780572,0.293030447196567,0.26436251410747125,0.3627449500480794,0.35944663650438036,0.23293658336186135,0.25473465060016476,0.2931895636615202,0.3643648608461924,0.3663911896206926,-0.0016495680997923867,-0.001780950524060021,-0.0018047927322708546,-0.001791024879080283,-0.0016976986974444608,-0.0017139078167132116,-0.001864089683555531,-0.0017845921965759515,-0.0017717385702654687,-0.0017530454620939828,-0.0017419924738350523
2021-11-20,0.35147952423799234,0.281247599370419,0.2920477588802727,0.26340110141697815,0.36177637090681697,0.35846905230368836,0.2319607661701438,0.2537813049433198,0.29221135730431447,0.36338376893930524,0.3654108331994377,-0.0016444431174305607,-0.0017745890548913068,-0.0017983174028290971,-0.0017843578589289422,-0.0016923809907216647,-0.0017085350926873133,-0.0018567164839722594,-0.0017778683928883487,-0.0017656183107805368,-0.0017472208402880551,-0.0017362999379393895
2021-11-21,0.3505676600044738,0.28031105598579337,0.2911003388452642,0.2624748645934877,0.36084040066316503,0.3575243914509621,0.23102187795348567,0.25286306796005814,0.2912676000505849,0.36243659338692485,0.364464109424027,-0.0016388315178935131,-0.001767702456270781,-0.0017913099223356155,-0.0017771628185794808,-0.0016865624812357205,-0.0017026567856398556,-0.0018487938521096758,-0.0017706184893400145,-0.0017589755764308435,-0.0017408791877252527,-0.001730093602957672
2021-11-22,0.34968771928058995,0.27940957136243527,0.2901884674483726,0.26158407772537756,0.3599373162857765,0.35661293348654605,0.23012019654401528,0.2519802113714759,0.2903585711732858,0.36152361447353554,0.3635512984452572,-0.0016327349617443754,-0.0017602927660538836,-0.0017837723644168468,-0.001769441887160328,-0.0016802448907776713,-0.0016962746350564495,-0.0018403241324021768,-0.0017628446312942248,-0.0017518123329091084,-0.0017340223810028976,-0.001723375305444086
2021-11-23,0.3488399624549582,0.2785434122641481,0.2893124145270147,0.2607290044108134,0.35906738501184843,0.3557349481255159,0.2292559887637686,0.2511329964290415,0.2894845396686868,0.3606451023642864,0.3626726703785821,-0.0016261552530516532,-0.0017523621768872344,-0.0017757069595573105,-0.001761197349419208,-0.0016734300888237574,-0.0016893905295178868,-0.0018313098311758258,-0.00175454911916062,-0.0017441306999342876,-0.0017266524491601487,-0.0017161470334516316
2021-11-24,0.3480246403924621,0.2777128350013443,0.28847243931934435,0.25990989767974615,0.3582308642680404,0.3548906951778652,0.22842951034573153,0.250321673837287,0.28864576417677235,0.35980131702504414,0.3618284852241831,-0.0016190943388573187,-0.0017439130355596522,-0.0017671160944401354,-0.0017524316450472366,-0.0016661200919836916,-0.0016820065061421974,-0.001821753615907501,-0.001745734407714472,-0.0017359329506246857,-0.0017187715730787034,-0.0017084109259413727
2021-11-25,0.34724199436001746,0.2769180853551987,0.2876687903875396,0.2591269999190354,0.3574280015942987,0.354080424471624,0.22764100585816463,0.24954648367961987,0.2878424929047048,0.3589925081454663,0.36101899279002836,-0.0016115543085992723,-0.0017349478423080433,-0.001758002311240181,-0.0017431473679576093,-0.0016583170634031363,-0.0016741247499803547,-0.001811658314435055,-0.001736403105371126,-0.0017272215108266598,-0.001710382084836204,-0.0017001692721527184
2021-11-26,0.3464922559551768,0.27615939850491816,0.28690170554424843,0.258380542800724,0.3566590345706054,0.3533043757789304,0.2268907086322317,0.24880765534727958,0.28707496355337686,0.35821891506511255,0.36024443261795297,-0.0016035373934939479,-0.0017254692500769386,-0.0017483683068730271,-0.0017333472655174376,-0.0016500233121238272,-0.0016657475933709032,-0.0018010269141205404,-0.0017265579734127845,-0.0017179989583954725,-0.0017014864670174545,-0.001691424510923356
2021-11-27,0.3457756470375959,0.27543699895814716,0.28617141178221756,0.2576707472134829,0.3559241907466745,0.3525627787450778,0.2261788406929529,0.24810540747145626,0.28634340324707225,0.3574807667026212,0.3595050339127734,-0.0015950459658756189,-0.0017154800637348977,-0.0017382169321952246,-0.0017230342377343444,-0.0016412412924000641,-0.0016568775152493442,-0.0017898625609664431,-0.001716201925172467,-0.0017082680224323465,-0.0016920873519790103,-0.001682179229968661
2021-11-28,0.345092379663383,0.2747511004845343,0.2854781252071202,0.2569978231972457,0.35522368757461564,0.3518558528205598,0.22550561269350444,0.24743994785859436,0.28564802846625514,0.3567782814879687,0.3588010154744621,-0.0015860825384940713,-0.001704983239242508,-0.0017275511911620245,-0.0017122113363994274,-0.001631973602972847,-0.0016475171404142785,-0.0017781685586843732,-0.00170533802517156,-0.0016980315824779435,-0.0016821875210698,-0.0016724361651162534
2021-11-29,0.3444426560223467,0.2741019060524731,0.28482205097360785,0.25636196988105503,0.35455773234458765,0.3511838071961306,0.2248712238528825,0.24681147342889967,0.2849890449835107,0.3561116672978318,0.3581325856334016,-0.0015766497637717536,-0.0016939818827789166,-0.0017163742399377013,-0.0017008817641833707,-0.0016222229863006588,-0.0016376692387515823,-0.0017659483677178456,-0.0016939694882125989,-0.0016872926676596012,-0.0016717899038092843,-0.0016621981994956458
2021-11-30,0.34382666837816545,0.2734896077690401,0.28420338322460165,0.2557633754241374,0.35392652212345754,0.350546840740903,0.22427586189695142,0.24622017015806702,0.28436664780265347,0.355481121394074,0.35749994218873593,-0.0015667504330184046,-0.0016824792498228436,-0.001704689385961966,-0.0016890488736884812,-0.0016119923277475023,-0.0016273367244133974,-0.00175320560421785,-0.0016820996784288333,-0.0016760544557950507,-0.0016608975770198708,-0.001651468362685482
2021-12-01,0.34324459901149346,0.27291438682314856,0.28362230503384167,0.25520221696022277,0.3533302436964844,0.3499451419434986,0.22371970300289215,0.24566621302224745,0.28378102110102255,0.3548868303653728,0.3569032723498385,-0.0015563874756053808,-0.0016704787441881863,-0.0016925000869711937,-0.00167671616645787,-0.0016012846547303616,-0.0016165226549571532,-0.0017399440389734566,-0.0016697321082878303,-0.0016643202724520023,-0.001649513763916144,-0.001640249829817475
2021-12-02,0.34269662016602087,0.2723764134319307,0.28307898835171363,0.25467866054512894,0.35276907351204834,0.34937888885627194,0.22320291174706958,0.24514976594626972,0.28323233817498106,0.35432897007200503,0.35634275268091414,-0.001545563958098517,-0.001657983917017769,-0.001679809949974631,-0.0016638872919377268,-0.0015901031358215856,-0.0016052302304401245,-0.0017261675962946255,-0.0016568704375525822,-0.0016520935899637657,-0.0016376418331514597,-0.0016285459206356045
2021-12-03,0.34218289399750423,0.27187584679036814,0.28257359395436416,0.25419286110762224,0.3522431776294352,0.3488482490426219,0.22272564105633033,0.24467098175513258,0.28272076138863417,0.3538077055938063,0.355818549048751,-0.0015342830833506849,-0.0016449984657319061,-0.0016666227301888048,-0.0016505660463985716,-0.0015784510798126372,-0.001593462792472078,-0.001711880352852857,-0.001643518472198291,-0.001639378026402738,-0.0016252852978214105,-0.0016163600985150683
2021-12-04,0.3417035725257819,0.2714128350241836,0.2821062713961272,0.2537449624035721,0.35175271166969735,0.34835337952740636,0.2222880321627505,0.24423000212878096,0.28224644212578326,0.3533231911813224,0.35533081657363724,-0.0015225481895542736,-0.0016315262329344438,-0.0016529423299234125,-0.0016367563718111544,-0.0015663319347343774,-0.0015812238232274511,-0.0016970865364731302,-0.0016296801632864621,-0.0016261773445085947,-0.0016124478144231569,-0.0016036959694365471
2021-12-05,0.34125879758978883,0.27098751514600766,0.28167715896526585,0.2533350969734108,0.3512978207696035,0.3478944267504767,0.2218902145618422,0.24382695756018094,0.2818095207451295,0.3528755702101628,0.354879699583459,-0.0015103627492531468,-0.0016175712052760582,-0.0016387727974294108,-0.0016224623546805539,-0.0015537492868367142,-0.0015685169444140112,-0.0016817905248837361,-0.0016153596057952857,-0.0016124954505755684,-0.0015991331817748478,-0.001590557280919891
2021-12-06,0.3408487008055843,0.27060001301483516,0.2812863836430522,0.25296338610291347,0.3508786395386891,0.3474715265233433,0.22153230597423365,0.24346196731670489,0.28141012653873865,0.35246497513857433,0.35446533157099175,-0.00149773036831502,-0.0016031375122737557,-0.0016241183256993086,-0.0016076882248362567,-0.0015407068595276185,-0.0015553459162016559,-0.0016659968444206474,-0.0016005610374080492,-0.001598336393296096,-0.001585345339890687,-0.0015769479209140624
2021-12-07,0.34047340352740474,0.27025044329878084,0.2809340610661912,0.25262993978730697,0.35049529201942436,0.3470848039889871,0.22121441231083425,0.2431351394048378,0.2810483776937821,0.3520915274682448,0.3540878351543969,-0.0014846547848647584,-0.0015882294250896267,-0.0016089832512269364,-0.0015924383541809362,-0.001527208512271394,-0.0015417146361097478,-0.0016497101686879512,-0.0015852888372593354,-0.0015837043625631653,-0.0015710883688145327,-0.0015628719166476679
2021-12-08,0.3401330168117524,0.269938909441148,0.28062029549260137,0.2523348566987207,0.3501478916505081,0.34673437358482806,0.22093662764149338,0.24284657053821704,0.28072438125756316,0.35175533770834777,0.35374732204093723,-0.0014711398681780397,-0.0015728513552663026,-0.0015933720527247508,-0.0015767172553966535,-0.0015132582394456473,-0.0015276271378531492,-0.0016329353171750938,-0.0015695475246388924,-0.0015686036882299192,-0.0015563664874138072,-0.0015483334334371324
2021-12-09,0.33982764138453314,0.26966550362981684,0.280345179770564,0.2520782241569876,0.34983654123329794,0.34642033900886043,0.22069903416716383,0.24259634610901284,0.28043823310583954,0.35145650534284223,0.35344389299392154,-0.0014571896175357701,-0.001557007853422443,-0.0015772893497972285,-0.0015605295806098707,-0.0014988601691612868,-0.0015130875901492868,-0.0016156772538304387,-0.001553341757654314,-0.0015530388388290683,-0.0015411840521296627,-0.0015333367734532422
2021-12-10,0.3395573676112487,0.269430306769966,0.28010879531124777,0.25186011810380604,0.34956133290139224,0.34614279318896757,0.22050170219557702,0.2423845401626596,0.2801900179144534,0.35119511880103277,0.3531776378028864,-0.0014428081610416976,-0.0015407036079047032,-0.0015607399015749035,-0.0015438801200135521,-0.0014840185620382251,-0.0014981002954843614,-0.0015979410855927467,-0.0015366763318527266,-0.0015370144202497271,-0.0015255455556894004,-0.0015178863744491067
2021-12-11,0.33932227547025673,0.26923338846013006,0.279911212064617,0.251680603080266,0.34932234809336377,0.34590181825542304,0.2203446901204384,0.24221121537594437,0.27997980913427317,0.3509712554314022,0.35294863525702636,-0.0014279997544003886,-0.0015239434434018428,-0.001543728605305772,-0.001526773800451131,-0.0014687378099469406,-0.0014826696888396995,-0.0015797320608792742,-0.001519556178801812,-0.001520535174375226,-0.0015094556257756464,-0.0015019868084465426
2021-12-12,0.3391224345291044,0.26907480697160496,0.2797524884987332,0.2515397322077511,0.34911965752866175,0.34569748551658647,0.22022804440414684,0.24207642303846008,0.27980766896945863,0.35078498147872356,0.35275695312187955,-0.0014127687796572364,-0.0015067323195162574,-0.0015262604949061176,-0.0015092156839576765,-0.001453022434708351,-0.0014668003363803583,-0.0015610555680336535,-0.0015019863646303366,-0.0015036059776797894,-0.0014929190236573353,-0.0014856427803823236
2021-12-13,0.338957903923941,0.2689546092312044,0.2796326715824531,0.2514375471722191,0.34895332118668587,0.3455298554378027,0.2201517995640466,0.24198020303742823,0.27967364835905434,0.35063635206445615,0.352602648119273,-0.001397119743903108,-0.0014890753292964853,-0.0015083407394709814,-0.0014912109662622575,-0.0014368770867542735,-0.0014504969341029295,-0.0015419171337303916,-0.0014839720885287955,-0.0014862318397846352,-0.0014759406427810595,-0.0014688591267179585
2021-12-14,0.3388287323420194,0.268872830807374,0.2795517967715299,0.2513740782118656,0.34882338828903536,0.345398977623509,0.22011597816221237,0.24192258384589474,0.279577786961915,0.35052541117043473,0.35248576591053987,-0.001381057277939468,-0.0014709776977295252,-0.0014899746417440518,-0.0014727649752508398,-0.001420306543753136,-0.0014337643064464278,-0.0015223224213402886,-0.0014655186812115861,-0.0014684179019769372,-0.0014585255073232273,-0.0014516408140062276
2021-12-15,0.3387349580072897,0.26882949589966465,0.27950988799812143,0.2513493441081775,0.3487298972849454,0.3453048908025561,0.22012059079877339,0.24190358251430574,0.2795201131449702,0.3504521916258551,0.352406341083006,-0.0013645861349076416,-0.0014524447801962936,-0.0014711676365493087,-0.0014538831693884924,-0.0014033157091949966,-0.0014166074048646005,-0.0015022772292538344,-0.0014466316033385773,-0.0014501694356873762,-0.0014406787707020308,-0.0014339929374231897
2021-12-16,0.3386766086690855,0.2688246173315726,0.27950695766370787,0.2513633521803735,0.34867287583990786,0.3452476228167481,0.22016563610877626,0.24192320466546072,0.2795006439748303,0.35041671509755823,0.3523643971397559,-0.0013477111888847704,-0.0014334820608851717,-0.0014519252891819767,-0.0014345711361059554,-0.001385909610941538,-0.0013990313063607651,-0.0014817874891658867,-0.0014273164439001784,-0.0014314918409308874,-0.0014224057140543866,-0.0014159207192590006
2021-12-17,0.3386537015939149,0.26885819654674525,0.27954300663542225,0.25141609828324024,0.3486523408274859,0.34522719061260343,0.22025110076258894,0.24198144449284964,0.2795193852127359,0.3504189920836193,0.35235994649267716,-0.001330437433438525,-0.0014140951511694144,-0.0014322532937625643,-0.0014148345901439097,-0.001368093399737036,-0.0013810412119850124,-0.0014608592643204077,-0.0014075789185626353,-0.0014123906447082724,-0.0014037117446719094,-0.0013974295073740373
2021-12-18,0.3386662435603502,0.2689302236085522,0.27961802424579413,0.251507566808357,0.3486682983243202,0.34524360023634015,0.2203769594698456,0.24207828476237053,0.27957633131285325,0.3504590219102422,0.3523929904587878,-0.001317146163576366,-0.001399506677214668,-0.0014174612523180086,-0.001400085941932916,-0.0013544018801492919,-0.0013672177469244984,-0.0014453838701269373,-0.0013928599871069203,-0.00139793763392565,-0.001389477783995341,-0.0013833127619866104
2021-12-19,0.3387142308570214,0.2690406772030269,0.27973198829590534,0.2516377306887154,0.3487207436083307,0.34529684683208606,0.22054317498692963,0.24221369681742952,0.2796714654239151,0.35053679273195665,0.3524635192598464,-0.001303751426141364,-0.0013848124981195586,-0.001402562298609189,-0.0013852329443693745,-0.0013406041870652752,-0.00135328712542504,-0.0014298030165939557,-0.0013780376661812754,-0.0013833779550289083,-0.001375136605942462,-0.0013690887840785426
2021-12-20,0.33879764928371564,0.2691895246451739,0.27988486506196025,0.25180655140672953,0.3488096611601137,0.34538691464331744,0.22074969812799558,0.24238764058742104,0.27980475939420757,0.35065228153512557,0.3525715120252464,-0.0012902571848516509,-0.0013700169621278513,-0.0013875608414758434,-0.0013702799926939013,-0.0013267044034447895,-0.0013392534697810876,-0.0014141213143465114,-0.0013631163419487446,-0.001368715916460983,-0.0013606924542981513,-0.0013547617827533442
2021-12-21,0.33891647415557824,0.2693767218886404,0.28007660930526407,0.25201397900563255,0.34893502466753545,0.34551377701751945,0.2209964677795232,0.24260006459958502,0.27997617377990036,0.3508054541447537,0.35271693679819055,-0.0012766674328704153,-0.0013551244474768187,-0.0013724613200906122,-0.0013552315117256186,-0.0013127066424570288,-0.0013251209327775348,-0.0013983434038527809,-0.0013481004298692423,-0.0013539558569550247,-0.0013461496033198017,-0.0013403359976016382
2021-12-22,0.33907067031041804,0.2696022135387505,0.2803071642856103,0.25225995210426105,0.3490967970335172,0.3456773964140748,0.22128341091840265,0.2428509059942388,0.28018565785671873,0.3509962652346022,0.3528997505451496,-0.0012629861916236829,-0.0013401393611008339,-0.001357268202644757,-0.0013400919545519807,-0.0012986150462647172,-0.0013108936964590368,-0.001382473954050084,-0.0013329943733927374,-0.0013391021442503148,-0.0013315123564702214,-0.0013258156974448876
2021-12-23,0.33926019211911207,0.26986593286889676,0.2805764617780712,0.25254439791521754,0.3492949303870131,0.3458777244153717,0.22161044263354246,0.24314009054337798,0.2804331496349542,0.3512246583405992,0.3531198991685941,-0.0012492175096109892,-0.0013250661373284678,-0.0013419859850261062,-0.001324865801211772,-0.0012844337847979226,-0.0012965759708939983,-0.001366517660964156,-0.001317802642644389,-0.0013241591737994662,-0.0013167850451468177,-0.0013112051790737933
2021-12-24,0.3394849834991078,0.2701678018402867,0.28088442209318587,0.25286723226641045,0.349529366097176,0.3461147017411311,0.22197746615099687,0.24346753267264196,0.28071857587780785,0.35149056587755023,0.3533773175230047,-0.0012353654612071163,-0.001309909236568929,-0.001326619189489009,-0.0013095575573686125,-0.001270167054520266,-0.0012821719929279052,-0.0013504792463186754,-0.001302529733101715,-0.0013091313674675198,-0.0013019720273977353,-0.0012965087659755903
2021-12-25,0.33974497793101954,0.2705077311250353,0.2812309541005427,0.25322835962596124,0.3498000347907082,0.3463882582659504,0.22238437286260213,0.24383313548663654,0.2810418521230625,0.3517939091591371,0.3536719294341488,-0.0012214341454556132,-0.0012946731439928416,-0.0013111723633150718,-0.001294171752978135,-0.0012558190771860822,-0.0012676860249292154,-0.0013343634561386597,-0.001287180164264462,-0.0012940231722242124,-0.0012870776866333866,-0.001281730807055681
2021-12-26,0.3400400984783118,0.27088562013259765,0.28161595525574545,0.2536276731304743,0.3501068563723878,0.3466983130400526,0.2228310423581158,0.2442367907976072,0.28140288270807584,0.35213459842120254,0.3540036477216222,-0.0012074276848573207,-0.0012793623682057498,-0.0012956500774689572,-0.0012787129409473907,-0.0012413940985936955,-0.0012531223535288682,-0.0013181750593456443,-0.0012717584783168978,-0.001278839058827863,-0.0012721064303287677,-0.0012668756753495547
2021-12-27,0.340370257810067,0.27130135703953734,0.2820393116307583,0.25406505461665924,0.35044974004877305,0.3470447743132414,0.2233173424608478,0.2446783791574531,0.2818015607980894,0.3525125328483126,0.3543723742246467,-0.0011933502241486815,-0.0012639814399118543,-0.001280056925244688,-0.0012631856957876497,-0.0012268963873256489,-0.0012384852883519648,-0.001301918846346839,-0.0012562692387841357,-0.0012635835205018764,-0.0012570626887195013,-0.0012519477667297663
2021-12-28,0.3407353582268265,0.2717548188226149,0.2825008979476186,0.25454037465629753,0.35082858435506736,0.34742753956205236,0.22384312926677416,0.24515776989307422,0.2822377684178425,0.3529276006035901,0.3547779998311177,-0.0011792059290777201,-0.0012485349105755272,-0.0012643975209069014,-0.001247594612260483,-0.0012123302334883235,-0.001223779160741345,-0.0012855996276169845,-0.0012407170291812153,-0.001248261071605139,-0.0012419509134905526,-0.0012369514986048102
2021-12-29,0.3411352916895037,0.27224587129519334,0.2830005776155092,0.25505349259454224,0.3512432771851458,0.34784649552009006,0.22440824718711974,0.24567482114503933,0.2827113764864823,0.3533796788618085,0.35522040450989245,-0.0011649989851680864,-0.0012330273510731682,-0.001248676498325163,-0.0012319443040184619,-0.001197699947440567,-0.0012090083224768344,-0.0012692222322755742,-0.0012251064516571042,-0.0012328762462970877,-0.001226775576459449,-0.0012218913086115002
2021-12-30,0.34156993985135237,0.2727743691469454,0.28353820277117686,0.2556042565915403,0.3516936958247278,0.3483015182115464,0.22501252899440016,0.24622937990956423,0.28322224485576175,0.35386863384573763,0.35569945734630903,-0.001150733596483433,-0.0012174633503414523,-0.0012328985096033973,-0.0012162394022394163,-0.001183009858519879,-0.0011941771444869964,-0.0012527915066572748,-0.0012094421256329535,-0.0012174335971949501,-0.0012115411682526722,-0.0012067716533024075
2021-12-31,0.3420391740929884,0.27334015598685435,0.28411361432268906,0.2561925036673642,0.35217970698769163,0.34879247298788624,0.22565579587190646,0.24682128208378853,0.2837702223515111,0.3543943208657313,0.3562150165809258,-0.0011364139843818566,-0.0012018475140183615,-0.0012170682237016561,-0.0012004845542563092,-0.0011682643137596038,-0.0011792900155561115,-0.0012363123128783793,-0.001193728686434914,-0.0012019376940272108,-0.001196252196976888,-0.0011915970068266946
2022-01-01,0.3426741410632144,0.27409957106749666,0.2848857554195357,0.25698025685230197,0.35283705282944405,0.34945647361655907,0.22651441113896523,0.247613406088226,0.2845071308550237,0.35510284605039544,0.3569105693026109,-0.0009907588835030845,-0.0010296777850760108,-0.0010420769020307308,-0.0010224873201203355,-0.0010175817026746303,-0.0010270922921585268,-0.001043235855052671,-0.0010149172100324955,-0.0010344090856306276,-0.001034651499031869,-0.001032732208466336
2022-01-02,0.3432206707745906,0.27474862925175636,0.2855455468464356,0.2576521875914687,0.3534026053572293,0.3500277282700161,0.22724468096286227,0.24828867377913186,0.2851379943535857,0.3557105949036519,0.3575076937432666,-0.0009677934860325421,-0.0010047655252829468,-0.001016827053646252,-0.0009973958181205833,-0.0009939400882193472,-0.001003224351129317,-0.0010170590222531306,-0.0009899043511261696,-0.0010096552960474625,-0.0010101917267409943,-0.0010084402117279678
2022-01-03,0.34380129808791665,0.2754343922088449,0.28624253066377303,0.2583609953937302,0.35400324471457223,0.35063440419502817,0.22801327532730598,0.2490006755015504,0.2858054000775198,0.3563545307270617,0.35814078949588085,-0.0009448280000666776,-0.0009798643706069865,-0.0009915888471019874,-0.0009723191292543287,-0.0009702989667111361,-0.0009793569651628253,-0.0009909034783275872,-0.0009649073438052214,-0.0009849097373408333,-0.0009857369739200705,-0.0009841519132876009
2022-01-04,0.34441585118622886,0.2761566570104709,0.2869765006228225,0.2591064705114542,0.35463879316262303,0.3512763218664287,0.2288199667928584,0.24974920056271674,0.2865091505307351,0.35703446296965496,0.3588096692172348,-0.0009218692214625901,-0.0009549816897001517,-0.0009663697507898972,-0.0009472646741172097,-0.0009466653339387232,-0.0009554971970023862,-0.0009647769631222769,-0.000939933585086622,-0.0009601797321193151,-0.0009612944771235643,-0.0009598745004435472
2022-01-05,0.3450641482133785,0.2769152099268588,0.28774723953006526,0.2598883923465596,0.3553090626323714,0.3519532913304513,0.22966451664653662,0.25053402746202286,0.2872490374621501,0.35775019042854156,0.359514134975058,-0.0008989239440919672,-0.0009301248457485589,-0.0009411772274455776,-0.0009222398667257936,-0.0009230461834739412,-0.0009316521071374151,-0.0009386872078933073,-0.0009149904651070684,-0.0009354725983896084,-0.0009368714692800095,-0.0009356151572724736
2022-01-06,0.3457459973278449,0.277709826489997,0.2885545193114584,0.26070652951579576,0.3560138547802975,0.35266511226094016,0.23054667497245127,0.2513549239565624,0.2880248419273179,0.3585015013084516,0.36025397830659867,-0.0008759989578317473,-0.0009053011942921074,-0.000916018731942414,-0.0008972521123228883,-0.0008994485046034395,-0.0009078287517133576,-0.0009126419330190427,-0.0008900853649372875,-0.0009107956473901058,-0.000912475177550276,-0.000911381062504768
2022-01-07,0.3464611967595054,0.2785402715600603,0.2893981010799265,0.2615606399192114,0.3567529610470657,0.3534115740186298,0.23146618072576114,0.25221164712985594,0.2888363343532161,0.3592881732844086,0.36102898028031244,-0.0008531010465539501,-0.0008805180810483315,-0.0008909017090841798,-0.0008723088051874051,-0.0008758792802602278,-0.0008840341804446372,-0.0008866488457153765,-0.0008652256543968395,-0.0008861561814273444,-0.0008881128211892242,-0.0008871793873984068
2022-01-08,0.3472095348693414,0.2794062993949919,0.29027773520605277,0.2624504708117972,0.35752616271924054,0.35419245571347685,0.23242276180992058,0.2531039434637329,0.2896832746061801,0.3601099735675182,0.36183891156064624,-0.0008302369861191705,-0.0008557828397394163,-0.0008658335914016324,-0.0008474173264449436,-0.0008523454849568846,-0.000860275434527491,-0.0008607156377548886,-0.0008404186898743338,-0.0008615614917160119,-0.0008637916094104692,-0.0008630172936189839
2022-01-09,0.347990790212067,0.2803076537232224,0.29119316139194695,0.26337575887827563,0.3583332309940077,0.3550075262700243,0.2334161351571967,0.25403154891335256,0.29056541206296305,0.3609666589738552,0.3626835324759038,-0.0008074135423706275,-0.0008311027899210455,-0.0008408217969543275,-0.0008225850418848157,-0.0008288540827220969,-0.0008365595445574137,-0.0008348499831912493,-0.0008156718121494211,-0.0008370188562203396,-0.000839518739251699,-0.0008389019311186297
2022-01-10,0.34880473160165687,0.2812440678195047,0.29214410874827323,0.2643362303110217,0.3591739270468804,0.3558565444957815,0.2344460068124342,0.2549941889853385,0.29148248568489926,0.36185797599642533,0.36356259308916794,-0.0007846374691324876,-0.0008064852348172447,-0.0008158737271344862,-0.0007978192997791789,-0.0008054120250394203,-0.0008128935284475447,-0.0008090595360877306,-0.000790992344221586,-0.0008125355375009913,-0.0008153013934456554,-0.0008148404360207584
2022-01-11,0.34965111817975875,0.2822152645838422,0.2931302958744094,0.2653316008910858,0.36004800210237053,0.3567392591525962,0.23551207202004137,0.25599157881900625,0.2924342240951497,0.3627836608801817,0.3644758332722602,-0.0007619155062113525,-0.0007819374591584438,-0.0007909967644773586,-0.0007731274287098855,-0.0007820262487914786,-0.0007892843893526624,-0.0007833519282524348,-0.0007663875891422145,-0.000788118780566005,-0.0007911467382943349,-0.0007908399285093126
2022-01-12,0.3505296994869673,0.28322095662348723,0.2941514309417185,0.2663615760722994,0.3609551975076072,0.3576554090309995,0.23661401531417184,0.25702342327065736,0.29342034565900693,0.3637434397000741,0.3654229827827179,-0.0007392543774014104,-0.0007574667270265345,-0.0007661982704766923,-0.0007485167353986633,-0.0007587036742051079,-0.0007657391135972302,-0.0007577347669802115,-0.0007418648278543216,-0.0007637758107264525,-0.0007670619215493502,-0.0007669075107202827
2022-01-13,0.3514402155369387,0.28426084633798526,0.29520721177990594,0.26742585106843586,0.36189524480887436,0.3586047230275034,0.23775151061207647,0.258089417000918,0.2944405585672347,0.36473702844210837,0.36640376134376257,-0.0007166607884953602,-0.0007330802797048119,-0.0007414855834054213,-0.0007239945025453998,-0.0007354512028056592,-0.0007422646686067735,-0.0007322156328011531,-0.0007174313170374425,-0.0007395138314589822,-0.0007430540702953459,-0.0007430502646413317
2022-01-14,0.3523823968933247,0.2853346260072397,0.29629732596643554,0.2685241109434007,0.36286786583105174,0.359586920224823,0.2389242213105959,0.25918924456509296,0.2954945609224201,0.3657641330873907,0.3674178787272392,-0.0006941414252998879,-0.0007087853335352445,-0.000716866016145512,-0.0006995679866739768,-0.0007122757153735226,-0.0007188680008475834,-0.0007068020772376948,-0.0006930942869606271,-0.0007153400222733586,-0.0007191302888412965,-0.0007192752500150834
2022-01-15,0.3533559647495038,0.2864419778825709,0.2974214509189813,0.2696560307044283,0.3638727727599309,0.3606017099750057,0.24013180038576737,0.26032258050651175,0.2965820408283091,0.36682444969913186,0.3684650348394975,-0.0006717029516565276,-0.0006845890777832375,-0.0006923468540230293,-0.0006752444159825455,-0.0006891840699081997,-0.0006955560337699174,-0.000681501620569791,-0.000668860939342486,-0.0006912615365885499,-0.0006952976566195201,-0.0006955895022517367
2022-01-16,0.3543606310110844,0.28758257428074313,0.2985792539908844,0.27082127539825,0.3649096682273843,0.36164879198543814,0.24137389049551447,0.26148908945283555,0.2977026764821013,0.36791766451258756,0.36954491981019805,-0.0006493520074708492,-0.0006604986725106121,-0.0006679353526523601,-0.0006510309882077903,-0.0006661830995989271,-0.0006723356657596935,-0.0006563217496096119,-0.0006447384452204497,-0.0006672854996161437,-0.0006715632260892446,-0.000672000030343789
2022-01-17,0.35539609838115577,0.2887560776809321,0.29977039256958854,0.27201950021021426,0.3659782453993607,0.3627278564077074,0.2426501240853905,0.2626884262152997,0.2988561362696776,0.36904345402790645,0.37065721408400326,-0.0006227190233213387,-0.0006313043571885557,-0.0006383349550223016,-0.0006215282984233794,-0.0006387500783390787,-0.0006446384664687832,-0.0006253847930745293,-0.0006152988236991508,-0.0006383528716961684,-0.0006430586310550157,-0.0006437258264252455
2022-01-18,0.3564620604482644,0.2899621408246015,0.3009945141780247,0.2732503505663213,0.3670781880666837,0.36383858392929025,0.2439601234973434,0.26392023589086083,0.3000420788637297,0.3702014851058587,0.3718015885151429,-0.0005959017665941868,-0.0006019232287505782,-0.0006085456638090792,-0.0005918416884161948,-0.0006111280406542741,-0.0006167505082845248,-0.0005942627751178431,-0.0005856771253567317,-0.0006092313448911035,-0.0006143637446260897,-0.0006152611336780467
2022-01-19,0.3575582017770849,0.29120040681826376,0.302251256578915,0.2745134622381488,0.3682091707386211,0.3649806458680436,0.24530350108147156,0.2651841539672181,0.3012601533247636,0.37139141506641743,0.37297770446481154,-0.0005689081729470247,-0.0005723639815450321,-0.0005785762941431516,-0.0005619799429312788,-0.0005833251603503675,-0.0005886800437021056,-0.0005629649052450725,-0.0005558821157300997,-0.0005799295367297508,-0.0005854870580809801,-0.0005866143752627506
2022-01-20,0.35868419800176277,0.29247050923908946,0.30354024788196354,0.2758084614506311,0.36937085873920483,0.36615370426946564,0.2466798593107348,0.26647980643067815,0.30250999920494964,0.37261289179016316,0.3741852139013778,-0.0005417462302187426,-0.0005426353626289404,-0.0005484357144435736,-0.0005319518985399951,-0.0005553496647466294,-0.0005604353792236783,-0.0005315004449996663,-0.0005259226116422488,-0.0005504561180882384,-0.0005564371164957227,-0.000557794028216041
2022-01-21,0.35983971592189967,0.2937720722433382,0.30486110665390614,0.2771349649926666,0.3705629083062658,0.3673574120067023,0.24808879089858957,0.2678068098768321,0.3037912466547838,0.37386555382248154,0.37542375950337226,-0.0005144239760649372,-0.000512746169178846,-0.0005181328437925958,-0.0005017664410238987,-0.0005272098322423591,-0.0005320248729003274,-0.0004998787052216125,-0.0004958074785922362,-0.0005208198106252393,-0.0005272225162155642,-0.0005288086209424558
2022-01-22,0.3610244136011521,0.2951047106775769,0.30621344203138146,0.2784925803305162,0.37178496669315875,0.36859141288326863,0.24952987891951162,0.2691647716240103,0.3051035165325321,0.3751490304805239,0.3766929747652253,-0.0004869494955806464,-0.00048270524588805985,-0.00048767664929727506,-0.00047143250274506165,-0.0004989139898667894,-0.0005034569318576043,-0.000468109043292364,-0.0004655456281328907,-0.0004910293842013691,-0.0004978519023108308,-0.0004996667306900182
2022-01-23,0.36223794046841745,0.29646803019265267,0.3075968538365944,0.27988090572395935,0.37303667227314624,0.3698553417384523,0.25100269693237065,0.270553289829485,0.30644642051642584,0.37646294196289815,0.37799248410572095,-0.0004593309189061534,-0.00045252148234919964,-0.0004570761434353754,-0.0004409590600040203,-0.00047047051081461344,-0.0004747400098086829,-0.0004362008603660539,-0.0004351460152319242,-0.00046109365428254057,-0.00046833396601830835,-0.0004703769810133207
2022-01-24,0.3634799374215715,0.29786162736038757,0.30901093269573504,0.28129953034517613,0.37431765464640865,0.37114882455537,0.2525068091066212,0.2719719536083796,0.3078195612195703,0.3778068994620579,0.37932190297913837,-0.0004315764188229654,-0.0004222038104231829,-0.00042634038138883446,-0.00041035513038278904,-0.0004418878119694658,-0.00044588260455324935,-0.0004041635985874148,-0.00040461763562438247,-0.0004310214793333822,-0.0004386774421702988,-0.00044094803922023473
2022-01-25,0.3647500369337343,0.2992850897929588,0.3104552601601181,0.28274803440031754,0.3756275347496532,0.3724714785716465,0.2540417703512724,0.2734203431552581,0.3092225323075403,0.37918050527935643,0.3806808379890446,-0.00040369420833391567,-0.0003917612015968963,-0.0003954784583646842,-0.00037962977007666154,-0.0004131743514111941,-0.0004168932554612925,-0.000372006738297348,-0.00037396952314866505,-0.0004008217581937812,-0.0004088911066098544,-0.0004113886138081835
2022-01-26,0.3660478631620262,0.3007379962649311,0.31192940883001047,0.2842259892537297,0.37696592496828285,0.37382291239267845,0.2556071264465962,0.2748980298683509,0.3106549186186189,0.38058335294273354,0.38206888700470715,-0.0003756925382337184,-0.0003612026643284305,-0.0003644995069017054,-0.00034879207121368827,-0.00038433862591535917,-0.00038778054094812386,-0.0003397397952287218,-0.0003432107470746626,-0.0003705034274474883,-0.0003789837735925228,-0.0003817074518866481
2022-01-27,0.3673730320587859,0.30221991683790433,0.31343294248110354,0.2857329575547933,0.37833242925109994,0.3752027261074559,0.25720241417854045,0.2764045764763863,0.31211629628665194,0.3820150273269962,0.3834856392800906,-0.00034757969466736593,-0.0003305372413804353,-0.0003334126941706428,-0.0003178511591653832,-0.0003553891684363597,-0.00035855307593413155,-0.0003073723176885701,-0.0003123504094186269,-0.00034007545877612344,-0.00034896429317909927,-0.0003519133365890159
2022-01-28,0.36872515148521734,0.3037304129877393,0.3149654161936007,0.2872684933673433,0.3797266432275017,0.37661051140690177,0.2588271614757991,0.27793953716798475,0.3136062328664759,0.3834751047766605,0.38493067557540345,-0.00031936399667720217,-0.0002997740071449262,-0.0003022272192590436,-0.0002868161898453847,-0.0003263345455849498,-0.00032921950929626353,-0.0002749138837346843,-0.00028139764225132424,-0.00030954685630535383,-0.0003188415486170548,-0.00032201508447338156
2022-01-29,0.37010382132742864,0.3052690377343238,0.3165263764838751,0.2888321423016284,0.3811481543271421,0.3780458517046968,0.2604808875495075,0.27950245772358234,0.31512428746188653,0.3849631532313184,0.3864035682811572,-0.0002910537937422797,-0.00026892206495765514,-0.0002709523104509337,-0.0002556963470002893,-0.00029718335509121285,-0.000299788521308908,-0.00024237409833960388,-0.00025036160499442017,-0.0002789266539394153,-0.00028862445371136136,-0.00029202154291363414
2022-01-30,0.37150863361483266,0.30683533577384114,0.3181153614386634,0.29042344164877226,0.3825965419020166,0.37950832226055425,0.26216310303551454,0.28109287564984187,0.31667001085610547,0.3864787323534924,0.38790388154470407,-0.0002626574633072809,-0.00023799054440482026,-0.00023959722249505822,-0.00022450083949232535,-0.00026794422326159584,-0.00027026882107505923,-0.00020976259054922286,-0.00021925148171081377,-0.00024822391268919386,-0.00025832195018593573,-0.00026194158748099605
2022-01-31,0.37293917264087234,0.3084288436135021,0.31973190085175335,0.2920419205176965,0.3840713773509398,0.380997490305908,0.26387331013919346,0.2827103203165116,0.3182429456447122,0.3880213936589362,0.38943117139921146,-0.00023418340830316797,-0.00020698859862100516,-0.00020817123386629444,-0.0001932388985740885,-0.00023862580242517417,-0.000240669143948824,-0.00017708901063367977,-0.000188076478386201,-0.00021744771798959395,-0.00022794300503981013,-0.00023178411931840115
2022-02-01,0.3743950150860347,0.3100490897086997,0.3213755163631247,0.29368709997446485,0.38557222424637433,0.3825129151719749,0.2656110027827478,0.28435431309569253,0.31984262637099664,0.38959068064935093,0.3909849858950397,-0.00020564005466094937,-0.00017592540158078984,-0.00017668364402029235,-0.00016191977515706002,-0.00020923676837492078,-0.00021099824895093322,-0.00014436302723086492,-0.00015684582020580873,-0.00018660717701196594,-0.00019749660789109003,-0.00020155806250587993
2022-02-02,0.37587573014311804,0.3116955946025475,0.3230457216005047,0.29535849318400786,0.3870986384635772,0.3840541484201563,0.26737566675496777,0.286024367503472,0.32146857966369546,0.3911861289474689,0.3925648652334809,-0.00017703584881822998,-0.00014481014538381132,-0.0001451437706415093,-0.0001305527370734083,-0.0001797858177987055,-0.00018126491617648233,-0.00011159432448554218,-0.00012556874882363456,-0.0001557114159685402,-0.00016699176831846962,-0.00017127236142000513
2022-02-03,0.37738087964471484,0.3133678710677574,0.3247420223232926,0.2970556055541846,0.38865016831202454,0.385620733974738,0.2691667798633929,0.28771998934388193,0.32312032437707056,0.39280726643446995,0.3941703419028212,-0.00014837925521921091,-0.00011365203753505027,-0.00011356094688558249,-9.914706633445958e-05,-0.00015028166570646428,-0.00015147794419700933,-7.879259918436299e-05,-9.425451962863374e-05,-0.0001247695774117541,-0.0001364375131951423,-0.00014093597808673142
2022-02-04,0.3789100181928716,0.31506542425081896,0.32646391656881335,0.298777934882141,0.39022635466907224,0.3872122082578503,0.2709838120888383,0.28944067685513997,0.3247973717332868,0.3944536133896903,0.3958009408166844,-0.00011967875381158066,-8.246029821989964e-05,-8.1944518618704e-05,-6.771205638333999e-05,-0.00012073304285131758,-0.00012164614745691082,-4.596755788544016e-05,-6.291239900491075e-05,-9.379081752980412e-05,-0.00010584288401654929,-0.00011055788953018286
2022-02-05,0.3804626932908905,0.31678775181843444,0.32821089480085747,0.3005249715029189,0.3918267311158186,0.38882810032664855,0.27282622574223553,0.2911859208581283,0.3264992254670507,0.3961246826325787,0.3974561794546181,-9.094283753530163e-05,-5.1244157575791593e-05,-5.030384165027879e-05,-3.625700934550835e-05,-9.114869314663654e-05,-9.177835366475096e-05,-1.3128914046312001e-05,-3.155166159013456e-05,-6.278430343598096e-05,-7.52169342257969e-05,-8.014708511527857e-05
2022-02-06,0.3820384454772302,0.3185343441061668,0.32998244006045957,0.30229619844027544,0.3934508240751255,0.39046793201267255,0.2746934756237424,0.2929552049070683,0.3282253819724623,0.39781997966686106,0.39913556800487887,-6.218000981017546e-05,-2.0012852961270866e-05,-1.864827896591592e-05,-4.791233275347473e-06,-6.153737107733592e-05,-6.188340118107316e-05,1.9713614849314887e-05,-1.8158753095631752e-07,-3.175921045650565e-05,-4.4568726534355285e-05,-4.971256388869305e-05
2022-02-07,0.383636808461467,0.3203046842692585,0.3317780281188763,0.30409109155966346,0.3950981529517575,0.39213121806334394,0.2765850091840782,0.29474800544234464,0.32997533045204014,0.39953900282687077,0.40083860950937633,-3.339878201985558e-05,1.1224373778595531e-05,1.3012802044409799e-05,2.6675960597910553e-05,-3.190783910961281e-05,-3.1970136403325355e-05,5.25503101692637e-05,3.118854026273876e-05,-7.247194158677139e-07,-1.390733023914903e-05,-1.926333191454299e-05
2022-02-08,0.38525730926227886,0.3220982484355731,0.3335971276327125,0.3059091197233319,0.3967682302745967,0.3938174662855605,0.2785002666880305,0.2965637919454356,0.3317485530678753,0.40128124342599775,0.40256480001072986,-4.607670992584634e-06,4.2458279045809455e-05,4.4670032356974865e-05,5.813526062531382e-05,-2.2688650990754233e-06,-2.047411148009548e-06,8.537145500708831e-05,6.254943886563336e-05,3.030998608094526e-05,1.675818145840946e-05,1.1191600389592882e-05
2022-02-09,0.38689946834740746,0.32391450586061793,0.3354392003011559,0.30774974494749785,0.3984605618408945,0.39552617769134446,0.28043868138009054,0.2984020270959018,0.33354452509486754,0.40304618590721925,0.4043136287013983,2.41848035187342e-05,7.367962022497565e-05,7.631404408858788e-05,8.957735749376416e-05,2.7370780305235876e-05,2.7875919969388985e-05,0.00011816733705793947,9.389182808322571e-05,6.13357223652744e-05,4.741873414071396e-05,4.1643220918985424e-05
2022-02-10,0.38856279977555974,0.3257529190846003,0.3373037010252676,0.30961242256154453,0.40017464686251336,0.3972568466454999,0.28239967965216434,0.3002621669303878,0.33536271507599924,0.4048333079956596,0.406084578074836,5.297012135752066e-05,0.00010487915841922435,0.00010793547326659603,0.00012099294698081353,5.700232625532875e-05,5.779100215330679e-05,0.0001509282514924326,0.0001252064331983549,9.234330842239347e-05,7.806525485659632e-05,7.208251854917691e-05
2022-02-11,0.3902468113402055,0.32761294409147007,0.3391900780692864,0.3114966013691987,0.4019099781141184,0.39900896101523986,0.2843826812133141,0.30214366100358997,0.3372025849796034,0.4066420808531409,0.4078771240786318,8.173976448522247e-05,0.00013604766118313627,0.000139524962601556,0.0001523727327085167,8.661700429990482e-05,8.768898305006045e-05,0.00018364450382907238,0.00015648398771561656,0.00012332356860894622,0.00010868867480773314,0.00010250048580262572
2022-02-12,0.3919510047152298,0.32949403046990244,0.3410977732238962,0.3134017238116372,0.40366604208327317,0.4007820023217334,0.28638709926147465,0.3040459525511413,0.33906359035857503,0.40847196923467405,0.40969073626958374,0.00011048521950152157,0.0001671759052551125,0.00017107316425535313,0.00018370742889300962,0.00011620605097922843,0.00011756101536603003,0.00021630641280273588,0.00018771523610316976,0.00015426733536760828,0.0001392799320311111,0.00013288812151318607
2022-02-13,0.3936748756023951,0.33139562157617486,0.3430262219714088,0.3153272261324792,0.4054423191223975,0.40257544589353256,0.288412340657097,0.30596847865436844,0.34094518051148187,0.4103224316468471,0.4115248779706664,0.0001391979801638743,0.00019825467928746843,0.00020257074260754404,0.00021498776309369916,0.00014576071041877414,0.0001473982594862311,0.0002489043132284374,0.0002188909365324343,0.0001851654519400281,0.00016982997408188094,0.00016323643349075434
2022-02-14,0.39541791388057146,0.3333171546988847,0.34497485365281405,0.3172725385446094,0.4072382836025374,0.4043887610218304,0.29045780609866967,0.30791067040686665,0.342846798645525,0.4121929205080614,0.41337900642984166,0.00016786954990433145,0.0002292747865702549,0.00023400837701792465,0.0002462044789565687,0.0001752722369188775,0.00017719188608988912,0.00028142855886365004,0.0002500018636119039,0.00021600877507560456,0.00020032976071115982,0.00019353644118114133
2022-02-15,0.3971796037566897,0.335258061225467,0.34694309163664716,0.31923708539878826,0.4090534040689091,0.4062214111175074,0.29252289030006,0.3098719530828497,0.3447678820413053,0.4140828823105693,0.41525257298066875,0.00019649144434447097,0.000260227047755357,0.00026537676458482373,0.0002773483389530984,0.00020473189754421917,0.00020693307876384903,0.00031386952526057943,0.0002810388111178508,0.00024678817773987616,0.0002307702665412248,0.00022377917832511196
2022-02-16,0.3989594239183722,0.33721776681045373,0.34893035348962254,0.3212202853539948,0.4108871433981642,0.40807285386991543,0.2946069821696288,0.3118517463072195,0.3467078622193382,0.4159917577842669,0.41714502320466235,0.00022505519380455752,0.0002911023035700455,0.00029666662289756784,0.0003084101271140782,0.0002341309747072584,0.00023661303661043354,0.00034621761261527384,0.00031199259471803575,0.00027749455181158567,0.0002611424837365428,0.00025395569560998643
2022-02-17,0.4007568476881991,0.3391956915454344,0.3509360511489859,0.3232215515494555,0.4127389589573332,0.4099425414073572,0.29670946499106177,0.3138494642273094,0.34866616510827814,0.41791898206219086,0.4190557970953544,0.00025355234581236896,0.00032189141752997363,0.00032786869278350617,0.0003393806517561493,0.0002634607687482249,0.00026622297685263696,0.0003784632486080741,0.0003428540546899783,0.0003081188107811883,0.0002914374246696383,0.00028405706331857683
2022-02-18,0.4025713431795586,0.3411912501306577,0.3529595910965315,0.32524029177830643,0.4146083027643991,0.41182992045921035,0.2988297166058668,0.3158645156862467,0.35064221121479405,0.41986398484767123,0.4209843292240095,0.0002819744676014757,0.00035258527864073796,0.0003589737410484295,0.0003702507482037376,0.00029271260050894865,0.00029575413743310186,0.00041059689123701393,0.0003736140586312331,0.0003386518924374804,0.00032164612458007724,0.0003140743739722396
2022-02-19,0.40440237345404284,0.34320385204823267,0.3550003745342333,0.3272759086628349,0.4164946216504544,0.4137344325196483,0.30096710959747913,0.31789630439788524,0.35263541579505125,0.42182619058309156,0.42293004890694375,0.000310313148609187,0.00038317480409466587,0.000389972563208163,0.00040101128149788723,0.00032187781390169423,0.0003251977796062122,0.0004426090316397291,0.00040426350416156165,0.0003690847615502313,0.0003517596442273452,0.00034399874496576777
2022-02-20,0.4062493966803351,0.345232901736873,0.35705779756143874,0.3293277998312555,0.4183973574233933,0.41565551401291134,0.3031210114769254,0.3199442291232574,0.3546451890277474,0.42380501862020614,0.42489238037439914,0.0003385600029640057,0.0004136509419598311,0.0004208559862123873,0.00043165314910253993,0.00035094777847116676,0.0003545451905240804,0.00047449019690920524,0.0004347933216171107,0.000399408412544322,0.00038176907253673065,0.0003738213211962327
2022-02-21,0.4081118662945468,0.3472777987681307,0.35913125135357343,0.33139535809595894,0.4203159470330881,0.4175925964600786,0.30529078486998656,0.32200768384848844,0.3566709361886483,0.4257998833919623,0.4268707429409234,0.00036670667196686546,0.00044400467385596887,0.00045161487115941146,0.00046216728359549375,0.00037991389194669267,0.0003837876858159839,0.0005062309528957032,0.0004651944767333771,0.0004296138721632259,0.00041166552923538324,0.00040353327768327674
2022-02-22,0.4099892311619549,0.3493379380240754,0.3612201223423014,0.33347797163319126,0.4222498227380061,0.4195451066472897,0.3074757877058071,0.324086057964128,0.3587120578265779,0.42781019458577974,0.4288645511772046,0.0003947448265657627,0.00047422701762583896,0.000482240115999899,0.0004925446553534774,0.00040876758278918235,0.00041291661215731024,0.0005378219069985257,0.0004954579733199571,0.000459692202125217,0.00044144016748082215,0.0004331258221813572
2022-02-23,0.4118809357400913,0.35141270987635675,0.3633237923970908,0.33557502416410107,0.4241984122732134,0.42151246679536697,0.3096753734068947,0.326178736445837,0.3607679499408053,0.4298353573182337,0.4308732150833084,0.00042266616981978533,0.0005043090299916009,0.0005127226582318234,0.0005227762752240683,0.00043750031272760115,0.000441923349829898,0.0005692537109464602,0.0005255748559210849,0.0004896345017690318,0.000471084176478731,0.0004625901977803881
2022-02-24,0.4137864202431366,0.3535015003666038,0.36544163900812754,0.3376858951371058,0.4261611390197165,0.4234940947307908,0.31188889108045265,0.3282851000363849,0.36283800415977796,0.4318747723110895,0.43289614026326856,0.00045046243935392694,0.000534241809201863,0.0005430534775804352,0.0005528531971840667,0.00046610357928456025,0.0004707993152733292,0.0006005170635630108,0.0005555362124664565,0.0005194319106864853,0.0005005887840896506,0.000491917685497556
2022-02-25,0.41570512080757005,0.3556036913881052,0.3675730354705263,0.3398099599115238,0.4281374221750941,0.4254894040579739,0.314115685710989,0.33040452542889726,0.3649216079211482,0.43392783606864005,0.4349327281009785,0.00047812540980501916,0.0005640164976657425,0.0005732235986679046,0.0005827665209883204,0.0004945689182938029,0.000499535963624953,0.0006316027135190305,0.0005853331769091197,0.0005490756113446515,0.0005299452594256793,0.000521099606857367
2022-02-26,0.4176364696590259,0.3577186608687164,0.3697173510697831,0.34194658994241556,0.4301266769253651,0.4274978043327849,0.316355098354147,0.3325363854513019,0.3670181446530411,0.43599394105628897,0.43698237593733175,0.0005056468952551185,0.0005936242845736017,0.0006032240936703626,0.00061250739480323,0.0005228879064032577,0.0005281247912482523,0.000662501462070475,0.0006149569318475434,0.0005785568316957201,0.0005591449154336847,0.0005501273264599815
2022-02-27,0.41957989528030626,0.3598457829549418,0.37187395126841327,0.34409515296658005,0.4321283146180448,0.4295187012372703,0.3186064663316968,0.33468004925192013,0.3691269939565074,0.4380724758803296,0.43904447724855733,0.000533018751653791,0.0006230564085053514,0.0006330460849584552,0.0006420670178258758,0.0005510521635685994,0.0005565573382489974,0.0006932041657807253,0.0006443987111362515,0.0006078668477717541,0.0005881791114653034,0.0005789922545356152
2022-02-28,0.42153482258050357,0.36198442819713383,0.374042197893722,0.3462550131896509,0.4341417429363367,0.4315514967555231,0.3208691234276329,0.3368348824861446,0.3712475317891107,0.44016282546886726,0.4411184218257019,0.0005602328792285172,0.0006523041600217661,0.0006626807477252972,0.0006714366428878793,0.00057905335553321,0.000584825190979188,0.0007237017392257572,0.000673649802478582,0.0006369969862683456,0.0006170392558348392,0.000607685849488282
2022-03-01,0.4235006730651775,0.3641339637357577,0.37622144932664886,0.3484255314742396,0.4361663660744086,0.4335955893506449,0.3231424000853179,0.33900024750415403,0.3733791306495896,0.4422643712538282,0.4432035959551981,0.0005872812248808867,0.0006813588842425333,0.0006921193125974945,0.0007006075790448874,0.0006068831962939281,0.0006129199845265609,0.0007539851576829348,0.0007027015500066791,0.0006659386271081202,0.0006457168083613407,0.0006361996204213294
2022-03-02,0.42547686500754245,0.36629375348866494,0.3784110606916342,0.35060606552906554,0.4382015849137008,0.4356503741427505,0.3254256236056155,0.34117550353960185,0.3755211597635477,0.44437649135400425,0.4452993826004739,0.0006141557845704693,0.0007102119834074272,0.0007213530682298464,0.0007295711941476268,0.0006345334505529765,0.0006408334051894449,0.0007840454598015412,0.0007315453568406682,0.000694683205994584,0.0006742032828958577,0.0006645251296512056
2022-03-03,0.4274628136206085,0.3684631583393203,0.38061038404744757,0.35279597009902036,0.44024679720021526,0.4377152430879615,0.3277181183459521,0.3433600068992308,0.3776729852701078,0.4464985607590768,0.44740516158454297,0.0006408486056823648,0.0007388549194204952,0.0007503733638839494,0.0007583189173963611,0.0006619959361555128,0.0006685571929377354,0.0008138737502544346,0.0007601726876342307,0.0007232222169437641,0.0007024902498319885,0.0006926539952039623
2022-03-04,0.4294579312302305,0.3706415363259256,0.3828187685789244,0.3549945971561096,0.4423013977227319,0.4397895851583367,0.3300192059202517,0.3455531111533512,0.379833970409483,0.448629951514568,0.44952030977352536,0.0006673517893818759,0.0007672792163757047,0.0007791716119873726,0.0007868422418772503,0.000689262526509804,0.0006960831438566628,0.0008434612023706101,0.0007885750710993622,0.0007515472148034164,0.0007305693386012169,0.0007205778932959928
2022-03-05,0.43146162744900907,0.37282824283138827,0.38503556078955203,0.3572012960912144,0.44436477849190104,0.44187278652268436,0.33232820539968,0.34775416732713094,0.3820034757114037,0.45077003290766277,0.45164420126104243,0.0006936574929499173,0.0007954764630665467,0.0008077392906749026,0.0008151327270795039,0.0007163251529935244,0.0007234031125744056,0.0008727990607471647,0.0008167441025140887,0.0007796498177509159,0.000758432240149487,0.0007482885607964507
2022-03-06,0.43347330935099704,0.3750226307740724,0.3872601046948509,0.3594154139066181,0.4464363289201561,0.44396423072820523,0.3346444335141426,0.3499625240926364,0.38418085918434725,0.45291817165384585,0.4537762075534326,0.0007197579321061021,0.0008234383154739344,0.000836067946311192,0.0008431820013939939,0.0007431758073395134,0.0007505090146726623,0.0009018786438393933,0.0008446714462085891,0.0008075217097740506,0.0007860707093955699,0.0007757777976726832
2022-03-07,0.43549238164715454,0.3772240507992813,0.38949174201648995,0.3616362954092366,0.4485154360023979,0.446063298882911,0.33696720485447634,0.35217752796157176,0.3863654765055132,0.45507373208430274,0.45591569775573354,0.0007456453833102894,0.0008511564992356724,0.000864149195991204,0.000870981764588441,0.0007698065440080448,0.000777392829079071,0.0009306913465313982,0.0008723488380328326,0.0008351546431316081,0.0008134765676724998,0.0008030374694176223
2022-03-08,0.43751824686150576,0.3794318514714125,0.39172981237708193,0.36386328340450336,0.4506014844973907,0.4481693698387638,0.33929583207527164,0.35439852347865636,0.3885566812114889,0.45723607633402175,0.4580620387583736,0.0007713121860495331,0.0008786228120958306,0.0008919747300212832,0.0008985237902662813,0.0007962094825349486,0.0008040466004402558,0.0009592286426805541,0.0008997680878012893,0.0008625404407937021,0.0008406417051453063,0.000830059509456027
2022-03-09,0.4395503055079401,0.3816453794667265,0.39397365349560015,0.36609571889084136,0.4526938571098238,0.4502818203754843,0.3416296260982695,0.3566248534155839,0.39075382488954913,0.45940456453055095,0.46021459542451804,0.0007967507451034361,0.0009058291263299156,0.0009195363143781887,0.0009257999282984986,0.0008223768098662432,0.0008304624414764428,0.0009874820876415447,0.0009269210817165474,0.0008896709988627238,0.000867558083212927,0.0008568359215308519
2022-03-10,0.44158795626761194,0.3838639797666778,0.39622260138335763,0.3683329412546739,0.454791934672978,0.45240002538497254,0.3439678963162719,0.3588558589655081,0.3929562573695307,0.4615785549833454,0.46237273077801855,0.0008219535327935179,0.0009327673911523893,0.0009468257931457003,0.0009528021072372495,0.0008483007826687872,0.0008566325353151494,0.0010154433207660851,0.0009537997847709478,0.0009165382889697038,0.0008942177368861381,0.0008833587820714084
2022-03-11,0.44363059616687855,0.38608699585174355,0.39847599054049226,0.37057428846591006,0.4568950963319477,0.454523358056288,0.346309950797502,0.36109087993799327,0.39516332691622874,0.4637574043736538,0.4645358061919028,0.000846913091209156,0.0009594296350970422,0.0009738350909280213,0.0009795223367032868,0.0008739737296219463,0.0008825491378050554,0.0010431040678749448,0.0009803962431239044,0.0009431343606509657,0.0009206127771444472,0.0009096202425364353
2022-03-12,0.44567762075573103,0.388313769895699,0.4007331541528991,0.3728190972738506,0.4590027197273611,0.45665119006113164,0.3486550964903586,0.3633292549543757,0.39737438042225665,0.46594046794488714,0.4667031815773555,0.0008716220344157644,0.0009858079683766618,0.0010005562152395342,0.001005952709751179,0.0008993880536874443,0.0009082045798060601,0.001070456143708154,0.0010067025864555768,0.0009694513437015773,0.0009467353932704481,0.000935612531737462
2022-03-13,0.44772842428665993,0.3905436429602797,0.40299342428955093,0.37506670340345316,0.46111418117954744,0.4587828917397801,0.3510026394285015,0.36557032164347586,0.399588763601309,0.4681270996934131,0.46887421557313025,0.0008960730506392123,0.001011894585218609,0.0010269812588695748,0.0010320854052078277,0.0009245362343582864,0.0009335912694605208,0.0010974914543463998,0.0010327110302954523,0.000995481450502489,0.0009725778551624709,0.0009613279581377476
2022-03-14,0.44978239989390617,0.3927759551901702,0.40525613210015005,0.3773164417519038,0.4632288558730927,0.46091783228741057,0.35335188493620723,0.3678134168376053,0.4018058211817777,0.4703166525597173,0.47104826573533914,0.0009202589044305376,0.0010376817661728044,0.0010531024022226165,0.001057912689988505,0.0009494108298829795,0.0009587016944381244,0.001124201999606611,0.001058413878326836,0.0010212169783267444,0.000998132515619754,0.00098675891212896
2022-03-15,0.45183893977304246,0.39501004600826745,0.4075206080130516,0.3795676465854302,0.46534611804173315,0.4630553799407672,0.3557021378339338,0.37005787676880814,0.40402489710065514,0.47250847861988005,0.4732246887275619,0.0009441724388065675,0.0010631618803976228,0.0010789119156319193,0.0010834269213838565,0.0009740044794684377,0.0009835284241603848,0.0011505798754081198,0.0010838035246634181,0.0010466503116169923,0.0010233918126071329,0.0010118978682825408
2022-03-16,0.4538974353608319,0.39724525431115537,0.40978618193340133,0.3818196517363041,0.4674653411535296,0.46519490216510945,0.3580527026440374,0.3723030372652807,0.4062453346976757,0.4747019292773073,0.47540284051122,0.0009678065773676692,0.001088327387917587,0.0011044021616474775,0.0011086205493226475,0.0009983099054581834,0.0010080641119983302,0.0011766172761136229,0.0011088724561001961,0.0010717739242411817,0.001048348271492472,0.0010367373875770913
2022-03-17,0.45595727751531195,0.3994809186647358,0.41205218344142663,0.3840717907999699,0.46958589809626844,0.46733576584138986,0.3604028837965735,0.3745482339479111,0.4084664769096309,0.47689635545465997,0.47758207653615753,0.0009911543263920186,0.0011131708418538055,0.0011295655972952678,0.0011334861186051426,0.0010223199154856255,0.0010323014974475964,0.0012023064968372243,0.0011336132543371957,0.0010965803817179487,0.0010729945072577851,0.0010612701195991114
2022-03-18,0.45801785669604955,0.4017163774999586,0.41431794199082445,0.3863233973322451,0.4717071613630338,0.46947733745360304,0.3627519858351283,0.3767928024268792,0.41068766646480537,0.47909110778592795,0.4797617519313742,0.0010142087769050012,0.0011376848906289316,0.0011543947763097417,0.0011580162711088415,0.0010460274046027451,0.0010562334082754865,0.001227639935725111,0.0011580185981742708,0.0011210623434173561,0.0010973232266858757,0.0010854888047184819
2022-03-19,0.4600785631445136,0.403950969308589,0.41658278710718794,0.3885738050465318,0.47382850323789716,0.4716189832762547,0.36509931362261533,0.37903607849826026,0.4129082460774746,0.48128553680858543,0.48194122169585313,0.0010369631067238538,0.001161862280141257,0.0011788823513376179,0.001182203747967181,0.0010694253573818036,0.001079852762644773,0.0012526100962053643,0.001182081265677315,0.0011452125647334332,0.0011213272305167776,0.0011093862762369122
2022-03-20,0.4621387870645125,0.40618403283895954,0.418846048586409,0.39082234801098226,0.4759492959816686,0.47376006956188993,0.36744417254697703,0.38127739834057417,0.41512755864240514,0.48347899315578025,0.4841198408894263,0.0010594105824763833,0.00118569585591205,0.0012030210761112548,0.0012060413917169277,0.0010925068499921808,0.001103152571208521,0.001277209589205297,0.0012057941363161073,0.0011690238992267399,0.0011449994155798837,0.0011329554625076899
2022-03-21,0.4641979188026423,0.4084149072916457,0.4211070566930038,0.39306836084555713,0.4780689120176548,0.47589996272863,0.3697858687267329,0.3835160987112198,0.41734494742930417,0.4856708277484896,0.48629696482362417,0.0010815445615932617,0.001209178565203528,0.0012268038075939347,0.001229522148415152,0.0011152650522488483,0.001126125939178213,0.0013014311353397034,0.0012291501930702387,0.001192489300740729,0.0011683327768945428,0.001156189389029838
2022-03-22,0.4662553490286933,0.41064293251500494,0.42336514235829714,0.3953111789189243,0.4801867241173696,0.4780380295476594,0.37212370921630894,0.3857515171427408,0.4195597562771546,0.48786039198759423,0.48847194925244775,0.0011033584942737318,0.0012323034591034676,0.0012502235080923407,0.0012526390697287781,0.0011376932296336961,0.001148766068364948,0.0013252675670630265,0.0012521425245075601,0.0012156018254849688,0.0011913204097437902,0.0011790811805103552
2022-03-23,0.46831046891596134,0.4128674492005286,0.42561963737841196,0.397550138545132,0.4823021055861404,0.48017363733060814,0.37445700221109196,0.3879829921388586,0.4217713297883862,0.4900470379458092,0.4906441505630124,0.0011248459254247778,0.0012550636945841687,0.0012732732473406672,0.001275385314988553,0.0011597847452881616,0.0011710662591901122,0.0013487118307917156,0.0012747643268267717,0.0012383546340921647,0.0012139555117172685,0.0012016240628998642
2022-03-24,0.47036267032140755,0.41508779907793997,0.427869874612,0.3997845771800058,0.48441443044855736,0.48230615411677474,0.37678505725214584,0.3902098633702208,0.42397901352281575,0.49223011855941623,0.4928129259660033,0.0011460004965692105,0.001277452536525281,0.0012959462045499248,0.001297754153214814,0.00118153306197738,0.0011930199126686247,0.0013717569889910575,0.001297008905872532,0.0012607409936398195,0.001236231384724562,0.001223811365397065
2022-03-25,0.4724113459656196,0.4173033251099888,0.43011518817766137,0.4020138336172048,0.4865230736337095,0.4844349488601332,0.37910718543052907,0.3924314718698032,0.4261821541913082,0.4944089878197385,0.49497763368588604,0.0011668159477294937,0.001299463359708819,0.0013182356704275477,0.0013197389651081748,0.0012029317440245824,0.0012146205323611547,0.0013943962222278117,0.0013188696791162635,0.0012827542796441382,0.0012581414369757793,0.001245636522421878
2022-03-26,0.47445588961251417,0.41951337168687775,0.4323549136509884,0.40423724818388374,0.4886274111601535,0.48655939161607015,0.3814226995911544,0.3946471602279086,0.4283800998490947,0.4965830009643076,0.49713763315081977,0.0011872861192785966,0.0013210896507779846,0.0013401350491620834,0.0013413332450090687,0.001223974459215238,0.0012358617262969163,0.001416622831188874,0.001340340177603483,0.0013043879780195167,0.0012796791849341016,0.0012670930755594445
2022-03-27,0.4764956962487325,0.42171728482026827,0.4345883882611795,0.4064541629359014,0.4907268203205601,0.48867885372779457,0.3837309145361284,0.39685627278670466,0.4305722000886933,0.4987515146676579,0.4992922851822116,0.001207404953763147,0.001342325010165124,0.0013616378603747425,0.0013625306028230422,0.0012446549806717777,0.001256737208864489,0.0014384302386627468,0.001361414047868048,0.0013256356870066655,0.0013008382552339715,0.001288174675470155
2022-03-28,0.4785301622626739,0.4239144123368067,0.43681495108716445,0.40866392185251565,0.49282067986598216,0.49079270801236935,0.3860311472275134,0.3990581558342439,0.4327578062323757,0.5009138872316958,0.5014409521838608,0.00122716649769683,0.0013631631539857136,0.0013827377410376984,0.0013833247659104098,0.0012649671886948433,0.0012772408026733295,0.0014598119914870367,0.0013820850538125429,0.0013464911190664286,0.0013216123865651408,0.001308875083769978
2022-03-29,0.4805586856231133,0.42610410407111254,0.43903394325318146,0.4108658710305116,0.4949083701896933,0.49290032894630254,0.38832271698944876,0.4012521577979083,0.4349362715241213,0.503069478775591,0.5035829983306325,0.0012465649033205906,0.0013835979158978717,0.0014034284473572467,0.0014037095809439348,0.0012849050725754485,0.0012973664403794771,0.001480761762456817,0.0014023470785544112,0.0013669481027414054,0.0013419954315286864,0.001329188174874707
2022-03-30,0.48258066605735267,0.4282857120581729,0.4412447081237481,0.4130593588777016,0.49698927351053895,0.4950010928506517,0.39060494570957416,0.40343762943721817,0.4371069513210014,0.5052176514251252,0.5057177897566095,0.0012655944303343047,0.001403623248926844,0.0014237038566202176,0.0014236790157292067,0.0013044627323727798,0.0013171081664834494,0.0015012733521980182,0.0014221941262340665,0.001387000584480269,0.0013619813584532237,0.0013491079378136206
2022-03-31,0.48459550522885064,0.4304585907250857,0.4434465914979714,0.4152437363057417,0.4990627740557482,0.49709437807557955,0.3928771580396938,0.4056139240359546,0.439269203283942,0.5073577695014511,0.5078446947426638,0.001284249447594421,0.0014232332272542947,0.0014435579690066924,0.0014432271609887137,0.0013236343806610762,0.0013364601390907227,0.0015213406910011273,0.0014416203237906933,0.0014066426304317758,0.0013815642531820327,0.001368628478008893
2022-04-01,0.48660260691428087,0.43262209708209504,0.44563894180313607,0.41741835692220763,0.5011282582431499,0.4991795651843102,0.39513868159562265,0.4077803975935327,0.44142238756779956,0.5094891997091978,0.5099630839033912,0.0013025244347812936,0.001442422047972125,0.0014629849093655833,0.001462348232112054,0.001342414344240539,0.001355416631641404,0.0015409578406176405,0.0014606199227000793,0.0014258684281982514,0.0014007383208204383,0.001387744019018422
2022-04-02,0.4886013771799636,0.4347755909128626,0.44782111028751537,0.41958257722187287,0.5031851148627432,0.5012560371364307,0.3973888471561564,0.40993640901557166,0.4435658670107034,0.5116113113238765,0.5120723303733574,0.0013204139840324314,0.0014611840327997672,0.0014819789289526875,0.0014810365708665674,0.0013607970658185975,0.001373972034604043,0.001560118996017601,0.0014791873006752554,0.0014446722885569918,0.001419497887454657,0.001406448904246016
2022-04-03,0.49059122455762016,0.43691843496391725,0.4499924512123469,0.42173575677713193,0.5052327352575623,0.5033231794704833,0.39962698886110376,0.41208132030360484,0.44569900732260054,0.5137234763785181,0.5141718099925975,0.0013379128015424402,0.0014795136297636735,0.0015005344071317706,0.0014992866470724953,0.0013787771056515963,0.0013921208571366916,0.0015788184871067257,0.0014973169633303862,0.0014630486471426396,0.0014378374018260143,0.0014247375986151667
2022-04-04,0.49257156021939785,0.43904999513322945,0.45215232204291766,0.4238772584275129,0.5072705135037893,0.5053803804857941,0.4018524444083261,0.41421449674387356,0.4478211772729542,0.515825069849502,0.5162609014913149,0.0013550157091294923,0.0014974054148416127,0.001518645853038736,0.0015170930602382282,0.0013963491431566721,0.0014098577287104952,0.001597050780404785,0.0015150035458064703,0.0014809920660955322,0.001455751436977848,0.0014426046902072942
2022-04-05,0.4945417981521135,0.4411696406578514,0.45430008363869967,0.42600644846822355,0.5092978465900563,0.5074270314234854,0.4040645552497228,0.4163353070951498,0.4499317488775336,0.5179154698415086,0.5183389866737245,0.0013717176457679336,0.0015148540935663313,0.0015363079072048258,0.0015344505411594156,0.0014135079784850513,0.0014271774006997529,0.0016148104806827934,0.0015322418143593475,0.0014984972356693604,0.0014732346918587824,0.0014600448918620224
2022-04-06,0.4965013553306651,0.4432767443005707,0.4564351004424828,0.428122696837676,0.5113141345958867,0.5094625266466178,0.40626266678610645,0.4184431237755303,0.45203009758424484,0.5199940577715485,0.5204054506009881,0.0013880136690861966,0.001531854502593133,0.0015535153431445736,0.0015513539534786625,0.0014302485340614846,0.0014440747479355087,0.001632092332559676,0.001549026667908071,0.0015155589758023003,0.0014902819928919175,0.0014770530427435924
2022-04-07,0.4984496518905573,0.44537068253551937,0.4585567406684459,0.43022537730393057,0.5133187808692207,0.5114862638194064,0.4084461285609092,0.4205373230481472,0.4541156024579469,0.5220602185520126,0.5224596817731832,0.0014038989568289084,0.0015484016112274346,0.0015702630689007901,0.0015677982952043146,0.0014465658560862682,0.0014605447702202845,0.0016488912220575802,0.00156535313954409,0.0015321722376516744,0.0015068882955071583,0.0014936241098664205
2022-04-08,0.5003861112994927,0.44745083573268546,0.4606643764891116,0.43231386765000823,0.5153111922029739,0.513497644085463,0.4106142944526636,0.42261728520574404,0.45618764636419473,0.5241133407726842,0.5245010723102564,0.0014193688082836942,0.0015644905229135198,0.0015865461285516358,0.001583778700190941,0.0014624551160010713,0.0014765825938095611,0.0016652021781148885,0.0015812163980022387,0.001548332105085426,0.0015230486856323555,0.0015097531895846839
2022-04-09,0.5023101605279778,0.4495165883412716,0.46275738422113244,0.43438754985801503,0.5172907790105786,0.5154960722450069,0.4127665228661996,0.42468239475405456,0.45824561615186055,0.5261528168816672,0.526529018131905,0.0014344186456727304,0.0015801164766837683,0.0016023597036779469,0.0015992904395795704,0.0014779116119187918,0.0014921834728535144,0.0016810203740569851,0.0015966117490888165,0.0015640337961391193,0.001538758381148253,0.0015254355090444927
2022-04-10,0.5042212302188906,0.45156732907184605,0.4648351445098471,0.4364458102920233,0.5192569555004493,0.5174809569309939,0.4149021769225037,0.4267320405939388,0.46028890283457485,0.5281780433651683,0.5285429191363342,0.0014490440155067175,0.0015952748485669743,0.0016176991147884845,0.0016143289231970726,0.0014929307700128902,0.0015073427908007808,0.0016963411290255581,0.0016115346370715877,0.0015792726644298094,0.0015540127333026899,0.0015406664275955384
2022-04-11,0.5061187548559637,0.45360245107723307,0.466897042512558,0.43848803987965645,0.5212091398493299,0.5194517107841121,0.4170206246471811,0.42876561620221754,0.4623169017709344,0.5301884209260883,0.5305421793778361,0.0014632405899036582,0.0016099611529567515,0.0016325598227044935,0.0016288897009141823,0.0015075081458733042,0.0015220560617655865,0.0017111599093624363,0.0016259806460282578,0.0015940442005306643,0.0015688072280876098,0.0015554414381637738
2022-04-12,0.5080021729311289,0.4556213521320897,0.4689424680804737,0.44051363429232304,0.5231467543744643,0.5214077506265896,0.41912123915746763,0.43078251981115134,0.46432901284342704,0.5321833546613634,0.5325262072431403,0.0014770041678691115,0.0016241710439396373,0.0016469374299038497,0.001642968463962391,0.001521639425819954,0.0015363189318539083,0.0017254723299521824,0.0016399455011525954,0.0016083440333070076,0.0015831374875739934,0.0015697561685860117
2022-04-13,0.509870927110676,0.4576234348111129,0.4709708159392609,0.4425219941240479,0.5250692257045413,0.5233484976347677,0.4212033988477343,0.43278215458651303,0.46632464063601453,0.5341622542380061,0.5344944156264813,0.001490330676538254,0.001637900316580343,0.0016608276818208534,0.001656561046209426,0.0015353204281797206,0.0015501271804535532,0.001739274155519388,0.0016534250700187547,0.0016221679312082293,0.0015969992712079328,0.0015836063829027802
2022-04-14,0.5117244644001782,0.45960810666582724,0.47298148586815514,0.4445125250688451,0.5269759849493642,0.5252733775103828,0.42326648757342983,0.43476392880420156,0.4683031946103264,0.5361245340677934,0.5364462221033329,0.0015032161723831372,0.0016511449081660357,0.0016742264681068875,0.0016696634253910991,0.0015485471045235677,0.0015634767214813827,0.0017525613018819497,0.0016664153638054624,0.0016355118035203398,0.00161038847706374,0.0015969879826129851
2022-04-15,0.5135622363081308,0.46157478039990074,0.47497388287757597,0.4464846380965839,0.5288664678681962,0.5271818206505113,0.4253098948334083,0.4367272560253424,0.47026408928040986,0.5380696134805545,0.5383810491027573,0.001515656842378088,0.0016639008994090432,0.0016871298238453347,0.001682271724303297,0.0015613155408656931,0.0015763636045932339,0.0017653298371590465,0.0016789125384759629,0.001648371701576945,0.0016233011430608624,0.001609897007886052
2022-04-16,0.5153836990082599,0.4635228740429348,0.47694741738519325,0.44843774962729094,0.5307401150367262,0.5290732623161246,0.42733301595058615,0.43867155526982393,0.4722067443859843,0.5399969168959973,0.5402983240783169,0.0015276490051292502,0.0016761645156063154,0.0016995339307251944,0.0016943822119468988,0.0015736219588199374,0.0015887840163535394,0.001777575982935875,0.0016909128959153863,0.0016607438199273128,0.0016357334481330588,0.001622329638733766
2022-04-17,0.5171883135004472,0.4654518111226786,0.4789015053903956,0.4503712817038416,0.5325963720126135,0.530947142799203,0.4293352522508762,0.44059625118821905,0.47413058506414946,0.5419058739940342,0.5421974796775008,0.001539189111961936,0.0016879321277566417,0.0017114351181722887,0.0017059913046340025,0.0015854627167194435,0.0016007342813620928,0.0017892961153809228,0.0017024128850248177,0.0016726244974624715,0.001647681713361937,0.0016342821961408127
2022-04-18,0.5189755457702316,0.4673610208356163,0.4808355686471039,0.4522846621629871,0.5344346894995545,0.5328029075883636,0.4313160112403442,0.4425007742320398,0.4760350420194973,0.5437959198835478,0.5440779539096122,0.0015502737479734519,0.0016992002536339035,0.001722829864433617,0.0017170955670472443,0.0015968343106937954,0.0016122108633431775,0.0018004867663184987,0.0017134091027722342,0.0016840102184988992,0.0016591424030631963,0.001645751143152685
2022-04-19,0.52074486694683,0.4692499382158782,0.4827490348348844,0.45417732480466605,0.5362545235098287,0.5346400075329495,0.4332747067805376,0.444384560822277,0.47791955169257494,0.5456664952695507,0.5459391903120724,0.0015608996330408464,0.0017099655588188045,0.001733714797620356,0.0017276917132567626,0.0016077333757046341,0.0016232103661921737,0.0018111446242546902,0.0017238982952001436,0.0016948976138187466,0.0016701121258339002,0.001656733085924067
2022-04-20,0.5224957534596416,0.4711180043024213,0.48464133772830714,0.4560487095595532,0.5380553355252745,0.5364578990055308,0.43521075926193414,0.44624705351617105,0.47978355642665116,0.5475170466186922,0.5477806381150848,0.0015710636227950214,0.0017202248576841384,0.0017440866967055602,0.0017377766076926981,0.001618156686543637,0.0016337295349789782,0.0018212665353583013,0.0017338773583874811,0.0017052834616662627,0.001680587635557118,0.0016672247747204771
2022-04-21,0.5242276871931774,0.47296466630443657,0.4865119173645024,0.45789826265479144,0.5398365926566444,0.5382560440627733,0.43712359577545606,0.4480877011721697,0.4816265046327364,0.549347026323056,0.549601752404619,0.001580762709546879,0.0017299751143383668,0.0017539424924779001,0.001747347266072119,0.0016281011587857552,0.001643765256912011,0.001830849504392662,0.0017433433393692077,0.0017151646887022531,0.0016905658323616013,0.0016772231048831632
2022-04-22,0.525940155640382,0.4747893777649273,0.4883602202088605,0.4597254367778634,0.5415977678012951,0.5400339106046256,0.43901265028200465,0.449905959113018,0.48344785095280607,0.5511558928622048,0.5514019942836579,0.0015899940231812737,0.001739213443523402,0.0017632792684483256,0.0017564008562833133,0.0016375638497011513,0.0016533145622599221,0.0018398906956031413,0.0017522934370092225,0.0017245383709125206,0.0017000437635368293,0.00168672511774548
2022-04-23,0.5276326520542904,0.4765915987224161,0.49018569931883355,0.46152969123855,0.5433383397991671,0.5417909725317747,0.44087736377995923,0.4517012892869382,0.4852470564211811,0.5529431109634287,0.553180831031666,0.0015987548320034461,0.001747937111469644,0.0017720942617147073,0.0017649346992232862,0.001646541959127723,0.0016623746252296678,0.0018483874335556982,0.0017607250028293109,0.0017334017344732278,0.0017090186244117511,0.001695728001508412
2022-04-24,0.5293046755979843,0.47837079587072595,0.49198781450578377,0.4633104921289286,0.5450577935870029,0.5435267099013277,0.4427171844705956,0.4534731604268479,0.48702358862401773,0.5547081517601379,0.5549377362622311,0.001607042543549153,0.0017561435367025036,0.0017803848637786834,0.0017729462695910692,0.0016550328302981088,0.0016709427648023967,0.0018563372039289705,0.0017686355417936839,0.0017417521565733507,0.0017174877591801252,0.0017042290920742387
2022-04-25,0.5309557314927973,0.48012644271679683,0.4937660324948343,0.4650673124813652,0.5467556203507634,0.5452406090806723,0.4445315679213716,0.45522104820757037,0.48877692185685506,0.5564504929483637,0.5566721900788296,0.0016148547053517204,0.0017638302908095094,0.0017881486213179865,0.0017804331966333464,0.0016630339506270575,0.0016790164455287027,0.0018637376542580686,0.0017760227130468875,0.0017495871661882823,0.0017254486616889997,0.0017122258738332397
2022-04-26,0.5325853311647265,0.48185801973648107,0.4955198270826733,0.46679963242445316,0.5484313176761937,0.5469321628994668,0.44631997722703326,0.4569444354009901,0.49050653728018107,0.5581696189413168,0.5583836792286723,0.0016221890056663524,0.0017709950991561252,0.0017953832369116962,0.0017873932648485025,0.0016705429524542792,0.0016865932782756943,0.0018705865946305744,0.0017828843306056386,0.0017569044448124127,0.0017328989761790092,0.0017197159804090978
2022-04-27,0.5341929923890116,0.4835650145282801,0.49724867929326655,0.46850693933685084,0.5500843896974963,0.5486008707997218,0.4480818831684947,0.45864281202911,0.49221192307296513,0.5598650210219583,0.5600716972545848,0.0016290432741555838,0.001777635841560321,0.0018020865697208066,0.0017938244146400995,0.0016775576137457726,0.001693671020936871,0.0018768819983350227,0.0017892183640070836,0.0017637018271454696,0.0017398364979825942,0.001726697195359006
2022-04-28,0.5357782394328313,0.4852469219649724,0.4989520775314299,0.47018872799897515,0.5517143472440639,0.5502462389839228,0.4498167643694412,0.4603156755149619,0.49389257458411434,0.5615361974935353,0.5617357446448751,0.0016354154825310996,0.0017837505529197384,0.0018082566361208863,0.0017997247429277774,0.001684075858749745,0.0017002475790945937,0.0018826220024600326,0.001795022938909041,0.001769977301732728,0.0017462591741744804,0.0017331674528284768
2022-04-29,0.5373406031960815,0.48690324434308774,0.5006295177342202,0.47184450074250334,0.5533207079852358,0.5518677805611523,0.4515241074506138,0.4619625308313263,0.4955479944818072,0.5631826538280444,0.5633753289811488,0.0016413037451541435,0.0017893374237925586,0.0018138916102904967,0.001805092503708916,0.0016900957586132304,0.0017063210066389223,0.0018878049084459225,0.0018002963376442804,0.0017757290115601454,0.0017521651041829678,0.0017391248381647406
2022-04-30,0.5388796213501887,0.4885334915301871,0.5022805035200936,0.47347376759764204,0.5549029965730242,0.5534650156911701,0.4532034071817263,0.46358289064721947,0.497177692900663,0.5648039028125661,0.564989965084023,0.001646706319593405,0.0017943948009341293,0.001818989824749817,0.0018099261085773866,0.0016956155319505228,0.0017118895063457096,0.001892429182587585,0.0018050369997289484,0.0017809552546043106,0.0017575525403468184,0.00174456758848196
2022-05-01,0.5403948384749203,0.4901371811098995,0.5039045463357942,0.47507604643811613,0.55646074478278,0.555037471726404,0.45485416663097095,0.4651762754721033,0.4987811875867002,0.566399464693443,0.5665791751566968,0.0016516216071393863,0.0017989211877850741,0.0018235497708550819,0.0018142241271911774,0.0017006335453721988,0.0017169514304059552,0.0018964934564877356,0.00180924352232531,0.001785654484335708,0.0017624198884378384,0.0017494940931820357
2022-05-02,0.5418858061931516,0.49171383852467737,0.5055011656009252,0.4766508631238388,0.5579934916517455,0.5565846833518149,0.4564758973120688,0.46674221379777264,0.5003580040400437,0.5679688673182447,0.5681424889263422,0.0016560481532795768,0.0018029152449144936,0.0018275700992455013,0.001817985287697832,0.0017051483139670642,0.00172150528091497,0.001899996527462644,0.001812914660655418,0.0017898253101769623,0.001766765708129392,0.0017539028944330015
2022-05-03,0.5433520833035479,0.4932629972162259,0.5070698888501581,0.4781977516412161,0.5595007836154628,0.55810619272259,0.45806811932881975,0.4682802422378836,0.5019076756553362,0.569511646275485,0.569679443783264,0.001659984648128332,0.0018063757904170363,0.001831049620240388,0.001821208477109093,0.0017091585017424693,0.0017255497103146888,0.0019029373588968501,0.0018160493283705392,0.001793466497913454,0.0017705887134233933,0.0017577926876004568
2022-05-04,0.5447932359111214,0.4947841987635644,0.5086102518730455,0.47971625424104875,0.5609821746419902,0.5596015495996279,0.45963036151711323,0.46978990566507617,0.5034297438598148,0.5710273450320495,0.5711895849177919,0.0016634299268127872,0.001809301800261176,0.0018339873041940402,0.0018238927416315276,0.0017126629220196588,0.001729083521793462,0.001905315080551695,0.001818646597871898,0.0017965769700588607,0.0017738877730311131,0.001761162321631149
2022-05-05,0.5462088375556303,0.4962769930186816,0.5101217988513868,0.4812059215739874,0.5624372263638899,0.5610703114827713,0.4611621615843509,0.4712707573456541,0.5049237582490104,0.5725155150682906,0.5726724654548694,0.001666382969820135,0.0018116924085939123,0.0018363822817981656,0.0018260372869482455,0.0017156605377844913,0.001732105669640216,0.001907128988820117,0.0018207057005857896,0.0017991558061749569,0.0017766619107072446,0.00176401079939692
2022-05-06,0.5475984693377727,0.4977409382397405,0.5116040824941127,0.48266631282350164,0.563865508207947,0.5625120437417488,0.46266306624624914,0.4727223590717805,0.5063892767200282,0.5739757160107527,0.5741276465862873,0.001668842903297163,0.0018135469079956779,0.0018382338443407864,0.0018276414784536565,0.0017181504619935284,0.001734615259552763,0.0019083785469381498,0.0018222260271904545,0.0018012022431419528,0.0017789103055405597,0.0017663372779864739
2022-05-07,0.5489617200431469,0.49917560122179744,0.5130566641696459,0.4840969958363252,0.5652665975225855,0.5639263197447891,0.464132631360971,0.47414428129115066,0.5078258656023757,0.5754075157624846,0.5755546977005379,0.0016708089993094921,0.0018148647496900039,0.0018395414439146274,0.001828704841441653,0.0017201319578383778,0.001736611548902145,0.0019090633851411853,0.0018232071277969886,0.0018027156753871454,0.001780632292194828,0.0017681410689581734
2022-05-08,0.5502981862639377,0.5005805574249946,0.5144791140356982,0.4854975472503371,0.5666400797029361,0.56531272098487,0.4655704220605565,0.4755361032341033,0.5092330997862894,0.5768104906309037,0.5769531965102371,0.001672280676058957,0.0018156455437066121,0.001840304693579542,0.001829227061245997,0.0017216044389630758,0.0017380939469552326,0.0019091833007751635,0.0018236487120817935,0.0018036956550608885,0.00178182736110577,0.00176942163854088
2022-05-09,0.5516074725182879,0.5019553911001882,0.5158710111664697,0.4868675526198414,0.5679855483135237,0.5666708372035588,0.4669760128796051,0.4768974130381331,0.5106105628485345,0.5781842254531755,0.5783227291770872,0.0016732574980515835,0.0018158890589961008,0.0018405233674781973,0.0018292079833334696,0.0017225674696358384,0.0017390620150457003,0.0019087382583543033,0.001823550649373007,0.0018041418921718178,0.0017824951586339344,0.0017701786077930493
2022-05-10,0.5528891913673305,0.5032996954119741,0.5172319436772057,0.4882066065382079,0.5693026052085404,0.5680002665124172,0.46834898788118007,0.47822780786976776,0.5119578471756289,0.5795283137190642,0.579662890434339,0.001673739176230593,0.0018155952234978345,0.0018401974009010225,0.00182864761334961,0.001723020764881067,0.0017395154667074753,0.0019077283895741481,0.0018229129686888612,0.0018040542546705618,0.0017826354871670613,0.0017704117527160834
2022-05-11,0.5541429635298374,0.5046130725590795,0.5185615088460813,0.48951431275783885,0.5705908606496618,0.5693006155119238,0.46968894077988926,0.4795268940437727,0.513274554084465,0.580842357691228,0.5809732837067152,0.0016737255680594476,0.0018147641241632595,0.0018393268903071913,0.0018275461171169405,0.0017229641905615045,0.001739454167756338,0.0019061539932711535,0.0018217358587294674,0.0018034327684909313,0.0017822483051797011,0.0017701210043183924
2022-05-12,0.555368417994454,0.5058951338920755,0.5198593132333721,0.49079028430742466,0.5718499334213759,0.5705714994078891,0.47099547506211215,0.4807942871396487,0.5145602939402851,0.5821259685229141,0.5822535212277641,0.001673216677564815,0.0018133960069270927,0.0018379120932945359,0.0018259038205854505,0.001722397763417538,0.0017388781363318895,0.0019040155353343136,0.0018200196678206937,0.0018022776175411481,0.0017813337272447605,0.0017693064486370425
2022-05-13,0.5565651921294891,0.5071455000283882,0.5211249727978804,0.492034143606456,0.5730794509437941,0.5718125421253221,0.4722682041033347,0.4820296121153883,0.5158146862719795,0.583378766373027,0.5835032241546062,0.001672212655335903,0.0018114912766381552,0.001835953428524384,0.0018237212097380051,0.0017213216510649776,0.0017377875428913336,0.0019013136485681592,0.001817764903810859,0.0018005891436480015,0.0017798920240015281,0.0017679683267117774
2022-05-14,0.5577329317902215,0.5083638009645609,0.5223581130105781,0.49324552257695387,0.5742790493828999,0.5730233764197155,0.4735067512825573,0.4832325034184566,0.5170373598846767,0.5846003805185265,0.5847220226800397,0.001670713798478829,0.0018090504969363597,0.0018334514755967701,0.001820998930443407,0.001719736171942543,0.001736182710158185,0.0018980491325041315,0.001814972233920853,0.0017983678464589259,0.0017779236220725192,0.0017661070345150742
2022-05-15,0.5588712914236993,0.5095496761857459,0.5235583689654378,0.494424062752392,0.5754483737582157,0.5742036439857214,0.47471075009374303,0.4844026050939645,0.518227952969583,0.5857904494641337,0.5859095561419727,0.001668720550530245,0.0018060743900875087,0.0018304069748806828,0.00181773778826827,0.0017176417952190492,0.001734064113028344,0.0018942229531649368,0.0018116424845468493,0.001795614383290789,0.0017754291039401293,0.0017637231228330164
2022-05-16,0.5599799341709912,0.5107027747723865,0.5247253854874113,0.49556941538377164,0.576587078047846,0.5753529955631789,0.4758798442542737,0.48553957089000094,0.5193861132110507,0.5869486210493005,0.5870654731301476,0.001666233501323,0.0018025638367697994,0.0018268208272917974,0.0018139387482370983,0.0017150391406539622,0.0017314323784295427,0.0018898362427791082,0.001807776641015002,0.0017923295689382668,0.0017724092077714415,0.001760817297102868
2022-05-17,0.5610585319668728,0.5118227555040595,0.5258588172375347,0.49668124154282184,0.5776948252908719,0.5764710910404645,0.4770136878103778,0.4866430643600952,0.5205114978908307,0.5880745525524218,0.588189431590131,0.0016632533868156107,0.0017985198758124765,0.0018226940940294645,0.0018096029345465725,0.0017119289784149894,0.0017282882851337167,0.0018848902994442196,0.0018033758472910666,0.0017885143754302613,0.001768864827202954,0.0017573904172061283
2022-05-18,0.5621067656369033,0.5129092869604472,0.5269583288151184,0.4977592122222951,0.5787712876870614,0.5775575995551381,0.4781119452395055,0.4877127589627756,0.5216037739894908,0.589167910792252,0.5892810989245318,0.0016597810888723252,0.00179394370388819,0.0018180279962608514,0.001804731630234313,0.0017083122288485963,0.001724632763528966,0.0018793865867448023,0.0017984414056402276,0.0017841699317443505,0.0017647970110740152,0.0017534434972109603
2022-05-19,0.563124324991875,0.5139620476194116,0.5280235948569961,0.49880300843332415,0.5798161466938739,0.5786121995918497,0.47917429154961433,0.48874833815819946,0.5226626182849603,0.5902283722264967,0.590340152091423,0.0016558176350012221,0.0017888366751602769,0.0018128239147583436,0.0017993262767971308,0.00170418996220989,0.001720466895342443,0.0018733267333179704,0.001792974776243128,0.0017792975234710573,0.0017602069631165174,0.0017489777050750943
2022-05-20,0.5641109089196037,0.5149807259521357,0.5290543001338085,0.4998123212998173,0.5808290931207186,0.5796345790774824,0.4802004123753395,0.48974949550182223,0.5236877174481769,0.5912556230475567,0.5913662776999328,0.0016513641980522298,0.0017832003008803055,0.0018070833894942018,0.0017933884737664774,0.001699563398343762,0.0017157919133227173,0.0018667125323718614,0.0017869775767636598,0.0017738985924342643,0.0017550960415996242,0.0017439943622974408
2022-05-21,0.565066225474033,0.5159650205153128,0.530050139643281,0.5007868521498587,0.5818098272204509,0.5806244354734967,0.4811900040710202,0.4907159347350789,0.5246787681358062,0.592249359275387,0.5923591721029862,0.0016464220958694042,0.0017770362489426539,0.0018008081191815961,0.0017869199782334366,0.0016944339063243996,0.0017106092008706275,0.0018595459411550608,0.0017804515818697353,0.0017679747362647769,0.0017494657589269824,0.0017384949435302888
2022-05-22,0.5659899919616247,0.5169146400403453,0.531010818700482,0.5017263126040916,0.5827580587780726,0.5815814758654606,0.4821427738005522,0.49164736987305147,0.525635477080005,0.5932092868474501,0.5933185414871543,0.001640992790899909,0.0017703463433891287,0.0017939999607747836,0.001779922704330139,0.0016888030040514979,0.0017049202916351591,0.0018518290803767323,0.0017733987227077086,0.0017615277079269243,0.00174331778119019,0.001732481076139436
2022-05-23,0.5668819350250129,0.517829303519538,0.5319360530250216,0.5026304246610529,0.5836735071966103,0.5825054170497248,0.48305843962404443,0.4925435252890975,0.5265575611752048,0.5941351217057343,0.5942441019596021,0.0016350778897625817,0.0017631325638706175,0.0017866609289163282,0.0017723987226625493,0.0016826723577996194,0.0016987268690562551,0.0018435642335805635,0.0017658210863324975,0.0017545594151997523,0.0017366539276750803,0.0017259545397253495
2022-05-24,0.5677417907238954,0.5187087402892515,0.5328255688251787,0.503498920779439,0.5845559015801481,0.5833959856172274,0.48393673058124775,0.4934041357964116,0.5274447475618872,0.5950265898808089,0.5951355796320945,0.0016286791427715386,0.0017553970450598921,0.0017787931953449077,0.0017643502596975669,0.001676043781725256,0.0016920307658663258,0.0018347538464675295,0.001757720915088412,0.0017470719201138074,0.0017294761703222639,0.0017189172655949214
2022-05-25,0.5685693046131376,0.5195526901099978,0.5336791028789165,0.5043315439572759,0.585404980813992,0.584252918034402,0.484777386771738,0.4942289467264989,0.5282967737073265,0.5958834275728994,0.5959927107020461,0.0016217984434198085,0.0017471420760225564,0.0017703990882488307,0.0017557796971050532,0.0016689192373307016,0.0016848339635506804,0.0018254005261731931,0.0017491006059466851,0.0017390674383388482,0.0017217866331464826,0.0017113713361909255
2022-05-26,0.5693642318180653,0.5203609032434461,0.5344964026117767,0.5051280478079695,0.5862204936419365,0.5850759607211595,0.4855801594318231,0.49501771400453526,0.529113387483279,0.5967053812299467,0.5968152415305832,0.0016144378278160065,0.001738370099535702,0.0017614810915795864,0.0017466895710522845,0.0016613008328838497,0.0016771385917589976,0.0018155070404952123,0.0017399627097954284,0.0017305483385301468,0.0017135875916047816,0.0017033189844751773
2022-05-27,0.5701263371069301,0.5211331405263276,0.535277226171619,0.5058881966332165,0.5870021987406151,0.5858648701259277,0.4863448110081578,0.49577020422159274,0.5298943472405898,0.59749220762264,0.5976029287176003,0.0016065994740853684,0.0017290837113685953,0.001752041844315877,0.0017370825714543292,0.001653190822792694,0.0016689469276756075,0.001805076317075216,0.0017303099306849035,0.001721517141626161,0.0017048814719256011,0.0016947625932681731
2022-05-28,0.5708553949605156,0.5218691734412066,0.5360213425001898,0.5066117654927489,0.587749864790913,0.5866194127977211,0.4870711152280384,0.49648619470370997,0.5306394218807025,0.5982436739163909,0.5983555391737861,0.0015982857017224905,0.0017192856595132922,0.001742084139682687,0.0017269615411760197,0.0016445916069397493,0.0016602613953454748,0.0017941114425321092,0.0017201451250278832,0.0017119765201032422,0.0016956708503900186,0.0016857046945435439
2022-05-29,0.5715511896388735,0.5225687841841018,0.5367285314014958,0.5072985402709009,0.5884632705464169,0.5873393654552239,0.48775885716636147,0.49716547357778396,0.531348390924044,0.5989595577402332,0.5990728501895988,0.0015894989709064333,0.0017089788433708453,0.0017316109243248334,0.0017163294751940672,0.0016355057299712872,0.001651084564957661,0.0017826156615487476,0.0017094713007538287,0.0017019292971850453,0.0016859584525690252,0.0016761479686797642
2022-05-30,0.5722135152451647,0.523231765728938,0.5373985836069641,0.5079483177399661,0.589142204898886,0.5880245150528609,0.48840783330922233,0.49780783983426763,0.5320210445752682,0.5996396472526264,0.5997546495011677,0.0015802418817725261,0.0016981663128932123,0.001720625297436329,0.0017051895197069955,0.0016259358805444935,0.0016414191520829347,0.0017705923759114284,0.001698291616419323,0.0016913784460065306,0.001675747152517948,0.0016660952436652332
2022-05-31,0.5728421757865864,0.5238579218888111,0.5380313008373657,0.5085609056203375,0.5897864669407235,0.5886746588438446,0.48901785161413963,0.49841310338665046,0.5326571837853379,0.6002837412041414,0.6004007353531078,0.0015705171736424273,0.0016868512676835312,0.0017091305098390075,0.001693544971207328,0.0016158848905325485,0.0016312680168739657,0.0017580451435040834,0.0016866093802723747,0.0016803270887342237,0.0016650399719239095,0.0016555494942632754
2022-06-01,0.5734369852323691,0.5244470673740379,0.5386264958614946,0.5091361226374057,0.5903958660244244,0.5892896044401664,0.4895887315668826,0.49898108512771006,0.5332566203104258,0.6008916489970159,0.6010109165582211,0.0015603277242126623,0.0016750370560441041,0.0016971299630276215,0.0016813992755040363,0.0016053557341838554,0.0016206341632137855,0.0017449776772545667,0.0016744280492749786,0.0016687784956421758,0.0016538400792143193,0.0016445138411310678
2022-06-02,0.5739977675688298,0.5249990278469923,0.5391839925515656,0.5096737985752009,0.5909702218189965,0.5898691698695312,0.49012030423488845,0.49951161698251123,0.5338191767676208,0.6014631907415535,0.6015850125540717,0.0015496765487067465,0.0016627271739916294,0.0016846272081553204,0.0016687560267037993,0.00159435152724563,0.0016095207378312715,0.0017313938440363108,0.0016617512280789892,0.001656736084145627,0.0016421507886174025,0.0016329915498951575
2022-06-03,0.574524356851452,0.5255136399736894,0.5397036259353393,0.5101737743267631,0.5915093643633194,0.5904131836292044,0.4906124123172528,0.5000045419581426,0.5343446866874159,0.601998197309357,0.602122853456418,0.0015385667989777918,0.0016499252642174778,0.0016716259449889304,0.0016556189661478538,0.001582875526039751,0.001597931029368005,0.0017172976635240755,0.0016485826679595306,0.001644203417786927,0.0016299755591825393,0.0016209860301870105
2022-06-04,0.5750165972539956,0.5259907514721217,0.5401852422449382,0.5106359019412234,0.5920131341164404,0.5909214847367615,0.49106491019127685,0.5004597141901734,0.5348329945629717,0.6024965103833754,0.6026242801094848,0.001527001762580249,0.0016366351150127745,0.0016581300208122762,0.0016419919813034367,0.0015709311264998638,0.0015858684674046053,0.0017026933070048433,0.0016349262657055497,0.0016311842051845993,0.0016173179937559734,0.0016085008346339302
2022-06-05,0.5754743431146054,0.5264302211573209,0.5406286989623472,0.5110600446675856,0.592481382004785,0.5913939227777273,0.4914776639555594,0.5008769989858173,0.535283955896132,0.6029579825047532,0.6030891441330574,0.001514984861793467,0.00162286065914663,0.0016441434292853163,0.0016278791046144825,0.0015585218631660736,0.0015733366214473188,0.0016875850961421412,0.001620786062466073,0.0016176822989331097,0.0016041818379151085,0.0015955396578052339
2022-06-06,0.5758974589789174,0.5268319189831369,0.5410338648615889,0.5114460769951931,0.5929139694662694,0.5918303579500853,0.49185055146962137,0.5012562728637895,0.5356974372401816,0.603382477116465,0.6035173079663929,0.0015025196526126106,0.0016086059727022928,0.0016296703092658626,0.001613284512308244,0.0015456514081388928,0.001560339199871974,0.0016719775016990068,0.001606166242554552,0.001603701694462445,0.0015905709788591738,0.0015821063351222353
2022-06-07,0.5762858196401401,0.52719572608072,0.5414006200475552,0.5117938846908702,0.5933107684913036,0.5922306611056455,0.4921834623900476,0.501597423590848,0.5360733162393402,0.6037698686037261,0.6039086449089242,0.0014896098236936162,0.0015938752738704487,0.0016147149435827846,0.0015982125231601696,0.0015323235699923332,0.001546880048823418,0.0016558751422132145,0.0015910711322113524,0.0015892465288599444,0.0015764894442611421,0.0015682048417209327
2022-06-08,0.5766393101761056,0.5275215347936972,0.5417288559914868,0.5121033648327233,0.5936716616606726,0.5925947137882642,0.4924762982031415,0.5019003502150038,0.5364114816649638,0.6041200423311623,0.604263039157754,0.0014762591952623971,0.0015786729217022177,0.0015992817577701324,0.001582667597213483,0.0015185422926489167,0.0015329631510814234,0.001639282782632756,0.001575505198322169,0.0015743210796409501,0.0015619414010730193,0.0015538392912770593
2022-06-09,0.5769578259832763,0.5278092487100287,0.5420184755630861,0.5123744258405996,0.5939965421802818,0.5929224082688959,0.49272897225407414,0.5021649630953952,0.5367118334484623,0.6044328946767347,0.6045803858419228,0.0014624717179836377,0.001563003414817965,0.0015833753187550759,0.0015666543344619033,0.0015043116542102775,0.0015185926248801884,0.0016222053329032482,0.0015594730470972484,0.0015589297634858168,0.0015469311542951614,0.0015390139347882803
2022-06-10,0.577241272807702,0.5280587826905375,0.542269393059263,0.5126069875031859,0.5942853139127579,0.5932136475774715,0.49294140977252887,0.5023911839288139,0.5369742827109112,0.6047083330624005,0.6048605910534406,0.001448251471795503,0.0015468713900771425,0.0015670003335090943,0.001550177473487846,0.0014896358657510156,0.0015037727226896447,0.0016046478465169822,0.0015429794227084237,0.0015430771349330685,0.001531463145701184,0.0015237331593155323
2022-06-11,0.5774895667729059,0.5282700628941044,0.5424815342294937,0.5128009810017445,0.5945378914058992,0.5934683455315939,0.4931135478948262,0.5025789457728755,0.5371987517893513,0.6049462759815097,0.6051035718750774,0.0014336026646960542,0.0015302816212052761,0.0015501616476543134,0.0015332418900592115,0.001474519270072694,0.0014885078299569088,0.001586615519016621,0.001526029205884183,0.0015267678850306998,0.0015155419525234581,0.0015080014866861724
2022-06-12,0.5777026344047094,0.5284430267995176,0.542654836297792,0.5129563489304788,0.5947541999179631,0.5936864267620406,0.4932453356825263,0.5027281930658297,0.5373851742597704,0.605146653022925,0.6053092564048991,0.0014185296315037954,0.0015132390173816512,0.0015328642440277651,0.0015158525956880942,0.001458966340420309,0.0014728024638093196,0.0015681136864580392,0.001508627412466379,0.0015100068399472866,0.001499172286099304,0.001491823572155937
2022-06-13,0.5778804126529729,0.528577623223975,0.5427892479812886,0.5130730453135186,0.5949341754397798,0.5938678267350672,0.4933367341375027,0.5028388816430015,0.5375334949567607,0.6053094048918559,0.6054775837775439,0.0014030368325721465,0.0014957486217869187,0.0015151132412103419,0.0014980147361464136,0.0014429816791549088,0.0014566612717175076,0.001549147823831143,0.0014907791919260838,0.0014927989595464597,0.001482358990476218,0.0014752042030292678
2022-06-14,0.5780228489102519,0.5286738123382294,0.5428847295054032,0.5131510356185267,0.5950777647136971,0.5940124917715032,0.49338771621348154,0.5029109787498597,0.5376436699898417,0.6054344834274058,0.6056085041822343,0.001387128852468833,0.0014778156101111772,0.0014969138920087888,0.001479733589943355,0.0014265700163953454,0.0014400890301200509,0.0015297235434396095,0.0014724898258382524,0.0014751493359166368,0.001465107040979019,0.0014581482972452209
2022-06-15,0.5781299010273664,0.528731565678374,0.5429412526156172,0.5131902967669167,0.595184925249339,0.5941203790626369,0.4933982668240471,0.5029444630517106,0.5377156667564489,0.6055218516168237,0.6057019788775166,0.0013708103986214137,0.0014594452890203113,0.0014782715819037229,0.0014610145667641738,0.0014097362086168408,0.0014230906430098278,0.0015098465932408822,0.0014537647263208608,0.0014570631918658927,0.0014474215427370263,0.001440660901921187
2022-06-16,0.5782015373258726,0.5287508661542663,0.5429588005858325,0.5131908171406836,0.5952556253361785,0.5941914566828836,0.49336838284710327,0.5029393246400105,0.5377494639515797,0.6055714836064567,0.6057579802027238,0.0013540862999223968,0.0014406430945882454,0.0014591918274541316,0.0014418632058691427,0.001392485237213581,0.001405671140483622,0.0014895228551438655,0.001434609434431966,0.0014385458793741979,0.0014293077291737122,0.0014227471918576429
2022-06-17,0.5782377366074374,0.528731708054585,0.5429373682233228,0.5131525965858407,0.5952898440529227,0.594225703599231,0.4932980731258002,0.5028955650352984,0.5377450515741012,0.6055833647094006,0.6057764915861634,0.0013369615053021588,0.001421414590686787,0.0014396802746671211,0.0014222851744545295,0.0013748222070255611,0.0013878356772513145,0.0014687583432702045,0.0014150296185310163,0.0014196028780130154,0.001410770960457719,0.0014044124680105963
2022-06-18,0.5782384881601114,0.5286740970485203,0.5428769618702686,0.5130756464124648,0.5952875712737028,0.5942231096774657,0.49318735846591516,0.5028131971867453,0.5377024309297065,0.6055574914098465,0.6057575075500188,0.0013194410822634506,0.0014017654673394997,0.0014197426973242555,0.001402286265974606,0.001356752344827905,0.0013695895311137685,0.0014475592021725436,0.0013950310726003057,0.0014002397933208233,0.0013918167219180155,0.0013856621559191762
2022-06-19,0.5782037917614973,0.5285780501840955,0.5427775994018821,0.5129599893913499,0.5952488076710706,0.5941836756851715,0.4930362716296975,0.5026922454683225,0.53762161463053,0.6054938713641193,0.6057010337119719,0.0013015302153803754,0.0013817015390383824,0.0013993849952761428,0.001381872398427464,0.0013382809977831034,0.0013509381013995236,0.0014259317050180353,0.0013746197145313443,0.001380462355146106,0.0013724506224179756,0.0013665018041026933
2022-06-20,0.578133657678818,0.5284435958831234,0.5426393102211158,0.5128056597472697,0.5951735647157997,0.5941074132915009,0.4928448573261728,0.5025327456715895,0.5375026265914155,0.6053925233984139,0.6056070867835402,0.0012832342047669476,0.00136122874302258,0.0013786131926937228,0.001361049612605636,0.0013194136318601668,0.0013318869073668527,0.0014038822517310479,0.0013538015843731488,0.001360276415951378,0.0013526783926979258,0.0013469370824176208
2022-06-21,0.5780281066658766,0.528270773932794,0.542462135249963,0.5126127031488485,0.5950618646734916,0.5939943450637232,0.49261317219791256,0.5023347449951023,0.5373455020228372,0.6052534775032247,0.6054756945651313,0.001264558464506793,0.001340353137521122,0.0013574334362876916,0.0013398240703061948,0.0013001558302165872,0.0013124415865702899,0.0013814173670990693,0.001332582842545782,0.0013396879490801261,0.0013325058836791692,0.0013269737803798254
2022-06-22,0.5778871699569166,0.5280596354739037,0.5422461269173485,0.5123811766950482,0.594913740597986,0.5938445044605457,0.4923412848042744,0.5020983020304469,0.5371502874204834,0.6050767748244684,0.605306895937816,0.0012455085210525407,0.001319080899962466,0.0013358519934888458,0.0013182020525084326,0.0012805132915456596,0.0012926078931928542,0.001358543698843695,0.0013109697680161458,0.001318703046991554,0.0013119390647314821,0.0013066178054512712
2022-06-23,0.5777108892573772,0.5278102429857189,0.5419913491436136,0.5121111488982719,0.5947292363215785,0.5936579358222136,0.49202927560111204,0.5018234867449001,0.5369170405514954,0.604862467651311,0.6051007408518239,0.0012260900115885764,0.0012974183251434068,0.0013138752505936768,0.001296189957516014,0.0012604918283893873,0.0012723916963435222,0.001335268015650981,0.0012889687564405783,0.00129732791945536,0.0012909840219075264,0.0012858751812924174
2022-06-24,0.5774993167315535,0.5275226702674894,0.5416978773215998,0.5118026996640885,0.5945084064420543,0.5934346943573892,0.49167723691696835,0.5015103804607264,0.5366458304373742,0.6046106194006925,0.6048572903117624,0.0012063086823640434,0.0012753718233686762,0.0012915097108734397,0.0012737942990611595,0.001240097365422188,0.0012517989783209504,0.0013115972051698788,0.001266586318272589,0.0012755688917157615,0.0012696469561414014,0.0012647520459799777
2022-06-25,0.5772525149871602,0.5271970024166089,0.541365798294341,0.5114559202675887,0.5942513163065272,0.5931748461268128,0.49128527292575386,0.5011590758311126,0.5363367373335559,0.6043213045985621,0.6045766163585623,0.0011861703869929796,0.0012529479185523495,0.0012687619926513571,0.00125102170437974,0.001219335937693411,0.001230835832840671,0.0012875382719743644,0.001243829076835512,0.0012534324026188814,0.001247934181414112,0.0012432546501893738
2022-06-26,0.5769705570568034,0.5268333358034343,0.540995210329364,0.5110709133263758,0.5939580419921046,0.5928784680237572,0.4908534996159195,0.5007696768127506,0.5359898527056633,0.6039946088578247,0.6042588020481621,0.0011656810847205934,0.0012301532462890563,0.0012456388273434094,0.0012278789122494027,0.0011982136888433192,0.0012095084632356423,0.001263098335489543,0.0012207037663632403,0.001230925002708716,0.0012258521228853958,0.0012213893553452149
2022-06-27,0.5766535263763718,0.526431778042767,0.5405862230896098,0.5106477927701969,0.5936286702833743,0.5925456477512707,0.49038204475613434,0.5003422986350746,0.5356052792024381,0.603630628853006,0.6039039414269297,0.0011448468386614508,0.0012069945518889957,0.0012221470574660387,0.0012043727709938334,0.001176736869285655,0.0011878231806170536,0.0012382846278858883,0.0011972172300071526,0.0012080533522863535,0.001203407314991467,0.0011991626317410242
2022-06-28,0.5763015167603436,0.5259924479620088,0.5401389576009823,0.510186683807233,0.5932632986467237,0.5921764837962266,0.4898710478574763,0.49987706776616353,0.5351831306253672,0.6032294722916454,0.6035121395038315,0.0011236738140038005,0.0011834786883822002,0.001198293634611436,0.0011805102364593756,0.0011549118343560094,0.0011657864020089281,0.0012131044919388434,0.0011733764178113448,0.0011848242194413272,0.0011806063995122296,0.0011765810566209955
2022-06-29,0.5759146323740276,0.5255154755659988,0.5396535462165364,0.5096877228870437,0.5928620352014985,0.5917710854001791,0.48932066013214887,0.4993741218753164,0.5347235318950064,0.6027912578824228,0.6030835122193606,0.001102168276186588,0.0011596126144910457,0.0011740856173922953,0.0011562983699527907,0.0011327450424338803,0.0011434046484493088,0.0011875653788555596,0.001149188384655886,0.0011612444780481068,0.0011574561236050718,0.0011536513122371028
2022-06-30,0.5754929877027385,0.5250010019985432,0.539130132577309,0.5091510576601933,0.5924249986880085,0.5913295725270348,0.48873104444873505,0.4988336097923137,0.5342266190140139,0.6023161153000326,0.6026181864112266,0.0010803365890441619,0.0011354033925713436,0.0011495301693492666,0.0011317443361557045,0.001110243053029758,0.001120684543058137,0.0011616748460707704,0.0011246602881687662,0.0011373211057306154,0.0011339633378092406,0.0011303801838696836
2022-07-01,0.5750367075179176,0.5244491795006468,0.5385688715698178,0.5085768469345566,0.5919523184323884,0.5908520758275567,0.4881023752840013,0.498255691463377,0.5336925390269062,0.601804185146809,0.6021162997768216,0.001058185212924112,0.0011108581865205691,0.0011246345568353133,0.0011068554010014164,0.0010874125248440114,0.0010976328090805954,0.0011354405550094704,0.0010997993866084244,0.0011130611818004343,0.0011101349940180194,0.0011067745578194899
2022-07-02,0.5745459268402123,0.5238601713654655,0.5379699292802244,0.5079652606283256,0.591444134308331,0.5903387366007002,0.487434838671268,0.49764053790383733,0.5331214499765438,0.6012556189111207,0.6015780008324764,0.0010357207027745785,0.0010859842596605551,0.001099406146862214,0.0010816389295266182,0.0010642602137974633,0.0010742562678955903,0.00110887026882045,0.0010746130367152995,0.001088471885159259,0.0010859781434217064,0.0010828414193717606
2022-07-03,0.5740207908995217,0.5232341518899822,0.5373334829451882,0.5073164797197273,0.5909005966956942,0.5897897067518019,0.4867286321453582,0.49698833114752994,0.5325135208573649,0.6006705789225427,0.6010034488695083,0.0010129497062064674,0.001060788972586213,0.0010738524049225262,0.0010561023836903605,0.0010407929710312125,0.0010505618369981429,0.0010819718500788,0.0010491086915357384,0.001063560492175708,0.001061499934421506,0.0010585878507267665
2022-07-04,0.5734614550920193,0.5225713063234317,0.5366597208994195,0.506630696193471,0.5903218664360026,0.5892051487476264,0.4859839646841448,0.4962992641929271,0.5318689315653758,0.600049238303819,0.6003928139070865,0.0009898789615235826,0.0010352797809884962,0.0010479808927796874,0.0010302533201680397,0.001017017740880255,0.001026556527951028,0.0010547532584593289,0.0010232938982157602,0.001038334374530936,0.001036707610512222,0.0010340210289052632
2022-07-05,0.5728680849341684,0.5218718308124811,0.535948842519947,0.505908112983935,0.5897081147848504,0.5885852355682922,0.48520105664671026,0.49557354094602685,0.5311878728449193,0.5993917809196357,0.599746276641921,0.0009665152957298861,0.001009464233447499,0.001021799266230139,0.0010040993881129667,0.0009929415588169066,0.0010022474443117657,0.0010272225483815012,0.0009971762957683983,0.001012800997039931,0.0010116085081419701,0.0010091482236253002
2022-07-06,0.5722408560137463,0.5211359323431877,0.5352010581671202,0.5051489439151161,0.5890595233612268,0.5879301506560822,0.4843801397081384,0.4948113761600134,0.5304705462322272,0.5986984013222107,0.599064028394791,0.0009428656225108911,0.000983349969199021,0.0009953152728382486,0.000977648326894398,0.0009685715493725766,0.0009776417795288594,0.0009993878666249567,0.0009707636128118424,0.0009869679154391742,0.0009862100545392494,0.0009839767951512757
2022-07-07,0.571579953937881,0.5203638286797476,0.5344165891223606,0.5043534136373562,0.5883762840937673,0.5872400878611614,0.48352145679095904,0.49401299537170923,0.5297171639957854,0.5979693046937214,0.598346271053928,0.0009189369401847447,0.0009569447158739308,0.0009685367496446995,0.0009509079638073681,0.000943914924023237,0.00095274681481472,0.0009712574499204374,0.0009440636652843781,0.0009608427741535364,0.0009605197655144782,0.0009585141921122364
2022-07-08,0.57088557427813,0.5195557483000579,0.5335956675226784,0.5035217575608626,0.5876585991639642,0.5865152513842129,0.4826252619932619,0.49317863483483415,0.528927949073518,0.5972047067855912,0.5975932170152776,0.0008947363296341049,0.0009302562872123277,0.0009414716208442364,0.0009238862117548763,0.0009189789790619018,0.0009275699169899454,0.0009428396225102387,0.000917084354129738,0.0009344333040323116,0.0009345452432382162,0.0009327679493030816
2022-07-09,0.5701579225126056,0.5187119303281025,0.5327385362919829,0.5026542217860488,0.5869066809463347,0.5857558557160114,0.481691820513506,0.4923085414500944,0.5281031350068183,0.5964048338546416,0.5968050891196445,0.0008702709522079299,0.0009032925807482828,0.0009141278954445387,0.0008965910669085364,0.0008937710934358023,0.0009021185363031758,0.0009141427936869562,0.0008898336629600267,0.000907747320063157,0.0009082941739889661,0.0009067456854503497
2022-07-10,0.5693972139651723,0.5178326244631952,0.5318454490691946,0.501751063030708,0.5861207519455763,0.5849621255739529,0.48072140857204304,0.4914029726921215,0.5272429658714384,0.5955699225961416,0.5959821205867538,0.0008455480476059485,0.0008760615754769274,0.0008865136648934513,0.0008690306063409148,0.0008682987265636877,0.0008764002042278562,0.0008851754553039215,0.0008623196556936108,0.0008807927190578324,0.0008817743258804356,0.0008804551009619077
2022-07-11,0.5686036737417279,0.516918090906089,0.530916670133192,0.5008125485540459,0.5853010447307248,0.5841342958355569,0.47971431332937875,0.49046219653327994,0.5263476962052642,0.5947002200737653,0.5951245549462336,0.0008205749317330424,0.0008485713294915653,0.0008586371006865656,0.0008412129856351647,0.0008425694161285913,0.0008504225312327973,0.0008559461792624901,0.0008345504741678056,0.0008535774773164029,0.0008549935465625991,0.0008539039756433331
2022-07-12,0.5677775366635914,0.5159686002819761,0.5299524743246039,0.4998389560775958,0.5844478018663326,0.5832726114689605,0.4786708328011981,0.48948649136437034,0.5254175909329932,0.5937959836464811,0.5942326459655548,0.0007953589945359774,0.0008208299775973593,0.000830506451947155,0.0008131464364733443,0.0008165907758477253,0.0008241932045283118,0.000826463614975792,0.0008065343357296917,0.0008261096482665709,0.0008279597608987777,0.0008271001664007516
2022-07-13,0.5669190471980158,0.5149844335604079,0.5289531469644836,0.4988305737030351,0.5835612758406914,0.5823773274604309,0.4775912757701774,0.4884761459122503,0.5244529252877398,0.5928574808923959,0.5933066575749336,0.0007699076978167074,0.0007928457289065882,0.00080213004298757,0.0007848392641988111,0.0007903704932186173,0.0007977199857942541,0.0007967364868089466,0.0007782795308060031,0.0007983973600810268,0.0008006809686212923,0.0008000516049120332
2022-07-14,0.5660284593858455,0.5139658819721515,0.5279189837698732,0.4977876998269314,0.5826417289911144,0.5814487087389111,0.47647596169461054,0.4874314591543938,0.5234539847295877,0.591884989529573,0.5923468637892324,0.0007442285730230314,0.0007646268644093679,0.0007735162708425447,0.0007562998453591319,0.000763916327244929,0.0007710107088829687,0.000766773591497405,0.000749794420447758,0.0007704488132711518,0.0007731652419632473,0.0007727662952816683
2022-07-15,0.5651060367663416,0.5129132469230084,0.526850290766301,0.496710643052443,0.5816894334263087,0.5804870300976201,0.4753252206138761,0.4863527402304198,0.5224210648611205,0.5908787973338531,0.5913535486268747,0.000718329219020708,0.0007361817345209465,0.0007446736027884038,0.000727536625227454,0.0007372361061396271,0.0007440732774985914,0.0007365837955439214,0.0007210874338574591,0.0007422722782627345,0.0007454207232711063,0.0007452523116721066
2022-07-16,0.5641520522991984,0.5118268399046254,0.5257473841972204,0.4955997220979979,0.5807046709458529,0.5794925761127399,0.47413939305077335,0.48524030835061294,0.5213544713399448,0.5898392020536947,0.5903270060257972,0.0006922172998458098,0.0007075187566135677,0.0007156105738348462,0.0006985581153035048,0.0007103377250093912,0.0007169156628602513,0.0007061760325947075,0.0006921670658943668,0.0007138760929450427,0.0007174556225941764,0.0007175177959133361
2022-07-17,0.5631667882837679,0.5107069824023174,0.5246105904304292,0.4944552657029792,0.5796877329568081,0.5784656410592034,0.4729188299107565,0.48409449270146376,0.5202545197882431,0.5887665113220669,0.5892675397564718,0.0006659005424353159,0.0006786464125230207,0.000686335784199521,0.0006693728907944951,0.0006832291435183713,0.0006895459013429583,0.000675559300796047,0.000663041874560566,0.0006852686602060176,0.0006892782152558841,0.0006895709550955864
2022-07-18,0.5621505362755231,0.5095540057999363,0.523440245861492,0.49327761253044683,0.5786389203874867,0.5774065288236151,0.47166389237809603,0.48291563234825724,0.5191215356993766,0.5876610425654153,0.5881754633320121,0.000639386734340941,0.0006495732460407577,0.0006568578967633965,0.0006399895880779272,0.0006559183835316285,0.0006619720920997274,0.0006447426601320361,0.0006337204784688244,0.0006564584454455957,0.0006608968394045123,0.0006614200591377184
2022-07-19,0.5611035969997836,0.5083682512818081,0.5222366968141957,0.4920671110669209,0.5775585435984009,0.5763155528143253,0.4703749518089973,0.48170407613473787,0.517955854341565,0.5865231229097297,0.5870510999154023,0.0006126837214250891,0.0006203078603841394,0.0006271856345076987,0.0006104169021455275,0.0006284135267423663,0.000634202394664829,0.0006137352297417298,0.0006042115542918003,0.0006274539740700469,0.0006323198935452856,0.0006330734383432901
2022-07-20,0.5600262802627246,0.5071500697317722,0.5210002994380672,0.4908241195192601,0.5764469222904245,0.5751930358686868,0.469052389621712,0.4804601825798812,0.5167578206586764,0.5853530890837441,0.5858947822238658,0.0005857994055391558,0.0005908589156522481,0.0005973277779327546,0.0005806635840313601,0.0006007227122800662,0.0006062450265373887,0.0005825461852229097,0.0005745238341949843,0.0005982638289689923,0.0006035558340564684,0.0006045394809326421
2022-07-21,0.5589189048597009,0.5058998216293475,0.519731419602981,0.4895490057086609,0.5753043854101875,0.5740393101575236,0.46769659718366907,0.47918431977180276,0.515527789168151,0.5841512873192911,0.5847068524304121,0.0005587417421843988,0.0005612351262610504,0.0005672931624576272,0.000550738438220788,0.0005728541343031912,0.0005781082607535515,0.0005511847559154792,0.0005446661032526001,0.0005688966479753255,0.0005746131726859227,0.0005758266305641024
2022-07-22,0.55778179848091,0.504617876943062,0.5184304327908953,0.4882421469618144,0.5741312710527334,0.5728547170868352,0.466307975695664,0.47787686525883394,0.514266123856097,0.582918073248849,0.5834876620625784,0.0005315187381585984,0.0005314452583663476,0.0005370906758093152,0.000520650320045668,0.0005448160395710167,0.0005498004234343323,0.0005196602221712587,0.0005146471968474065,0.0005393611213109217,0.0005455004740336777,0.000546943383831211
2022-07-23,0.5566152976144239,0.503304615020973,0.517097723984738,0.4869039299992493,0.5729279263614747,0.5716396071967698,0.4648869360731356,0.4765382059377999,0.5129731980695784,0.5816538118003005,0.5822375718984099,0.0005041384491868417,0.0005014981272696284,0.0005067292553884162,0.0004904081330645016,0.0005166167250076903,0.0005213298913244735,0.0004879819126067386,0.00048447599805667707,0.0005096659890132527,0.000516226353014404,0.000517898287751839
2022-07-24,0.5554197474466166,0.5019604244784119,0.5157336875544869,0.4855347508208945,0.5716947074254657,0.5703943400578925,0.46343389882457037,0.47516873793953085,0.5116493944061364,0.5803588770889485,0.5809569518596973,0.0004766089775376514,0.000471402594808934,0.00047621788562901557,0.0004600208264267658,0.00048826453524386526,0.0004927050893119844,0.0004561592013432869,0.00045416143502374773,0.00047982003834967646,0.00048679947231156095,0.0004886999372366585
2022-07-25,0.5541955017600165,0.5005857030829858,0.5143387271404664,0.4841350145888968,0.5704319791740297,0.5691192841647846,0.46194929392706763,0.4737688665116402,0.5102951046005733,0.5790336523068085,0.5796461809025135,0.00044893846962390516,0.0004411675667361781,0.0004455655953353732,0.0004294973922253642,0.00045976786014878535,0.0004639344879371343,0.0004242015052333681,0.00042371247831551884,0.00044983210121729567,0.000457228539813781,0.00045935697254706476
2022-07-26,0.552942922828619,0.49918085763687303,0.512913255533906,0.4827051355077272,0.5691401152687718,0.5678148168269984,0.4604335606991013,0.47233900589860495,0.508910729409031,0.5776785296092131,0.5783056469050745,0.0004211351135942065,0.0004108019900828652,0.0004147814550138351,0.00039884686283586657,0.0004311351323469381,0.0004350266008832371,0.00039211828107332813,0.0003931381382679122,0.00041971105152927013,0.000427522306034267,0.00042987807674021994
2022-07-27,0.5516623813106819,0.4977463038564424,0.5114576945547874,0.48124553670160997,0.5678194979930058,0.5664813240574058,0.45888714767051936,0.47087957921918483,0.5074966784904004,0.5762939099987717,0.576935746552955,0.0003932071369090462,0.0003803148505111542,0.0003838745741864269,0.00036807830824270305,0.00040237482472293973,0.0004059899824588875,0.00035991902280535504,0.0003624474623201701,0.00038946580258814034,0.0003976895615271925,0.0004002719730935578
2022-07-28,0.5503542561390423,0.49628246624923794,0.509972474927022,0.47975665008931484,0.56647051813863,0.5651192004579717,0.45731051244981635,0.46939101834121444,0.506053370285099,0.574880203206702,0.57553688522171,0.0003651628039059718,0.00034971516965698335,0.0003528540986962314,0.0003372008333564769,0.0003734954479147623,0.00037683322506743,0.0003276132587078928,0.0003316495323372748,0.00035910530445038,0.00036773913427978755,0.0003705474225302874
2022-07-29,0.5490189344089835,0.49478977798835777,0.5084580361509937,0.47823891625634385,0.5650935748904864,0.5637288491029828,0.4557041215887198,0.467873763753806,0.5045812318912449,0.573437827571589,0.5741094768569132,0.0003370104133537666,0.0003190120024572085,0.0003217292080022194,0.0003062235753183429,0.0003445055477945269,0.00034756495666143916,0.00029521054857645224,0.0003007534619220431,0.0003286385412754056,0.0003376798871065345,0.00034071322102369184
2022-07-30,0.5476568112636898,0.4932686807842742,0.5069148263734994,0.47669278432455664,0.5636890757082355,0.5623106814197747,0.45406845044412986,0.46632826443700215,0.5030806989382736,0.5719672099155886,0.5726539438516637,0.0003087582959988566,0.0002882144344740212,0.00029050911245853683,0.0002751557007978356,0.00031541370294052573,0.00031819383819364777,0.0002627204808942629,0.00026976839371861683,0.0002980745286689235,0.0003075207150217141,0.00031077819699310005
2022-07-31,0.5462682897773139,0.49171962475412123,0.5053433022551417,0.47511871181926624,0.5622574362057808,0.5608651170669804,0.4524039830374534,0.46475497772891544,0.5015522154580271,0.5704687854181251,0.5711707169215955,0.0002804148120967298,0.000257331579202269,0.00025920305059512483,0.00024400640327842948,0.0002862285220971428,0.00028872856104977807,0.00023015266999482087,0.00023870349670729318,0.00026742231101395397,0.00027727054261017514,0.00028075120869408554
2022-08-01,0.5448537808357027,0.49014306828850057,0.5037439288351899,0.4735171645338518,0.5607990800282843,0.5593925838103485,0.45071121191137503,0.4631543691903947,0.49999623375335794,0.5689429974871144,0.5696602349774199,0.00025198834894013533,0.0002263725753764434,0.00022782028637891028,0.0002127849003388249,0.0002569586416288905,0.0002591778444791526,0.0001975167532177191,0.00020756796349097328,0.00023669095879469415,0.0002469383213837828,0.0002506411415956755
2022-08-02,0.5434137030148094,0.48853947791583446,0.5021171793939705,0.4718886163919214,0.5593144387268015,0.5578935173961608,0.4489906379841047,0.4615269124672579,0.498413214264286,0.5673902976277533,0.5681229449950455,0.00022348731837718017,0.00019534658426340057,0.00019637010647444164,0.00018150043092385326,0.00022761272296456525,0.00022955043301464695,0.000164822388055319,0.0001763710075750602,0.00020588956591277574,0.0002165330271355348,0.00022045690575056565
2022-08-03,0.5419484824568296,0.4869093281643138,0.500463535312815,0.47023354930707056,0.557803951630579,0.5563683614222869,0.44724277040114935,0.45987308915013225,0.4968036254317463,0.5658111453089105,0.5665593018833107,0.00019492015432087673,0.00016426278695341745,0.000164861817496198,0.00015016225261099692,0.00019819945003329842,0.0001998550938839827,0.0001320792492968681,0.00014512186064025157,0.00017502724699569594,0.00018606365728091045,0.0001902074331606718
2022-08-04,0.5404585527440995,0.48525310142147654,0.4987834859316115,0.46855245304027787,0.5562680657170508,0.554817567206917,0.4454681263846469,0.45819338863194503,0.49516794355897015,0.564206007827163,0.5649697683493692,0.00016629531025491584,0.00013313038164214364,0.00013330474325368158,0.00011877963887202414,0.00016872752669672142,0.0001701006144159134,9.929702616351399e-05,0.00011382976981200166,0.00014411313470030773,0.000155539228196222,0.00015990167513124653
2022-08-05,0.5389443547707921,0.4835712877914618,0.4970775284040017,0.4668458250549744,0.5547072354795676,0.5532415936550091,0.4436672310803132,0.4564883079631034,0.4935066526705396,0.5625753601685165,0.5633548147617662,0.00013762125673133507,0.00010195858090894516,0.00010170822199317975,8.736187632674142e-05,0.00013920567417002871,0.00014029579943930504,6.648541944254127e-05,8.250399492382154e-05,0.00011315637700987091,0.00012496877255208094,0.00012954859962333032
2022-08-06,0.5374063366124486,0.4818643849499806,0.49534616755026367,0.46511417036983826,0.5531219227929085,0.551640907122492,0.4418406174020424,0.45475835170440937,0.49182024436915583,0.5609196848678469,0.5617149190112513,0.00010890647886374616,7.075660899119596e-05,7.008160363314309e-05,5.591826199685679e-05,0.00010964262844470607,0.00011044946867821981,3.3654138616279194e-05,5.115380577602746e-05,8.216613452693977e-05,9.436133663698332e-05,9.915718860087352e-05
2022-08-07,0.5358449533933866,0.48013289799704517,0.49358991570792976,0.46335800140935035,0.5515125967766028,0.5500159812782636,0.4399888258742094,0.4530040317777517,0.49010921769016724,0.5592394718661137,0.560050566369359,8.01594738168987e-05,3.953369905457249e-05,3.843424699961906e-05,2.445810055357045e-05,8.004713770159988e-05,8.05704541424479e-05,8.128989890665572e-07,1.9788479393823e-05,5.115157776303114e-05,6.37259776845589e-05,6.873643537053109e-05
2022-08-08,0.5342606671520205,0.4783773393075018,0.49180929258017475,0.4615778378521602,0.5498797336561103,0.5483672969640238,0.4381124044717196,0.4512258673146217,0.48837407895389556,0.5575352183653758,0.5583622493448145,5.138874829213602e-05,8.299090460461844e-06,6.775517053747571e-06,-7.009298435112221e-06,5.042795972287628e-05,5.066759751337635e-05,-3.20285811880594e-05,-1.1582702717449767e-05,2.01218844241291e-05,3.307176119005106e-05,3.829534192367756e-05
2022-08-09,0.5326539467041382,0.47659822837941096,0.49000482508202975,0.45977420647730416,0.5482238166218983,0.5466953420519853,0.43621190845785485,0.4494243845024917,0.48661534161580877,0.5558074286816632,0.5566504675377866,2.2602816010186544e-05,-2.2937973968240044e-05,-2.48852178768022e-05,-3.847462325984319e-05,2.0793859299206296e-05,2.074974752652725e-05,-6.486058359272961e-05,-4.295045732061187e-05,-1.0913763304032376e-05,2.4077582297943323e-06,7.842916268541167e-06
2022-08-10,0.5310252675041697,0.47479609168031967,0.4881770471844589,0.4579476410083243,0.5465453356864584,0.5450006113005065,0.43428790021996144,0.44760011642910874,0.4848335261145804,0.5540566140957401,0.5549157274920526,-6.189804808820476e-06,-5.416825068121911e-05,-5.6538588870613804e-05,-6.992856282417304e-05,-8.846394362049814e-06,-9.174242644238717e-06,-9.767339270738695e-05,-7.430550219261756e-05,-4.194618147412843e-05,-2.8256957225525348e-05,-2.2611830231444863e-05
2022-08-11,0.5293751115044931,0.47297146249147015,0.4863264997563479,0.45609868195532877,0.5448447875393044,0.543283606207682,0.4323409491030315,0.44575360292474536,0.48302915971808413,0.5522832927018105,0.553158542545101,-3.498059396500608e-05,-8.538249813766496e-05,-8.817522918652676e-05,-0.00010136180940201189,-3.84840302320999e-05,-3.909551800884703e-05,-0.00013045729869359812,-0.00010563855887107954,-7.296618709418112e-05,-5.891331099261432e-05,-5.305988552728458e-05
2022-08-12,0.5277039670128173,0.4711248807499956,0.4844537304044533,0.4542278764550487,0.543122675399991,0.5415448348629428,0.43037163124122413,0.4438853904024551,0.48120277636736597,0.5504879892542057,0.5513794326762281,-6.376103180061321e-05,-0.00011657147953886282,-0.00011978577703353199,-0.00013276506138970579,-6.811027805908587e-05,-6.900522438091361e-05,-0.0001632026002660325,-0.0001369403554004056,-0.00010396460084566295,-8.955223136264401e-05,-8.34922395490656e-05
2022-08-13,0.5260123285476836,0.4692568928891415,0.4825592933113561,0.45233577810892994,0.5413795088692073,0.539784811796704,0.4283805293873774,0.44199603169638024,0.47935491651864326,0.548671235012099,0.5495789243526672,-9.252260172099014e-05,-0.00014772596556389406,-0.00015136087834199952,-0.00016412902605961177,-9.771637095878916e-05,-9.889451099676094e-05,-0.00019589960756377645,-0.0001682016290752708,-0.00013493224979899132,-0.00012016465178665836,-0.00011389988687404706
2022-08-14,0.5243006966921292,0.46736805167656903,0.48064374907147095,0.45042294681931394,0.5396158037779738,0.5380040578281072,0.4263682327405641,0.4400860858981584,0.47748612698337434,0.5468335675822991,0.5477575503737985,-0.00012125679271535184,-0.000178836737099064,-0.0001828911895312979,-0.0001954444223101759,-0.00012729354801244153,-0.0001287545331354334,-0.00022853864501565235,-0.00019941312918203558,-0.00016585997012880105,-0.00015074151355720655,-0.00014427382939019573
2022-08-15,0.5225695779455585,0.4654589160507815,0.4787076645251562,0.4484899486237539,0.5378320820350031,0.5362030999109005,0.4243353367717365,0.43815611819147965,0.47559696076644853,0.5449755307601637,0.5459158497134856,-0.00014995510187354455,-0.00020989458796649707,-0.00021436738027552638,-0.00022670198341168124,-0.00015683305685698645,-0.00015857645473682513,-0.00026111005420581535,-0.00023056561973550105,-0.00019673860982505342,-0.00018127376848886545,-0.00017460507895894484
2022-08-16,0.5208194845738588,0.46353005095572564,0.47675161259097826,0.4465373555275145,0.5360288714722553,0.5343824709775069,0.42228244304751805,0.4362066996848381,0.47368797690254344,0.5430976743686818,0.5440543673605841,-0.00017860903690469776,-0.00024089032764856855,-0.00024578013626269657,-0.000257892459749276,-0.00018632615627722782,-0.0001883514510138129,-0.000293604196729913,-0.0002616498822129443,-0.0002275590314013698,-0.0002117523815958755,-0.00020488466007551054
2022-08-17,0.5190509344578156,0.46158202717361546,0.47477617209617395,0.4445657453343077,0.534206705688748,0.5325427097813187,0.4202101590521896,0.4342384072425334,0.4717597402906966,0.5412005540957716,0.5421736541576704,-0.0002072101186483266,-0.0002718147840070628,-0.0002771201619534147,-0.00028900662155872947,-0.00021576411878965196,-0.00021807071106616505,-0.0003260114570486361,-0.0002926567182806039,-0.0002583121145993683,-0.0002421683337661129,-0.0002351036125252115
2022-08-18,0.5172644509398613,0.4596154211560288,0.47278192760536764,0.4425757014753095,0.5323661238926513,0.5306843607372727,0.4181190980079252,0.43225182331396605,0.4698128215271442,0.539284731329843,0.540274266638039,-0.0002357498835841021,-0.00030265880599794626,-0.0003083781833297383,-0.0003200352616590796,-0.00024513823322835915,-0.00024772544048679013,-0.000358322245332221,-0.00032357695251672425,-0.00028898875908667243,-0.00027251262443050983,-0.00026525299403346025
2022-08-19,0.5154605626692104,0.4576308148533261,0.47076946924758833,0.44056781283651425,0.5305076707417311,0.5288079737607492,0.4160098786933298,0.4302475357612814,0.46784779673647103,0.5373507729936753,0.5383567668610152,-0.0002642198863366252,-0.0003334132663788125,-0.00033954495064031365,-0.0003509691981769536,-0.0002744398073198928,-0.0002773068639637666,-0.00039052700029845733,-0.00035440143512682765,-0.00031957988715086705,-0.0003027762742251472,-0.000295323882913201
2022-08-20,0.5136398034454246,0.45562879554244123,0.46873939254164143,0.4385426735844745,0.5286318961821749,0.5269141041048423,0.41388312526033266,0.4282261376854122,0.46586524740112706,0.5353992513766543,0.5364217222456332,-0.0002926117021735397,-0.0003640690644101108,-0.00037061124113718646,-0.0003817992772623402,-0.00030366017025684755,-0.0003068062278785977,-0.00042261619204231327,-0.0003851210446505493,-0.00035007644638479496,-0.0003329503276491286,-0.0003253073807041318
2022-08-21,0.5118027120604506,0.45360995565309814,0.466692298219885,0.4365008829904761,0.5267393552858525,0.5250033121960532,0.41173946704949044,0.42618822725057015,0.4638657601893566,0.5334307439654244,0.5344697054027253,-0.0003209169295005365,-0.000394617128547714,-0.0004015678618053964,-0.00041251637579897693,-0.00033279067526437167,-0.00033621480289425243,-0.0004545803248560687,-0.00041572669066131107,-0.00038046941236613563,-0.00036302585571390544,-0.000355194614808263
2022-08-22,0.5099498321391859,0.45157489259249967,0.4646287920504634,0.43444304525320493,0.5248306080860633,0.523076163468449,0.4095795384037565,0.42413440750724013,0.4618499267815943,0.5314458332729977,0.5325012939654813,-0.00034912719234470035,-0.0004250484191283821,-0.00043240565208274573,-0.0004431114041033024,-0.00036182270215701084,-0.00036552388654065293,-0.00048640994003790183,-0.00044620931645555917,-0.0004107497913272695,-0.0003929939585880504,-0.00038497674111104274
2022-08-23,0.5080817119786086,0.4495242085685467,0.4625494846580511,0.432369769319955,0.5229062194118131,0.521133228196343,0.40740397848076665,0.42206528621372635,0.45981834369537733,0.5294451066663827,0.5305170704185139,-0.00037723414283596934,-0.0004553539310433452,-0.0004631154865706866,-0.0004735753086141936,-0.0003907476598904447,-0.00039472480578850444,-0.0005180956186929819,-0.00047655990173467444,-0.0004409086228165382,-0.0004228457682272646,-0.0004146449466022606
2022-08-24,0.5061989043855297,0.4474585104116341,0.46045499134315804,0.43028166870643053,0.5209667587206702,0.5191750813255411,0.4052134310637037,0.41998147565630906,0.45777161210882555,0.5274291561927711,0.5285176219254936,-0.00040522946367516077,-0.00048552469640433804,-0.0004936882777353824,-0.0005038990745723781,-0.00041955698910522976,-0.0004238089196156869,-0.0005496279845188523,-0.000506769465271617,-0.00047093698235112225,-0.0004525724510002771,-0.00044419045198307305
2022-08-25,0.5043019665130076,0.44537840939508055,0.45834593190005335,0.42817936131519774,0.5190127999302567,0.5172023023032064,0.40300854437079064,0.41788359246805756,0.45571033768274455,0.5253985784043415,0.5265035401553976,-0.00043310487059633473,-0.0005155517871960891,-0.0005241149785960575,-0.0005340737286871899,-0.0004482421646567758,-0.0004527676215648757,-0.0005809977065817096,-0.0005368290675703546,-0.0005008259840558194,-0.00048216521030375326,-0.0004736045142625933
2022-08-26,0.502391459695477,0.44328452105424226,0.45622293043335754,0.42606346925283645,0.5170449212484145,0.5152154749063899,0.40078997086347323,0.4157722574463583,0.4536351303813996,0.5233539741817297,0.5244754211074252,-0.00046085211481861066,-0.0005454263179197616,-0.0005543865854026331,-0.0005640903417932774,-0.0004767946981402149,-0.00048159234229083747,-0.0006121955020758074,-0.0005667298135116905,-0.0005305667832942729,-0.0005116152891647685,-0.0005028784293468203
2022-08-27,0.5004679492826429,0.44117746500436683,0.4540866151733609,0.4239346186458492,0.5150637050021059,0.5132151870692835,0.3985583670533456,0.41364809536921315,0.451546604292018,0.5212959485562206,0.522433864934632,-0.0004884629854856604,-0.0005751394482209626,-0.0005844941402989301,-0.0005939400314919352,-0.000505206140401615,-0.000510274552094514,-0.0006432121390715917,-0.0005964628549829376,-0.000560150579285601,-0.0005409139728301815,-0.0005320035346132457
2022-08-28,0.49853200447218254,0.4390578647572388,0.4519376182901184,0.4217934394553805,0.5130697374650925,0.51120203070924,0.39631439330787843,0.41151173481035447,0.4494453774430707,0.5192251105307069,0.5203794757663346,-0.0005159293120965414,-0.0006046823855060945,-0.0006144287339757137,-0.0006236139647797234,-0.0005334680840382022,-0.0005388057634486687,-0.0006740384392470156,-0.000626019393499655,-0.0005895686177085913,-0.0005700525913485688,-0.0005609712114749144
2022-08-29,0.4965841981413117,0.4369263475366721,0.44977657570638213,0.41964056529080135,0.5110636086844488,0.5091766015516143,0.3940587136550048,0.409363807953243,0.447332071621388,0.5171420728994766,0.5183128615293405,-0.0005432429669234851,-0.0006340463875452174,-0.0006441815083048086,-0.000653103360662266,-0.0005615721658859263,-0.0005671775335092111,-0.0007046652806042553,-0.0006553906828057343,-0.0006188121932922952,-0.0005990225221341738,-0.0005897728879294961
2022-08-30,0.49462510667726073,0.43478354409290537,0.44760412690942014,0.4174766332222132,0.5090459123059562,0.507139498953481,0.39179199558662464,0.4072049504039919,0.44520731218816223,0.515047452066878,0.5162346337680506,-0.0005703958674167509,-0.0006632227650572586,-0.000673743658961945,-0.0006823994927529498,-0.0005895100694950361,-0.0005953814666119772,-0.0007350836001677741,-0.0006845680314650493,-0.0006478726523921896,-0.0006278151925179776,-0.0006184000410984769
2022-08-31,0.4926553098067127,0.43263008851595186,0.4454209147617831,0.4153022835919294,0.507017245398435,0.5050913257262721,0.3895149098610822,0.4050358010032831,0.44307172789389343,0.5129418678649144,0.5141454074634952,-0.000597379978595991,-0.0006922028842829553,-0.0007031064380307317,-0.0007114936918552472,-0.000617273527590112,-0.0006234092167602956,-0.0007652843966677869,-0.0007135428054299564,-0.0006767413955512946,-0.0006564220822858902,-0.0006468441997458108
2022-09-01,0.4906753904242528,0.4304666180479627,0.44322758531106976,0.4131181598249878,0.5049782082770609,0.5030326879573975,0.38722813030467856,0.4028570016373227,0.44092595069233326,0.5108259433698271,0.51204580085135,-0.0006241873154285149,-0.0007209781695386441,-0.0007322611565926951,-0.0007403773485269993,-0.000644854324517552,-0.0006512524900919026,-0.0007952587332025751,-0.0007423064305988047,-0.0007054098800433617,-0.0006848347261987353,-0.000675096946787912
2022-09-02,0.48868593441987973,0.42829377289465603,0.44102478759875224,0.4109249082387499,0.5029294043257233,0.5009641948308936,0.3849323336122753,0.4006691970478963,0.4387706155534773,0.5087003047177161,0.509936435238991,-0.0006508099451923988,-0.0007495401057546758,-0.000761199187297279,-0.0007690419156299866,-0.0006722442986756283,-0.0006789030473339785,-0.0008249977398835373,-0.0007708503953524071,-0.0007338696224031827,-0.0007130447164979126,-0.0007031499217822201
2022-09-03,0.4866875305056328,0.42611219603587064,0.4388131734681126,0.40872317785164625,0.5008714398184736,0.4988864584471552,0.3826281991470493,0.39847303464158,0.4366063602756694,0.5065655809192563,0.5078179348216394,-0.0006772399898227754,-0.0007778802409944552,-0.0007899119669161903,-0.0007974789108573521,-0.0006994353449301105,-0.000706352706241753,-0.0008544926164604782,-0.0007991662530724697,-0.0007621122009348058,-0.0007410437053941843,-0.0007309948234021091
2022-09-04,0.48468077004138127,0.42392253303529726,0.43659339737135416,0.406513620191121,0.4988049237401185,0.49680009364180594,0.38031640873945893,0.39626916429816356,0.43443382529686564,0.5044224036735648,0.5056909264976521,-0.0007034696282445796,-0.0008059901889559407,-0.000818390998875318,-0.0008256799192446485,-0.0007264194170135685,-0.0007335933440195674,-0.0008837346349246378,-0.000827245624640538,-0.0007901292582051522,-0.0007688234075353684,-0.0007586234118931445
2022-09-05,0.4826662468598324,0.42172543184944594,0.4343661161759366,0.4042968891008338,0.49673046760601297,0.494705717803758,0.37799764648547884,0.39405823817833774,0.43225365350511924,0.5022714071812686,0.5035560396830122,-0.0007294910986855307,-0.0008338616314533809,-0.0008466278557711648,-0.0008536365956602343,-0.0007531885299044694,-0.0007606168997245644,-0.0009127151420925128,-0.0008550802009192338,-0.0008179125035157608,-0.0007963756024611524,-0.0007860275115116888
2022-09-06,0.4806445570908058,0.41952154263590546,0.4321319889701986,0.4020736405471783,0.4946486852811019,0.4926039506925172,0.3756725985441652,0.391840910530712,0.43006649004833836,0.5001132279568357,0.5014139061250761,-0.0007552967009741285,-0.0008614863208786239,-0.0008746141818639086,-0.0008813406672733004,-0.0007797347621917861,-0.0007874153766516678,-0.0009414255621656986,-0.0008826617452095675,-0.0008454537153581021,-0.0008236921370340378,-0.0008131990129429667
2022-09-07,0.47861629898483043,0.41731151756095153,0.42989167686832475,0.3998445324251704,0.4925601927982679,0.490495414254786,0.3733419529346105,0.38961783749821055,0.4278729821433788,0.4979485046402213,0.4992651597156259,-0.0007808787988171084,-0.0008888560826414982,-0.0009023416955487584,-0.0009087839360034655,-0.0008060502584180118,-0.0008139808447005237,-0.0009698573992688586,-0.0009099820956890436,-0.0008727447438435232,-0.0008507649278511331,-0.00084012987570381
2022-09-08,0.476582072736111,0.4150960106065594,0.42764584281470874,0.3976102243637659,0.49046560817603707,0.488380732440419,0.3710063993323469,0.38738967692390963,0.4256737788845193,0.4957778778078805,0.497110436303295,-0.0008062298220606334,-0.0009159628175892109,-0.0009298021918086596,-0.0009359582809461142,-0.0008321272314048,-0.0008403054427219003,-0.0009980022399640465,-0.0009370331678260624,-0.0008997775131182051,-0.000877585963639127,-0.0008668121305177579
2022-09-09,0.47454248030492224,0.41287567737688124,0.425395151387779,0.395371377530667,0.48836555123569786,0.4862605310177875,0.3686666288652609,0.38515708815637095,0.42346953105138585,0.4936019897832163,0.494950373505407,-0.0008313422689287253,-0.0009427985044026532,-0.0009569875446409637,-0.0009628556607752525,-0.000857957964556233,-0.0008663813808435505,-0.0010258517557401592,-0.0009638069567731722,-0.0009265440237509193,-0.0009041473076210615,-0.0008932378816766673
2022-09-10,0.47249812523947854,0.41065117490424147,0.42314026860333914,0.3931286544366709,0.4862606434178856,0.4841354373886031,0.3663233339090769,0.38292073185452924,0.42126089091637536,0.4914214844465011,0.49278561051929576,-0.000856208708244266,-0.0009693552019703344,-0.0009838897094623933,-0.000989468116123604,-0.0008835348141426613,-0.000892200942775645,-0.0010533977054773547,-0.000990295539735897,-0.0009530363551003007,-0.0009304410998685064,-0.0009193993093757347
2022-09-11,0.4704496124973338,0.40842316145470997,0.42088186171748243,0.39088271873962355,0.48415150759868836,0.4820060804022599,0.3639772078824723,0.3806812697921943,0.4190485120516374,0.48923700704434514,0.49061678793315683,-0.0008808217816284047,-0.0009956250517388354,-0.0010105007254894716,-0.001015787771937171,-0.0009088502115628394,-0.0009177564880949451,-0.0010806319378861562,-0.0010164910783159176,-0.0009792466676592504,-0.0009564595596252001,-0.0009452886720273668
2022-09-12,0.4683975482663664,0.40619229633331244,0.41862059902914095,0.3886342350480306,0.48203876790532735,0.47987309016974855,0.3616289450418842,0.3784393646622198,0.4168330491356719,0.48704920399875684,0.4884445475364864,-0.0009051742056759848,-0.0010216002800361168,-0.0010368127180943043,-0.0010418068398069247,-0.0009338966655837444,-0.0009430404545039961,-0.0011075463939186903,-0.001042385820831937,-0.0010051672053746352,-0.0009821949876100966,-0.0009708983085525702
2022-09-13,0.4663425397853967,0.40395923968892905,0.4163571496823238,0.3863838687243917,0.4799230495314692,0.4777370978771952,0.3592792402760668,0.37619567988040226,0.41461515775959873,0.48485872271585556,0.48626953213016544,-0.0009292587741132619,-0.0010472732003746765,-0.0010628179011355487,-0.0010675176202715186,-0.0009586667645560265,-0.0009680453600704464,-0.0011341331091546114,-0.0010679721046131796,-0.0010307902979425076,-0.0010076397682961535,-0.0009962206406483043
2022-09-14,0.4642851951644959,0.40172465231894766,0.4140921834681088,0.38413228568830676,0.4778049785522191,0.47559873559908417,0.3569287889004636,0.37395087938916566,0.41239549423315885,0.48266621139429433,0.484092385336246,-0.0009530683599289214,-0.00107263621572401,-0.0010885085792604055,-0.0010929125050974098,-0.0009831531786091974,-0.0009927638054404997,-0.00116038421615694,-0.0010932423582670214,-0.0010561083630772905,-0.001032786372163419,-0.0010212481750285218
2022-09-15,0.46222612320503687,0.39948919547372164,0.4118263706264382,0.38188015221942034,0.4756851817388562,0.47345863611121625,0.3545782864514517,0.37170562746109154,0.4101747153905006,0.4804723188334471,0.48191375140749065,-0.0009765959174835581,-0.001097681820760421,-0.0011138771501843503,-0.0011179839795301127,-0.0010073486618193406,-0.0010171884760284966,-0.0011862919468010324,-0.0011181891039181435,-0.0010811139087561483,-0.0010576273579275264,-0.0010459735056436714
2022-09-16,0.4601659332195397,0.39725353066089697,0.40956038164778513,0.37962813476025964,0.4735642863733617,0.4713174327034609,0.3522284284805216,0.36946058850234736,0.4079534783958121,0.47827769424141925,0.4797342750367302,-0.0009998344845943974,-0.0011224026040857482,-0.001138916106939114,-0.001142724624516367,-0.0010312460543540625,-0.001041312144181572,-0.0012118486345724655,-0.00114280495942376,-0.0011057995354363803,-0.0010821553747407675,-0.0010703893158703348
2022-09-17,0.4581052348513666,0.39501831944966,0.40729488707474504,0.37737689971902194,0.4714429200627965,0.4691757589923552,0.3498799103484528,0.3672164268560806,0.40573244054885677,0.47608298704293595,0.47755460116608706,-0.0010227771845952027,-0.001146791250422885,-0.0011636180400942941,-0.0011671271189017673,-0.0010548382845899096,-0.0010651276713180002,-0.0012370467168359434,-0.001167082640555872,-0.0011301579382431703,-0.0011063631643681293,-0.001094488380677494
2022-09-18,0.45604463789431793,0.39278422327496904,0.4050305573036101,0.37512711327237525,0.4693217105535812,0.4670342487336062,0.3475334270195442,0.3649738066058276,0.40351225909046656,0.47388884668716635,0.4753753747961271,-0.0010454172283722585,-0.0011708405427789392,-0.0011879756399505448,-0.0011911842415951446,-0.0010781183712067488,-0.0010886280100403933,-0.001261878737074007,-0.001191014963157766,-0.0011541819091335226,-0.0011302435633354646,-0.0011182635687640996
2022-09-19,0.4539847521121849,0.39055190324182537,0.402768062385989,0.3728794411683242,0.46720128554573653,0.4648935356345536,0.3451896728559642,0.36273339137900024,0.40129359100805395,0.4716959224555418,0.47319724079499353,-0.0010677479163725412,-0.001194543364581635,-0.0012119816987025134,-0.0012148888737074093,-0.0011010794252523382,-0.001111806206220034,-0.0012863373470921036,-0.001214594845270811,-0.0011778643390280563,-0.0011537895050489078,-0.0011417078446697149
2022-09-20,0.4519261870583114,0.38832201992964166,0.40050807183052844,0.3706345485292065,0.46508227250713696,0.46275425316664376,0.34284934141227746,0.3604958441505092,0.3990770928411997,0.4695048632696237,0.47102084370758013,-0.0010897626405856897,-0.001217892701784129,-0.0012356291125706353,-0.00123823400065598,-0.0011237146521810848,-0.0011346554010560062,-0.001310415309193902,-0.0012378153092281186,-0.001201198219914712,-0.0011769940218847585,-0.0011648142708556852
2022-09-21,0.4498695518952155,0.3860952331967652,0.3982512544047929,0.3683930996548704,0.4629652984878319,0.46061703437797663,0.34051312523021005,0.3582618270465782,0.39686342048737155,0.4673163174990756,0.4688468275647998,-0.0011114548865009954,-0.0012408816449421267,-0.0012589108839052843,-0.001261212714242732,-0.0011460173538656582,-0.001157168833104183,-0.001334105498323357,-0.0012606694837207777,-0.0012241766469225368,-0.0011998502472536088,-0.0011875760097590504
2022-09-22,0.44781545521433025,0.38387220198521566,0.39599827793736786,0.3661557578260996,0.4608509899344925,0.45848251170597654,0.33818171563371685,0.35603200114880984,0.3946532290078333,0.4651309327698013,0.4666758356930059,-0.0011328182350337501,-0.0012635033912577476,-0.001281820123255284,-0.0012838182146961974,-0.0011679809305775168,-0.0011793398402774047,-0.001357400904171857,-0.0012831506058311737,-0.0012467928203654943,-0.0012223514176307182,-0.0012099863258147603
2022-09-23,0.4457645048559106,0.3816535841256939,0.3937498091202369,0.36392318510833654,0.4587399725050361,0.4563513167902432,0.33585580252440594,0.35380702629856214,0.3924471724338023,0.462949355772302,0.4645085105236214,-0.0011538463644256147,-0.0012857512465918597,-0.0013043500514081652,-0.001306043812685287,-0.001189598882940901,-0.001201161861818234,-0.001380294633254453,-0.0013052520230331655,-0.001269040047754022,-0.0012444908745573025,-0.0012320385874497464
2022-09-24,0.4437173077291645,0.37944003614291844,0.391506513311497,0.36169604215576684,0.45663287088348264,0.4542240802856399,0.3335360741773867,0.35158756090168924,0.3902459035729111,0.460772232070309,0.4623454934030325,-0.0011745330521144015,-0.001307618627446494,-0.0013264940013961168,-0.0013278829312981522,-0.0012108648138560718,-0.0012226284402392373,-0.001402779910948282,-0.001326967195162343,-0.0012909117457753916,-0.0012662620666124558,-0.0012537262690450746
2022-09-25,0.44167446963265766,0.37723221306135035,0.3892690543384696,0.3594749880158217,0.4545303085951021,0.45210143167567207,0.3312232170375978,0.34937426173371033,0.3880500738160306,0.4586002059097526,0.4601874244028048,-0.0011948721765769332,-0.001329099062911454,-0.0013482454204675753,-0.0013493291079880176,-0.0012317724303918531,-0.0012437332232346776,-0.0014248500834979638,-0.001348289696349314,-0.001312401442242317,-0.001287658551349713,-0.001275042952866956
2022-09-26,0.4396365950750493,0.37503076821135944,0.3870380943012616,0.3572606799341544,0.45243290782190226,0.44998399908621395,0.3289179155166774,0.3471677837454572,0.38586033294451305,0.4564339200281179,0.4580349421302755,-0.0012148577191385956,-0.0013501861965807826,-0.001369597872028061,-0.001370375996486095,-0.0012523155456484192,-0.0012644699655594005,-0.0014464986199841934,-0.0013692132169234594,-0.0013335027780081998,-0.0013086739972054673,-0.0012959823309657281
2022-09-27,0.43760428709620697,0.37283635303589485,0.3848142933768409,0.35505377316015097,0.45034128921851624,0.4478724090996345,0.32662085179043415,0.3449687798692659,0.3836773289379121,0.45427401546424984,0.45588868353957923,-0.0012344837657560226,-0.001370873788432092,-0.0013905450375437112,-0.0013910173686796923,-0.0012724880805871086,-0.0012848325308781328,-0.0014677191142568602,-0.0013897315652781073,-0.0013542095088479589,-0.0013293021853706954,-0.001316538207042306
2022-09-28,0.4355781470887585,0.37064961689771186,0.38259830962367886,0.35285492075303165,0.4482560717285399,0.4457672865693832,0.32433270559698074,0.34277790082576176,0.3815017077822344,0.4521211313686582,0.4537492837431628,-0.001253744508766086,-0.0013911557166741972,-0.0014110807184107843,-0.0014112471164545726,-0.0012922840658301515,-0.0013048148935799753,-0.0014885052868304771,-0.0014098386697039555,-0.0013745155073071613,-0.0013495370116329286,-0.0013367044982824927
2022-09-29,0.43355877462012954,0.3684712068872148,0.3803907987870194,0.3506647733885999,0.4461778724013758,0.44366925443508487,0.3220541540355887,0.34059579493130154,0.37933411327878247,0.4499759048143836,0.451617375823846,-0.0012726342486051312,-0.001411025979558278,-0.0014311988377911922,-0.0014310592535028976,-0.001311697643427534,-0.0013244111405624204,-0.001508850986741972,-0.0014295285801852464,-0.001394414764513574,-0.001369372488181364,-0.0013564752371559852
2022-09-30,0.43154676725512187,0.3663017676309731,0.37819241410483473,0.3484839791666968,0.44410730620964034,0.4415789335382023,0.31978587136632364,0.3384231079061263,0.377175186853643,0.4478389706084766,0.44949359064748096,-0.0012911473954955732,-0.001430478697153681,-0.0014508934424097286,-0.0014504479170945328,-0.001330723068588835,-0.0013436154729803973,-0.001528750193371009,-0.0014487954701608574,-0.0014139013919572951,-0.0013888027453795582,-0.001375844573183016
2022-10-01,0.4295427203790851,0.36414194110096576,0.3760038061145209,0.3463131834194185,0.44204498586718166,0.43949694243831866,0.3175285288105202,0.3362604826832817,0.3750255673678789,0.4457109611041489,0.4473785566762694,-0.0013092784710990735,-0.0014495081130883047,-0.001470158704315938,-0.001469407369811937,-0.0013493547113850313,-0.0013624222079633985,-0.0015481970182227855,-0.0014676336382479782,-0.0014329696232317501,-0.001407822033501649,-0.0013948067746661352
2022-10-02,0.4275472270217319,0.36199236642461097,0.3738256224603933,0.344153028520151,0.43999152164776867,0.43742389723009656,0.3152827943521577,0.33410855921836474,0.37288589092848007,0.4435925060136489,0.4452728997827917,-0.0013270221101385204,-0.0014681085962520712,-0.0014889889226091246,-0.0014879320012481934,-0.0013675870584131111,-0.0013808257802958024,-0.001567185706668972,-0.0014860375099294831,-0.0014516138157403824,-0.0014264247244345496,-0.001413356230384022
2022-10-03,0.425560877681651,0.35985367969563903,0.371658507702039,0.3420041536934827,0.43794752120450114,0.43536041136096515,0.3130493325401931,0.3319679743001495,0.3707567907001291,0.441484232221921,0.4431772430647993,-0.0013443730619859817,-0.0014862746424624262,-0.0015073785251246696,-0.0015060163296669038,-0.001385414714428046,-0.001398820744064444,-0.0015857106396507392,-0.001504001639204,-0.0014698284523667615,-0.0014446053133422843,-0.0014314874512544873
2022-10-04,0.42358426015156925,0.35772651378586107,0.36950310312358065,0.33986719482604666,0.43591358938999475,0.4333070954495913,0.31082880429190934,0.32983936136215236,0.3686388967178376,0.4393867636010987,0.4410922066608304,-0.0013613261922157394,-0.0015040008760944246,-0.001525322070083046,-0.0015236550036242802,-0.0014028324039399576,-0.001416401774270215,-0.0016037663353428155,-0.0015215207101962336,-0.0014876081431066113,-0.0014623584202963502,-0.0014491950719581204
2022-10-05,0.4216179593444151,0.3556114981578928,0.3673600465439101,0.33774278427835264,0.4338903280773964,0.43126455710518813,0.3086218666973401,0.3277233502951877,0.3665328357005083,0.43730072082589205,0.4390184075667026,-0.0013778764841231306,-0.0015212820516699033,-0.0015428142477006968,-0.0015408428035526,-0.0014198349727739812,-0.0014335636684030817,-0.0016213474507739134,-0.001538589538731261,-0.0015049476266637551,-0.0014796787918668342,-0.001466473852524297
2022-10-06,0.4196625571202315,0.35350925867888555,0.3652299721279474,0.3356315506976599,0.4318783359822794,0.42923340074771293,0.30642917282482546,0.3256205672609732,0.36443923086547964,0.43522672118991945,0.43695645945293166,-0.0013940190402113584,-0.0015381130554112943,-0.0015598498817612771,-0.001557574643305526,-0.001436417389596878,-0.0014503013479826299,-0.001638448783409574,-0.0015552030738685274,-0.0015218417720059274,-0.0014965613026769464,-0.0014833186798842712
2022-10-07,0.41771863211399624,0.35142041743532293,0.36311351019898225,0.3335341188319513,0.429878208485475,0.4272142274290099,0.30425137152775983,0.3235316345068396,0.36235870174410517,0.4331653784230405,0.43490697248313787,-0.00140974908363789,-0.0015544889067539702,-0.0015764239311459871,-0.0015738455716626243,-0.0014525747474042894,-0.0014666098600603084,-0.0016550652726898263,-0.0015713563993952628,-0.0015382855798835582,-0.0015130009569204739,-0.0014997245693828543
2022-10-08,0.4157867595643936,0.34934559254893544,0.36101128705214974,0.33145110934506056,0.42789053745688804,0.4252076346549496,0.302089107252584,0.3214571701815963,0.36029186399842433,0.43111730250974406,0.4328705531334891,-0.0014250619596297143,-0.0015704047598197324,-0.0015925314913274313,-0.001589650773794249,-0.0014683022649742972,-0.0014824843786848119,-0.0016711920015288206,-0.0015870447352828165,-0.0015542741843095897,-0.001528992889838543,-0.0015156866662528468
2022-10-09,0.41386751114359155,0.3472853979937878,0.3589239247691007,0.3293831386330069,0.4259159110803546,0.42321421620861666,0.29994301984808486,0.3193977881526124,0.35823932923897844,0.4290830995086425,0.4308478040132336,-0.0014399531368607388,-0.0015858559048513854,-0.0016081677958192375,-0.0016049855726871232,-0.001483595288281403,-0.0014979202063308827,-0.0016868241977673337,-0.0016022634390999158,-0.0015698028539984366,-0.0015445323691621327,-0.001531200247053388
2022-10-10,0.41196145478807555,0.34524044341459365,0.356852041033917,0.3273308186415951,0.42395491367958804,0.4212345619746006,0.29781374437605246,0.3173540978241622,0.3562017048438248,0.427063371373132,0.4288393236863789,-0.001454418208792052,-0.0016008377696071774,-0.0016233282175873165,-0.001619845430527067,-0.0014984492918739822,-0.001512912775288644,-0.0017019572355874701,-0.001617008007387566,-0.0015848669937671978,-0.0015596147965079021,-0.0015462607210659507
2022-10-11,0.4100691545305868,0.3432113339463136,0.3547962489503295,0.3252947566853285,0.422008125545269,0.4192692577644386,0.29570191092335557,0.3153267039570937,0.35417959377880404,0.42505871577326143,0.4268457064945671,-0.0014684528949760467,-0.0016153459207117749,-0.0016380082704188226,-0.001634225950043533,-0.0015128598802132132,-0.0015274576490157399,-0.0017165866368798466,-0.001631274076990763,-0.0015994621458945701,-0.0015742357087439318,-0.0015608636316543079
2022-10-12,0.4081911703332158,0.3411986700350844,0.3527571568602901,0.32327555526769763,0.42007612276332695,0.41731888514326515,0.2936081444154892,0.3133162064898699,0.3521735944191132,0.42306972591887504,0.4248675423811994,-0.0014820530423231282,-0.001629376064969934,-0.001652203610250147,-0.001648122875809066,-0.001526822788974369,-0.0015415505234502302,-0.0017307080725690316,-0.0016450574263499607,-0.0016135839914399042,-0.0015883907793065033,-0.0015750046575821464
2022-10-13,0.4063280579217003,0.33920304726053796,0.3507353681639539,0.32127381190288756,0.418159477044468,0.41538402125771773,0.2915330644316485,0.3113232003610374,0.3501843003722361,0.42109699038407017,0.4229054167168626,-0.001495214626331065,-0.0016429240506365406,-0.0016659100364519452,-0.0016615320954999624,-0.0015403338863081428,-0.00155518722828335,-0.001744317363895187,-0.001658353976750071,-0.0016272283515221808,-0.001602075819482962,-0.0015886796142924875
2022-10-14,0.4044803686209772,0.33722505615955994,0.3487314811411239,0.319290118938965,0.4162587555549963,0.4134652386651485,0.28947728502138553,0.30934827533317377,0.34821230030228584,0.4191410929330303,0.42095991012610845,-0.0015079337522755365,-0.0016559858686443496,-0.0016791234930719767,-0.0016744496411123522,-0.00155338917406328,-0.00156836372819541,-0.0017574104836498572,-0.0016711597935281097,-0.0016403911885556899,-0.0016152867796491721,-0.0016018844551454747
2022-10-15,0.40264864919203747,0.3352652820515397,0.3467460887742094,0.3173250633825927,0.41437452074898035,0.41156310516419725,0.28744141452290184,0.3073920158183682,0.3462581777558096,0.4172026123472779,0.4190315983156369,-0.0015202066563622663,-0.0016685576537913138,-0.001691840070035866,-0.0016868716901362046,-0.0015659847889700762,-0.001581076124047509,-0.0017699835573686262,-0.0016834710872370984,-0.001653068607445185,-0.0016280197504701666,-0.0016146152726166374
2022-10-16,0.40083344167012963,0.33332430486516557,0.34477977857275377,0.3153792267253241,0.4125073302018135,0.40967818362676905,0.2854260553830323,0.30545500070528475,0.3443225109891078,0.4152821222544059,0.4171210519039368,-0.0015320297068414646,-0.0016806356858842797,-0.0017040560043039554,-0.0016987945666880888,-0.0015781170037836856,-0.0015933206540375555,-0.0017820328644762573,-0.001695284214766557,-0.0016652568567381842,-0.0016402709640546131,-0.0016268682994517447
2022-10-17,0.399035283204363,0.3314026989668147,0.3428331323995805,0.3134531847715314,0.4106577364452188,0.40781103183147255,0.28343180397897,0.30353780318785856,0.3424058727971182,0.41338019095833056,0.4152288362524288,-0.001543399405082635,-0.0016922163908384968,-0.0017157676809847477,-0.001710214742597027,-0.001589782228386516,-0.0016050936948118766,-0.0017935548393893663,-0.001706595680422529,-0.0016769523297363031,-0.0016520367950711434,-0.0016386399097831905
2022-10-18,0.3972547058987574,0.3295010329905876,0.34090672629861096,0.3115475074680164,0.40882628680374605,0.4059622022985633,0.2814592504417902,0.3016409905956798,0.34050883034391816,0.4114973812711211,0.413355511298167,-0.0015543123866088027,-0.0017032963417378255,-0.001726971634404495,-0.0017211288384486045,-0.0016009770108508237,-0.0016163917625385271,-0.001804546072569746,-0.001717402136960311,-0.0016881515655601254,-0.001663313761821661,-0.0016499266202023022
2022-10-19,0.395492236654784,0.3276198696700415,0.33900113032440277,0.3096627587353523,0.40701352323280954,0.40413224212644505,0.27950897848181966,0.29976512422611123,0.3386319449948896,0.40963425034645606,0.4115016313881445,-0.0015647654220935503,-0.0017138722598464273,-0.001737664549133655,-0.0017315336245865565,-0.0016116980384601742,-0.0016272115139373544,-0.0018150033115350017,-0.0017277003865753815,-0.0016988512501761588,-0.001674098527269463,-0.001660725090789572
2022-10-20,0.393748397015448,0.3257597656716684,0.3371169083734632,0.30779949630101183,0.4052199821583142,0.4023216928297739,0.2775815652159083,0.2979107591781918,0.3367757721506035,0.40779134951475027,0.40966774511525245,-0.0015747554183149215,-0.0017239410155793222,-0.0017478432609662198,-0.0017414260220673938,-0.0016219421386903798,-0.001637549747269873,-0.0018249234618197274,-0.001737487381849867,-0.0017090482173753307,-0.0016843879000298378,-0.0016710321261040884
2022-10-21,0.39202370301095396,0.3239212714301673,0.33525461801738193,0.3059582715343263,0.4034461943179193,0.4005310901792155,0.2756775809966507,0.29607844418837254,0.33494086108246784,0.40596922412000985,0.40785439515594346,-0.0015842794190727982,-0.001733499629430424,-0.0017575047578575753,-0.0017508031035713967,-0.0016317062801471938,-0.0016474034032866736,-0.0018343035878917724,-0.0017467602266548754,-0.0017187394497107933,-0.0016941788353110332,-0.0016808446761281681
2022-10-22,0.39031866500600554,0.3221049309855629,0.3334148103378359,0.3041396292833266,0.4016926846039846,0.3987609640429026,0.273797589243609,0.2942687214681383,0.33312775477018813,0.40416841335845377,0.40606211810964465,-0.0015933346060619802,-0.00174254527285167,-0.0017666461808160672,-0.0017596620942693098,-0.0016409875734639257,-0.001656769566132088,-0.001843140914021546,-0.0017555161770060335,-0.0017279220793913752,-0.0017034684358184227,-0.001690159837170302
2022-10-23,0.38863378754878,0.3203112818222147,0.33159802976351804,0.3023441077135138,0.3999599719082452,0.3970118382296372,0.27194214627658964,0.29248212654355776,0.3313369897410924,0.40238945011895916,0.40429144433996883,-0.0016019182997068504,-0.0017510752690920173,-0.001775264824746714,-0.0017680003726435745,-0.0016497832721569239,-0.0016656454642081098,-0.0018514328251011958,-0.0017637526418767813,-0.0017365933891291263,-0.0017122539526091551,-0.0016989748527245219
2022-10-24,0.38696956922162384,0.3185408547097672,0.329804813909029,0.300572238148608,0.398248568968265,0.3952842303338883,0.2701118011510177,0.2907191880968125,0.32956909591136335,0.40063286082536875,0.40254289781777164,-0.0016100279599545186,-0.0017590870939881986,-0.001783358139254454,-0.001775815471262765,-0.0016580907734370376,-0.0016740284709935715,-0.0018591768674212084,-0.0017714671839647034,-0.0017447508129439515,-0.0017205327859081687,-0.00170728711428636
2022-10-25,0.38532650249351486,0.31679417354608663,0.32803569341579036,0.2988245449133196,0.3965589822157073,0.3935786515826266,0.26830709549546283,0.2889804278097518,0.3278245964292278,0.39889916528071584,0.4008169959661009,-0.0016176611870259427,-0.0017665783767121246,-0.0017909237293973757,-0.0017831050775141688,-0.0016659076189813882,-0.0016819161058220788,-0.001866370749395052,-0.0017786575204128963,-0.0017523919369230034,-0.0017283024858749663,-0.0017150941621231208
2022-10-26,0.3837050735743324,0.3150717552022306,0.3262911917950185,0.2971015451781949,0.39489171162647535,0.39189560668404505,0.26652856335136405,0.2872663602095188,0.32610400752014923,0.3971888765134044,0.39911424950708146,-0.0016248157221262494,-0.0017735469004728777,-0.0017979593563955398,-0.001789867034285686,-0.0016732314956591776,-0.0016893060346153121,-0.0018730123422369127,-0.0017853215234848174,-0.0017595144999342782,-0.001735560753330423,-0.0017223936860039646
2022-10-27,0.3821057622709794,0.31337410936949783,0.32457182527280914,0.295403748806576,0.39324725057275994,0.39023559367820654,0.26477673101499616,0.2855774925162927,0.324407838334067,0.39550250062539655,0.3974351623107849,-0.0016314894481140318,-0.0017799906031723545,-0.0018044629382937272,-0.0017960993406054837,-0.0016800602362179728,-0.0016961960705744739,-0.001879099680592966,-0.0017914572211949475,-0.0017661163942973568,-0.0017423054404364646,-0.0017291835258825827
2022-10-28,0.38052904184540154,0.31170173840860327,0.32287810263737826,0.29373165820372393,0.39162608567704416,0.3885991037896664,0.26305211688173197,0.28391432449319554,0.32273659079473216,0.3938405366424486,0.39578023124612655,-0.0016376803901257952,-0.0017859075780147227,-0.0018104325505776675,-0.0018018001522339122,-0.0016863918199230832,-0.0017025841748274928,-0.0018846309631216362,-0.001797062797891602,-0.0017721956664052407,-0.0017485345513318373,-0.0017354616725361316
2022-10-29,0.3789753788745395,0.3100551372010196,0.3212105250885031,0.2920857681681495,0.39002869666810236,0.3869866212821115,0.2613552312926398,0.2822773482984032,0.32109075945117915,0.39220347636644187,0.39414994603383374,-0.001643386716162487,-0.0017912960740725237,-0.0018158664267426405,-0.00180696778220929,-0.0016922243731573028,-0.0017084684570310427,-0.0018896045530275574,-0.0018021365947942791,-0.0017777505173037778,-0.001754246242722024,-0.0017412262681598678
2022-10-30,0.3774452331122627,0.30843479300253573,0.3195695860892092,0.29046656574519425,0.388455556239042,0.38539862331505814,0.2596865763834658,0.28066704833950784,0.319470831331382,0.3905918042298493,0.3925447891015298,-0.001648606737630065,-0.0017961544968027598,-0.0018207629588174457,-0.0018116007013463942,-0.0016975561699742459,-0.0017138471759314267,-0.0018940189785454087,-0.0018066771104849888,-0.0017827793032226813,-0.0017594388244262515,-0.0017464756069171528
2022-10-31,0.37593905735331945,0.3068411852990687,0.3179557712197465,0.2888745300829053,0.3869071299074252,0.38383557980265287,0.2580466459360436,0.27908390113017467,0.3178772857981329,0.38900599715238593,0.3909652354409753,-0.0016533389098405404,-0.001800481408520016,-0.0018251206978394663,-0.001815697538690264,-0.0017023856326094378,-0.00171871873987961,-0.0018978729333757327,-0.0018106830013521757,-0.0017872805360638067,-0.0017641107598753147,-0.0017512081354441045
2022-11-01,0.374457297299349,0.30527478566477667,0.3163695580338987,0.2873101322902487,0.38538387587751566,0.3822979532746184,0.2564359252321765,0.2775283751491334,0.31631059440719317,0.387446524399879,0.38941175246751086,-0.0016575818324680025,-0.0018042755288215084,-0.0018289383542836601,-0.0018192570819206,-0.0017067113319469973,-0.0017230817073008442,-0.0019011652770712373,-0.0018141530819880125,-0.001791252883839578,-0.0017682606665687661,-0.0017554224533097296
2022-11-02,0.3730003914269907,0.3037360576225122,0.31481141591766715,0.28577383529769984,0.3838862449046871,0.38078619873938213,0.2548548909100349,0.27600093070154774,0.31477122076775077,0.38591384744540524,0.38788479988174157,-0.0016613342499631756,-0.0018075357349662258,-0.0018322147984439763,-0.0018222782777114754,-0.0017105319879434089,-0.0017269347871234353,-0.00190389503537447,-0.0018170863255401182,-0.0017946951710687276,-0.00177188731648259,-0.0017591173134294258
2022-11-03,0.3715687708581313,0.30222545650665916,0.31328180595037197,0.28426609372025574,0.3824146801620393,0.37930076354943293,0.25330401082311105,0.274502019782804,0.3132596204052319,0.3844084198327341,0.3863848295335039,-0.001664595051925677,-0.0018102610622062199,-0.001834949060768254,-0.0018247602320423106,-0.0017138464700046652,-0.0017302768391586065,-0.0019060614005059762,-0.0018194818640142607,-0.0017976063791227959,-0.0017749896364325224,-0.0017622916224345753
2022-11-04,0.3701628592323299,0.30074342932839065,0.31178118076821204,0.28278735372290636,0.3809696171092547,0.3778420872689418,0.251783743901774,0.2730320859447581,0.3117762406265034,0.3829306870421162,0.384912285288156,-0.001667363273431366,-0.0018124507040737092,-0.0018371403321434943,-0.0018267022104627162,-0.0017166537973222762,-0.0017331068744397826,-0.0019076637314034417,-0.0018213389885322617,-0.0017999856465284458,-0.0017775667083920754,-0.0017649444409960635
2022-11-05,0.3687830725814554,0.2992904146433924,0.3103099844303211,0.28133805288860747,0.3795514833637395,0.37641060154368816,0.25029454001746443,0.2715915641644817,0.31032152038750666,0.38148108635845873,0.3834676028952312,-0.0016696380953192813,-0.0018141040126183339,-0.0018387879641379445,-0.0018281036383102633,-0.0017189531391629265,-0.0017354240555136347,-0.0019087015539114294,-0.0018226571495410515,-0.0018018322692224253,-0.001779617769764319,-0.0017670749841022793
2022-11-06,0.36742981920657636,0.29786684242208605,0.30886865228736476,0.2799186200887928,0.3781606985740845,0.3750067299733285,0.24883683984957072,0.27018088071554547,0.3088958901633647,0.3800600467419256,0.3820512098594922,-0.001671418844432837,-0.0018152204985996678,-0.0018398914691906132,-0.0018289641008799595,-0.001720743815114556,-0.0017372276966890476,-0.001909174560921545,-0.0018234359569755942,-0.0018031457007592344,-0.0017811422136072563,-0.00176868262129104
2022-11-07,0.36610349955713833,0.29647313392239555,0.3074576108527131,0.27852947535646444,0.3767976742958847,0.3736308879860463,0.24741107475502466,0.2688004530418778,0.30749977182099714,0.378667988701002,0.3806635253144256,-0.0016727049938198846,-0.0018157998316312152,-0.001840450520756598,-0.001829283343547039,-0.001722025295287033,-0.0017385172642399027,-0.0019090826124635307,-0.0018236751803739626,-0.0018039255524733844,-0.0017821395888132363,-0.0017697668768371089
2022-11-08,0.36480450611246407,0.2951097015650883,0.30607727767622833,0.2771710297618977,0.375462813869953,0.3722834827156209,0.24601766664065614,0.26745068963423574,0.3061335784942828,0.37730532416805784,0.3793049598982144,-0.0016734961628878109,-0.0018158418402791643,-0.0018404649534031758,-0.0018290612718425692,-0.00172279720046975,-0.0017392923765622847,-0.0019084257357462053,-0.0018233747489466157,-0.0018041715935941949,-0.0017826096002432346,-0.0017703274298911942
2022-11-09,0.3635332232656122,0.2937769488117343,0.30472806122070434,0.27584368529099973,0.3741565123029648,0.3709649128809497,0.24465702783834395,0.2661319899093276,0.3047977144618069,0.3759724563774522,0.3779759156322222,-0.001673792117517392,-0.00181534651211257,-0.001839934762859985,-0.0018282979514807063,-0.0017230593022440899,-0.001739552804287725,-0.0019072041251501082,-0.0018225347515956614,-0.0018038837513141837,-0.0017825521088128404,-0.0017703641145770943
2022-11-10,0.36229002720963066,0.2924752700453153,0.30341036074099736,0.274547834726354,0.3728791561505707,0.36967556866806023,0.2433295609830003,0.2648447440916178,0.30349257502722904,0.37466977974620747,0.37667678580202957,-0.001673592770130572,-0.0018143139937066843,-0.001838860106018747,-0.0018269936083406546,-0.0017228115230492613,-0.0017392984703518133,-0.0019054181421693794,-0.0018211554368899874,-0.0018030621108101608,-0.0017819671315352226,-0.001769876920039104
2022-11-11,0.36107528582623316,0.2912050504535202,0.30212456616587896,0.27328386153099105,0.3716311234030066,0.3684158316146487,0.24203565889342454,0.2635893330978536,0.302218546402305,0.37339767975729743,0.3754079548410544,-0.001672898179717608,-0.0018127445906008233,-0.0018372413008878596,-0.001825148628398332,-0.001722053936207557,-0.0017385294500160131,-0.0019030683153051509,-0.0018192372129908763,-0.0018017069152194143,-0.001780854841513968,-0.0017688659904459003
2022-11-12,0.35988935857693843,0.2899666659147621,0.3008710579826506,0.2720521397349144,0.3704127833732416,0.36718607449717694,0.24077570445606183,0.2623661284243456,0.3009760055926025,0.3721565328455745,0.37416979821679164,-0.0016717085518189179,-0.001810638767206274,-0.0018350788264974716,-0.001822763557613294,-0.0017207867659006504,-0.001737245970845236,-0.001900155339909032,-0.0018167806475317683,-0.001799818565565603,-0.0017792155678940658,-0.0017673316249475768
2022-11-13,0.35873259639669935,0.2887604828869497,0.2996502071245506,0.27085303382442055,0.3692244965876913,0.36598666122055995,0.23955007051170094,0.2611754920370361,0.29976532028593744,0.37094670628637794,0.3729626823197061,-0.001670024238464518,-0.001807997146670015,-0.0018323733227588734,-0.0018198391017656967,-0.0017190103871053686,-0.0017354484126425596,-0.001896680077977303,-0.0018137864674499515,-0.0017973976206419606,-0.0017770497957630416,-0.0017652742775879915
2022-11-14,0.3576053415900556,0.2875868582990466,0.2984623748609895,0.2696868986342396,0.3680666146795337,0.3648179467104838,0.23835911974514454,0.26001777626438777,0.2985868487435701,0.36976855808685155,0.3717869643548126,-0.0016678457380697176,-0.0018048205106903081,-0.0018291255902738723,-0.0018163761262498523,-0.0017167253254800063,-0.0017331373073337097,-0.0018926435578958678,-0.0018102555587712899,-0.0017944447968451516,-0.0017743581660069618,-0.0017626945571690422
2022-11-15,0.35650792772983997,0.28644613944545017,0.2973079126906444,0.26855407924253605,0.36693948028465373,0.36368027680837445,0.23720320457788516,0.2588933236931236,0.29744093969418994,0.36862243688000135,0.37064299223597225,-0.0016651736952880691,-0.001801109799284717,-0.001825336590098925,-0.0018123756558154347,-0.001713932257211559,-0.0017303133388121283,-0.0018880469741358319,-0.001806188966348543,-0.0017909609679629956,-0.0017711414751233057,-0.001759593227071865
2022-11-16,0.35544067955846975,0.28533866388322143,0.29618716223744496,0.2674549108687932,0.3658434269402529,0.36257398816905945,0.2360826670638175,0.2578024670668497,0.29632793223072035,0.3675086818215322,0.3695311044829403,-0.0016620089008198558,-0.0017968661105125516,-0.0018210074434601986,-0.001807838874265999,-0.0017106320088134397,-0.001726977342735414,-0.0018828916869003676,-0.00180158789355217,-0.001786947164916619,-0.0017674006749821003,-0.0017559712050291276
2022-11-17,0.3544039128918488,0.2842647593321971,0.29510045514948136,0.2663897187746166,0.36477877898614924,0.36149940816114534,0.23499783878801977,0.2567455291875927,0.2952481557099763,0.3664276224894843,0.36845163012119053,-0.001658352291178944,-0.0017920907001491848,-0.0018161394314218926,-0.0018027671241084287,-0.0017068255568827295,-0.0017231303062788528,-0.001877179221721953,-0.0017964537019130034,-0.0017824045754549211,-0.001763136872546367,-0.0017518295628565217
2022-11-18,0.3533979345259141,0.2832247435780109,0.29404811300086464,0.2653588181674841,0.36374585146880134,0.3604568547701453,0.2339490407686318,0.255722822820275,0.29420192965520237,0.36537957878670674,0.3674048885845543,-0.001654204948414617,-0.0017867849813160142,-0.001810733994506819,-0.001797161906155198,-0.0017025140278093542,-0.0017187733678419304,-0.001870911269011094,-0.0017907879107214586,-0.001777334543803244,-0.001758351329543939,-0.0017471695261317977
2022-11-19,0.3524230421458488,0.2822189243780572,0.293030447196567,0.26436251410747125,0.3627449500480794,0.35944663650438036,0.23293658336186135,0.25473465060016476,0.2931895636615202,0.3643648608461924,0.3663911896206926,-0.0016495680997923312,-0.0017809505240600765,-0.0018047927322708546,-0.0017910248790803385,-0.0016976986974444608,-0.0017139078167132116,-0.001864089683555531,-0.0017845921965759515,-0.0017717385702654687,-0.0017530454620939828,-0.0017419924738350523
2022-11-20,0.35147952423799234,0.281247599370419,0.2920477588802727,0.26340110141697815,0.36177637090681697,0.35846905230368836,0.2319607661701438,0.2537813049433198,0.29221135730431447,0.36338376893930524,0.3654108331994377,-0.0016444431174305052,-0.0017745890548914178,-0.0017983174028290416,-0.0017843578589289422,-0.0016923809907217202,-0.0017085350926873133,-0.0018567164839722594,-0.0017778683928883487,-0.0017656183107805368,-0.0017472208402880551,-0.001736299937939334
2022-11-21,0.3505676600044738,0.28031105598579337,0.2911003388452642,0.2624748645934877,0.36084040066316503,0.3575243914509621,0.23102187795348567,0.25286306796005814,0.2912676000505849,0.36243659338692485,0.364464109424027,-0.0016388315178935686,-0.0017677024562708366,-0.001791309922335671,-0.0017771628185794808,-0.0016865624812357205,-0.001702656785639911,-0.0018487938521096758,-0.001770618489339959,-0.001758975576430899,-0.0017408791877252527,-0.001730093602957672
2022-11-22,0.34968771928058995,0.27940957136243527,0.2901884674483726,0.26158407772537756,0.3599373162857765,0.35661293348654605,0.23012019654401528,0.2519802113714759,0.2903585711732858,0.36152361447353554,0.3635512984452572,-0.0016327349617443754,-0.0017602927660538281,-0.0017837723644167913,-0.001769441887160328,-0.0016802448907777268,-0.0016962746350564495,-0.0018403241324021768,-0.0017628446312942248,-0.0017518123329091084,-0.0017340223810028976,-0.001723375305444197
2022-11-23,0.3488399624549582,0.2785434122641481,0.2893124145270147,0.2607290044108134,0.35906738501184843,0.3557349481255159,0.2292559887637686,0.2511329964290415,0.2894845396686868,0.3606451023642864,0.3626726703785821,-0.0016261552530515977,-0.0017523621768872344,-0.001775706959557366,-0.001761197349419208,-0.001673430088823813,-0.0016893905295178868,-0.0018313098311758258,-0.00175454911916062,-0.001744130699934232,-0.0017266524491601487,-0.0017161470334516316
2022-11-24,0.3480246403924621,0.2777128350013443,0.28847243931934435,0.25990989767974615,0.3582308642680404,0.3548906951778652,0.22842951034573153,0.250321673837287,0.28864576417677235,0.35980131702504414,0.3618284852241831,-0.0016190943388573742,-0.0017439130355596522,-0.001767116094440191,-0.0017524316450472366,-0.001666120091983636,-0.0016820065061421974,-0.001821753615907501,-0.0017457344077145276,-0.0017359329506246857,-0.0017187715730787034,-0.0017084109259413727
2022-11-25,0.34724199436001746,0.2769180853551987,0.2876687903875396,0.2591269999190354,0.3574280015942987,0.354080424471624,0.22764100585816463,0.24954648367961987,0.2878424929047048,0.3589925081454663,0.36101899279002836,-0.0016115543085993278,-0.0017349478423079878,-0.0017580023112402365,-0.0017431473679576093,-0.0016583170634031363,-0.0016741247499803547,-0.0018116583144350273,-0.001736403105371126,-0.0017272215108266598,-0.001710382084836204,-0.0017001692721527184
2022-11-26,0.3464922559551768,0.27615939850491816,0.28690170554424843,0.258380542800724,0.3566590345706054,0.3533043757789304,0.2268907086322317,0.24880765534727958,0.28707496355337686,0.35821891506511255,0.36024443261795297,-0.0016035373934940034,-0.0017254692500769386,-0.0017483683068730826,-0.0017333472655174376,-0.0016500233121238272,-0.0016657475933709032,-0.0018010269141205404,-0.0017265579734127845,-0.0017179989583954725,-0.0017014864670174545,-0.001691424510923356
2022-11-27,0.3457756470375959,0.27543699895814716,0.28617141178221756,0.2576707472134829,0.3559241907466745,0.3525627787450778,0.2261788406929529,0.24810540747145626,0.28634340324707225,0.3574807667026212,0.3595050339127734,-0.0015950459658756189,-0.0017154800637348977,-0.0017382169321952246,-0.0017230342377343444,-0.0016412412924000641,-0.0016568775152493442,-0.0017898625609664431,-0.0017162019251724947,-0.001708268022432291,-0.0016920873519790103,-0.001682179229968661
2022-11-28,0.345092379663383,0.2747511004845343,0.2854781252071202,0.2569978231972457,0.35522368757461564,0.3518558528205598,0.22550561269350444,0.24743994785859436,0.28564802846625514,0.3567782814879687,0.3588010154744621,-0.0015860825384940713,-0.001704983239242508,-0.0017275511911620245,-0.0017122113363994274,-0.001631973602972847,-0.0016475171404142785,-0.0017781685586844287,-0.0017053380251715322,-0.001698031582477999,-0.0016821875210698,-0.0016724361651162534
2022-11-29,0.3444426560223467,0.2741019060524731,0.28482205097360785,0.25636196988105503,0.35455773234458765,0.3511838071961306,0.2248712238528825,0.24681147342889967,0.2849890449835107,0.3561116672978318,0.3581325856334016,-0.0015766497637717536,-0.0016939818827789166,-0.0017163742399377568,-0.0017008817641833707,-0.0016222229863006032,-0.0016376692387515823,-0.0017659483677178733,-0.0016939694882126544,-0.0016872926676596567,-0.0016717899038092843,-0.0016621981994955903
2022-11-30,0.34382666837816545,0.2734896077690401,0.28420338322460165,0.2557633754241374,0.35392652212345754,0.350546840740903,0.22427586189695142,0.24622017015806702,0.28436664780265347,0.355481121394074,0.35749994218873593,-0.00156675043301846,-0.0016824792498228436,-0.0017046893859620216,-0.0016890488736885367,-0.0016119923277475023,-0.0016273367244133974,-0.00175320560421785,-0.0016820996784288333,-0.0016760544557950507,-0.0016608975770198708,-0.0016514683626855375
2022-12-01,0.34324459901149346,0.27291438682314856,0.28362230503384167,0.25520221696022277,0.3533302436964844,0.3499451419434986,0.22371970300289215,0.24566621302224745,0.28378102110102255,0.3548868303653728,0.3569032723498385,-0.0015563874756053808,-0.0016704787441881863,-0.0016925000869711937,-0.00167671616645787,-0.0016012846547303616,-0.0016165226549571532,-0.0017399440389734566,-0.0016697321082878303,-0.0016643202724520023,-0.001649513763916144,-0.0016402498298174195
2022-12-02,0.34269662016602087,0.2723764134319307,0.28307898835171363,0.25467866054512894,0.35276907351204834,0.34937888885627194,0.22320291174706958,0.24514976594626972,0.28323233817498106,0.35432897007200503,0.35634275268091414,-0.001545563958098517,-0.001657983917017769,-0.001679809949974631,-0.0016638872919377268,-0.0015901031358215856,-0.0016052302304401245,-0.0017261675962946255,-0.0016568704375525822,-0.0016520935899637657,-0.0016376418331514597,-0.0016285459206356045
2022-12-03,0.34218289399750423,0.27187584679036814,0.28257359395436416,0.25419286110762224,0.3522431776294352,0.3488482490426219,0.22272564105633033,0.24467098175513258,0.28272076138863417,0.3538077055938063,0.355818549048751,-0.0015342830833506849,-0.0016449984657319061,-0.0016666227301888048,-0.0016505660463985716,-0.0015784510798126372,-0.001593462792472078,-0.001711880352852857,-0.001643518472198291,-0.0016393780264026825,-0.0016252852978214105,-0.0016163600985150128
2022-12-04,0.3417035725257819,0.2714128350241836,0.2821062713961272,0.2537449624035721,0.35175271166969735,0.34835337952740636,0.2222880321627505,0.24423000212878096,0.28224644212578326,0.3533231911813224,0.35533081657363724,-0.0015225481895542736,-0.0016315262329344438,-0.001652942329923468,-0.001636756371811099,-0.0015663319347344329,-0.0015812238232274511,-0.0016970865364731302,-0.0016296801632864344,-0.0016261773445085392,-0.0016124478144231569,-0.0016036959694364916
2022-12-05,0.34125879758978883,0.27098751514600766,0.28167715896526585,0.2533350969734108,0.3512978207696035,0.3478944267504767,0.2218902145618422,0.24382695756018094,0.2818095207451295,0.3528755702101628,0.354879699583459,-0.0015103627492530913,-0.0016175712052760582,-0.0016387727974294108,-0.0016224623546805539,-0.0015537492868367142,-0.0015685169444140112,-0.0016817905248837361,-0.0016153596057952857,-0.001612495450575513,-0.0015991331817748478,-0.001590557280919891
2022-12-06,0.3408487008055843,0.27060001301483516,0.2812863836430522,0.25296338610291347,0.3508786395386891,0.3474715265233433,0.22153230597423365,0.24346196731670489,0.28141012653873865,0.35246497513857433,0.35446533157099175,-0.0014977303683150756,-0.0016031375122737557,-0.001624118325699253,-0.0016076882248362567,-0.0015407068595276185,-0.0015553459162016559,-0.0016659968444206474,-0.0016005610374080492,-0.0015983363932961514,-0.001585345339890687,-0.001576947920914118
2022-12-07,0.34047340352740474,0.27025044329878084,0.2809340610661912,0.25262993978730697,0.35049529201942436,0.3470848039889871,0.22121441231083425,0.2431351394048378,0.2810483776937821,0.3520915274682448,0.3540878351543969,-0.001484654784864814,-0.0015882294250896267,-0.0016089832512269364,-0.0015924383541809362,-0.0015272085122713386,-0.0015417146361097478,-0.0016497101686879512,-0.0015852888372593354,-0.0015837043625632208,-0.0015710883688145327,-0.001562871916647779
2022-12-08,0.3401330168117524,0.269938909441148,0.28062029549260137,0.2523348566987207,0.3501478916505081,0.34673437358482806,0.22093662764149338,0.24284657053821704,0.28072438125756316,0.35175533770834777,0.35374732204093723,-0.0014711398681780952,-0.0015728513552663026,-0.0015933720527246953,-0.0015767172553966535,-0.0015132582394457028,-0.0015276271378531492,-0.0016329353171750938,-0.0015695475246388924,-0.0015686036882299748,-0.0015563664874138072,-0.0015483334334371324
2022-12-09,0.33982764138453314,0.26966550362981684,0.280345179770564,0.2520782241569876,0.34983654123329794,0.34642033900886043,0.22069903416716383,0.24259634610901284,0.28043823310583954,0.35145650534284223,0.35344389299392154,-0.0014571896175357701,-0.001557007853422443,-0.001577289349797284,-0.0015605295806098707,-0.0014988601691612868,-0.0015130875901492868,-0.0016156772538304387,-0.001553341757654314,-0.0015530388388291794,-0.0015411840521296627,-0.0015333367734532422
2022-12-10,0.3395573676112487,0.269430306769966,0.28010879531124777,0.25186011810380604,0.34956133290139224,0.34614279318896757,0.22050170219557702,0.2423845401626596,0.2801900179144534,0.35119511880103277,0.3531776378028864,-0.0014428081610416976,-0.0015407036079046477,-0.0015607399015749035,-0.0015438801200135521,-0.0014840185620382251,-0.0014981002954843614,-0.0015979410855927467,-0.0015366763318527266,-0.0015370144202497826,-0.0015255455556894004,-0.0015178863744491067
2022-12-11,0.33932227547025673,0.26923338846013006,0.279911212064617,0.251680603080266,0.34932234809336377,0.34590181825542304,0.2203446901204384,0.24221121537594437,0.27997980913427317,0.3509712554314022,0.35294863525702636,-0.0014279997544004441,-0.0015239434434018428,-0.001543728605305772,-0.001526773800451131,-0.001468737809946885,-0.0014826696888396995,-0.0015797320608792742,-0.001519556178801812,-0.0015205351743752815,-0.0015094556257756464,-0.0015019868084464871
2022-12-12,0.3391224345291044,0.26907480697160496,0.2797524884987332,0.2515397322077511,0.34911965752866175,0.34569748551658647,0.22022804440414684,0.24207642303846008,0.27980766896945863,0.35078498147872356,0.35275695312187955,-0.0014127687796572919,-0.0015067323195162574,-0.001526260494906173,-0.001509215683957732,-0.001453022434708351,-0.0014668003363803583,-0.0015610555680336813,-0.0015019863646303644,-0.001503605977679734,-0.0014929190236573353,-0.0014856427803823236
2022-12-13,0.338957903923941,0.2689546092312044,0.2796326715824531,0.2514375471722191,0.34895332118668587,0.3455298554378027,0.2201517995640466,0.24198020303742823,0.27967364835905434,0.35063635206445615,0.352602648119273,-0.0013971197439030525,-0.0014890753292964853,-0.0015083407394709258,-0.0014912109662622575,-0.001436877086754218,-0.0014504969341029295,-0.0015419171337303916,-0.0014839720885287955,-0.0014862318397846352,-0.0014759406427810595,-0.0014688591267179585
2022-12-14,0.3388287323420194,0.268872830807374,0.2795517967715299,0.2513740782118656,0.34882338828903536,0.345398977623509,0.22011597816221237,0.24192258384589474,0.279577786961915,0.35052541117043473,0.35248576591053987,-0.0013810572779394126,-0.0014709776977295808,-0.0014899746417440518,-0.0014727649752508398,-0.001420306543753136,-0.0014337643064464278,-0.0015223224213402886,-0.0014655186812116139,-0.0014684179019768817,-0.0014585255073232273,-0.0014516408140062276
2022-12-15,0.3387349580072897,0.26882949589966465,0.27950988799812143,0.2513493441081775,0.3487298972849454,0.3453048908025561,0.22012059079877339,0.24190358251430574,0.2795201131449702,0.3504521916258551,0.352406341083006,-0.001364586134907697,-0.0014524447801962381,-0.0014711676365492532,-0.0014538831693884924,-0.0014033157091949966,-0.0014166074048646005,-0.0015022772292538344,-0.001446631603338605,-0.0014501694356873762,-0.0014406787707020308,-0.0014339929374231342
2022-12-16,0.3386766086690855,0.2688246173315726,0.27950695766370787,0.2513633521803735,0.34867287583990786,0.3452476228167481,0.22016563610877626,0.24192320466546072,0.2795006439748303,0.35041671509755823,0.3523643971397559,-0.0013477111888847704,-0.0014334820608851717,-0.0014519252891819767,-0.0014345711361059554,-0.001385909610941538,-0.0013990313063607651,-0.0014817874891659144,-0.0014273164439001784,-0.0014314918409308874,-0.0014224057140543866,-0.0014159207192590562
2022-12-17,0.3386537015939149,0.26885819654674525,0.27954300663542225,0.25141609828324024,0.3486523408274859,0.34522719061260343,0.22025110076258894,0.24198144449284964,0.2795193852127359,0.3504189920836193,0.35235994649267716,-0.0013304374334385805,-0.0014140951511694144,-0.0014322532937625088,-0.0014148345901439097,-0.0013680933997370914,-0.0013810412119850124,-0.0014608592643204077,-0.0014075789185626353,-0.0014123906447082724,-0.0014037117446719094,-0.0013974295073740373
2022-12-18,0.3386662435603502,0.2689302236085522,0.27961802424579413,0.251507566808357,0.3486682983243202,0.34524360023634015,0.2203769594698456,0.24207828476237053,0.27957633131285325,0.3504590219102422,0.3523929904587878,-0.0013171461635763104,-0.001399506677214668,-0.001417461252318064,-0.001400085941932916,-0.0013544018801492919,-0.0013672177469244984,-0.0014453838701269095,-0.0013928599871069203,-0.00139793763392565,-0.001389477783995341,-0.0013833127619866104
2022-12-19,0.3387142308570214,0.2690406772030269,0.27973198829590534,0.2516377306887154,0.3487207436083307,0.34529684683208606,0.22054317498692963,0.24221369681742952,0.2796714654239151,0.35053679273195665,0.3524635192598464,-0.0013037514261414196,-0.0013848124981195586,-0.0014025622986092445,-0.0013852329443693745,-0.0013406041870653307,-0.00135328712542504,-0.0014298030165939557,-0.0013780376661812477,-0.0013833779550289083,-0.001375136605942462,-0.0013690887840784871
2022-12-20,0.33879764928371564,0.2691895246451739,0.27988486506196025,0.25180655140672953,0.3488096611601137,0.34538691464331744,0.22074969812799558,0.24238764058742104,0.27980475939420757,0.35065228153512557,0.3525715120252464,-0.0012902571848516509,-0.0013700169621278513,-0.0013875608414758434,-0.0013702799926939013,-0.001326704403444734,-0.0013392534697810876,-0.0014141213143465114,-0.001363116341948717,-0.001368715916460983,-0.0013606924542981513,-0.0013547617827533442
2022-12-21,0.33891647415557824,0.2693767218886404,0.28007660930526407,0.25201397900563255,0.34893502466753545,0.34551377701751945,0.2209964677795232,0.24260006459958502,0.27997617377990036,0.3508054541447537,0.35271693679819055,-0.0012766674328703598,-0.0013551244474768187,-0.0013724613200905567,-0.0013552315117256186,-0.0013127066424570288,-0.0013251209327774793,-0.0013983434038527809,-0.00134810042986927,-0.0013539558569550247,-0.0013461496033198017,-0.0013403359976016938
2022-12-22,0.33907067031041804,0.2696022135387505,0.2803071642856103,0.25225995210426105,0.3490967970335172,0.3456773964140748,0.22128341091840265,0.2428509059942388,0.28018565785671873,0.3509962652346022,0.3528997505451496,-0.0012629861916236829,-0.0013401393611008339,-0.001357268202644757,-0.0013400919545519807,-0.0012986150462646617,-0.0013108936964590368,-0.001382473954050084,-0.0013329943733927652,-0.0013391021442503703,-0.0013315123564702214,-0.001325815697444832
2022-12-23,0.33926019211911207,0.26986593286889676,0.2805764617780712,0.25254439791521754,0.3492949303870131,0.3458777244153717,0.22161044263354246,0.24314009054337798,0.2804331496349542,0.3512246583405992,0.3531198991685941,-0.0012492175096109892,-0.0013250661373284678,-0.0013419859850260507,-0.001324865801211772,-0.001284433784797867,-0.0012965759708939983,-0.001366517660964156,-0.0013178026426443612,-0.0013241591737994107,-0.0013167850451468177,-0.0013112051790737378
2022-12-24,0.3394849834991078,0.2701678018402867,0.28088442209318587,0.25286723226641045,0.349529366097176,0.3461147017411311,0.22197746615099687,0.24346753267264196,0.28071857587780785,0.35149056587755023,0.3533773175230047,-0.0012353654612070608,-0.0013099092365689846,-0.001326619189488898,-0.0013095575573686125,-0.001270167054520266,-0.0012821719929279052,-0.0013504792463186754,-0.001302529733101715,-0.0013091313674675198,-0.0013019720273977353,-0.0012965087659756458
2022-12-25,0.33974497793101954,0.2705077311250353,0.2812309541005427,0.25322835962596124,0.3498000347907082,0.3463882582659504,0.22238437286260213,0.24383313548663654,0.2810418521230625,0.3517939091591371,0.3536719294341488,-0.0012214341454555577,-0.0012946731439928416,-0.0013111723633150718,-0.0012941717529780794,-0.0012558190771861377,-0.0012676860249292154,-0.0013343634561386875,-0.0012871801642644898,-0.0012940231722242679,-0.0012870776866333866,-0.0012817308070557365
2022-12-26,0.3400400984783118,0.27088562013259765,0.28161595525574545,0.2536276731304743,0.3501068563723878,0.3466983130400526,0.2228310423581158,0.2442367907976072,0.28140288270807584,0.35213459842120254,0.3540036477216222,-0.0012074276848572651,-0.0012793623682056943,-0.0012956500774689572,-0.0012787129409473907,-0.001241394098593751,-0.0012531223535288682,-0.0013181750593456443,-0.0012717584783168978,-0.0012788390588278076,-0.0012721064303287677,-0.0012668756753496102
2022-12-27,0.340370257810067,0.27130135703953734,0.2820393116307583,0.25406505461665924,0.35044974004877305,0.3470447743132414,0.2233173424608478,0.2446783791574531,0.2818015607980894,0.3525125328483126,0.3543723742246467,-0.001193350224148737,-0.0012639814399118543,-0.001280056925244688,-0.0012631856957876497,-0.0012268963873257044,-0.0012384852883519648,-0.001301918846346839,-0.0012562692387841357,-0.0012635835205018764,-0.0012570626887195013,-0.0012519477667297663
2022-12-28,0.3407353582268265,0.2717548188226149,0.2825008979476186,0.25454037465629753,0.35082858435506736,0.34742753956205236,0.22384312926677416,0.24515776989307422,0.2822377684178425,0.3529276006035901,0.3547779998311177,-0.0011792059290777201,-0.0012485349105755272,-0.0012643975209069014,-0.001247594612260483,-0.001212330233488379,-0.001223779160741345,-0.0012855996276169845,-0.0012407170291812153,-0.001248261071605139,-0.0012419509134905526,-0.0012369514986048102
2022-12-29,0.3411352916895037,0.27224587129519334,0.2830005776155092,0.25505349259454224,0.3512432771851458,0.34784649552009006,0.22440824718711974,0.24567482114503933,0.2827113764864823,0.3533796788618085,0.35522040450989245,-0.001164998985168031,-0.0012330273510731682,-0.001248676498325163,-0.0012319443040184619,-0.001197699947440567,-0.0012090083224768344,-0.0012692222322755742,-0.0012251064516571042,-0.0012328762462970877,-0.001226775576459449,-0.0012218913086115557
2022-12-30,0.34156993985135237,0.2727743691469454,0.28353820277117686,0.2556042565915403,0.3516936958247278,0.3483015182115464,0.22501252899440016,0.24622937990956423,0.28322224485576175,0.35386863384573763,0.35569945734630903,-0.0011507335964833776,-0.0012174633503414523,-0.0012328985096033418,-0.0012162394022394163,-0.0011830098585199345,-0.0011941771444869964,-0.0012527915066572748,-0.0012094421256329535,-0.0012174335971949501,-0.0012115411682526722,-0.001206771653302352
2022-12-31,0.3420391740929884,0.27334015598685435,0.28411361432268906,0.2561925036673642,0.35217970698769163,0.34879247298788624,0.22565579587190646,0.24682128208378853,0.2837702223515111,0.3543943208657313,0.3562150165809258,-0.0011364139843818566,-0.001201847514018417,-0.0012170682237016561,-0.0012004845542563092,-0.0011682643137596038,-0.0011792900155561115,-0.0012363123128783793,-0.0011937286864348862,-0.0012019376940272108,-0.001196252196976888,-0.0011915970068266946
2023-01-01,0.3426741410632144,0.27409957106749666,0.2848857554195357,0.25698025685230197,0.35283705282944405,0.34945647361655907,0.22651441113896523,0.247613406088226,0.2845071308550237,0.35510284605039544,0.3569105693026109,-0.0009907588835030845,-0.0010296777850760108,-0.0010420769020307863,-0.0010224873201203355,-0.0010175817026746303,-0.0010270922921585268,-0.0010432358550526433,-0.0010149172100324677,-0.0010344090856306276,-0.001034651499031869,-0.001032732208466336
2023-01-02,0.3432206707745906,0.27474862925175636,0.2855455468464356,0.2576521875914687,0.3534026053572293,0.3500277282700161,0.22724468096286227,0.24828867377913186,0.2851379943535857,0.3557105949036519,0.3575076937432666,-0.0009677934860325421,-0.0010047655252829468,-0.0010168270536461965,-0.0009973958181206388,-0.0009939400882192917,-0.001003224351129317,-0.0010170590222531306,-0.0009899043511261696,-0.0010096552960474625,-0.0010101917267409943,-0.0010084402117280233
2023-01-03,0.34380129808791665,0.2754343922088449,0.28624253066377303,0.2583609953937302,0.35400324471457223,0.35063440419502817,0.22801327532730598,0.2490006755015504,0.2858054000775198,0.3563545307270617,0.35814078949588085,-0.0009448280000667331,-0.0009798643706069865,-0.0009915888471019874,-0.0009723191292543287,-0.0009702989667110806,-0.0009793569651628253,-0.0009909034783275872,-0.0009649073438052491,-0.0009849097373408888,-0.0009857369739200705,-0.0009841519132876564
2023-01-04,0.34441585118622886,0.2761566570104709,0.2869765006228225,0.2591064705114542,0.35463879316262303,0.3512763218664287,0.2288199667928584,0.24974920056271674,0.2865091505307351,0.35703446296965496,0.3588096692172348,-0.0009218692214625901,-0.0009549816897001517,-0.0009663697507898417,-0.0009472646741172097,-0.0009466653339387232,-0.0009554971970023862,-0.0009647769631222769,-0.000939933585086622,-0.0009601797321193151,-0.0009612944771235643,-0.0009598745004434917
2023-01-05,0.3450641482133785,0.2769152099268588,0.28774723953006526,0.2598883923465596,0.3553090626323714,0.3519532913304513,0.22966451664653662,0.25053402746202286,0.2872490374621501,0.35775019042854156,0.359514134975058,-0.0008989239440919117,-0.0009301248457485589,-0.0009411772274455776,-0.0009222398667257936,-0.0009230461834739967,-0.0009316521071374151,-0.0009386872078933073,-0.0009149904651070684,-0.0009354725983896084,-0.0009368714692800095,-0.0009356151572724736
2023-01-06,0.3457459973278449,0.277709826489997,0.2885545193114584,0.26070652951579576,0.3560138547802975,0.35266511226094016,0.23054667497245127,0.2513549239565624,0.2880248419273179,0.3585015013084516,0.36025397830659867,-0.0008759989578316918,-0.0009053011942920519,-0.0009160187319423585,-0.0008972521123228883,-0.0008994485046034395,-0.0009078287517133576,-0.000912641933019015,-0.0008900853649372875,-0.0009107956473900503,-0.000912475177550276,-0.0009113810625047125
2023-01-07,0.3464611967595054,0.2785402715600603,0.2893981010799265,0.2615606399192114,0.3567529610470657,0.3534115740186298,0.23146618072576114,0.25221164712985594,0.2888363343532161,0.3592881732844086,0.36102898028031244,-0.0008531010465539501,-0.0008805180810483315,-0.0008909017090841798,-0.0008723088051874606,-0.0008758792802601723,-0.0008840341804446372,-0.0008866488457153765,-0.0008652256543968395,-0.0008861561814273444,-0.0008881128211892242,-0.0008871793873984068
2023-01-08,0.3472095348693414,0.2794062993949919,0.29027773520605277,0.2624504708117972,0.35752616271924054,0.35419245571347685,0.23242276180992058,0.2531039434637329,0.2896832746061801,0.3601099735675182,0.36183891156064624,-0.000830236986119226,-0.0008557828397394163,-0.0008658335914015769,-0.0008474173264449436,-0.0008523454849568846,-0.000860275434527491,-0.0008607156377548886,-0.0008404186898743338,-0.0008615614917160119,-0.0008637916094104692,-0.0008630172936189284
2023-01-09,0.347990790212067,0.2803076537232224,0.29119316139194695,0.26337575887827563,0.3583332309940077,0.3550075262700243,0.2334161351571967,0.25403154891335256,0.29056541206296305,0.3609666589738552,0.3626835324759038,-0.000807413542370572,-0.0008311027899210455,-0.0008408217969543275,-0.0008225850418848157,-0.0008288540827220969,-0.0008365595445574137,-0.0008348499831912215,-0.0008156718121494211,-0.000837018856220284,-0.000839518739251699,-0.0008389019311185741
2023-01-10,0.34880473160165687,0.2812440678195047,0.29214410874827323,0.2643362303110217,0.3591739270468804,0.3558565444957815,0.2344460068124342,0.2549941889853385,0.29148248568489926,0.36185797599642533,0.36356259308916794,-0.000784637469132432,-0.0008064852348172447,-0.0008158737271344307,-0.0007978192997792344,-0.0008054120250394203,-0.0008128935284475447,-0.0008090595360877306,-0.000790992344221586,-0.0008125355375009913,-0.0008153013934456554,-0.0008148404360207584
2023-01-11,0.34965111817975875,0.2822152645838422,0.2931302958744094,0.2653316008910858,0.36004800210237053,0.3567392591525962,0.23551207202004137,0.25599157881900625,0.2924342240951497,0.3627836608801817,0.3644758332722602,-0.0007619155062113525,-0.0007819374591584438,-0.0007909967644773586,-0.0007731274287098855,-0.0007820262487914786,-0.0007892843893526624,-0.0007833519282524071,-0.0007663875891422145,-0.0007881187805660606,-0.0007911467382943349,-0.0007908399285093126
2023-01-12,0.3505296994869673,0.28322095662348723,0.2941514309417185,0.2663615760722994,0.3609551975076072,0.3576554090309995,0.23661401531417184,0.25702342327065736,0.29342034565900693,0.3637434397000741,0.3654229827827179,-0.0007392543774014104,-0.000757466727026479,-0.0007661982704767478,-0.0007485167353987188,-0.0007587036742051634,-0.0007657391135972302,-0.0007577347669802115,-0.0007418648278543216,-0.0007637758107264525,-0.0007670619215493502,-0.0007669075107202827
2023-01-13,0.3514402155369387,0.28426084633798526,0.29520721177990594,0.26742585106843586,0.36189524480887436,0.3586047230275034,0.23775151061207647,0.258089417000918,0.2944405585672347,0.36473702844210837,0.36640376134376257,-0.0007166607884953602,-0.0007330802797047564,-0.0007414855834054213,-0.0007239945025453998,-0.0007354512028056592,-0.0007422646686067735,-0.0007322156328011531,-0.0007174313170374425,-0.0007395138314589822,-0.0007430540702953459,-0.0007430502646413317
2023-01-14,0.3523823968933247,0.2853346260072397,0.29629732596643554,0.2685241109434007,0.36286786583105174,0.359586920224823,0.2389242213105959,0.25918924456509296,0.2954945609224201,0.3657641330873907,0.3674178787272392,-0.0006941414252997768,-0.0007087853335352445,-0.000716866016145512,-0.0006995679866739768,-0.0007122757153734671,-0.0007188680008475834,-0.0007068020772376948,-0.0006930942869606271,-0.0007153400222734141,-0.0007191302888412965,-0.0007192752500150834
2023-01-15,0.3533559647495038,0.2864419778825709,0.2974214509189813,0.2696560307044283,0.3638727727599309,0.3606017099750057,0.24013180038576737,0.26032258050651175,0.2965820408283091,0.36682444969913186,0.3684650348394975,-0.0006717029516565831,-0.0006845890777832375,-0.0006923468540230293,-0.000675244415982601,-0.0006891840699081997,-0.0006955560337699174,-0.000681501620569791,-0.000668860939342486,-0.0006912615365885499,-0.0006952976566195201,-0.0006955895022516811
2023-01-16,0.3543606310110844,0.28758257428074313,0.2985792539908844,0.27082127539825,0.3649096682273843,0.36164879198543814,0.24137389049551447,0.26148908945283555,0.2977026764821013,0.36791766451258756,0.36954491981019805,-0.0006493520074707937,-0.0006604986725106121,-0.0006679353526524157,-0.0006510309882077903,-0.0006661830995988716,-0.0006723356657596935,-0.0006563217496096119,-0.0006447384452204497,-0.0006672854996161992,-0.0006715632260892446,-0.0006720000303437335
2023-01-17,0.35539609838115577,0.2887560776809321,0.29977039256958854,0.27201950021021426,0.3659782453993607,0.3627278564077074,0.2426501240853905,0.2626884262152997,0.2988561362696776,0.36904345402790645,0.37065721408400326,-0.0006227190233213942,-0.0006313043571885002,-0.0006383349550221906,-0.0006215282984233794,-0.0006387500783390787,-0.0006446384664687832,-0.0006253847930745848,-0.0006152988236991508,-0.0006383528716961684,-0.0006430586310550157,-0.0006437258264252455
2023-01-18,0.3564620604482644,0.2899621408246015,0.3009945141780247,0.2732503505663213,0.3670781880666837,0.36383858392929025,0.2439601234973434,0.26392023589086083,0.3000420788637297,0.3702014851058587,0.3718015885151429,-0.0005959017665941313,-0.0006019232287505782,-0.0006085456638090236,-0.0005918416884161948,-0.0006111280406542186,-0.0006167505082845248,-0.0005942627751178431,-0.0005856771253567317,-0.0006092313448911035,-0.0006143637446260897,-0.0006152611336780467
2023-01-19,0.3575582017770849,0.29120040681826376,0.302251256578915,0.2745134622381488,0.3682091707386211,0.3649806458680436,0.24530350108147156,0.2651841539672181,0.3012601533247636,0.37139141506641743,0.37297770446481154,-0.0005689081729470247,-0.0005723639815450321,-0.0005785762941431516,-0.0005619799429313344,-0.0005833251603503675,-0.0005886800437021056,-0.0005629649052450725,-0.0005558821157301552,-0.0005799295367296953,-0.0005854870580809801,-0.0005866143752627506
2023-01-20,0.35868419800176277,0.29247050923908946,0.30354024788196354,0.2758084614506311,0.36937085873920483,0.36615370426946564,0.2466798593107348,0.26647980643067815,0.30250999920494964,0.37261289179016316,0.3741852139013778,-0.0005417462302187426,-0.0005426353626288849,-0.0005484357144436292,-0.0005319518985399951,-0.0005553496647466849,-0.0005604353792236783,-0.0005315004449996386,-0.0005259226116422488,-0.0005504561180881273,-0.0005564371164957227,-0.0005577940282159854
2023-01-21,0.35983971592189967,0.2937720722433382,0.30486110665390614,0.2771349649926666,0.3705629083062658,0.3673574120067023,0.24808879089858957,0.2678068098768321,0.3037912466547838,0.37386555382248154,0.37542375950337226,-0.0005144239760649372,-0.0005127461691787905,-0.0005181328437925403,-0.0005017664410238987,-0.0005272098322423591,-0.0005320248729003274,-0.0004998787052216125,-0.0004958074785922362,-0.0005208198106252393,-0.0005272225162155642,-0.0005288086209424558
2023-01-22,0.3610244136011521,0.2951047106775769,0.30621344203138146,0.2784925803305162,0.37178496669315875,0.36859141288326863,0.24952987891951162,0.2691647716240103,0.3051035165325321,0.3751490304805239,0.3766929747652253,-0.0004869494955807574,-0.00048270524588805985,-0.00048767664929727506,-0.00047143250274506165,-0.0004989139898667894,-0.0005034569318576043,-0.000468109043292364,-0.0004655456281328907,-0.0004910293842013691,-0.0004978519023108308,-0.0004996667306900737
2023-01-23,0.36223794046841745,0.29646803019265267,0.3075968538365944,0.27988090572395935,0.37303667227314624,0.3698553417384523,0.25100269693237065,0.270553289829485,0.30644642051642584,0.37646294196289815,0.37799248410572095,-0.0004593309189062089,-0.00045252148234914413,-0.0004570761434354309,-0.0004409590600040758,-0.00047047051081461344,-0.0004747400098086829,-0.00043620086036599837,-0.0004351460152319242,-0.00046109365428248505,-0.00046833396601830835,-0.0004703769810132652
2023-01-24,0.3634799374215715,0.29786162736038757,0.30901093269573504,0.28129953034517613,0.37431765464640865,0.37114882455537,0.2525068091066212,0.2719719536083796,0.3078195612195703,0.3778068994620579,0.37932190297913837,-0.0004315764188229654,-0.0004222038104231829,-0.00042634038138883446,-0.00041035513038278904,-0.0004418878119694103,-0.00044588260455324935,-0.0004041635985873593,-0.00040461763562432695,-0.0004310214793333267,-0.0004386774421702988,-0.0004409480392201792
2023-01-25,0.3647500369337343,0.2992850897929588,0.3104552601601181,0.28274803440031754,0.3756275347496532,0.3724714785716465,0.2540417703512724,0.2734203431552581,0.3092225323075403,0.37918050527935643,0.3806808379890446,-0.00040369420833386016,-0.0003917612015968963,-0.0003954784583646842,-0.0003796297700765505,-0.0004131743514111941,-0.0004168932554612925,-0.000372006738297348,-0.00037396952314866505,-0.0004008217581937812,-0.0004088911066098544,-0.00041138861380812797
2023-01-26,0.3660478631620262,0.3007379962649311,0.31192940883001047,0.2842259892537297,0.37696592496828285,0.37382291239267845,0.2556071264465962,0.2748980298683509,0.3106549186186189,0.38058335294273354,0.38206888700470715,-0.0003756925382337184,-0.0003612026643284305,-0.0003644995069017054,-0.00034879207121363276,-0.00038433862591530366,-0.00038778054094812386,-0.0003397397952287218,-0.0003432107470746626,-0.0003705034274474883,-0.0003789837735925228,-0.0003817074518866481
2023-01-27,0.3673730320587859,0.30221991683790433,0.31343294248110354,0.2857329575547933,0.37833242925109994,0.3752027261074559,0.25720241417854045,0.2764045764763863,0.31211629628665194,0.3820150273269962,0.3834856392800906,-0.00034757969466736593,-0.0003305372413804353,-0.0003334126941705873,-0.0003178511591653832,-0.0003553891684363042,-0.00035855307593413155,-0.0003073723176885701,-0.0003123504094186269,-0.00034007545877606793,-0.00034896429317909927,-0.0003519133365890159
2023-01-28,0.36872515148521734,0.3037304129877393,0.3149654161936007,0.2872684933673433,0.3797266432275017,0.37661051140690177,0.2588271614757991,0.27793953716798475,0.3136062328664759,0.3834751047766605,0.38493067557540345,-0.00031936399667720217,-0.0002997740071449262,-0.0003022272192589881,-0.0002868161898453292,-0.0003263345455849498,-0.00032921950929626353,-0.0002749138837346843,-0.00028139764225132424,-0.00030954685630535383,-0.0003188415486170548,-0.00032201508447338156
2023-01-29,0.37010382132742864,0.3052690377343238,0.3165263764838751,0.2888321423016284,0.3811481543271421,0.3780458517046968,0.2604808875495075,0.27950245772358234,0.31512428746188653,0.3849631532313184,0.3864035682811572,-0.0002910537937422797,-0.00026892206495765514,-0.0002709523104509892,-0.0002556963470002893,-0.00029718335509115734,-0.000299788521308908,-0.00024237409833954837,-0.00025036160499442017,-0.0002789266539394153,-0.00028862445371136136,-0.00029202154291368965
2023-01-30,0.37150863361483266,0.30683533577384114,0.3181153614386634,0.29042344164877226,0.3825965419020166,0.37950832226055425,0.26216310303551454,0.28109287564984187,0.31667001085610547,0.3864787323534924,0.38790388154470407,-0.0002626574633072809,-0.00023799054440482026,-0.00023959722249511373,-0.00022450083949232535,-0.00026794422326159584,-0.00027026882107505923,-0.00020976259054922286,-0.00021925148171081377,-0.00024822391268919386,-0.00025832195018593573,-0.00026194158748099605
2023-01-31,0.37293917264087234,0.3084288436135021,0.31973190085175335,0.2920419205176965,0.3840713773509398,0.380997490305908,0.26387331013919346,0.2827103203165116,0.3182429456447122,0.3880213936589362,0.38943117139921146,-0.00023418340830316797,-0.00020698859862100516,-0.00020817123386629444,-0.0001932388985740885,-0.00023862580242517417,-0.000240669143948824,-0.00017708901063373528,-0.000188076478386201,-0.00021744771798953844,-0.00022794300503981013,-0.00023178411931840115
2023-02-01,0.3743950150860347,0.3100490897086997,0.3213755163631247,0.29368709997446485,0.38557222424637433,0.3825129151719749,0.2656110027827478,0.28435431309569253,0.31984262637099664,0.38959068064935093,0.3909849858950397,-0.00020564005466100488,-0.00017592540158078984,-0.00017668364402029235,-0.00016191977515711553,-0.00020923676837492078,-0.00021099824895093322,-0.00014436302723086492,-0.00015684582020575322,-0.00018660717701202145,-0.00019749660789109003,-0.00020155806250582442
2023-02-02,0.37587573014311804,0.3116955946025475,0.3230457216005047,0.29535849318400786,0.3870986384635772,0.3840541484201563,0.26737566675496777,0.286024367503472,0.32146857966369546,0.3911861289474689,0.3925648652334809,-0.00017703584881817447,-0.00014481014538381132,-0.00014514377064139827,-0.0001305527370733528,-0.0001797858177987055,-0.00018126491617648233,-0.00011159432448554218,-0.00012556874882357905,-0.0001557114159685402,-0.00016699176831846962,-0.00017127236141994961
2023-02-03,0.37738087964471484,0.3133678710677574,0.3247420223232926,0.2970556055541846,0.38865016831202454,0.385620733974738,0.2691667798633929,0.28771998934388193,0.32312032437707056,0.39280726643446995,0.3941703419028212,-0.00014837925521921091,-0.00011365203753505027,-0.000113560946885638,-9.914706633451509e-05,-0.00015028166570646428,-0.00015147794419700933,-7.879259918436299e-05,-9.425451962863374e-05,-0.00012476957741169858,-0.0001364375131951423,-0.00014093597808673142
2023-02-04,0.3789100181928716,0.31506542425081896,0.32646391656881335,0.298777934882141,0.39022635466907224,0.3872122082578503,0.2709838120888383,0.28944067685513997,0.3247973717332868,0.3944536133896903,0.3958009408166844,-0.00011967875381158066,-8.246029821989964e-05,-8.194451861875951e-05,-6.771205638333999e-05,-0.00012073304285126207,-0.00012164614745691082,-4.596755788544016e-05,-6.291239900491075e-05,-9.379081752980412e-05,-0.00010584288401654929,-0.00011055788953012735
2023-02-05,0.3804626932908905,0.31678775181843444,0.32821089480085747,0.3005249715029189,0.3918267311158186,0.38882810032664855,0.27282622574223553,0.2911859208581283,0.3264992254670507,0.3961246826325787,0.3974561794546181,-9.094283753530163e-05,-5.1244157575791593e-05,-5.03038416503343e-05,-3.625700934556386e-05,-9.114869314663654e-05,-9.177835366475096e-05,-1.3128914046367512e-05,-3.155166159013456e-05,-6.278430343603647e-05,-7.52169342257969e-05,-8.014708511527857e-05
2023-02-06,0.3820384454772302,0.3185343441061668,0.32998244006045957,0.30229619844027544,0.3934508240751255,0.39046793201267255,0.2746934756237424,0.2929552049070683,0.3282253819724623,0.39781997966686106,0.39913556800487887,-6.218000981011995e-05,-2.0012852961270866e-05,-1.8648278965971432e-05,-4.791233275347473e-06,-6.153737107733592e-05,-6.188340118107316e-05,1.9713614849314887e-05,-1.8158753095631752e-07,-3.175921045645014e-05,-4.4568726534355285e-05,-4.971256388874856e-05
2023-02-07,0.383636808461467,0.3203046842692585,0.3317780281188763,0.30409109155966346,0.3950981529517575,0.39213121806334394,0.2765850091840782,0.29474800544234464,0.32997533045204014,0.39953900282687077,0.40083860950937633,-3.3398782019800066e-05,1.1224373778595531e-05,1.3012802044409799e-05,2.6675960597910553e-05,-3.190783910966832e-05,-3.1970136403325355e-05,5.25503101692637e-05,3.118854026273876e-05,-7.247194158677139e-07,-1.390733023914903e-05,-1.9263331914598503e-05
2023-02-08,0.38525730926227886,0.3220982484355731,0.3335971276327125,0.3059091197233319,0.3967682302745967,0.3938174662855605,0.2785002666880305,0.2965637919454356,0.3317485530678753,0.40128124342599775,0.40256480001072986,-4.607670992584634e-06,4.2458279045753944e-05,4.4670032356974865e-05,5.813526062531382e-05,-2.2688650990754233e-06,-2.047411148009548e-06,8.537145500708831e-05,6.254943886568887e-05,3.030998608088975e-05,1.675818145840946e-05,1.119160038953737e-05
2023-02-09,0.38689946834740746,0.32391450586061793,0.3354392003011559,0.30774974494749785,0.3984605618408945,0.39552617769134446,0.28043868138009054,0.2984020270959018,0.33354452509486754,0.40304618590721925,0.4043136287013983,2.4184803518678688e-05,7.367962022492014e-05,7.631404408858788e-05,8.957735749376416e-05,2.7370780305235876e-05,2.7875919969388985e-05,0.00011816733705793947,9.389182808322571e-05,6.133572236532991e-05,4.741873414071396e-05,4.1643220918985424e-05
2023-02-10,0.38856279977555974,0.3257529190846003,0.3373037010252676,0.30961242256154453,0.40017464686251336,0.3972568466454999,0.28239967965216434,0.3002621669303878,0.33536271507599924,0.4048333079956596,0.406084578074836,5.297012135757617e-05,0.00010487915841922435,0.00010793547326659603,0.00012099294698081353,5.700232625532875e-05,5.779100215330679e-05,0.0001509282514924326,0.0001252064331984104,9.234330842239347e-05,7.806525485659632e-05,7.208251854917691e-05
2023-02-11,0.3902468113402055,0.32761294409147007,0.3391900780692864,0.3114966013691987,0.4019099781141184,0.39900896101523986,0.2843826812133141,0.30214366100358997,0.3372025849796034,0.4066420808531409,0.4078771240786318,8.173976448522247e-05,0.00013604766118308076,0.000139524962601556,0.0001523727327085722,8.661700429996033e-05,8.768898305006045e-05,0.00018364450382907238,0.00015648398771561656,0.00012332356860894622,0.00010868867480773314,0.00010250048580262572
2023-02-12,0.3919510047152298,0.32949403046990244,0.3410977732238962,0.3134017238116372,0.40366604208327317,0.4007820023217334,0.28638709926147465,0.3040459525511413,0.33906359035857503,0.40847196923467405,0.40969073626958374,0.00011048521950152157,0.000167175905255057,0.00017107316425535313,0.00018370742889300962,0.00011620605097922843,0.00011756101536603003,0.00021630641280273588,0.00018771523610311425,0.00015426733536755277,0.0001392799320311111,0.00013288812151318607
2023-02-13,0.3936748756023951,0.33139562157617486,0.3430262219714088,0.3153272261324792,0.4054423191223975,0.40257544589353256,0.288412340657097,0.30596847865436844,0.34094518051148187,0.4103224316468471,0.4115248779706664,0.0001391979801638188,0.00019825467928741292,0.00020257074260754404,0.00021498776309375467,0.00014576071041877414,0.0001473982594862311,0.0002489043132284374,0.0002188909365324343,0.0001851654519400836,0.00016982997408188094,0.00016323643349069883
2023-02-14,0.39541791388057146,0.3333171546988847,0.34497485365281405,0.3172725385446094,0.4072382836025374,0.4043887610218304,0.29045780609866967,0.30791067040686665,0.342846798645525,0.4121929205080614,0.41337900642984166,0.00016786954990438696,0.0002292747865702549,0.00023400837701798016,0.0002462044789565132,0.0001752722369188775,0.00017719188608988912,0.00028142855886365004,0.0002500018636118484,0.00021600877507566008,0.00020032976071115982,0.00019353644118114133
2023-02-15,0.3971796037566897,0.335258061225467,0.34694309163664716,0.31923708539878826,0.4090534040689091,0.4062214111175074,0.29252289030006,0.3098719530828497,0.3447678820413053,0.4140828823105693,0.41525257298066875,0.00019649144434447097,0.000260227047755357,0.00026537676458482373,0.0002773483389531539,0.00020473189754421917,0.00020693307876384903,0.00031386952526057943,0.0002810388111179063,0.00024678817773987616,0.0002307702665412248,0.00022377917832511196
2023-02-16,0.3989594239183722,0.33721776681045373,0.34893035348962254,0.3212202853539948,0.4108871433981642,0.40807285386991543,0.2946069821696288,0.3118517463072195,0.3467078622193382,0.4159917577842669,0.41714502320466235,0.00022505519380461303,0.0002911023035700455,0.00029666662289751233,0.0003084101271140227,0.0002341309747072584,0.00023661303661043354,0.00034621761261521833,0.00031199259471803575,0.00027749455181158567,0.0002611424837365428,0.0002539556956099309
2023-02-17,0.4007568476881991,0.3391956915454344,0.3509360511489859,0.3232215515494555,0.4127389589573332,0.4099425414073572,0.29670946499106177,0.3138494642273094,0.34866616510827814,0.41791898206219086,0.4190557970953544,0.00025355234581231345,0.00032189141752997363,0.00032786869278345065,0.0003393806517561493,0.0002634607687482249,0.00026622297685263696,0.0003784632486080741,0.0003428540546899783,0.0003081188107811883,0.0002914374246696383,0.0002840570633185213
2023-02-18,0.4025713431795586,0.3411912501306577,0.3529595910965315,0.32524029177830643,0.4146083027643991,0.41182992045921035,0.2988297166058668,0.3158645156862467,0.35064221121479405,0.41986398484767123,0.4209843292240095,0.0002819744676014202,0.00035258527864068245,0.0003589737410484295,0.0003702507482037931,0.00029271260050889314,0.00029575413743310186,0.00041059689123701393,0.0003736140586312331,0.0003386518924374804,0.00032164612458007724,0.0003140743739721841
2023-02-19,0.40440237345404284,0.34320385204823267,0.3550003745342333,0.3272759086628349,0.4164946216504544,0.4137344325196483,0.30096710959747913,0.31789630439788524,0.35263541579505125,0.42182619058309156,0.42293004890694375,0.000310313148609187,0.00038317480409466587,0.0003899725632082185,0.00040101128149788723,0.00032187781390169423,0.0003251977796062122,0.0004426090316397291,0.00040426350416156165,0.0003690847615502313,0.0003517596442273452,0.00034399874496576777
2023-02-20,0.4062493966803351,0.345232901736873,0.35705779756143874,0.3293277998312555,0.4183973574233933,0.41565551401291134,0.3031210114769254,0.3199442291232574,0.3546451890277474,0.42380501862020614,0.42489238037439914,0.00033856000296395017,0.0004136509419598311,0.0004208559862123873,0.00043165314910253993,0.00035094777847116676,0.0003545451905240804,0.00047449019690920524,0.0004347933216171107,0.00039940841254437753,0.00038176907253673065,0.00037382132119617717
2023-02-21,0.4081118662945468,0.3472777987681307,0.35913125135357343,0.33139535809595894,0.4203159470330881,0.4175925964600786,0.30529078486998656,0.32200768384848844,0.3566709361886483,0.4257998833919623,0.4268707429409234,0.00036670667196686546,0.00044400467385596887,0.00045161487115935595,0.00046216728359549375,0.00037991389194663716,0.0003837876858159839,0.0005062309528957032,0.0004651944767334326,0.0004296138721631704,0.00041166552923538324,0.00040353327768327674
2023-02-22,0.4099892311619549,0.3493379380240754,0.3612201223423014,0.33347797163319126,0.4222498227380061,0.4195451066472897,0.3074757877058071,0.324086057964128,0.3587120578265779,0.42781019458577974,0.4288645511772046,0.0003947448265658182,0.00047422701762583896,0.00048224011599995453,0.0004925446553535329,0.00040876758278912684,0.00041291661215731024,0.0005378219069985257,0.0004954579733199571,0.000459692202125217,0.00044144016748082215,0.0004331258221813572
2023-02-23,0.4118809357400913,0.35141270987635675,0.3633237923970908,0.33557502416410107,0.4241984122732134,0.42151246679536697,0.3096753734068947,0.326178736445837,0.3607679499408053,0.4298353573182337,0.4308732150833084,0.0004226661698197298,0.0005043090299915454,0.0005127226582318234,0.0005227762752240683,0.00043750031272760115,0.000441923349829898,0.0005692537109464602,0.0005255748559210294,0.0004896345017690318,0.000471084176478731,0.0004625901977803326
2023-02-24,0.4137864202431366,0.3535015003666038,0.36544163900812754,0.3376858951371058,0.4261611390197165,0.4234940947307908,0.31188889108045265,0.3282851000363849,0.36283800415977796,0.4318747723110895,0.43289614026326856,0.00045046243935392694,0.000534241809201863,0.0005430534775804352,0.0005528531971840667,0.00046610357928461577,0.0004707993152733292,0.0006005170635630663,0.0005555362124664565,0.0005194319106864298,0.0005005887840896506,0.000491917685497556
2023-02-25,0.41570512080757005,0.3556036913881052,0.3675730354705263,0.3398099599115238,0.4281374221750941,0.4254894040579739,0.314115685710989,0.33040452542889726,0.3649216079211482,0.43392783606864005,0.4349327281009785,0.0004781254098050747,0.000564016497665687,0.0005732235986679601,0.0005827665209883204,0.0004945689182938029,0.000499535963624953,0.0006316027135190305,0.0005853331769091197,0.0005490756113446515,0.0005299452594256793,0.000521099606857367
2023-02-26,0.4176364696590259,0.3577186608687164,0.3697173510697831,0.34194658994241556,0.4301266769253651,0.4274978043327849,0.316355098354147,0.3325363854513019,0.3670181446530411,0.43599394105628897,0.43698237593733175,0.000505646895255174,0.0005936242845736017,0.0006032240936703626,0.00061250739480323,0.0005228879064031466,0.0005281247912482523,0.0006625014620705305,0.0006149569318475434,0.0005785568316956646,0.0005591449154336847,0.0005501273264599815
2023-02-27,0.41957989528030626,0.3598457829549418,0.37187395126841327,0.34409515296658005,0.4321283146180448,0.4295187012372703,0.3186064663316968,0.33468004925192013,0.3691269939565074,0.4380724758803296,0.43904447724855733,0.0005330187516537355,0.0006230564085053514,0.0006330460849583996,0.0006420670178258758,0.0005510521635685994,0.0005565573382489974,0.0006932041657807253,0.0006443987111362515,0.0006078668477717541,0.0005881791114653034,0.0005789922545356152
2023-02-28,0.42153482258050357,0.36198442819713383,0.374042197893722,0.3462550131896509,0.4341417429363367,0.4315514967555231,0.3208691234276329,0.3368348824861446,0.3712475317891107,0.44016282546886726,0.4411184218257019,0.0005602328792285172,0.0006523041600217661,0.0006626807477253527,0.0006714366428878238,0.0005790533555331545,0.000584825190979188,0.0007237017392257572,0.000673649802478582,0.0006369969862683456,0.0006170392558348392,0.000607685849488282
2023-03-01,0.4235006730651775,0.3641339637357577,0.37622144932664886,0.3484255314742396,0.4361663660744086,0.4335955893506449,0.3231424000853179,0.33900024750415403,0.3733791306495896,0.4422643712538282,0.4432035959551981,0.0005872812248808867,0.0006813588842425333,0.0006921193125974945,0.0007006075790448318,0.0006068831962938726,0.0006129199845265609,0.0007539851576829348,0.0007027015500066791,0.0006659386271081202,0.0006457168083613407,0.0006361996204212739
2023-03-02,0.42547686500754245,0.36629375348866494,0.3784110606916342,0.35060606552906554,0.4382015849137008,0.4356503741427505,0.3254256236056155,0.34117550353960185,0.3755211597635477,0.44437649135400425,0.4452993826004739,0.0006141557845704138,0.0007102119834074272,0.0007213530682299019,0.0007295711941475713,0.0006345334505529765,0.0006408334051894449,0.0007840454598015412,0.0007315453568407237,0.0006946832059945285,0.0006742032828958577,0.0006645251296512056
2023-03-03,0.4274628136206085,0.3684631583393203,0.38061038404744757,0.35279597009902036,0.44024679720021526,0.4377152430879615,0.3277181183459521,0.3433600068992308,0.3776729852701078,0.4464985607590768,0.44740516158454297,0.0006408486056824203,0.0007388549194204952,0.0007503733638839494,0.0007583189173964167,0.0006619959361555128,0.0006685571929377354,0.0008138737502543791,0.0007601726876342307,0.0007232222169437641,0.0007024902498319885,0.0006926539952039623
2023-03-04,0.4294579312302305,0.3706415363259256,0.3828187685789244,0.3549945971561096,0.4423013977227319,0.4397895851583367,0.3300192059202517,0.3455531111533512,0.379833970409483,0.448629951514568,0.44952030977352536,0.0006673517893818759,0.0007672792163756492,0.0007791716119873171,0.0007868422418773058,0.000689262526509804,0.0006960831438566628,0.0008434612023706101,0.0007885750710993067,0.0007515472148034164,0.0007305693386012169,0.0007205778932959372
2023-03-05,0.43146162744900907,0.37282824283138827,0.38503556078955203,0.3572012960912144,0.44436477849190104,0.44187278652268436,0.33232820539968,0.34775416732713094,0.3820034757114037,0.45077003290766277,0.45164420126104243,0.0006936574929499173,0.0007954764630664912,0.0008077392906749581,0.0008151327270795594,0.0007163251529935244,0.0007234031125744056,0.0008727990607471647,0.0008167441025140887,0.0007796498177508604,0.000758432240149487,0.0007482885607963952
2023-03-06,0.43347330935099704,0.3750226307740724,0.3872601046948509,0.3594154139066181,0.4464363289201561,0.44396423072820523,0.3346444335141426,0.3499625240926364,0.38418085918434725,0.45291817165384585,0.4537762075534326,0.0007197579321061021,0.0008234383154739344,0.000836067946311192,0.0008431820013939939,0.0007431758073395134,0.0007505090146726623,0.0009018786438393378,0.0008446714462085891,0.0008075217097741061,0.0007860707093955699,0.0007757777976726832
2023-03-07,0.43549238164715454,0.3772240507992813,0.38949174201648995,0.3616362954092366,0.4485154360023979,0.446063298882911,0.33696720485447634,0.35217752796157176,0.3863654765055132,0.45507373208430274,0.45591569775573354,0.0007456453833102339,0.0008511564992356724,0.0008641491959912595,0.0008709817645884965,0.0007698065440080448,0.0007773928290790155,0.0009306913465313982,0.0008723488380328326,0.0008351546431316081,0.0008134765676724998,0.0008030374694175668
2023-03-08,0.43751824686150576,0.3794318514714125,0.39172981237708193,0.36386328340450336,0.4506014844973907,0.4481693698387638,0.33929583207527164,0.35439852347865636,0.3885566812114889,0.45723607633402175,0.4580620387583736,0.0007713121860495331,0.0008786228120958306,0.0008919747300212832,0.0008985237902662813,0.0007962094825348931,0.0008040466004402558,0.0009592286426805541,0.0008997680878013448,0.0008625404407937021,0.0008406417051453063,0.000830059509456027
2023-03-09,0.4395503055079401,0.3816453794667265,0.39397365349560015,0.36609571889084136,0.4526938571098238,0.4502818203754843,0.3416296260982695,0.3566248534155839,0.39075382488954913,0.45940456453055095,0.46021459542451804,0.0007967507451034361,0.0009058291263299156,0.0009195363143781887,0.000925799928298443,0.0008223768098662987,0.0008304624414764428,0.0009874820876415447,0.0009269210817165474,0.0008896709988627238,0.000867558083212927,0.0008568359215307964
2023-03-10,0.44158795626761194,0.3838639797666778,0.39622260138335763,0.3683329412546739,0.454791934672978,0.45240002538497254,0.3439678963162719,0.3588558589655081,0.3929562573695307,0.4615785549833454,0.46237273077801855,0.0008219535327934624,0.0009327673911523893,0.0009468257931458113,0.0009528021072372495,0.0008483007826687872,0.0008566325353151494,0.0010154433207660296,0.0009537997847709478,0.0009165382889697038,0.0008942177368861381,0.0008833587820714084
2023-03-11,0.44363059616687855,0.38608699585174355,0.39847599054049226,0.37057428846591006,0.4568950963319477,0.454523358056288,0.346309950797502,0.36109087993799327,0.39516332691622874,0.4637574043736538,0.4645358061919028,0.0008469130912092115,0.0009594296350970977,0.0009738350909279658,0.0009795223367032868,0.0008739737296219463,0.0008825491378050554,0.0010431040678749448,0.0009803962431239044,0.0009431343606509102,0.0009206127771444472,0.0009096202425364353
2023-03-12,0.44567762075573103,0.388313769895699,0.4007331541528991,0.3728190972738506,0.4590027197273611,0.45665119006113164,0.3486550964903586,0.3633292549543757,0.39737438042225665,0.46594046794488714,0.4667031815773555,0.0008716220344157644,0.0009858079683766618,0.0010005562152395342,0.001005952709751179,0.0008993880536874443,0.0009082045798060601,0.001070456143708154,0.0010067025864555212,0.0009694513437016328,0.0009467353932704481,0.0009356125317374064
2023-03-13,0.44772842428665993,0.3905436429602797,0.40299342428955093,0.37506670340345316,0.46111418117954744,0.4587828917397801,0.3510026394285015,0.36557032164347586,0.399588763601309,0.4681270996934131,0.46887421557313025,0.0008960730506392123,0.0010118945852186645,0.0010269812588695748,0.0010320854052078277,0.0009245362343582308,0.0009335912694605208,0.0010974914543463998,0.0010327110302954523,0.000995481450502489,0.0009725778551624709,0.0009613279581377476
2023-03-14,0.44978239989390617,0.3927759551901702,0.40525613210015005,0.3773164417519038,0.4632288558730927,0.46091783228741057,0.35335188493620723,0.3678134168376053,0.4018058211817777,0.4703166525597173,0.47104826573533914,0.0009202589044305376,0.00103768176617286,0.0010531024022226165,0.001057912689988505,0.000949410829882924,0.0009587016944381244,0.001124201999606611,0.0010584138783268915,0.0010212169783267444,0.000998132515619754,0.00098675891212896
2023-03-15,0.45183893977304246,0.39501004600826745,0.4075206080130516,0.3795676465854302,0.46534611804173315,0.4630553799407672,0.3557021378339338,0.37005787676880814,0.40402489710065514,0.47250847861988005,0.4732246887275619,0.0009441724388065675,0.0010631618803976783,0.0010789119156319193,0.001083426921383801,0.0009740044794684377,0.0009835284241603848,0.0011505798754081198,0.0010838035246633626,0.0010466503116169923,0.0010233918126071329,0.0010118978682825963
2023-03-16,0.4538974353608319,0.39724525431115537,0.40978618193340133,0.3818196517363041,0.4674653411535296,0.46519490216510945,0.3580527026440374,0.3723030372652807,0.4062453346976757,0.4747019292773073,0.47540284051122,0.0009678065773676692,0.001088327387917587,0.0011044021616473665,0.001108620549322703,0.000998309905458128,0.0010080641119983302,0.0011766172761136784,0.0011088724561001961,0.0010717739242411817,0.001048348271492472,0.0010367373875770913
2023-03-17,0.45595727751531195,0.3994809186647358,0.41205218344142663,0.3840717907999699,0.46958589809626844,0.46733576584138986,0.3604028837965735,0.3745482339479111,0.4084664769096309,0.47689635545465997,0.47758207653615753,0.000991154326391963,0.0011131708418538055,0.0011295655972953234,0.001133486118605087,0.0010223199154856255,0.0010323014974475964,0.0012023064968371688,0.0011336132543371402,0.0010965803817179487,0.0010729945072577851,0.0010612701195991114
2023-03-18,0.45801785669604955,0.4017163774999586,0.41431794199082445,0.3863233973322451,0.4717071613630338,0.46947733745360304,0.3627519858351283,0.3767928024268792,0.41068766646480537,0.47909110778592795,0.4797617519313742,0.0010142087769050012,0.0011376848906289316,0.0011543947763097417,0.001158016271108897,0.0010460274046027451,0.0010562334082754865,0.001227639935725111,0.0011580185981742708,0.0011210623434173561,0.0010973232266858757,0.0010854888047185374
2023-03-19,0.4600785631445136,0.403950969308589,0.41658278710718794,0.3885738050465318,0.47382850323789716,0.4716189832762547,0.36509931362261533,0.37903607849826026,0.4129082460774746,0.48128553680858543,0.48194122169585313,0.0010369631067238538,0.001161862280141257,0.0011788823513376179,0.001182203747967181,0.0010694253573818036,0.001079852762644773,0.0012526100962053643,0.001182081265677315,0.0011452125647334332,0.0011213272305167776,0.0011093862762369677
2023-03-20,0.4621387870645125,0.40618403283895954,0.418846048586409,0.39082234801098226,0.4759492959816686,0.47376006956188993,0.36744417254697703,0.38127739834057417,0.41512755864240514,0.48347899315578025,0.4841198408894263,0.0010594105824764388,0.0011856958559121056,0.0012030210761112548,0.0012060413917168722,0.0010925068499922364,0.001103152571208521,0.001277209589205297,0.0012057941363161073,0.0011690238992266844,0.0011449994155798837,0.0011329554625076899
2023-03-21,0.4641979188026423,0.4084149072916457,0.4211070566930038,0.39306836084555713,0.4780689120176548,0.47589996272863,0.3697858687267329,0.3835160987112198,0.41734494742930417,0.4856708277484896,0.48629696482362417,0.0010815445615932617,0.001209178565203528,0.0012268038075938792,0.001229522148415152,0.0011152650522488483,0.001126125939178213,0.0013014311353397034,0.0012291501930702387,0.0011924893007406734,0.0011683327768945428,0.001156189389029838
2023-03-22,0.4662553490286933,0.41064293251500494,0.42336514235829714,0.3953111789189243,0.4801867241173696,0.4780380295476594,0.37212370921630894,0.3857515171427408,0.4195597562771546,0.48786039198759423,0.48847194925244775,0.0011033584942737318,0.0012323034591034676,0.0012502235080922852,0.0012526390697288337,0.0011376932296336406,0.001148766068364948,0.0013252675670630265,0.0012521425245075601,0.0012156018254849132,0.0011913204097437902,0.0011790811805104107
2023-03-23,0.46831046891596134,0.4128674492005286,0.42561963737841196,0.397550138545132,0.4823021055861404,0.48017363733060814,0.37445700221109196,0.3879829921388586,0.4217713297883862,0.4900470379458092,0.4906441505630124,0.0011248459254247778,0.0012550636945841687,0.0012732732473407227,0.0012753853149884975,0.0011597847452881616,0.0011710662591901122,0.0013487118307917156,0.0012747643268267161,0.0012383546340921647,0.0012139555117172685,0.0012016240628999197
2023-03-24,0.47036267032140755,0.41508779907793997,0.427869874612,0.3997845771800058,0.48441443044855736,0.48230615411677474,0.37678505725214584,0.3902098633702208,0.42397901352281575,0.49223011855941623,0.4928129259660033,0.0011460004965692105,0.001277452536525281,0.0012959462045498693,0.0012977541532147585,0.0011815330619774356,0.0011930199126686247,0.001371756988991002,0.001297008905872532,0.001260740993639764,0.001236231384724562,0.001223811365397065
2023-03-25,0.4724113459656196,0.4173033251099888,0.43011518817766137,0.4020138336172048,0.4865230736337095,0.4844349488601332,0.37910718543052907,0.3924314718698032,0.4261821541913082,0.4944089878197385,0.49497763368588604,0.0011668159477295492,0.0012994633597088745,0.0013182356704275477,0.0013197389651081748,0.0012029317440245824,0.0012146205323611547,0.0013943962222278117,0.0013188696791162635,0.0012827542796440272,0.0012581414369757793,0.0012456365224219335
2023-03-26,0.47445588961251417,0.41951337168687775,0.4323549136509884,0.40423724818388374,0.4886274111601535,0.48655939161607015,0.3814226995911544,0.3946471602279086,0.4283800998490947,0.4965830009643076,0.49713763315081977,0.001187286119278541,0.0013210896507779846,0.0013401350491620834,0.0013413332450090687,0.001223974459215238,0.0012358617262969163,0.0014166228311888185,0.001340340177603483,0.0013043879780195722,0.0012796791849341016,0.0012670930755594445
2023-03-27,0.4764956962487325,0.42171728482026827,0.4345883882611795,0.4064541629359014,0.4907268203205601,0.48867885372779457,0.3837309145361284,0.39685627278670466,0.4305722000886933,0.4987515146676579,0.4992922851822116,0.001207404953763147,0.001342325010165124,0.001361637860374687,0.0013625306028229311,0.0012446549806717222,0.001256737208864489,0.0014384302386627468,0.001361414047868048,0.0013256356870066655,0.0013008382552339715,0.001288174675470155
2023-03-28,0.4785301622626739,0.4239144123368067,0.43681495108716445,0.40866392185251565,0.49282067986598216,0.49079270801236935,0.3860311472275134,0.3990581558342439,0.4327578062323757,0.5009138872316958,0.5014409521838608,0.00122716649769683,0.0013631631539856581,0.001382737741037643,0.0013833247659103542,0.0012649671886948988,0.0012772408026733295,0.0014598119914869812,0.0013820850538125429,0.0013464911190664286,0.0013216123865651408,0.001308875083769978
2023-03-29,0.4805586856231133,0.42610410407111254,0.43903394325318146,0.4108658710305116,0.4949083701896933,0.49290032894630254,0.38832271698944876,0.4012521577979083,0.4349362715241213,0.503069478775591,0.5035829983306325,0.0012465649033205906,0.0013835979158978717,0.0014034284473573022,0.0014037095809439348,0.0012849050725754485,0.0012973664403794771,0.001480761762456817,0.0014023470785544112,0.0013669481027414054,0.0013419954315286864,0.001329188174874707
2023-03-30,0.48258066605735267,0.4282857120581729,0.4412447081237481,0.4130593588777016,0.49698927351053895,0.4950010928506517,0.39060494570957416,0.40343762943721817,0.4371069513210014,0.5052176514251252,0.5057177897566095,0.0012655944303342492,0.0014036232489267886,0.001423703856620162,0.0014236790157292067,0.0013044627323728353,0.0013171081664834494,0.0015012733521980182,0.0014221941262340665,0.0013870005844803246,0.0013619813584532237,0.0013491079378137316
2023-03-31,0.48459550522885064,0.4304585907250857,0.4434465914979714,0.4152437363057417,0.4990627740557482,0.49709437807557955,0.3928771580396938,0.4056139240359546,0.439269203283942,0.5073577695014511,0.5078446947426638,0.001284249447594421,0.0014232332272543502,0.0014435579690066924,0.0014432271609887692,0.0013236343806610762,0.0013364601390907227,0.0015213406910011273,0.0014416203237906933,0.0014066426304318314,0.0013815642531820327,0.0013686284780090041
2023-04-01,0.48660260691428087,0.43262209708209504,0.44563894180313607,0.41741835692220763,0.5011282582431499,0.4991795651843102,0.39513868159562265,0.4077803975935327,0.44142238756779956,0.5094891997091978,0.5099630839033912,0.0013025244347813492,0.001442422047972125,0.0014629849093655278,0.001462348232112054,0.001342414344240539,0.001355416631641404,0.001540957840617585,0.0014606199227000793,0.0014258684281982514,0.0014007383208204383,0.001387744019018422
2023-04-02,0.4886013771799636,0.4347755909128626,0.44782111028751537,0.41958257722187287,0.5031851148627432,0.5012560371364307,0.3973888471561564,0.40993640901557166,0.4435658670107034,0.5116113113238765,0.5120723303733574,0.0013204139840324869,0.0014611840327997117,0.0014819789289526875,0.0014810365708665674,0.0013607970658185975,0.001373972034604043,0.001560118996017601,0.0014791873006752554,0.0014446722885569918,0.001419497887454657,0.001406448904246016
2023-04-03,0.49059122455762016,0.43691843496391725,0.4499924512123469,0.42173575677713193,0.5052327352575623,0.5033231794704833,0.39962698886110376,0.41208132030360484,0.44569900732260054,0.5137234763785181,0.5141718099925975,0.0013379128015424402,0.0014795136297636735,0.0015005344071317706,0.0014992866470724397,0.0013787771056515963,0.0013921208571366916,0.0015788184871067257,0.0014973169633303862,0.0014630486471426951,0.0014378374018260143,0.0014247375986151667
2023-04-04,0.49257156021939785,0.43904999513322945,0.45215232204291766,0.4238772584275129,0.5072705135037893,0.5053803804857941,0.4018524444083261,0.41421449674387356,0.4478211772729542,0.515825069849502,0.5162609014913149,0.0013550157091294923,0.0014974054148416682,0.0015186458530386804,0.0015170930602382282,0.0013963491431566721,0.0014098577287104952,0.001597050780404785,0.0015150035458064703,0.0014809920660955322,0.001455751436977848,0.0014426046902072942
2023-04-05,0.4945417981521135,0.4411696406578514,0.45430008363869967,0.42600644846822355,0.5092978465900563,0.5074270314234854,0.4040645552497228,0.4163353070951498,0.4499317488775336,0.5179154698415086,0.5183389866737245,0.0013717176457679336,0.0015148540935663313,0.0015363079072048813,0.0015344505411594156,0.0014135079784850513,0.0014271774006997529,0.001614810480682738,0.0015322418143593475,0.0014984972356693604,0.0014732346918587824,0.0014600448918620224
2023-04-06,0.4965013553306651,0.4432767443005707,0.4564351004424828,0.428122696837676,0.5113141345958867,0.5094625266466178,0.40626266678610645,0.4184431237755303,0.45203009758424484,0.5199940577715485,0.5204054506009881,0.0013880136690861966,0.0015318545025930774,0.0015535153431445736,0.0015513539534786625,0.0014302485340614846,0.0014440747479355087,0.001632092332559676,0.001549026667908071,0.0015155589758023003,0.0014902819928919175,0.0014770530427435924
2023-04-07,0.4984496518905573,0.44537068253551937,0.4585567406684459,0.43022537730393057,0.5133187808692207,0.5114862638194064,0.4084461285609092,0.4205373230481472,0.4541156024579469,0.5220602185520126,0.5224596817731832,0.0014038989568289084,0.0015484016112274346,0.0015702630689007901,0.0015677982952043146,0.0014465658560862682,0.0014605447702202845,0.0016488912220575802,0.0015653531395440345,0.001532172237651619,0.0015068882955071583,0.0014936241098664205
2023-04-08,0.5003861112994927,0.44745083573268546,0.4606643764891116,0.43231386765000823,0.5153111922029739,0.513497644085463,0.4106142944526636,0.42261728520574404,0.45618764636419473,0.5241133407726842,0.5245010723102564,0.0014193688082836386,0.0015644905229135198,0.0015865461285515248,0.001583778700190941,0.0014624551160010713,0.0014765825938095611,0.001665202178114833,0.0015812163980022387,0.001548332105085426,0.0015230486856323555,0.0015097531895847949
2023-04-09,0.5023101605279778,0.4495165883412716,0.46275738422113244,0.43438754985801503,0.5172907790105786,0.5154960722450069,0.4127665228661996,0.42468239475405456,0.45824561615186055,0.5261528168816672,0.526529018131905,0.0014344186456727304,0.0015801164766838238,0.0016023597036779469,0.001599290439579626,0.0014779116119187918,0.0014921834728535144,0.0016810203740570406,0.0015966117490888165,0.0015640337961391193,0.001538758381148253,0.0015254355090446037
2023-04-10,0.5042212302188906,0.45156732907184605,0.4648351445098471,0.4364458102920233,0.5192569555004493,0.5174809569309939,0.4149021769225037,0.4267320405939388,0.46028890283457485,0.5281780433651683,0.5285429191363342,0.0014490440155066064,0.0015952748485669743,0.00161769911478854,0.001614328923197017,0.0014929307700128902,0.0015073427908007808,0.0016963411290255581,0.0016115346370715877,0.0015792726644298094,0.0015540127333026899,0.0015406664275955384
2023-04-11,0.5061187548559637,0.45360245107723307,0.466897042512558,0.43848803987965645,0.5212091398493299,0.5194517107841121,0.4170206246471811,0.42876561620221754,0.4623169017709344,0.5301884209260883,0.5305421793778361,0.0014632405899035472,0.0016099611529567515,0.001632559822704549,0.0016288897009141823,0.0015075081458733042,0.0015220560617655865,0.0017111599093624363,0.0016259806460282578,0.0015940442005306088,0.0015688072280876098,0.0015554414381637738
2023-04-12,0.5080021729311289,0.4556213521320897,0.4689424680804737,0.44051363429232304,0.5231467543744643,0.5214077506265896,0.41912123915746763,0.43078251981115134,0.46432901284342704,0.5321833546613634,0.5325262072431403,0.0014770041678691115,0.0016241710439395818,0.0016469374299037942,0.001642968463962391,0.001521639425819954,0.0015363189318539083,0.0017254723299521824,0.0016399455011525954,0.0016083440333070076,0.0015831374875739934,0.0015697561685859007
2023-04-13,0.509870927110676,0.4576234348111129,0.4709708159392609,0.4425219941240479,0.5250692257045413,0.5233484976347677,0.4212033988477343,0.43278215458651303,0.46632464063601453,0.5341622542380061,0.5344944156264813,0.001490330676538254,0.001637900316580343,0.001660827681820909,0.001656561046209426,0.0015353204281797206,0.0015501271804535532,0.001739274155519388,0.0016534250700186992,0.0016221679312082293,0.0015969992712079328,0.0015836063829027802
2023-04-14,0.5117244644001782,0.45960810666582724,0.47298148586815514,0.4445125250688451,0.5269759849493642,0.5252733775103828,0.42326648757342983,0.43476392880420156,0.4683031946103264,0.5361245340677934,0.5364462221033329,0.0015032161723831372,0.0016511449081660357,0.0016742264681068875,0.0016696634253911546,0.0015485471045235677,0.0015634767214813827,0.0017525613018819497,0.0016664153638054624,0.0016355118035202842,0.00161038847706374,0.0015969879826129851
2023-04-15,0.5135622363081308,0.46157478039990074,0.47497388287757597,0.4464846380965839,0.5288664678681962,0.5271818206505113,0.4253098948334083,0.4367272560253424,0.47026408928040986,0.5380696134805545,0.5383810491027573,0.001515656842378088,0.0016639008994090432,0.0016871298238453347,0.001682271724303297,0.0015613155408658042,0.0015763636045932339,0.001765329837158991,0.0016789125384760184,0.001648371701576945,0.0016233011430608624,0.001609897007886052
2023-04-16,0.5153836990082599,0.4635228740429348,0.47694741738519325,0.44843774962729094,0.5307401150367262,0.5290732623161246,0.42733301595058615,0.43867155526982393,0.4722067443859843,0.5399969168959973,0.5402983240783169,0.0015276490051292502,0.0016761645156063154,0.0016995339307251944,0.0016943822119469543,0.0015736219588199374,0.0015887840163535394,0.001777575982935875,0.0016909128959153863,0.0016607438199273128,0.0016357334481330588,0.001622329638733766
2023-04-17,0.5171883135004472,0.4654518111226786,0.4789015053903956,0.4503712817038416,0.5325963720126135,0.530947142799203,0.4293352522508762,0.44059625118821905,0.47413058506414946,0.5419058739940342,0.5421974796775008,0.001539189111961936,0.0016879321277566417,0.0017114351181723442,0.001705991304633947,0.0015854627167194435,0.0016007342813620928,0.0017892961153809228,0.0017024128850248177,0.0016726244974624715,0.001647681713361937,0.0016342821961408127
2023-04-18,0.5189755457702316,0.4673610208356163,0.4808355686471039,0.4522846621629871,0.5344346894995545,0.5328029075883636,0.4313160112403442,0.4425007742320398,0.4760350420194973,0.5437959198835478,0.5440779539096122,0.0015502737479734519,0.001699200253633848,0.001722829864433617,0.0017170955670472443,0.0015968343106937954,0.0016122108633431775,0.0018004867663184987,0.0017134091027722342,0.0016840102184988992,0.0016591424030631963,0.001645751143152685
2023-04-19,0.52074486694683,0.4692499382158782,0.4827490348348844,0.45417732480466605,0.5362545235098287,0.5346400075329495,0.4332747067805376,0.444384560822277,0.47791955169257494,0.5456664952695507,0.5459391903120724,0.0015608996330408464,0.0017099655588188045,0.001733714797620356,0.0017276917132567626,0.0016077333757046341,0.0016232103661921737,0.0018111446242546902,0.0017238982952001436,0.0016948976138187466,0.0016701121258339002,0.001656733085924067
2023-04-20,0.5224957534596416,0.4711180043024213,0.48464133772830714,0.4560487095595532,0.5380553355252745,0.5364578990055308,0.43521075926193414,0.44624705351617105,0.47978355642665116,0.5475170466186922,0.5477806381150848,0.0015710636227950214,0.0017202248576841384,0.0017440866967055602,0.0017377766076926981,0.001618156686543637,0.0016337295349789782,0.0018212665353583013,0.0017338773583874811,0.0017052834616662627,0.001680587635557118,0.0016672247747204771
2023-04-21,0.5242276871931774,0.47296466630443657,0.4865119173645024,0.45789826265479144,0.5398365926566444,0.5382560440627733,0.43712359577545606,0.4480877011721697,0.4816265046327364,0.549347026323056,0.549601752404619,0.001580762709546879,0.0017299751143383668,0.0017539424924779001,0.001747347266072119,0.0016281011587858663,0.001643765256912011,0.0018308495043927175,0.0017433433393692077,0.0017151646887022531,0.0016905658323616013,0.0016772231048830522
2023-04-22,0.525940155640382,0.4747893777649273,0.4883602202088605,0.4597254367778634,0.5415977678012951,0.5400339106046256,0.43901265028200465,0.449905959113018,0.48344785095280607,0.5511558928622048,0.5514019942836579,0.0015899940231812737,0.001739213443523402,0.00176327926844827,0.0017564008562833133,0.0016375638497011513,0.0016533145622599221,0.0018398906956031413,0.0017522934370092225,0.0017245383709125206,0.0017000437635368293,0.00168672511774548
2023-04-23,0.5276326520542904,0.4765915987224161,0.49018569931883355,0.46152969123855,0.5433383397991671,0.5417909725317747,0.44087736377995923,0.4517012892869382,0.4852470564211811,0.5529431109634287,0.553180831031666,0.0015987548320033351,0.001747937111469644,0.0017720942617147073,0.0017649346992233417,0.001646541959127723,0.0016623746252296678,0.0018483874335556982,0.0017607250028293109,0.0017334017344732278,0.0017090186244117511,0.001695728001508412
2023-04-24,0.5293046755979843,0.47837079587072595,0.49198781450578377,0.4633104921289286,0.5450577935870029,0.5435267099013277,0.4427171844705956,0.4534731604268479,0.48702358862401773,0.5547081517601379,0.5549377362622311,0.001607042543549153,0.001756143536702448,0.0017803848637786834,0.0017729462695910692,0.0016550328302981088,0.0016709427648023967,0.0018563372039289705,0.0017686355417936839,0.0017417521565734062,0.0017174877591801252,0.0017042290920741276
2023-04-25,0.5309557314927973,0.48012644271679683,0.4937660324948343,0.4650673124813652,0.5467556203507634,0.5452406090806723,0.4445315679213716,0.45522104820757037,0.48877692185685506,0.5564504929483637,0.5566721900788296,0.0016148547053517204,0.0017638302908095094,0.001788148621318042,0.0017804331966333464,0.0016630339506270575,0.0016790164455287027,0.0018637376542580686,0.0017760227130468875,0.0017495871661882267,0.0017254486616889997,0.0017122258738332397
2023-04-26,0.5325853311647265,0.48185801973648107,0.4955198270826733,0.46679963242445316,0.5484313176761937,0.5469321628994668,0.44631997722703326,0.4569444354009901,0.49050653728018107,0.5581696189413168,0.5583836792286723,0.0016221890056663524,0.0017709950991561252,0.0017953832369116962,0.001787393264848558,0.0016705429524542792,0.0016865932782756943,0.0018705865946305744,0.0017828843306056386,0.0017569044448124682,0.0017328989761790092,0.0017197159804090978
2023-04-27,0.5341929923890116,0.4835650145282801,0.49724867929326655,0.46850693933685084,0.5500843896974963,0.5486008707997218,0.4480818831684947,0.45864281202911,0.49221192307296513,0.5598650210219583,0.5600716972545848,0.0016290432741555838,0.001777635841560321,0.0018020865697208621,0.001793824414640155,0.0016775576137457726,0.001693671020936871,0.0018768819983350227,0.0017892183640070836,0.0017637018271454696,0.0017398364979825942,0.001726697195359006
2023-04-28,0.5357782394328313,0.4852469219649724,0.4989520775314299,0.47018872799897515,0.5517143472440639,0.5502462389839228,0.4498167643694412,0.4603156755149619,0.49389257458411434,0.5615361974935353,0.5617357446448751,0.0016354154825310996,0.0017837505529197384,0.0018082566361208863,0.0017997247429277774,0.001684075858749745,0.0017002475790945937,0.0018826220024600326,0.001795022938909041,0.001769977301732728,0.0017462591741744804,0.0017331674528284768
2023-04-29,0.5373406031960815,0.48690324434308774,0.5006295177342202,0.47184450074250334,0.5533207079852358,0.5518677805611523,0.4515241074506138,0.4619625308313263,0.4955479944818072,0.5631826538280444,0.5633753289811488,0.0016413037451542545,0.0017893374237925586,0.0018138916102904967,0.0018050925037089716,0.0016900957586132304,0.0017063210066389223,0.0018878049084459225,0.0018002963376442804,0.0017757290115600899,0.0017521651041829678,0.0017391248381647406
2023-04-30,0.5388796213501887,0.4885334915301871,0.5022805035200936,0.47347376759764204,0.5549029965730242,0.5534650156911701,0.4532034071817263,0.46358289064721947,0.497177692900663,0.5648039028125661,0.564989965084023,0.001646706319593405,0.0017943948009341293,0.001818989824749817,0.0018099261085773866,0.0016956155319503008,0.0017118895063457096,0.001892429182587585,0.0018050369997289484,0.001780955254604255,0.0017575525403468184,0.00174456758848196
2023-05-01,0.5403948384749203,0.4901371811098995,0.5039045463357942,0.47507604643811613,0.55646074478278,0.555037471726404,0.45485416663097095,0.4651762754721033,0.4987811875867002,0.566399464693443,0.5665791751566968,0.0016516216071393863,0.0017989211877850741,0.0018235497708550819,0.0018142241271911774,0.0017006335453721988,0.0017169514304059552,0.0018964934564877356,0.00180924352232531,0.001785654484335708,0.0017624198884378384,0.0017494940931819247
2023-05-02,0.5418858061931516,0.49171383852467737,0.5055011656009252,0.4766508631238388,0.5579934916517455,0.5565846833518149,0.4564758973120688,0.46674221379777264,0.5003580040400437,0.5679688673182447,0.5681424889263422,0.0016560481532795768,0.0018029152449145491,0.0018275700992453903,0.001817985287697832,0.0017051483139670642,0.00172150528091497,0.001899996527462644,0.001812914660655418,0.0017898253101769623,0.001766765708129392,0.0017539028944330015
2023-05-03,0.5433520833035479,0.4932629972162259,0.5070698888501581,0.4781977516412161,0.5595007836154628,0.55810619272259,0.45806811932881975,0.4682802422378836,0.5019076756553362,0.569511646275485,0.569679443783264,0.001659984648128332,0.0018063757904170363,0.0018310496202404991,0.0018212084771091486,0.0017091585017424693,0.0017255497103146888,0.0019029373588968501,0.0018160493283705392,0.001793466497913454,0.0017705887134233933,0.0017577926876004568
2023-05-04,0.5447932359111214,0.4947841987635644,0.5086102518730455,0.47971625424104875,0.5609821746419902,0.5596015495996279,0.45963036151711323,0.46978990566507617,0.5034297438598148,0.5710273450320495,0.5711895849177919,0.0016634299268127872,0.001809301800261176,0.0018339873041940402,0.0018238927416315276,0.0017126629220196588,0.001729083521793462,0.001905315080551695,0.001818646597871898,0.0017965769700588607,0.0017738877730311131,0.001761162321631038
2023-05-05,0.5462088375556303,0.4962769930186816,0.5101217988513868,0.4812059215739874,0.5624372263638899,0.5610703114827713,0.4611621615843509,0.4712707573456541,0.5049237582490104,0.5725155150682906,0.5726724654548694,0.001666382969820135,0.0018116924085939123,0.0018363822817981656,0.0018260372869482455,0.0017156605377844913,0.001732105669640216,0.001907128988820117,0.0018207057005857896,0.0017991558061749569,0.0017766619107072446,0.00176401079939692
2023-05-06,0.5475984693377727,0.4977409382397405,0.5116040824941127,0.48266631282350164,0.563865508207947,0.5625120437417488,0.46266306624624914,0.4727223590717805,0.5063892767200282,0.5739757160107527,0.5741276465862873,0.001668842903297163,0.0018135469079957334,0.0018382338443407864,0.0018276414784536565,0.0017181504619934174,0.001734615259552763,0.0019083785469381498,0.0018222260271904545,0.0018012022431419528,0.0017789103055405597,0.001766337277986585
2023-05-07,0.5489617200431469,0.49917560122179744,0.5130566641696459,0.4840969958363252,0.5652665975225855,0.5639263197447891,0.464132631360971,0.47414428129115066,0.5078258656023757,0.5754075157624846,0.5755546977005379,0.0016708089993094921,0.0018148647496900594,0.0018395414439146274,0.001828704841441653,0.0017201319578383778,0.001736611548902145,0.0019090633851411853,0.0018232071277969886,0.0018027156753871454,0.001780632292194828,0.0017681410689581734
2023-05-08,0.5502981862639377,0.5005805574249946,0.5144791140356982,0.4854975472503371,0.5666400797029361,0.56531272098487,0.4655704220605565,0.4755361032341033,0.5092330997862894,0.5768104906309037,0.5769531965102371,0.001672280676058957,0.0018156455437066121,0.001840304693579653,0.001829227061245997,0.0017216044389630758,0.0017380939469552326,0.0019091833007751635,0.0018236487120817935,0.0018036956550608885,0.00178182736110577,0.001769421638540769
2023-05-09,0.5516074725182879,0.5019553911001882,0.5158710111664697,0.4868675526198414,0.5679855483135237,0.5666708372035588,0.4669760128796051,0.4768974130381331,0.5106105628485345,0.5781842254531755,0.5783227291770872,0.0016732574980516945,0.0018158890589961008,0.0018405233674780863,0.0018292079833334696,0.0017225674696358384,0.0017390620150457003,0.0019087382583542478,0.0018235506493729514,0.0018041418921718178,0.0017824951586339344,0.0017701786077930493
2023-05-10,0.5528891913673305,0.5032996954119741,0.5172319436772057,0.4882066065382079,0.5693026052085404,0.5680002665124172,0.46834898788118007,0.47822780786976776,0.5119578471756289,0.5795283137190642,0.579662890434339,0.001673739176230593,0.0018155952234978345,0.0018401974009010225,0.001828647613349721,0.001723020764881067,0.0017395154667074753,0.0019077283895741481,0.0018229129686888612,0.0018040542546705618,0.0017826354871670613,0.0017704117527160834
2023-05-11,0.5541429635298374,0.5046130725590795,0.5185615088460813,0.48951431275783885,0.5705908606496618,0.5693006155119238,0.46968894077988926,0.4795268940437727,0.513274554084465,0.580842357691228,0.5809732837067152,0.0016737255680593366,0.0018147641241632595,0.0018393268903071913,0.0018275461171169405,0.0017229641905615045,0.001739454167756338,0.0019061539932711535,0.001821735858729523,0.0018034327684909313,0.0017822483051797011,0.0017701210043183924
2023-05-12,0.555368417994454,0.5058951338920755,0.5198593132333721,0.49079028430742466,0.5718499334213759,0.5705714994078891,0.47099547506211215,0.4807942871396487,0.5145602939402851,0.5821259685229141,0.5822535212277641,0.001673216677564815,0.0018133960069270927,0.0018379120932945359,0.0018259038205854505,0.001722397763417538,0.0017388781363318895,0.0019040155353343136,0.0018200196678206937,0.0018022776175411481,0.0017813337272447605,0.0017693064486370425
2023-05-13,0.5565651921294891,0.5071455000283882,0.5211249727978804,0.492034143606456,0.5730794509437941,0.5718125421253221,0.4722682041033347,0.4820296121153883,0.5158146862719795,0.583378766373027,0.5835032241546062,0.0016722126553357919,0.0018114912766381552,0.001835953428524384,0.0018237212097379496,0.0017213216510650886,0.0017377875428913336,0.0019013136485681592,0.001817764903810859,0.0018005891436480015,0.0017798920240015281,0.0017679683267118884
2023-05-14,0.5577329317902215,0.5083638009645609,0.5223581130105781,0.49324552257695387,0.5742790493828999,0.5730233764197155,0.4735067512825573,0.4832325034184566,0.5170373598846767,0.5846003805185265,0.5847220226800397,0.00167071379847894,0.0018090504969363597,0.0018334514755967701,0.001820998930443407,0.001719736171942543,0.001736182710158185,0.0018980491325041315,0.001814972233920853,0.001798367846459037,0.0017779236220725192,0.0017661070345150742
2023-05-15,0.5588712914236993,0.5095496761857459,0.5235583689654378,0.494424062752392,0.5754483737582157,0.5742036439857214,0.47471075009374303,0.4844026050939645,0.518227952969583,0.5857904494641337,0.5859095561419727,0.001668720550530245,0.0018060743900875087,0.0018304069748806828,0.00181773778826827,0.0017176417952190492,0.001734064113028344,0.0018942229531649923,0.0018116424845467938,0.001795614383290789,0.0017754291039401293,0.0017637231228330164
2023-05-16,0.5599799341709912,0.5107027747723865,0.5247253854874113,0.49556941538377164,0.576587078047846,0.5753529955631789,0.4758798442542737,0.48553957089000094,0.5193861132110507,0.5869486210493005,0.5870654731301476,0.001666233501323,0.0018025638367697994,0.0018268208272917974,0.0018139387482370983,0.0017150391406539622,0.0017314323784295427,0.0018898362427791082,0.001807776641015002,0.0017923295689382668,0.0017724092077714415,0.00176081729710309
2023-05-17,0.5610585319668728,0.5118227555040595,0.5258588172375347,0.49668124154282184,0.5776948252908719,0.5764710910404645,0.4770136878103778,0.4866430643600952,0.5205114978908307,0.5880745525524218,0.588189431590131,0.0016632533868157218,0.0017985198758124765,0.0018226940940294645,0.001809602934546628,0.0017119289784151004,0.0017282882851337167,0.0018848902994442196,0.0018033758472910666,0.0017885143754303723,0.001768864827202954,0.0017573904172062393
2023-05-18,0.5621067656369033,0.5129092869604472,0.5269583288151184,0.4977592122222951,0.5787712876870614,0.5775575995551381,0.4781119452395055,0.4877127589627756,0.5216037739894908,0.589167910792252,0.5892810989245318,0.0016597810888723252,0.00179394370388819,0.0018180279962608514,0.001804731630234313,0.0017083122288485963,0.001724632763528966,0.0018793865867448023,0.0017984414056402276,0.0017841699317442394,0.0017647970110740152,0.0017534434972109603
2023-05-19,0.563124324991875,0.5139620476194116,0.5280235948569961,0.49880300843332415,0.5798161466938739,0.5786121995918497,0.47917429154961433,0.48874833815819946,0.5226626182849603,0.5902283722264967,0.590340152091423,0.0016558176350012221,0.0017888366751602769,0.0018128239147583436,0.0017993262767971863,0.001704189962210001,0.001720466895342443,0.0018733267333179704,0.001792974776243128,0.0017792975234710573,0.0017602069631165174,0.0017489777050752053
2023-05-20,0.5641109089196037,0.5149807259521357,0.5290543001338085,0.4998123212998173,0.5808290931207186,0.5796345790774824,0.4802004123753395,0.48974949550182223,0.5236877174481769,0.5912556230475567,0.5913662776999328,0.0016513641980522298,0.0017832003008803055,0.0018070833894942018,0.0017933884737664774,0.001699563398343762,0.0017157919133227173,0.0018667125323718614,0.0017869775767636598,0.0017738985924342643,0.0017550960415996242,0.0017439943622974408
2023-05-21,0.565066225474033,0.5159650205153128,0.530050139643281,0.5007868521498587,0.5818098272204509,0.5806244354734967,0.4811900040710202,0.4907159347350789,0.5246787681358062,0.592249359275387,0.5923591721029862,0.0016464220958692932,0.0017770362489426539,0.0018008081191817071,0.0017869199782334366,0.0016944339063243996,0.0017106092008706275,0.0018595459411549498,0.0017804515818697353,0.0017679747362647769,0.0017494657589269824,0.0017384949435303998
2023-05-22,0.5659899919616247,0.5169146400403453,0.531010818700482,0.5017263126040916,0.5827580587780726,0.5815814758654606,0.4821427738005522,0.49164736987305147,0.525635477080005,0.5932092868474501,0.5933185414871543,0.001640992790899909,0.0017703463433891287,0.0017939999607747836,0.0017799227043301946,0.0016888030040513868,0.0017049202916351591,0.0018518290803767323,0.0017733987227077086,0.0017615277079269243,0.00174331778119019,0.001732481076139547
2023-05-23,0.5668819350250129,0.517829303519538,0.5319360530250216,0.5026304246610529,0.5836735071966103,0.5825054170497248,0.48305843962404443,0.4925435252890975,0.5265575611752048,0.5941351217057343,0.5942441019596021,0.0016350778897625817,0.0017631325638706175,0.0017866609289163282,0.0017723987226625493,0.0016826723577996194,0.0016987268690562551,0.0018435642335805635,0.0017658210863324975,0.0017545594151997523,0.0017366539276750803,0.0017259545397253495
2023-05-24,0.5677417907238954,0.5187087402892515,0.5328255688251787,0.503498920779439,0.5845559015801481,0.5833959856172274,0.48393673058124775,0.4934041357964116,0.5274447475618872,0.5950265898808089,0.5951355796320945,0.0016286791427715386,0.0017553970450598921,0.0017787931953449077,0.0017643502596975669,0.001676043781725256,0.0016920307658663258,0.0018347538464675295,0.0017577209150884676,0.0017470719201139184,0.0017294761703222639,0.0017189172655950324
2023-05-25,0.5685693046131376,0.5195526901099978,0.5336791028789165,0.5043315439572759,0.585404980813992,0.584252918034402,0.484777386771738,0.4942289467264989,0.5282967737073265,0.5958834275728994,0.5959927107020461,0.0016217984434198085,0.0017471420760225564,0.0017703990882488307,0.0017557796971050532,0.0016689192373307016,0.0016848339635506804,0.0018254005261731931,0.0017491006059466851,0.0017390674383388482,0.0017217866331464826,0.0017113713361909255
2023-05-26,0.5693642318180653,0.5203609032434461,0.5344964026117767,0.5051280478079695,0.5862204936419365,0.5850759607211595,0.4855801594318231,0.49501771400453526,0.529113387483279,0.5967053812299467,0.5968152415305832,0.0016144378278160065,0.001738370099535702,0.0017614810915795864,0.0017466895710522845,0.0016613008328838497,0.0016771385917589976,0.0018155070404952123,0.001739962709795484,0.0017305483385301468,0.0017135875916047816,0.0017033189844751773
2023-05-27,0.5701263371069301,0.5211331405263276,0.535277226171619,0.5058881966332165,0.5870021987406151,0.5858648701259277,0.4863448110081578,0.49577020422159274,0.5298943472405898,0.59749220762264,0.5976029287176003,0.0016065994740853684,0.0017290837113685953,0.001752041844315877,0.0017370825714543292,0.001653190822792694,0.0016689469276756075,0.001805076317075216,0.0017303099306849035,0.001721517141626161,0.0017048814719256011,0.0016947625932681731
2023-05-28,0.5708553949605156,0.5218691734412066,0.5360213425001898,0.5066117654927489,0.587749864790913,0.5866194127977211,0.4870711152280384,0.49648619470370997,0.5306394218807025,0.5982436739163909,0.5983555391737861,0.0015982857017224905,0.0017192856595132922,0.001742084139682576,0.0017269615411760197,0.0016445916069397493,0.0016602613953454748,0.0017941114425321092,0.0017201451250279387,0.0017119765201032422,0.0016956708503900186,0.0016857046945435439
2023-05-29,0.5715511896388735,0.5225687841841018,0.5367285314014958,0.5072985402709009,0.5884632705464169,0.5873393654552239,0.48775885716636147,0.49716547357778396,0.531348390924044,0.5989595577402332,0.5990728501895988,0.0015894989709063223,0.0017089788433708453,0.0017316109243249445,0.0017163294751939562,0.0016355057299712872,0.001651084564957661,0.0017826156615487476,0.0017094713007538287,0.0017019292971850453,0.0016859584525690252,0.0016761479686797642
2023-05-30,0.5722135152451647,0.523231765728938,0.5373985836069641,0.5079483177399661,0.589142204898886,0.5880245150528609,0.48840783330922233,0.49780783983426763,0.5320210445752682,0.5996396472526264,0.5997546495011677,0.0015802418817725261,0.0016981663128932123,0.001720625297436218,0.0017051895197069955,0.0016259358805446045,0.0016414191520829347,0.0017705923759114284,0.001698291616419323,0.0016913784460065306,0.001675747152517948,0.0016660952436652332
2023-05-31,0.5728421757865864,0.5238579218888111,0.5380313008373657,0.5085609056203375,0.5897864669407235,0.5886746588438446,0.48901785161413963,0.49841310338665046,0.5326571837853379,0.6002837412041414,0.6004007353531078,0.0015705171736424273,0.0016868512676835312,0.0017091305098390075,0.001693544971207328,0.0016158848905325485,0.0016312680168739657,0.0017580451435040834,0.0016866093802723747,0.0016803270887342237,0.0016650399719239095,0.0016555494942633864
2023-06-01,0.5734369852323691,0.5244470673740379,0.5386264958614946,0.5091361226374057,0.5903958660244244,0.5892896044401664,0.4895887315668826,0.49898108512771006,0.5332566203104258,0.6008916489970159,0.6010109165582211,0.0015603277242125513,0.0016750370560441041,0.0016971299630276215,0.0016813992755040363,0.0016053557341838554,0.0016206341632137855,0.0017449776772546222,0.0016744280492749786,0.0016687784956421758,0.0016538400792143193,0.0016445138411309568
2023-06-02,0.5739977675688298,0.5249990278469923,0.5391839925515656,0.5096737985752009,0.5909702218189965,0.5898691698695312,0.49012030423488845,0.49951161698251123,0.5338191767676208,0.6014631907415535,0.6015850125540717,0.0015496765487067465,0.0016627271739916294,0.0016846272081553204,0.0016687560267037993,0.00159435152724563,0.0016095207378312715,0.0017313938440363108,0.0016617512280789892,0.0016567360841455159,0.0016421507886174025,0.0016329915498951575
2023-06-03,0.574524356851452,0.5255136399736894,0.5397036259353393,0.5101737743267631,0.5915093643633194,0.5904131836292044,0.4906124123172528,0.5000045419581426,0.5343446866874159,0.601998197309357,0.602122853456418,0.0015385667989776808,0.0016499252642174778,0.0016716259449889304,0.0016556189661478538,0.0015828755260396399,0.001597931029368005,0.001717297663524131,0.0016485826679595306,0.001644203417787038,0.0016299755591825393,0.0016209860301870105
2023-06-04,0.5750165972539956,0.5259907514721217,0.5401852422449382,0.5106359019412234,0.5920131341164404,0.5909214847367615,0.49106491019127685,0.5004597141901734,0.5348329945629717,0.6024965103833754,0.6026242801094848,0.001527001762580138,0.0016366351150127745,0.0016581300208121652,0.0016419919813034367,0.0015709311264998638,0.0015858684674046053,0.0017026933070048433,0.0016349262657055497,0.0016311842051845993,0.0016173179937559734,0.0016085008346339302
2023-06-05,0.5754743431146054,0.5264302211573209,0.5406286989623472,0.5110600446675856,0.592481382004785,0.5913939227777273,0.4914776639555594,0.5008769989858173,0.535283955896132,0.6029579825047532,0.6030891441330574,0.001514984861793467,0.00162286065914663,0.0016441434292853163,0.0016278791046144825,0.0015585218631660736,0.0015733366214473188,0.0016875850961421412,0.001620786062466073,0.0016176822989331097,0.0016041818379151085,0.0015955396578052339
2023-06-06,0.5758974589789174,0.5268319189831369,0.5410338648615889,0.5114460769951931,0.5929139694662694,0.5918303579500853,0.49185055146962137,0.5012562728637895,0.5356974372401816,0.603382477116465,0.6035173079663929,0.0015025196526126106,0.0016086059727022928,0.0016296703092657516,0.001613284512308244,0.0015456514081388928,0.001560339199871974,0.0016719775016990068,0.001606166242554552,0.001603701694462445,0.0015905709788591738,0.0015821063351222353
2023-06-07,0.5762858196401401,0.52719572608072,0.5414006200475552,0.5117938846908702,0.5933107684913036,0.5922306611056455,0.4921834623900476,0.501597423590848,0.5360733162393402,0.6037698686037261,0.6039086449089242,0.0014896098236937272,0.0015938752738704487,0.0016147149435827846,0.0015982125231601696,0.0015323235699923332,0.001546880048823418,0.0016558751422132145,0.0015910711322113524,0.0015892465288599444,0.0015764894442611421,0.0015682048417210437
2023-06-08,0.5766393101761056,0.5275215347936972,0.5417288559914868,0.5121033648327233,0.5936716616606726,0.5925947137882642,0.4924762982031415,0.5019003502150038,0.5364114816649638,0.6041200423311623,0.604263039157754,0.0014762591952623971,0.0015786729217022177,0.0015992817577701324,0.001582667597213483,0.0015185422926489167,0.0015329631510814234,0.001639282782632756,0.001575505198322169,0.0015743210796409501,0.0015619414010730193,0.0015538392912770593
2023-06-09,0.5769578259832763,0.5278092487100287,0.5420184755630861,0.5123744258405996,0.5939965421802818,0.5929224082688959,0.49272897225407414,0.5021649630953952,0.5367118334484623,0.6044328946767347,0.6045803858419228,0.0014624717179836377,0.001563003414818076,0.0015833753187549648,0.0015666543344619033,0.0015043116542102775,0.0015185926248801884,0.0016222053329032482,0.0015594730470973595,0.0015589297634858168,0.0015469311542951614,0.0015390139347882803
2023-06-10,0.577241272807702,0.5280587826905375,0.542269393059263,0.5126069875031859,0.5942853139127579,0.5932136475774715,0.49294140977252887,0.5023911839288139,0.5369742827109112,0.6047083330624005,0.6048605910534406,0.001448251471795503,0.0015468713900771425,0.0015670003335090943,0.001550177473487846,0.0014896358657510156,0.0015037727226896447,0.0016046478465170377,0.0015429794227084237,0.0015430771349330685,0.001531463145701184,0.0015237331593155323
2023-06-11,0.5774895667729059,0.5282700628941044,0.5424815342294937,0.5128009810017445,0.5945378914058992,0.5934683455315939,0.4931135478948262,0.5025789457728755,0.5371987517893513,0.6049462759815097,0.6051035718750774,0.0014336026646961653,0.0015302816212052761,0.0015501616476543134,0.0015332418900592115,0.0014745192700725829,0.0014885078299569088,0.001586615519016621,0.001526029205884183,0.0015267678850306998,0.0015155419525234581,0.0015080014866861724
2023-06-12,0.5777026344047094,0.5284430267995176,0.542654836297792,0.5129563489304788,0.5947541999179631,0.5936864267620406,0.4932453356825263,0.5027281930658297,0.5373851742597704,0.605146653022925,0.6053092564048991,0.0014185296315040175,0.0015132390173816512,0.0015328642440277651,0.0015158525956882052,0.001458966340420309,0.0014728024638093196,0.0015681136864580392,0.001508627412466379,0.0015100068399472866,0.001499172286099304,0.001491823572155937
2023-06-13,0.5778804126529729,0.528577623223975,0.5427892479812886,0.5130730453135186,0.5949341754397798,0.5938678267350672,0.4933367341375027,0.5028388816430015,0.5375334949567607,0.6053094048918559,0.6054775837775439,0.0014030368325721465,0.0014957486217869187,0.0015151132412103419,0.0014980147361463025,0.0014429816791547978,0.0014566612717175076,0.001549147823831143,0.0014907791919260838,0.0014927989595464597,0.001482358990476218,0.0014752042030291568
2023-06-14,0.5780228489102519,0.5286738123382294,0.5428847295054032,0.5131510356185267,0.5950777647136971,0.5940124917715032,0.49338771621348154,0.5029109787498597,0.5376436699898417,0.6054344834274058,0.6056085041822343,0.001387128852468833,0.0014778156101111772,0.0014969138920087888,0.001479733589943355,0.0014265700163953454,0.0014400890301200509,0.001529723543439554,0.0014724898258382524,0.0014751493359166368,0.001465107040979019,0.0014581482972452209
2023-06-15,0.5781299010273664,0.528731565678374,0.5429412526156172,0.5131902967669167,0.595184925249339,0.5941203790626369,0.4933982668240471,0.5029444630517106,0.5377156667564489,0.6055218516168237,0.6057019788775166,0.0013708103986213027,0.0014594452890203113,0.0014782715819036119,0.0014610145667641738,0.0014097362086168408,0.0014230906430098278,0.0015098465932408822,0.0014537647263208608,0.0014570631918658927,0.0014474215427370263,0.001440660901921187
2023-06-16,0.5782015373258726,0.5287508661542663,0.5429588005858325,0.5131908171406836,0.5952556253361785,0.5941914566828836,0.49336838284710327,0.5029393246400105,0.5377494639515797,0.6055714836064567,0.6057579802027238,0.0013540862999225078,0.0014406430945882454,0.0014591918274541316,0.0014418632058691427,0.001392485237213581,0.001405671140483622,0.0014895228551438655,0.001434609434431966,0.0014385458793741979,0.0014293077291737122,0.0014227471918576429
2023-06-17,0.5782377366074374,0.528731708054585,0.5429373682233228,0.5131525965858407,0.5952898440529227,0.594225703599231,0.4932980731258002,0.5028955650352984,0.5377450515741012,0.6055833647094006,0.6057764915861634,0.0013369615053022699,0.001421414590686787,0.0014396802746671211,0.0014222851744545295,0.0013748222070255611,0.0013878356772513145,0.0014687583432702045,0.0014150296185310163,0.0014196028780130154,0.001410770960457719,0.0014044124680105963
2023-06-18,0.5782384881601114,0.5286740970485203,0.5428769618702686,0.5130756464124648,0.5952875712737028,0.5942231096774657,0.49318735846591516,0.5028131971867453,0.5377024309297065,0.6055574914098465,0.6057575075500188,0.0013194410822635616,0.0014017654673396107,0.0014197426973242555,0.001402286265974606,0.001356752344827905,0.0013695895311137685,0.0014475592021725436,0.0013950310726003057,0.0014002397933208233,0.0013918167219180155,0.0013856621559191762
2023-06-19,0.5782037917614973,0.5285780501840955,0.5427775994018821,0.5129599893913499,0.5952488076710706,0.5941836756851715,0.4930362716296975,0.5026922454683225,0.53762161463053,0.6054938713641193,0.6057010337119719,0.0013015302153803754,0.0013817015390383824,0.0013993849952760318,0.001381872398427464,0.0013382809977831034,0.0013509381013995236,0.0014259317050180353,0.0013746197145313443,0.001380462355146106,0.0013724506224179756,0.0013665018041026933
2023-06-20,0.578133657678818,0.5284435958831234,0.5426393102211158,0.5128056597472697,0.5951735647157997,0.5941074132915009,0.4928448573261728,0.5025327456715895,0.5375026265914155,0.6053925233984139,0.6056070867835402,0.0012832342047669476,0.00136122874302258,0.0013786131926937228,0.001361049612605636,0.0013194136318601668,0.0013318869073668527,0.0014038822517310479,0.0013538015843731488,0.001360276415951378,0.0013526783926979258,0.0013469370824176208
2023-06-21,0.5780281066658766,0.528270773932794,0.542462135249963,0.5126127031488485,0.5950618646734916,0.5939943450637232,0.49261317219791256,0.5023347449951023,0.5373455020228372,0.6052534775032247,0.6054756945651313,0.001264558464506793,0.001340353137521122,0.0013574334362876916,0.0013398240703061948,0.0013001558302166982,0.0013124415865702899,0.0013814173670990693,0.001332582842545782,0.0013396879490801261,0.0013325058836791692,0.0013269737803798254
2023-06-22,0.5778871699569166,0.5280596354739037,0.5422461269173485,0.5123811766950482,0.594913740597986,0.5938445044605457,0.4923412848042744,0.5020983020304469,0.5371502874204834,0.6050767748244684,0.605306895937816,0.0012455085210524297,0.001319080899962466,0.0013358519934887347,0.0013182020525084326,0.0012805132915455486,0.0012926078931928542,0.001358543698843695,0.0013109697680161458,0.001318703046991554,0.0013119390647314821,0.0013066178054512712
2023-06-23,0.5777108892573772,0.5278102429857189,0.5419913491436136,0.5121111488982719,0.5947292363215785,0.5936579358222136,0.49202927560111204,0.5018234867449001,0.5369170405514954,0.604862467651311,0.6051007408518239,0.0012260900115884654,0.0012974183251434068,0.0013138752505936768,0.001296189957516014,0.0012604918283893873,0.0012723916963435222,0.001335268015650981,0.0012889687564405783,0.00129732791945536,0.0012909840219075264,0.0012858751812924174
2023-06-24,0.5774993167315535,0.5275226702674894,0.5416978773215998,0.5118026996640885,0.5945084064420543,0.5934346943573892,0.49167723691696835,0.5015103804607264,0.5366458304373742,0.6046106194006925,0.6048572903117624,0.0012063086823639324,0.0012753718233685651,0.0012915097108734397,0.0012737942990612705,0.001240097365422077,0.0012517989783209504,0.0013115972051698788,0.001266586318272589,0.0012755688917157615,0.0012696469561414014,0.0012647520459799777
2023-06-25,0.5772525149871602,0.5271970024166089,0.541365798294341,0.5114559202675887,0.5942513163065272,0.5931748461268128,0.49128527292575386,0.5011590758311126,0.5363367373335559,0.6043213045985621,0.6045766163585623,0.0011861703869929796,0.0012529479185523495,0.0012687619926514682,0.00125102170437974,0.0012193359376933,0.001230835832840671,0.0012875382719743644,0.0012438290768354565,0.0012534324026188814,0.001247934181414112,0.0012432546501892627
2023-06-26,0.5769705570568034,0.5268333358034343,0.540995210329364,0.5110709133263758,0.5939580419921046,0.5928784680237572,0.4908534996159195,0.5007696768127506,0.5359898527056633,0.6039946088578247,0.6042588020481621,0.0011656810847205934,0.0012301532462890563,0.0012456388273434094,0.0012278789122494027,0.0011982136888433192,0.0012095084632356423,0.001263098335489543,0.0012207037663632403,0.001230925002708716,0.0012258521228853958,0.0012213893553452149
2023-06-27,0.5766535263763718,0.526431778042767,0.5405862230896098,0.5106477927701969,0.5936286702833743,0.5925456477512707,0.49038204475613434,0.5003422986350746,0.5356052792024381,0.603630628853006,0.6039039414269297,0.0011448468386615618,0.0012069945518889957,0.0012221470574659277,0.0012043727709938334,0.001176736869285655,0.0011878231806170536,0.0012382846278859438,0.0011972172300070416,0.0012080533522863535,0.001203407314991467,0.0011991626317410242
2023-06-28,0.5763015167603436,0.5259924479620088,0.5401389576009823,0.510186683807233,0.5932632986467237,0.5921764837962266,0.4898710478574763,0.49987706776616353,0.5351831306253672,0.6032294722916454,0.6035121395038315,0.0011236738140039115,0.0011834786883822002,0.001198293634611436,0.0011805102364593756,0.0011549118343560094,0.0011657864020089281,0.0012131044919388434,0.0011733764178113448,0.0011848242194414382,0.0011806063995122296,0.0011765810566209955
2023-06-29,0.5759146323740276,0.5255154755659988,0.5396535462165364,0.5096877228870437,0.5928620352014985,0.5917710854001791,0.48932066013214887,0.4993741218753164,0.5347235318950064,0.6027912578824228,0.6030835122193606,0.001102168276186588,0.0011596126144910457,0.0011740856173922953,0.0011562983699529017,0.0011327450424336583,0.0011434046484493088,0.0011875653788555596,0.001149188384655886,0.0011612444780481068,0.0011574561236050718,0.0011536513122371028
2023-06-30,0.5754929877027385,0.5250010019985432,0.539130132577309,0.5091510576601933,0.5924249986880085,0.5913295725270348,0.48873104444873505,0.4988336097923137,0.5342266190140139,0.6023161153000326,0.6026181864112266,0.001080336589044384,0.0011354033925713436,0.0011495301693492666,0.0011317443361557045,0.001110243053029758,0.001120684543058137,0.0011616748460707704,0.0011246602881687662,0.0011373211057306154,0.0011339633378092406,0.0011303801838696836
2023-07-01,0.5750367075179176,0.5244491795006468,0.5385688715698178,0.5085768469345566,0.5919523184323884,0.5908520758275567,0.4881023752840013,0.498255691463377,0.5336925390269062,0.601804185146809,0.6021162997768216,0.001058185212924112,0.001110858186520458,0.0011246345568353133,0.0011068554010014164,0.0010874125248440114,0.0010976328090805954,0.0011354405550094149,0.0010997993866084244,0.0011130611818005454,0.0011101349940180194,0.0011067745578196009
2023-07-02,0.5745459268402123,0.5238601713654655,0.5379699292802244,0.5079652606283256,0.591444134308331,0.5903387366007002,0.487434838671268,0.49764053790383733,0.5331214499765438,0.6012556189111207,0.6015780008324764,0.0010357207027746895,0.0010859842596605551,0.001099406146862214,0.0010816389295266182,0.0010642602137974633,0.0010742562678955903,0.00110887026882045,0.0010746130367152995,0.001088471885159259,0.0010859781434217064,0.0010828414193717606
2023-07-03,0.5740207908995217,0.5232341518899822,0.5373334829451882,0.5073164797197273,0.5909005966956942,0.5897897067518019,0.4867286321453582,0.49698833114752994,0.5325135208573649,0.6006705789225427,0.6010034488695083,0.0010129497062064674,0.001060788972586213,0.0010738524049225262,0.0010561023836902494,0.0010407929710313235,0.0010505618369981429,0.0010819718500788,0.0010491086915357384,0.001063560492175708,0.001061499934421506,0.0010585878507267665
2023-07-04,0.5734614550920193,0.5225713063234317,0.5366597208994195,0.506630696193471,0.5903218664360026,0.5892051487476264,0.4859839646841448,0.4962992641929271,0.5318689315653758,0.600049238303819,0.6003928139070865,0.0009898789615235826,0.0010352797809884962,0.0010479808927796874,0.0010302533201679287,0.001017017740880255,0.001026556527951028,0.0010547532584593289,0.0010232938982158157,0.001038334374530936,0.001036707610512222,0.0010340210289052632
2023-07-05,0.5728680849341684,0.5218718308124811,0.535948842519947,0.505908112983935,0.5897081147848504,0.5885852355682922,0.48520105664671026,0.49557354094602685,0.5311878728449193,0.5993917809196357,0.599746276641921,0.0009665152957298861,0.001009464233447499,0.001021799266230028,0.0010040993881129667,0.0009929415588169066,0.0010022474443117657,0.0010272225483815012,0.0009971762957683983,0.001012800997039931,0.0010116085081419701,0.0010091482236254112
2023-07-06,0.5722408560137463,0.5211359323431877,0.5352010581671202,0.5051489439151161,0.5890595233612268,0.5879301506560822,0.4843801397081384,0.4948113761600134,0.5304705462322272,0.5986984013222107,0.599064028394791,0.0009428656225108911,0.000983349969199021,0.0009953152728382486,0.000977648326894398,0.0009685715493725766,0.0009776417795288594,0.0009993878666250677,0.0009707636128118979,0.0009869679154391742,0.0009862100545392494,0.0009839767951512757
2023-07-07,0.571579953937881,0.5203638286797476,0.5344165891223606,0.5043534136373562,0.5883762840937673,0.5872400878611614,0.48352145679095904,0.49401299537170923,0.5297171639957854,0.5979693046937214,0.598346271053928,0.0009189369401846337,0.0009569447158738198,0.0009685367496446995,0.0009509079638073681,0.000943914924023237,0.00095274681481472,0.0009712574499204374,0.0009440636652843781,0.0009608427741535364,0.0009605197655144782,0.0009585141921122364
2023-07-08,0.57088557427813,0.5195557483000579,0.5335956675226784,0.5035217575608626,0.5876585991639642,0.5865152513842129,0.4826252619932619,0.49317863483483415,0.528927949073518,0.5972047067855912,0.5975932170152776,0.0008947363296339939,0.0009302562872122166,0.0009414716208443474,0.0009238862117548763,0.0009189789790619018,0.0009275699169899454,0.0009428396225102942,0.000917084354129738,0.0009344333040323116,0.0009345452432382162,0.0009327679493030816
2023-07-09,0.5701579225126056,0.5187119303281025,0.5327385362919829,0.5026542217860488,0.5869066809463347,0.5857558557160114,0.481691820513506,0.4923085414500944,0.5281031350068183,0.5964048338546416,0.5968050891196445,0.0008702709522079299,0.0009032925807482828,0.0009141278954445387,0.0008965910669085364,0.0008937710934358023,0.0009021185363031758,0.0009141427936869562,0.0008898336629599712,0.000907747320063157,0.0009082941739889661,0.0009067456854503497
2023-07-10,0.5693972139651723,0.5178326244631952,0.5318454490691946,0.501751063030708,0.5861207519455763,0.5849621255739529,0.48072140857204304,0.4914029726921215,0.5272429658714384,0.5955699225961416,0.5959821205867538,0.0008455480476059485,0.0008760615754769274,0.0008865136648934513,0.0008690306063409148,0.0008682987265636877,0.0008764002042278562,0.000885175455303866,0.0008623196556936108,0.0008807927190578324,0.0008817743258804356,0.0008804551009617967
2023-07-11,0.5686036737417279,0.516918090906089,0.530916670133192,0.5008125485540459,0.5853010447307248,0.5841342958355569,0.47971431332937875,0.49046219653327994,0.5263476962052642,0.5947002200737653,0.5951245549462336,0.0008205749317329314,0.0008485713294915653,0.0008586371006866766,0.0008412129856351647,0.0008425694161287023,0.0008504225312327973,0.0008559461792624901,0.0008345504741677501,0.0008535774773164029,0.0008549935465625991,0.0008539039756433331
2023-07-12,0.5677775366635914,0.5159686002819761,0.5299524743246039,0.4998389560775958,0.5844478018663326,0.5832726114689605,0.4786708328011981,0.48948649136437034,0.5254175909329932,0.5937959836464811,0.5942326459655548,0.0007953589945359774,0.0008208299775973593,0.000830506451947155,0.0008131464364733443,0.0008165907758477253,0.0008241932045283118,0.000826463614975792,0.0008065343357296917,0.0008261096482665709,0.0008279597608987777,0.0008271001664007516
2023-07-13,0.5669190471980158,0.5149844335604079,0.5289531469644836,0.4988305737030351,0.5835612758406914,0.5823773274604309,0.4775912757701774,0.4884761459122503,0.5244529252877398,0.5928574808923959,0.5933066575749336,0.0007699076978165964,0.0007928457289066992,0.00080213004298757,0.0007848392641988666,0.0007903704932186173,0.0007977199857942541,0.0007967364868089466,0.0007782795308059476,0.0007983973600810268,0.0008006809686212923,0.0008000516049121442
2023-07-14,0.5660284593858455,0.5139658819721515,0.5279189837698732,0.4977876998269314,0.5826417289911144,0.5814487087389111,0.47647596169461054,0.4874314591543938,0.5234539847295877,0.591884989529573,0.5923468637892324,0.0007442285730230314,0.0007646268644093679,0.0007735162708425447,0.0007562998453591319,0.000763916327244929,0.0007710107088829687,0.000766773591497405,0.000749794420447758,0.0007704488132711518,0.0007731652419632473,0.0007727662952816683
2023-07-15,0.5651060367663416,0.5129132469230084,0.526850290766301,0.496710643052443,0.5816894334263087,0.5804870300976201,0.4753252206138761,0.4863527402304198,0.5224210648611205,0.5908787973338531,0.5913535486268747,0.000718329219020708,0.0007361817345209465,0.0007446736027884038,0.0007275366252273985,0.0007372361061396271,0.0007440732774985914,0.0007365837955439214,0.0007210874338574591,0.0007422722782627345,0.0007454207232711063,0.0007452523116721066
2023-07-16,0.5641520522991984,0.5118268399046254,0.5257473841972204,0.4955997220979979,0.5807046709458529,0.5794925761127399,0.47413939305077335,0.48524030835061294,0.5213544713399448,0.5898392020536947,0.5903270060257972,0.0006922172998456988,0.0007075187566135677,0.0007156105738348462,0.0006985581153035048,0.0007103377250093912,0.0007169156628602513,0.0007061760325947075,0.0006921670658943668,0.0007138760929450427,0.0007174556225941764,0.0007175177959134471
2023-07-17,0.5631667882837679,0.5107069824023174,0.5246105904304292,0.4944552657029792,0.5796877329568081,0.5784656410592034,0.4729188299107565,0.48409449270146376,0.5202545197882431,0.5887665113220669,0.5892675397564718,0.0006659005424353159,0.0006786464125230207,0.000686335784199521,0.0006693728907944951,0.0006832291435183713,0.0006895459013429583,0.000675559300796158,0.000663041874560566,0.0006852686602059066,0.0006892782152558841,0.0006895709550955864
2023-07-18,0.5621505362755231,0.5095540057999363,0.523440245861492,0.49327761253044683,0.5786389203874867,0.5774065288236151,0.47166389237809603,0.48291563234825724,0.5191215356993766,0.5876610425654153,0.5881754633320121,0.000639386734340941,0.0006495732460407577,0.0006568578967633965,0.0006399895880778717,0.0006559183835316285,0.0006619720920997274,0.0006447426601320361,0.0006337204784688244,0.0006564584454455957,0.0006608968394045123,0.0006614200591377184
2023-07-19,0.5611035969997836,0.5083682512818081,0.5222366968141957,0.4920671110669209,0.5775585435984009,0.5763155528143253,0.4703749518089973,0.48170407613473787,0.517955854341565,0.5865231229097297,0.5870510999154023,0.0006126837214253111,0.0006203078603841394,0.0006271856345076987,0.0006104169021455275,0.0006284135267423663,0.000634202394664829,0.0006137352297417298,0.0006042115542918003,0.0006274539740699359,0.0006323198935452856,0.0006330734383432901
2023-07-20,0.5600262802627246,0.5071500697317722,0.5210002994380672,0.4908241195192601,0.5764469222904245,0.5751930358686868,0.469052389621712,0.4804601825798812,0.5167578206586764,0.5853530890837441,0.5858947822238658,0.0005857994055391558,0.0005908589156522481,0.0005973277779327546,0.0005806635840313601,0.0006007227122800662,0.0006062450265373887,0.0005825461852229097,0.0005745238341949843,0.0005982638289689923,0.0006035558340564684,0.0006045394809326421
2023-07-21,0.5589189048597009,0.5058998216293475,0.519731419602981,0.4895490057086609,0.5753043854101875,0.5740393101575236,0.46769659718366907,0.47918431977180276,0.515527789168151,0.5841512873192911,0.5847068524304121,0.0005587417421843988,0.0005612351262610504,0.0005672931624576272,0.0005507384382207325,0.0005728541343030802,0.0005781082607535515,0.0005511847559154792,0.0005446661032526001,0.0005688966479753255,0.0005746131726859227,0.0005758266305639914
2023-07-22,0.55778179848091,0.504617876943062,0.5184304327908953,0.4882421469618144,0.5741312710527334,0.5728547170868352,0.466307975695664,0.47787686525883394,0.514266123856097,0.582918073248849,0.5834876620625784,0.0005315187381587094,0.0005314452583664586,0.0005370906758092042,0.000520650320045668,0.0005448160395711277,0.0005498004234343323,0.0005196602221713142,0.0005146471968474065,0.0005393611213109217,0.0005455004740336777,0.0005469433838311
2023-07-23,0.5566152976144239,0.503304615020973,0.517097723984738,0.4869039299992493,0.5729279263614747,0.5716396071967698,0.4648869360731356,0.4765382059377999,0.5129731980695784,0.5816538118003005,0.5822375718984099,0.0005041384491869527,0.0005014981272696284,0.0005067292553885272,0.0004904081330645016,0.0005166167250076903,0.0005213298913244735,0.0004879819126067386,0.00048447599805667707,0.0005096659890132527,0.000516226353014404,0.000517898287751728
2023-07-24,0.5554197474466166,0.5019604244784119,0.5157336875544869,0.4855347508208945,0.5716947074254657,0.5703943400578925,0.46343389882457037,0.47516873793953085,0.5116493944061364,0.5803588770889485,0.5809569518596973,0.00047660897753776243,0.000471402594808934,0.00047621788562901557,0.0004600208264267658,0.0004882645352439763,0.0004927050893119844,0.0004561592013432869,0.00045416143502374773,0.00047982003834967646,0.00048679947231156095,0.0004886999372365475
2023-07-25,0.5541955017600165,0.5005857030829858,0.5143387271404664,0.4841350145888968,0.5704319791740297,0.5691192841647846,0.46194929392706763,0.4737688665116402,0.5102951046005733,0.5790336523068085,0.5796461809025135,0.00044893846962390516,0.0004411675667361781,0.00044556559533548423,0.0004294973922253087,0.00045976786014889637,0.0004639344879371343,0.0004242015052334236,0.00042371247831551884,0.00044983210121718464,0.000457228539813781,0.0004593569725471758
2023-07-26,0.552942922828619,0.49918085763687303,0.512913255533906,0.4827051355077272,0.5691401152687718,0.5678148168269984,0.4604335606991013,0.47233900589860495,0.508910729409031,0.5776785296092131,0.5783056469050745,0.0004211351135942065,0.0004108019900828652,0.00041478145501394614,0.00039884686283586657,0.0004311351323469381,0.0004350266008832371,0.00039211828107338365,0.00039313813826796773,0.00041971105152938115,0.000427522306034267,0.00042987807674033096
2023-07-27,0.5516623813106819,0.4977463038564424,0.5114576945547874,0.48124553670160997,0.5678194979930058,0.5664813240574058,0.45888714767051936,0.47087957921918483,0.5074966784904004,0.5762939099987717,0.576935746552955,0.00039320713690893516,0.0003803148505111542,0.0003838745741864269,0.00036807830824264753,0.00040237482472293973,0.0004059899824588875,0.0003599190228052995,0.0003624474623201701,0.00038946580258814034,0.0003976895615271925,0.0004002719730935578
2023-07-28,0.5503542561390423,0.49628246624923794,0.509972474927022,0.47975665008931484,0.56647051813863,0.5651192004579717,0.45731051244981635,0.46939101834121444,0.506053370285099,0.574880203206702,0.57553688522171,0.0003651628039059718,0.00034971516965698335,0.0003528540986962314,0.00033720083335642137,0.0003734954479147623,0.00037683322506743,0.0003276132587078928,0.0003316495323373303,0.00035910530445038,0.00036773913427978755,0.0003705474225302874
2023-07-29,0.5490189344089835,0.49478977798835777,0.5084580361509937,0.47823891625634385,0.5650935748904864,0.5637288491029828,0.4557041215887198,0.467873763753806,0.5045812318912449,0.573437827571589,0.5741094768569132,0.0003370104133537666,0.0003190120024572085,0.0003217292080023304,0.0003062235753183429,0.00034450554779463793,0.00034756495666143916,0.00029521054857645224,0.0003007534619220986,0.0003286385412754056,0.0003376798871065345,0.00034071322102369184
2023-07-30,0.5476568112636898,0.4932686807842742,0.5069148263734994,0.47669278432455664,0.5636890757082355,0.5623106814197747,0.45406845044412986,0.46632826443700215,0.5030806989382736,0.5719672099155886,0.5726539438516637,0.00030875829599896765,0.00028821443447396566,0.00029050911245853683,0.0002751557007978356,0.00031541370294052573,0.00031819383819364777,0.0002627204808942629,0.00026976839371867234,0.0002980745286689235,0.0003075207150217141,0.00031077819699310005
2023-07-31,0.5462682897773139,0.49171962475412123,0.5053433022551417,0.47511871181926624,0.5622574362057808,0.5608651170669804,0.4524039830374534,0.46475497772891544,0.5015522154580271,0.5704687854181251,0.5711707169215955,0.0002804148120967298,0.0002573315792023245,0.00025920305059512483,0.00024400640327842948,0.0002862285220971428,0.00028872856104977807,0.00023015266999482087,0.00023870349670729318,0.00026742231101395397,0.00027727054261017514,0.00028075120869408554
2023-08-01,0.5448537808357027,0.49014306828850057,0.5037439288351899,0.4735171645338518,0.5607990800282843,0.5593925838103485,0.45071121191137503,0.4631543691903947,0.49999623375335794,0.5689429974871144,0.5696602349774199,0.00025198834894013533,0.0002263725753764434,0.00022782028637891028,0.0002127849003387694,0.0002569586416288905,0.0002591778444791526,0.0001975167532177191,0.00020756796349097328,0.00023669095879469415,0.0002469383213837828,0.0002506411415954535
2023-08-02,0.5434137030148094,0.48853947791583446,0.5021171793939705,0.4718886163919214,0.5593144387268015,0.5578935173961608,0.4489906379841047,0.4615269124672579,0.498413214264286,0.5673902976277533,0.5681229449950455,0.00022348731837718017,0.00019534658426340057,0.00019637010647444164,0.00018150043092390877,0.00022761272296456525,0.00022955043301464695,0.00016482238805537452,0.0001763710075751157,0.00020588956591272023,0.0002165330271355348,0.00022045690575067667
2023-08-03,0.5419484824568296,0.4869093281643138,0.500463535312815,0.47023354930707056,0.557803951630579,0.5563683614222869,0.44724277040114935,0.45987308915013225,0.4968036254317463,0.5658111453089105,0.5665593018833107,0.00019492015432098775,0.00016426278695341745,0.000164861817496198,0.00015016225261105243,0.00019819945003329842,0.0001998550938839827,0.0001320792492968681,0.00014512186064025157,0.00017502724699564043,0.00018606365728091045,0.0001902074331606718
2023-08-04,0.5404585527440995,0.48525310142147654,0.4987834859316115,0.46855245304027787,0.5562680657170508,0.554817567206917,0.4454681263846469,0.45819338863194503,0.49516794355897015,0.564206007827163,0.5649697683493692,0.00016629531025491584,0.00013313038164214364,0.00013330474325362607,0.00011877963887202414,0.00016872752669683244,0.0001701006144159134,9.929702616351399e-05,0.00011382976981200166,0.00014411313470025222,0.000155539228196222,0.00015990167513124653
2023-08-05,0.5389443547707921,0.4835712877914618,0.4970775284040017,0.4668458250549744,0.5547072354795676,0.5532415936550091,0.4436672310803132,0.4564883079631034,0.4935066526705396,0.5625753601685165,0.5633548147617662,0.00013762125673122405,0.00010195858090894516,0.00010170822199317975,8.736187632674142e-05,0.00013920567417002871,0.00014029579943930504,6.648541944254127e-05,8.250399492382154e-05,0.00011315637700987091,0.00012496877255208094,0.00012954859962333032
2023-08-06,0.5374063366124486,0.4818643849499806,0.49534616755026367,0.46511417036983826,0.5531219227929085,0.551640907122492,0.4418406174020424,0.45475835170440937,0.49182024436915583,0.5609196848678469,0.5617149190112513,0.00010890647886374616,7.075660899119596e-05,7.008160363308757e-05,5.591826199680128e-05,0.00010964262844470607,0.00011044946867821981,3.3654138616279194e-05,5.115380577608297e-05,8.216613452688426e-05,9.436133663698332e-05,9.915718860087352e-05
2023-08-07,0.5358449533933866,0.48013289799704517,0.49358991570792976,0.46335800140935035,0.5515125967766028,0.5500159812782636,0.4399888258742094,0.4530040317777517,0.49010921769016724,0.5592394718661137,0.560050566369359,8.01594738168987e-05,3.953369905468351e-05,3.843424699956355e-05,2.445810055351494e-05,8.004713770159988e-05,8.05704541424479e-05,8.128989890110461e-07,1.978847939387851e-05,5.115157776303114e-05,6.37259776845589e-05,6.873643537053109e-05
2023-08-08,0.5342606671520205,0.4783773393075018,0.49180929258017475,0.4615778378521602,0.5498797336561103,0.5483672969640238,0.4381124044717196,0.4512258673146217,0.48837407895389556,0.5575352183653758,0.5583622493448145,5.138874829213602e-05,8.299090460406333e-06,6.7755170536920595e-06,-7.009298435112221e-06,5.042795972287628e-05,5.066759751337635e-05,-3.20285811880594e-05,-1.1582702717449767e-05,2.01218844241291e-05,3.307176119005106e-05,3.829534192367756e-05
2023-08-09,0.5326539467041382,0.47659822837941096,0.49000482508202975,0.45977420647730416,0.5482238166218983,0.5466953420519853,0.43621190845785485,0.4494243845024917,0.48661534161580877,0.5558074286816632,0.5566504675377866,2.2602816010297566e-05,-2.2937973968240044e-05,-2.48852178768022e-05,-3.847462325984319e-05,2.0793859299206296e-05,2.074974752652725e-05,-6.486058359278513e-05,-4.295045732061187e-05,-1.0913763303976864e-05,2.4077582297943323e-06,7.842916268541167e-06
2023-08-10,0.5310252675041697,0.47479609168031967,0.4881770471844589,0.4579476410083243,0.5465453356864584,0.5450006113005065,0.43428790021996144,0.44760011642910874,0.4848335261145804,0.5540566140957401,0.5549157274920526,-6.189804808820476e-06,-5.416825068121911e-05,-5.6538588870669315e-05,-6.992856282417304e-05,-8.846394362049814e-06,-9.174242644238717e-06,-9.767339270738695e-05,-7.430550219261756e-05,-4.194618147412843e-05,-2.8256957225525348e-05,-2.2611830231555885e-05
2023-08-11,0.5293751115044931,0.47297146249147015,0.4863264997563479,0.45609868195532877,0.5448447875393044,0.543283606207682,0.4323409491030315,0.44575360292474536,0.48302915971808413,0.5522832927018105,0.553158542545101,-3.498059396489506e-05,-8.538249813760945e-05,-8.817522918663778e-05,-0.0001013618094020674,-3.84840302320999e-05,-3.909551800884703e-05,-0.00013045729869359812,-0.00010563855887107954,-7.296618709418112e-05,-5.891331099261432e-05,-5.305988552728458e-05
2023-08-12,0.5277039670128173,0.4711248807499956,0.4844537304044533,0.4542278764550487,0.543122675399991,0.5415448348629428,0.43037163124122413,0.4438853904024551,0.48120277636736597,0.5504879892542057,0.5513794326762281,-6.376103180061321e-05,-0.00011657147953886282,-0.0001197857770335875,-0.00013276506138965027,-6.811027805908587e-05,-6.900522438091361e-05,-0.0001632026002660325,-0.0001369403554004056,-0.00010396460084566295,-8.955223136264401e-05,-8.34922395490656e-05
2023-08-13,0.5260123285476836,0.4692568928891415,0.4825592933113561,0.45233577810892994,0.5413795088692073,0.539784811796704,0.4283805293873774,0.44199603169638024,0.47935491651864326,0.548671235012099,0.5495789243526672,-9.252260172099014e-05,-0.00014772596556389406,-0.00015136087834199952,-0.00016412902605961177,-9.771637095878916e-05,-9.889451099676094e-05,-0.00019589960756377645,-0.0001682016290752708,-0.00013493224979899132,-0.00012016465178665836,-0.00011389988687404706
2023-08-14,0.5243006966921292,0.46736805167656903,0.48064374907147095,0.45042294681931394,0.5396158037779738,0.5380040578281072,0.4263682327405641,0.4400860858981584,0.47748612698337434,0.5468335675822991,0.5477575503737985,-0.00012125679271546286,-0.000178836737099064,-0.00018289118953135342,-0.00019544442231012038,-0.00012729354801244153,-0.0001287545331354334,-0.00022853864501565235,-0.00019941312918203558,-0.00016585997012874554,-0.00015074151355720655,-0.00014427382939019573
2023-08-15,0.5225695779455585,0.4654589160507815,0.4787076645251562,0.4484899486237539,0.5378320820350031,0.5362030999109005,0.4243353367717365,0.43815611819147965,0.47559696076644853,0.5449755307601637,0.5459158497134856,-0.00014995510187354455,-0.00020989458796655258,-0.0002143673802755819,-0.00022670198341168124,-0.00015683305685687543,-0.00015857645473682513,-0.00026111005420581535,-0.00023056561973550105,-0.00019673860982510893,-0.00018127376848886545,-0.00017460507895905586
2023-08-16,0.5208194845738588,0.46353005095572564,0.47675161259097826,0.4465373555275145,0.5360288714722553,0.5343824709775069,0.42228244304751805,0.4362066996848381,0.47368797690254344,0.5430976743686818,0.5440543673605841,-0.00017860903690469776,-0.00024089032764856855,-0.0002457801362627521,-0.000257892459749276,-0.00018632615627722782,-0.0001883514510138129,-0.0002936041967299685,-0.0002616498822129443,-0.00022755903140131428,-0.0002117523815958755,-0.00020488466007573258
2023-08-17,0.5190509344578156,0.46158202717361546,0.47477617209617395,0.4445657453343077,0.534206705688748,0.5325427097813187,0.4202101590521896,0.4342384072425334,0.4717597402906966,0.5412005540957716,0.5421736541576704,-0.0002072101186483266,-0.0002718147840070628,-0.00027712016195352573,-0.00028900662155867396,-0.00021576411878954094,-0.00021807071106616505,-0.0003260114570486361,-0.0002926567182806039,-0.0002583121145993683,-0.0002421683337661129,-0.0002351036125252115
2023-08-18,0.5172644509398613,0.4596154211560288,0.47278192760536764,0.4425757014753095,0.5323661238926513,0.5306843607372727,0.4181190980079252,0.43225182331396605,0.4698128215271442,0.539284731329843,0.540274266638039,-0.00023574988358399107,-0.00030265880599794626,-0.00030837818332979383,-0.0003200352616590796,-0.0002451382332282481,-0.00024772544048679013,-0.000358322245332221,-0.00032357695251672425,-0.00028898875908667243,-0.00027251262443050983,-0.00026525299403346025
2023-08-19,0.5154605626692104,0.4576308148533261,0.47076946924758833,0.44056781283651425,0.5305076707417311,0.5288079737607492,0.4160098786933298,0.4302475357612814,0.46784779673647103,0.5373507729936753,0.5383567668610152,-0.0002642198863366252,-0.0003334132663788125,-0.00033954495064031365,-0.0003509691981769536,-0.0002744398073198928,-0.0002773068639637666,-0.00039052700029845733,-0.00035440143512682765,-0.00031957988715086705,-0.0003027762742251472,-0.000295323882913312
2023-08-20,0.5136398034454246,0.45562879554244123,0.46873939254164143,0.4385426735844745,0.5286318961821749,0.5269141041048423,0.41388312526033266,0.4282261376854122,0.46586524740112706,0.5353992513766543,0.5364217222456332,-0.0002926117021735397,-0.0003640690644101108,-0.0003706112411372975,-0.0003817992772622847,-0.00030366017025684755,-0.0003068062278785977,-0.00042261619204231327,-0.0003851210446505493,-0.00035007644638479496,-0.0003329503276491286,-0.0003253073807041318
2023-08-21,0.5118027120604506,0.45360995565309814,0.466692298219885,0.4365008829904761,0.5267393552858525,0.5250033121960532,0.41173946704949044,0.42618822725057015,0.4638657601893566,0.5334307439654244,0.5344697054027253,-0.0003209169295005365,-0.000394617128547714,-0.0004015678618053964,-0.00041251637579897693,-0.00033279067526437167,-0.00033621480289425243,-0.0004545803248561242,-0.00041572669066131107,-0.00038046941236619114,-0.00036302585571390544,-0.000355194614808263
2023-08-22,0.5099498321391859,0.45157489259249967,0.4646287920504634,0.43444304525320493,0.5248306080860633,0.523076163468449,0.4095795384037565,0.42413440750724013,0.4618499267815943,0.5314458332729977,0.5325012939654813,-0.00034912719234470035,-0.0004250484191284376,-0.00043240565208280124,-0.0004431114041033024,-0.0003618227021568998,-0.00036552388654065293,-0.00048640994003790183,-0.00044620931645555917,-0.000410749791327214,-0.0003929939585880504,-0.00038497674111104274
2023-08-23,0.5080817119786086,0.4495242085685467,0.4625494846580511,0.432369769319955,0.5229062194118131,0.521133228196343,0.40740397848076665,0.42206528621372635,0.45981834369537733,0.5294451066663827,0.5305170704185139,-0.00037723414283596934,-0.0004553539310434007,-0.0004631154865707421,-0.0004735753086141936,-0.0003907476598904447,-0.00039472480578850444,-0.0005180956186929819,-0.00047655990173467444,-0.0004409086228165937,-0.0004228457682272646,-0.0004146449466022606
2023-08-24,0.5061989043855297,0.4474585104116341,0.46045499134315804,0.43028166870643053,0.5209667587206702,0.5191750813255411,0.4052134310637037,0.41998147565630906,0.45777161210882555,0.5274291561927711,0.5285176219254936,-0.00040522946367516077,-0.000485524696404227,-0.0004936882777354934,-0.0005038990745723226,-0.00041955698910522976,-0.0004238089196156869,-0.0005496279845189078,-0.000506769465271617,-0.00047093698235112225,-0.0004525724510002771,-0.00044419045198296203
2023-08-25,0.5043019665130076,0.44537840939508055,0.45834593190005335,0.42817936131519774,0.5190127999302567,0.5172023023032064,0.40300854437079064,0.41788359246805756,0.45571033768274455,0.5253985784043415,0.5265035401553976,-0.00043310487059633473,-0.0005155517871960891,-0.000524114978596113,-0.0005340737286871344,-0.0004482421646567758,-0.0004527676215648757,-0.0005809977065817651,-0.0005368290675704102,-0.0005008259840558749,-0.00048216521030375326,-0.0004736045142625933
2023-08-26,0.502391459695477,0.44328452105424226,0.45622293043335754,0.42606346925283645,0.5170449212484145,0.5152154749063899,0.40078997086347323,0.4157722574463583,0.4536351303813996,0.5233539741817297,0.5244754211074252,-0.0004608521148187217,-0.0005454263179197616,-0.0005543865854025776,-0.0005640903417932219,-0.0004767946981402149,-0.00048159234229083747,-0.0006121955020757519,-0.0005667298135116905,-0.0005305667832942729,-0.0005116152891647685,-0.0005028784293468203
2023-08-27,0.5004679492826429,0.44117746500436683,0.4540866151733609,0.4239346186458492,0.5150637050021059,0.5132151870692835,0.3985583670533456,0.41364809536921315,0.451546604292018,0.5212959485562206,0.522433864934632,-0.0004884629854856604,-0.0005751394482209071,-0.0005844941402988746,-0.0005939400314918797,-0.000505206140401615,-0.000510274552094514,-0.0006432121390715917,-0.0005964628549829931,-0.000560150579285601,-0.0005409139728301815,-0.0005320035346132457
2023-08-28,0.49853200447218254,0.4390578647572388,0.4519376182901184,0.4217934394553805,0.5130697374650925,0.51120203070924,0.39631439330787843,0.41151173481035447,0.4494453774430707,0.5192251105307069,0.5203794757663346,-0.0005159293120965969,-0.0006046823855060945,-0.0006144287339757137,-0.0006236139647797234,-0.0005334680840382022,-0.0005388057634486687,-0.0006740384392470156,-0.0006260193934997105,-0.0005895686177085357,-0.0005700525913485688,-0.0005609712114749144
2023-08-29,0.4965841981413117,0.4369263475366721,0.44977657570638213,0.41964056529080135,0.5110636086844488,0.5091766015516143,0.3940587136550048,0.409363807953243,0.447332071621388,0.5171420728994766,0.5183128615293405,-0.0005432429669234295,-0.0006340463875451618,-0.0006441815083048086,-0.000653103360662266,-0.0005615721658859263,-0.0005671775335092111,-0.0007046652806042553,-0.0006553906828057898,-0.0006188121932922397,-0.0005990225221341738,-0.0005897728879296071
2023-08-30,0.49462510667726073,0.43478354409290537,0.44760412690942014,0.4174766332222132,0.5090459123059562,0.507139498953481,0.39179199558662464,0.4072049504039919,0.44520731218816223,0.515047452066878,0.5162346337680506,-0.0005703958674167509,-0.0006632227650572586,-0.0006737436589618895,-0.0006823994927530053,-0.0005895100694950361,-0.0005953814666119772,-0.0007350836001677741,-0.0006845680314650493,-0.0006478726523921341,-0.0006278151925179776,-0.0006184000410984769
2023-08-31,0.4926553098067127,0.43263008851595186,0.4454209147617831,0.4153022835919294,0.507017245398435,0.5050913257262721,0.3895149098610822,0.4050358010032831,0.44307172789389343,0.5129418678649144,0.5141454074634952,-0.0005973799785960465,-0.0006922028842829553,-0.0007031064380306762,-0.0007114936918551917,-0.000617273527590112,-0.0006234092167602956,-0.0007652843966677869,-0.0007135428054299564,-0.0006767413955512946,-0.0006564220822858902,-0.0006468441997458108
2023-09-01,0.4906753904242528,0.4304666180479627,0.44322758531106976,0.4131181598249878,0.5049782082770609,0.5030326879573975,0.38722813030467856,0.4028570016373227,0.44092595069233326,0.5108259433698271,0.51204580085135,-0.0006241873154285149,-0.0007209781695386441,-0.0007322611565927506,-0.0007403773485269993,-0.000644854324517552,-0.0006512524900919026,-0.0007952587332026306,-0.0007423064305988603,-0.0007054098800433617,-0.0006848347261987353,-0.000675096946788023
2023-09-02,0.48868593441987973,0.42829377289465603,0.44102478759875224,0.4109249082387499,0.5029294043257233,0.5009641948308936,0.3849323336122753,0.4006691970478963,0.4387706155534773,0.5087003047177161,0.509936435238991,-0.0006508099451923988,-0.0007495401057546758,-0.000761199187297279,-0.0007690419156299866,-0.0006722442986756283,-0.0006789030473339785,-0.0008249977398835373,-0.0007708503953524071,-0.0007338696224031827,-0.0007130447164979126,-0.0007031499217822201
2023-09-03,0.4866875305056328,0.42611219603587064,0.4388131734681126,0.40872317785164625,0.5008714398184736,0.4988864584471552,0.3826281991470493,0.39847303464158,0.4366063602756694,0.5065655809192563,0.5078179348216394,-0.0006772399898227754,-0.0007778802409944552,-0.0007899119669161347,-0.0007974789108574076,-0.0006994353449301105,-0.000706352706241753,-0.0008544926164604782,-0.0007991662530724697,-0.0007621122009348058,-0.0007410437053941843,-0.0007309948234021091
2023-09-04,0.48468077004138127,0.42392253303529726,0.43659339737135416,0.406513620191121,0.4988049237401185,0.49680009364180594,0.38031640873945893,0.39626916429816356,0.43443382529686564,0.5044224036735648,0.5056909264976521,-0.0007034696282446351,-0.0008059901889559407,-0.000818390998875318,-0.0008256799192446485,-0.000726419417013624,-0.0007335933440195674,-0.0008837346349246378,-0.000827245624640538,-0.0007901292582051522,-0.0007688234075353684,-0.0007586234118930335
2023-09-05,0.4826662468598324,0.42172543184944594,0.4343661161759366,0.4042968891008338,0.49673046760601297,0.494705717803758,0.37799764648547884,0.39405823817833774,0.43225365350511924,0.5022714071812686,0.5035560396830122,-0.0007294910986854752,-0.0008338616314534364,-0.0008466278557710538,-0.0008536365956601788,-0.0007531885299044694,-0.0007606168997245644,-0.0009127151420925128,-0.0008550802009192893,-0.0008179125035157608,-0.0007963756024611524,-0.0007860275115116888
2023-09-06,0.4806445570908058,0.41952154263590546,0.4321319889701986,0.4020736405471783,0.4946486852811019,0.4926039506925172,0.3756725985441652,0.391840910530712,0.43006649004833836,0.5001132279568357,0.5014139061250761,-0.000755296700974073,-0.0008614863208786239,-0.0008746141818639086,-0.0008813406672733004,-0.0007797347621917861,-0.0007874153766516678,-0.0009414255621656986,-0.000882661745209623,-0.0008454537153581021,-0.0008236921370340378,-0.0008131990129429667
2023-09-07,0.47861629898483043,0.41731151756095153,0.42989167686832475,0.3998445324251704,0.4925601927982679,0.490495414254786,0.3733419529346105,0.38961783749821055,0.4278729821433788,0.4979485046402213,0.4992651597156259,-0.0007808787988171639,-0.0008888560826414427,-0.0009023416955487584,-0.0009087839360034655,-0.0008060502584180118,-0.0008139808447005237,-0.0009698573992688586,-0.0009099820956890436,-0.0008727447438435232,-0.0008507649278511331,-0.00084012987570381
2023-09-08,0.476582072736111,0.4150960106065594,0.42764584281470874,0.3976102243637659,0.49046560817603707,0.488380732440419,0.3710063993323469,0.38738967692390963,0.4256737788845193,0.4957778778078805,0.497110436303295,-0.0008062298220606334,-0.0009159628175892109,-0.0009298021918086041,-0.0009359582809461142,-0.0008321272314048556,-0.0008403054427219003,-0.0009980022399640465,-0.0009370331678260624,-0.0008997775131182606,-0.000877585963639127,-0.0008668121305177579
2023-09-09,0.47454248030492224,0.41287567737688124,0.425395151387779,0.395371377530667,0.48836555123569786,0.4862605310177875,0.3686666288652609,0.38515708815637095,0.42346953105138585,0.4936019897832163,0.494950373505407,-0.0008313422689287808,-0.0009427985044026532,-0.0009569875446410192,-0.0009628556607752525,-0.0008579579645562885,-0.0008663813808435505,-0.0010258517557401592,-0.0009638069567731722,-0.0009265440237509193,-0.0009041473076210615,-0.0008932378816767228
2023-09-10,0.47249812523947854,0.41065117490424147,0.42314026860333914,0.3931286544366709,0.4862606434178856,0.4841354373886031,0.3663233339090769,0.38292073185452924,0.42126089091637536,0.4914214844465011,0.49278561051929576,-0.000856208708244377,-0.0009693552019703344,-0.0009838897094622823,-0.000989468116123604,-0.0008835348141426613,-0.000892200942775645,-0.0010533977054773547,-0.000990295539735897,-0.0009530363551003007,-0.0009304410998685064,-0.0009193993093757347
2023-09-11,0.4704496124973338,0.40842316145470997,0.42088186171748243,0.39088271873962355,0.48415150759868836,0.4820060804022599,0.3639772078824723,0.3806812697921943,0.4190485120516374,0.48923700704434514,0.49061678793315683,-0.0008808217816284047,-0.0009956250517388354,-0.0010105007254894716,-0.001015787771937171,-0.0009088502115628949,-0.0009177564880949451,-0.0010806319378861562,-0.0010164910783159176,-0.0009792466676592504,-0.0009564595596252001,-0.0009452886720273668
2023-09-12,0.4683975482663664,0.40619229633331244,0.41862059902914095,0.3886342350480306,0.48203876790532735,0.47987309016974855,0.3616289450418842,0.3784393646622198,0.4168330491356719,0.48704920399875684,0.4884445475364864,-0.0009051742056759848,-0.0010216002800361168,-0.0010368127180943043,-0.0010418068398069802,-0.0009338966655837444,-0.0009430404545039961,-0.0011075463939186903,-0.0010423858208318815,-0.0010051672053745797,-0.0009821949876100966,-0.0009708983085525702
2023-09-13,0.4663425397853967,0.40395923968892905,0.4163571496823238,0.3863838687243917,0.4799230495314692,0.4777370978771952,0.3592792402760668,0.37619567988040226,0.41461515775959873,0.48485872271585556,0.48626953213016544,-0.0009292587741132063,-0.0010472732003746765,-0.0010628179011354932,-0.0010675176202715742,-0.000958666764555971,-0.0009680453600704464,-0.0011341331091546114,-0.0010679721046131796,-0.0010307902979425076,-0.0010076397682961535,-0.0009962206406483043
2023-09-14,0.4642851951644959,0.40172465231894766,0.4140921834681088,0.38413228568830676,0.4778049785522191,0.47559873559908417,0.3569287889004636,0.37395087938916566,0.41239549423315885,0.48266621139429433,0.484092385336246,-0.0009530683599288658,-0.00107263621572401,-0.0010885085792604055,-0.0010929125050974653,-0.0009831531786090864,-0.0009927638054404997,-0.00116038421615694,-0.0010932423582670214,-0.001056108363077235,-0.001032786372163419,-0.0010212481750285218
2023-09-15,0.46222612320503687,0.39948919547372164,0.4118263706264382,0.38188015221942034,0.4756851817388562,0.47345863611121625,0.3545782864514517,0.37170562746109154,0.4101747153905006,0.4804723188334471,0.48191375140749065,-0.0009765959174835581,-0.001097681820760421,-0.0011138771501842948,-0.0011179839795301127,-0.0010073486618193406,-0.0010171884760284966,-0.0011862919468010324,-0.0011181891039181435,-0.0010811139087562038,-0.0010576273579275264,-0.001045973505643727
2023-09-16,0.4601659332195397,0.39725353066089697,0.40956038164778513,0.37962813476025964,0.4735642863733617,0.4713174327034609,0.3522284284805216,0.36946058850234736,0.4079534783958121,0.47827769424141925,0.4797342750367302,-0.0009998344845943974,-0.0011224026040857482,-0.0011389161069390585,-0.001142724624516367,-0.0010312460543540625,-0.001041312144181572,-0.0012118486345724655,-0.00114280495942376,-0.0011057995354363803,-0.0010821553747407675,-0.0010703893158703348
2023-09-17,0.4581052348513666,0.39501831944966,0.40729488707474504,0.37737689971902194,0.4714429200627965,0.4691757589923552,0.3498799103484528,0.3672164268560806,0.40573244054885677,0.47608298704293595,0.47755460116608706,-0.0010227771845952582,-0.001146791250422885,-0.0011636180400942386,-0.0011671271189017673,-0.001054838284589965,-0.0010651276713180002,-0.0012370467168359434,-0.001167082640555872,-0.0011301579382431703,-0.0011063631643681293,-0.001094488380677494
2023-09-18,0.45604463789431793,0.39278422327496904,0.4050305573036101,0.37512711327237525,0.4693217105535812,0.4670342487336062,0.3475334270195442,0.3649738066058276,0.40351225909046656,0.47388884668716635,0.4753753747961271,-0.001045417228372314,-0.0011708405427789392,-0.0011879756399504893,-0.0011911842415952,-0.0010781183712067488,-0.0010886280100403933,-0.001261878737074007,-0.001191014963157766,-0.001154181909133467,-0.0011302435633354646,-0.0011182635687640996
2023-09-19,0.4539847521121849,0.39055190324182537,0.402768062385989,0.3728794411683242,0.46720128554573653,0.4648935356345536,0.3451896728559642,0.36273339137900024,0.40129359100805395,0.4716959224555418,0.47319724079499353,-0.0010677479163725967,-0.001194543364581635,-0.0012119816987025134,-0.0012148888737074093,-0.0011010794252523382,-0.001111806206220034,-0.0012863373470921036,-0.0012145948452707556,-0.0011778643390280563,-0.0011537895050489078,-0.0011417078446696594
2023-09-20,0.4519261870583114,0.38832201992964166,0.40050807183052844,0.3706345485292065,0.46508227250713696,0.46275425316664376,0.34284934141227746,0.3604958441505092,0.3990770928411997,0.4695048632696237,0.47102084370758013,-0.0010897626405857452,-0.001217892701784129,-0.0012356291125706353,-0.00123823400065598,-0.0011237146521811403,-0.0011346554010560062,-0.001310415309193902,-0.001237815309228063,-0.001201198219914712,-0.0011769940218847585,-0.0011648142708557407
2023-09-21,0.4498695518952155,0.3860952331967652,0.3982512544047929,0.3683930996548704,0.4629652984878319,0.46061703437797663,0.34051312523021005,0.3582618270465782,0.39686342048737155,0.4673163174990756,0.4688468275647998,-0.0011114548865009954,-0.0012408816449421267,-0.0012589108839052843,-0.0012612127142427876,-0.0011460173538656582,-0.001157168833104183,-0.001334105498323357,-0.0012606694837207777,-0.0012241766469225368,-0.0011998502472536088,-0.0011875760097590504
2023-09-22,0.44781545521433025,0.38387220198521566,0.39599827793736786,0.3661557578260996,0.4608509899344925,0.45848251170597654,0.33818171563371685,0.35603200114880984,0.3946532290078333,0.4651309327698013,0.4666758356930059,-0.0011328182350338056,-0.0012635033912577476,-0.001281820123255284,-0.0012838182146961974,-0.0011679809305775724,-0.0011793398402774047,-0.001357400904171857,-0.0012831506058311737,-0.0012467928203654943,-0.0012223514176307182,-0.0012099863258148158
2023-09-23,0.4457645048559106,0.3816535841256939,0.3937498091202369,0.36392318510833654,0.4587399725050361,0.4563513167902432,0.33585580252440594,0.35380702629856214,0.3924471724338023,0.462949355772302,0.4645085105236214,-0.0011538463644256147,-0.0012857512465918597,-0.0013043500514081652,-0.001306043812685287,-0.001189598882940901,-0.001201161861818234,-0.001380294633254453,-0.0013052520230331655,-0.001269040047754022,-0.0012444908745573025,-0.0012320385874497464
2023-09-24,0.4437173077291645,0.37944003614291844,0.391506513311497,0.36169604215576684,0.45663287088348264,0.4542240802856399,0.3335360741773867,0.35158756090168924,0.3902459035729111,0.460772232070309,0.4623454934030325,-0.0011745330521145125,-0.001307618627446494,-0.0013264940013961168,-0.0013278829312981522,-0.0012108648138560718,-0.0012226284402392373,-0.001402779910948282,-0.0013269671951622874,-0.0012909117457753916,-0.0012662620666124558,-0.0012537262690450746
2023-09-25,0.44167446963265766,0.37723221306135035,0.3892690543384696,0.3594749880158217,0.4545303085951021,0.45210143167567207,0.3312232170375978,0.34937426173371033,0.3880500738160306,0.4586002059097526,0.4601874244028048,-0.0011948721765769332,-0.001329099062911454,-0.0013482454204675753,-0.0013493291079880176,-0.0012317724303918531,-0.0012437332232346776,-0.0014248500834979638,-0.001348289696349314,-0.0013124014422422614,-0.001287658551349713,-0.0012750429528670115
2023-09-26,0.4396365950750493,0.37503076821135944,0.3870380943012616,0.3572606799341544,0.45243290782190226,0.44998399908621395,0.3289179155166774,0.3471677837454572,0.38586033294451305,0.4564339200281179,0.4580349421302755,-0.0012148577191385956,-0.0013501861965807826,-0.001369597872028172,-0.001370375996486095,-0.0012523155456484192,-0.0012644699655594005,-0.0014464986199841934,-0.0013692132169234594,-0.0013335027780081998,-0.0013086739972054673,-0.0012959823309656726
2023-09-27,0.43760428709620697,0.37283635303589485,0.3848142933768409,0.35505377316015097,0.45034128921851624,0.4478724090996345,0.32662085179043415,0.3449687798692659,0.3836773289379121,0.45427401546424984,0.45588868353957923,-0.0012344837657560226,-0.001370873788432092,-0.0013905450375437112,-0.0013910173686796923,-0.0012724880805871086,-0.0012848325308781328,-0.0014677191142568602,-0.0013897315652781073,-0.0013542095088480144,-0.0013293021853706954,-0.001316538207042306
2023-09-28,0.4355781470887585,0.37064961689771186,0.38259830962367886,0.35285492075303165,0.4482560717285399,0.4457672865693832,0.32433270559698074,0.34277790082576176,0.3815017077822344,0.4521211313686582,0.4537492837431628,-0.0012537445087660304,-0.0013911557166741972,-0.0014110807184107843,-0.0014112471164545726,-0.001292284065830207,-0.0013048148935799753,-0.0014885052868304771,-0.0014098386697039,-0.0013745155073070503,-0.0013495370116329286,-0.0013367044982825482
2023-09-29,0.43355877462012954,0.3684712068872148,0.3803907987870194,0.3506647733885999,0.4461778724013758,0.44366925443508487,0.3220541540355887,0.34059579493130154,0.37933411327878247,0.4499759048143836,0.451617375823846,-0.0012726342486051312,-0.001411025979558278,-0.0014311988377912477,-0.0014310592535028421,-0.001311697643427534,-0.0013244111405624204,-0.001508850986741861,-0.0014295285801852464,-0.001394414764513574,-0.001369372488181364,-0.0013564752371559297
2023-09-30,0.43154676725512187,0.3663017676309731,0.37819241410483473,0.3484839791666968,0.44410730620964034,0.4415789335382023,0.31978587136632364,0.3384231079061263,0.377175186853643,0.4478389706084766,0.44949359064748096,-0.0012911473954955732,-0.001430478697153681,-0.0014508934424097286,-0.0014504479170945328,-0.001330723068588835,-0.0013436154729803973,-0.001528750193371009,-0.0014487954701608574,-0.0014139013919572951,-0.0013888027453795582,-0.001375844573183016
2023-10-01,0.4295427203790851,0.36414194110096576,0.3760038061145209,0.3463131834194185,0.44204498586718166,0.43949694243831866,0.3175285288105202,0.3362604826832817,0.3750255673678789,0.4457109611041489,0.4473785566762694,-0.001309278471099018,-0.0014495081130883047,-0.001470158704315938,-0.001469407369811937,-0.0013493547113850313,-0.0013624222079633985,-0.0015481970182227855,-0.0014676336382479782,-0.0014329696232316946,-0.001407822033501649,-0.0013948067746660797
2023-10-02,0.4275472270217319,0.36199236642461097,0.3738256224603933,0.344153028520151,0.43999152164776867,0.43742389723009656,0.3152827943521577,0.33410855921836474,0.37288589092848007,0.4435925060136489,0.4452728997827917,-0.0013270221101385204,-0.0014681085962520712,-0.0014889889226091801,-0.0014879320012481934,-0.0013675870584131111,-0.0013808257802958024,-0.001567185706668972,-0.0014860375099294831,-0.0014516138157403824,-0.0014264247244345496,-0.001413356230384022
2023-10-03,0.425560877681651,0.35985367969563903,0.371658507702039,0.3420041536934827,0.43794752120450114,0.43536041136096515,0.3130493325401931,0.3319679743001495,0.3707567907001291,0.441484232221921,0.4431772430647993,-0.0013443730619859817,-0.0014862746424624262,-0.0015073785251246696,-0.0015060163296668483,-0.0013854147144279905,-0.001398820744064444,-0.0015857106396507392,-0.001504001639204,-0.001469828452366706,-0.0014446053133422843,-0.0014314874512544873
2023-10-04,0.42358426015156925,0.35772651378586107,0.36950310312358065,0.33986719482604666,0.43591358938999475,0.4333070954495913,0.31082880429190934,0.32983936136215236,0.3686388967178376,0.4393867636010987,0.4410922066608304,-0.0013613261922157394,-0.0015040008760944246,-0.0015253220700829906,-0.0015236550036243357,-0.001402832403939902,-0.001416401774270215,-0.0016037663353428155,-0.0015215207101962336,-0.0014876081431065558,-0.0014623584202963502,-0.0014491950719581204
2023-10-05,0.4216179593444151,0.3556114981578928,0.3673600465439101,0.33774278427835264,0.4338903280773964,0.43126455710518813,0.3086218666973401,0.3277233502951877,0.3665328357005083,0.43730072082589205,0.4390184075667026,-0.001377876484123186,-0.0015212820516698478,-0.0015428142477007523,-0.0015408428035526,-0.0014198349727739812,-0.0014335636684030817,-0.0016213474507738579,-0.001538589538731261,-0.0015049476266637551,-0.0014796787918668342,-0.001466473852524297
2023-10-06,0.4196625571202315,0.35350925867888555,0.3652299721279474,0.3356315506976599,0.4318783359822794,0.42923340074771293,0.30642917282482546,0.3256205672609732,0.36443923086547964,0.43522672118991945,0.43695645945293166,-0.0013940190402114139,-0.0015381130554112943,-0.0015598498817612216,-0.001557574643305526,-0.001436417389596878,-0.0014503013479826299,-0.001638448783409574,-0.0015552030738685274,-0.0015218417720059274,-0.0014965613026769464,-0.0014833186798842157
2023-10-07,0.41771863211399624,0.35142041743532293,0.36311351019898225,0.3335341188319513,0.429878208485475,0.4272142274290099,0.30425137152775983,0.3235316345068396,0.36235870174410517,0.4331653784230405,0.43490697248313787,-0.0014097490836378346,-0.0015544889067539702,-0.0015764239311459871,-0.0015738455716626243,-0.0014525747474042894,-0.0014666098600603084,-0.0016550652726898263,-0.0015713563993952073,-0.0015382855798835582,-0.0015130009569204739,-0.0014997245693827987
2023-10-08,0.4157867595643936,0.34934559254893544,0.36101128705214974,0.33145110934506056,0.42789053745688804,0.4252076346549496,0.302089107252584,0.3214571701815963,0.36029186399842433,0.43111730250974406,0.4328705531334891,-0.0014250619596297143,-0.0015704047598197879,-0.0015925314913274868,-0.001589650773794249,-0.0014683022649742417,-0.0014824843786848119,-0.0016711920015288206,-0.0015870447352828165,-0.0015542741843095342,-0.001528992889838543,-0.0015156866662529023
2023-10-09,0.41386751114359155,0.3472853979937878,0.3589239247691007,0.3293831386330069,0.4259159110803546,0.42321421620861666,0.29994301984808486,0.3193977881526124,0.35823932923897844,0.4290830995086425,0.4308478040132336,-0.0014399531368607388,-0.0015858559048513854,-0.0016081677958192375,-0.0016049855726871787,-0.0014835952882813475,-0.0014979202063308827,-0.0016868241977673337,-0.0016022634390999158,-0.0015698028539984366,-0.0015445323691621327,-0.0015312002470533326
2023-10-10,0.41196145478807555,0.34524044341459365,0.356852041033917,0.3273308186415951,0.42395491367958804,0.4212345619746006,0.29781374437605246,0.3173540978241622,0.3562017048438248,0.427063371373132,0.4288393236863789,-0.0014544182087919966,-0.0016008377696071774,-0.0016233282175873165,-0.0016198454305270116,-0.0014984492918739822,-0.001512912775288644,-0.0017019572355874701,-0.001617008007387566,-0.0015848669937671978,-0.0015596147965079021,-0.0015462607210660617
2023-10-11,0.4100691545305868,0.3432113339463136,0.3547962489503295,0.3252947566853285,0.422008125545269,0.4192692577644386,0.29570191092335557,0.3153267039570937,0.35417959377880404,0.42505871577326143,0.4268457064945671,-0.0014684528949760467,-0.0016153459207117749,-0.001638008270418767,-0.001634225950043533,-0.0015128598802132132,-0.0015274576490157399,-0.0017165866368798466,-0.001631274076990763,-0.0015994621458945146,-0.0015742357087439318,-0.0015608636316543079
2023-10-12,0.4081911703332158,0.3411986700350844,0.3527571568602901,0.32327555526769763,0.42007612276332695,0.41731888514326515,0.2936081444154892,0.3133162064898699,0.3521735944191132,0.42306972591887504,0.4248675423811994,-0.0014820530423231837,-0.0016293760649699895,-0.0016522036102500914,-0.001648122875809066,-0.001526822788974369,-0.0015415505234502302,-0.0017307080725690316,-0.0016450574263499607,-0.0016135839914399042,-0.0015883907793065033,-0.0015750046575822574
2023-10-13,0.4063280579217003,0.33920304726053796,0.3507353681639539,0.32127381190288756,0.418159477044468,0.41538402125771773,0.2915330644316485,0.3113232003610374,0.3501843003722361,0.42109699038407017,0.4229054167168626,-0.001495214626331065,-0.001642924050636596,-0.0016659100364519452,-0.0016615320954999624,-0.0015403338863081428,-0.00155518722828335,-0.001744317363895187,-0.00165835397674996,-0.0016272283515222363,-0.001602075819482962,-0.001588679614292543
2023-10-14,0.4044803686209772,0.33722505615955994,0.3487314811411239,0.319290118938965,0.4162587555549963,0.4134652386651485,0.28947728502138553,0.30934827533317377,0.34821230030228584,0.4191410929330303,0.42095991012610845,-0.001507933752275592,-0.0016559858686442386,-0.0016791234930719212,-0.0016744496411123522,-0.00155338917406328,-0.00156836372819541,-0.0017574104836498572,-0.0016711597935281097,-0.0016403911885556899,-0.0016152867796491721,-0.0016018844551455302
2023-10-15,0.40264864919203747,0.3352652820515397,0.3467460887742094,0.3173250633825927,0.41437452074898035,0.41156310516419725,0.28744141452290184,0.3073920158183682,0.3462581777558096,0.4172026123472779,0.4190315983156369,-0.0015202066563623218,-0.0016685576537913138,-0.001691840070035866,-0.0016868716901362601,-0.0015659847889700762,-0.001581076124047509,-0.0017699835573686262,-0.0016834710872370984,-0.001653068607445185,-0.0016280197504701666,-0.0016146152726165819
2023-10-16,0.40083344167012963,0.33332430486516557,0.34477977857275377,0.3153792267253241,0.4125073302018135,0.40967818362676905,0.2854260553830323,0.30545500070528475,0.3443225109891078,0.4152821222544059,0.4171210519039368,-0.0015320297068414646,-0.0016806356858842797,-0.0017040560043039554,-0.0016987945666880888,-0.0015781170037836856,-0.0015933206540375555,-0.0017820328644762573,-0.001695284214766557,-0.0016652568567381842,-0.0016402709640546131,-0.0016268682994517447
2023-10-17,0.399035283204363,0.3314026989668147,0.3428331323995805,0.3134531847715314,0.4106577364452188,0.40781103183147255,0.28343180397897,0.30353780318785856,0.3424058727971182,0.41338019095833056,0.4152288362524288,-0.001543399405082635,-0.0016922163908386079,-0.0017157676809847477,-0.001710214742597027,-0.0015897822283864604,-0.0016050936948118766,-0.0017935548393893663,-0.001706595680422529,-0.0016769523297363031,-0.0016520367950711434,-0.0016386399097831905
2023-10-18,0.3972547058987574,0.3295010329905876,0.34090672629861096,0.3115475074680164,0.40882628680374605,0.4059622022985633,0.2814592504417902,0.3016409905956798,0.34050883034391816,0.4114973812711211,0.413355511298167,-0.0015543123866087472,-0.001703296341737881,-0.001726971634404495,-0.0017211288384486045,-0.0016009770108508237,-0.0016163917625385271,-0.0018045460725696905,-0.001717402136960311,-0.0016881515655601809,-0.001663313761821661,-0.0016499266202023022
2023-10-19,0.395492236654784,0.3276198696700415,0.33900113032440277,0.3096627587353523,0.40701352323280954,0.40413224212644505,0.27950897848181966,0.29976512422611123,0.3386319449948896,0.40963425034645606,0.4115016313881445,-0.0015647654220934948,-0.0017138722598464273,-0.0017376645491335996,-0.0017315336245865565,-0.0016116980384601742,-0.0016272115139373544,-0.0018150033115350017,-0.0017277003865754925,-0.0016988512501761588,-0.001674098527269463,-0.001660725090789572
2023-10-20,0.393748397015448,0.3257597656716684,0.3371169083734632,0.30779949630101183,0.4052199821583142,0.4023216928297739,0.2775815652159083,0.2979107591781918,0.3367757721506035,0.40779134951475027,0.40966774511525245,-0.001574755418314866,-0.0017239410155793222,-0.0017478432609662198,-0.0017414260220673938,-0.0016219421386903243,-0.001637549747269873,-0.0018249234618197274,-0.0017374873818499226,-0.0017090482173753307,-0.0016843879000298378,-0.0016710321261040328
2023-10-21,0.39202370301095396,0.3239212714301673,0.33525461801738193,0.3059582715343263,0.4034461943179193,0.4005310901792155,0.2756775809966507,0.29607844418837254,0.33494086108246784,0.40596922412000985,0.40785439515594346,-0.0015842794190727427,-0.0017334996294303684,-0.0017575047578575198,-0.0017508031035713412,-0.0016317062801471938,-0.0016474034032866736,-0.0018343035878917724,-0.0017467602266548754,-0.0017187394497108488,-0.0016941788353110332,-0.0016808446761281681
2023-10-22,0.39031866500600554,0.3221049309855629,0.3334148103378359,0.3041396292833266,0.4016926846039846,0.3987609640429026,0.273797589243609,0.2942687214681383,0.33312775477018813,0.40416841335845377,0.40606211810964465,-0.0015933346060619802,-0.00174254527285167,-0.0017666461808160672,-0.0017596620942693098,-0.0016409875734638701,-0.001656769566132088,-0.001843140914021546,-0.0017555161770060335,-0.0017279220793913752,-0.0017034684358184227,-0.001690159837170302
2023-10-23,0.38863378754878,0.3203112818222147,0.33159802976351804,0.3023441077135138,0.3999599719082452,0.3970118382296372,0.27194214627658964,0.29248212654355776,0.3313369897410924,0.40238945011895916,0.40429144433996883,-0.001601918299706906,-0.0017510752690920173,-0.0017752648247466585,-0.0017680003726435745,-0.0016497832721569239,-0.0016656454642081098,-0.0018514328251011958,-0.0017637526418767813,-0.0017365933891291263,-0.0017122539526091551,-0.0016989748527245774
2023-10-24,0.38696956922162384,0.3185408547097672,0.329804813909029,0.300572238148608,0.398248568968265,0.3952842303338883,0.2701118011510177,0.2907191880968125,0.32956909591136335,0.40063286082536875,0.40254289781777164,-0.0016100279599544631,-0.0017590870939881986,-0.001783358139254454,-0.001775815471262765,-0.0016580907734370376,-0.0016740284709935715,-0.0018591768674212084,-0.0017714671839647589,-0.001744750812943896,-0.0017205327859081687,-0.00170728711428636
2023-10-25,0.38532650249351486,0.31679417354608663,0.32803569341579036,0.2988245449133196,0.3965589822157073,0.3935786515826266,0.26830709549546283,0.2889804278097518,0.3278245964292278,0.39889916528071584,0.4008169959661009,-0.0016176611870259427,-0.0017665783767121246,-0.0017909237293974312,-0.0017831050775141688,-0.0016659076189813882,-0.0016819161058220788,-0.001866370749395052,-0.0017786575204128963,-0.0017523919369230034,-0.0017283024858749663,-0.0017150941621230653
2023-10-26,0.3837050735743324,0.3150717552022306,0.3262911917950185,0.2971015451781949,0.39489171162647535,0.39189560668404505,0.26652856335136405,0.2872663602095188,0.32610400752014923,0.3971888765134044,0.39911424950708146,-0.0016248157221261939,-0.0017735469004728777,-0.0017979593563955398,-0.001789867034285686,-0.0016732314956591776,-0.0016893060346153121,-0.0018730123422369127,-0.0017853215234848174,-0.0017595144999342782,-0.001735560753330423,-0.00172239368600402
2023-10-27,0.3821057622709794,0.31337410936949783,0.32457182527280914,0.295403748806576,0.39324725057275994,0.39023559367820654,0.26477673101499616,0.2855774925162927,0.324407838334067,0.39550250062539655,0.3974351623107849,-0.0016314894481140318,-0.0017799906031723545,-0.0018044629382937827,-0.0017960993406054837,-0.0016800602362179728,-0.0016961960705744739,-0.001879099680592966,-0.0017914572211949475,-0.0017661163942973568,-0.0017423054404364646,-0.0017291835258826382
2023-10-28,0.38052904184540154,0.31170173840860327,0.32287810263737826,0.29373165820372393,0.39162608567704416,0.3885991037896664,0.26305211688173197,0.28391432449319554,0.32273659079473216,0.3938405366424486,0.39578023124612655,-0.0016376803901258508,-0.0017859075780147782,-0.001810432550577612,-0.0018018001522340232,-0.0016863918199230832,-0.0017025841748274928,-0.0018846309631216362,-0.0017970627978916576,-0.0017721956664052962,-0.0017485345513318373,-0.001735461672536076
2023-10-29,0.3789753788745395,0.3100551372010196,0.3212105250885031,0.2920857681681495,0.39002869666810236,0.3869866212821115,0.2613552312926398,0.2822773482984032,0.32109075945117915,0.39220347636644187,0.39414994603383374,-0.001643386716162487,-0.0017912960740725237,-0.001815866426742585,-0.00180696778220929,-0.0016922243731573583,-0.0017084684570310427,-0.0018896045530275574,-0.0018021365947942791,-0.0017777505173038333,-0.001754246242722024,-0.0017412262681599233
2023-10-30,0.3774452331122627,0.30843479300253573,0.3195695860892092,0.29046656574519425,0.388455556239042,0.38539862331505814,0.2596865763834658,0.28066704833950784,0.319470831331382,0.3905918042298493,0.3925447891015298,-0.0016486067376300095,-0.0017961544968027598,-0.0018207629588175012,-0.0018116007013463942,-0.0016975561699742459,-0.0017138471759314267,-0.0018940189785454087,-0.0018066771104849888,-0.0017827793032226813,-0.0017594388244262515,-0.0017464756069171528
2023-10-31,0.37593905735331945,0.3068411852990687,0.3179557712197465,0.2888745300829053,0.3869071299074252,0.38383557980265287,0.2580466459360436,0.27908390113017467,0.3178772857981329,0.38900599715238593,0.3909652354409753,-0.0016533389098405404,-0.001800481408520016,-0.0018251206978394663,-0.001815697538690264,-0.0017023856326094378,-0.00171871873987961,-0.0018978729333757327,-0.0018106830013521757,-0.0017872805360638067,-0.0017641107598753147,-0.00175120813544416
2023-11-01,0.374457297299349,0.30527478566477667,0.3163695580338987,0.2873101322902487,0.38538387587751566,0.3822979532746184,0.2564359252321765,0.2775283751491334,0.31631059440719317,0.387446524399879,0.38941175246751086,-0.0016575818324680025,-0.001804275528821564,-0.0018289383542836601,-0.0018192570819206,-0.0017067113319470528,-0.0017230817073008442,-0.0019011652770712373,-0.0018141530819880125,-0.001791252883839578,-0.0017682606665687661,-0.0017554224533097296
2023-11-02,0.3730003914269907,0.3037360576225122,0.31481141591766715,0.28577383529769984,0.3838862449046871,0.38078619873938213,0.2548548909100349,0.27600093070154774,0.31477122076775077,0.38591384744540524,0.38788479988174157,-0.0016613342499631756,-0.0018075357349662258,-0.0018322147984440318,-0.0018222782777114754,-0.0017105319879434089,-0.0017269347871234353,-0.00190389503537447,-0.0018170863255401182,-0.001794695171068783,-0.00177188731648259,-0.0017591173134294258
2023-11-03,0.3715687708581313,0.30222545650665916,0.31328180595037197,0.28426609372025574,0.3824146801620393,0.37930076354943293,0.25330401082311105,0.274502019782804,0.3132596204052319,0.3844084198327341,0.3863848295335039,-0.0016645950519256214,-0.0018102610622062199,-0.0018349490607681984,-0.0018247602320423106,-0.0017138464700046652,-0.0017302768391586065,-0.0019060614005059762,-0.0018194818640142607,-0.0017976063791229069,-0.0017749896364325224,-0.0017622916224345753
2023-11-04,0.3701628592323299,0.30074342932839065,0.31178118076821204,0.28278735372290636,0.3809696171092547,0.3778420872689418,0.251783743901774,0.2730320859447581,0.3117762406265034,0.3829306870421162,0.384912285288156,-0.0016673632734314214,-0.0018124507040737647,-0.0018371403321434943,-0.0018267022104627162,-0.0017166537973222762,-0.0017331068744397826,-0.0019076637314034417,-0.0018213389885322617,-0.0017999856465284458,-0.0017775667083920754,-0.0017649444409960635
2023-11-05,0.3687830725814554,0.2992904146433924,0.3103099844303211,0.28133805288860747,0.3795514833637395,0.37641060154368816,0.25029454001746443,0.2715915641644817,0.31032152038750666,0.38148108635845873,0.3834676028952312,-0.0016696380953192258,-0.0018141040126183339,-0.0018387879641379445,-0.0018281036383102633,-0.0017189531391630375,-0.0017354240555136347,-0.0019087015539114294,-0.001822657149541107,-0.0018018322692224809,-0.001779617769764319,-0.0017670749841022793
2023-11-06,0.36742981920657636,0.29786684242208605,0.30886865228736476,0.2799186200887928,0.3781606985740845,0.3750067299733285,0.24883683984957072,0.27018088071554547,0.3088958901633647,0.3800600467419256,0.3820512098594922,-0.001671418844432948,-0.0018152204985996678,-0.0018398914691906132,-0.0018289641008799595,-0.0017207438151145005,-0.0017372276966890476,-0.001909174560921545,-0.0018234359569755387,-0.0018031457007592344,-0.0017811422136072563,-0.00176868262129104
2023-11-07,0.36610349955713833,0.29647313392239555,0.3074576108527131,0.27852947535646444,0.3767976742958847,0.3736308879860463,0.24741107475502466,0.2688004530418778,0.30749977182099714,0.378667988701002,0.3806635253144256,-0.0016727049938198846,-0.0018157998316311597,-0.0018404505207565425,-0.0018292833435470945,-0.0017220252952870885,-0.0017385172642399027,-0.0019090826124635307,-0.0018236751803739626,-0.0018039255524733844,-0.0017821395888132363,-0.0017697668768370534
2023-11-08,0.36480450611246407,0.2951097015650883,0.30607727767622833,0.2771710297618977,0.375462813869953,0.3722834827156209,0.24601766664065614,0.26745068963423574,0.3061335784942828,0.37730532416805784,0.3793049598982144,-0.0016734961628878109,-0.0018158418402791643,-0.0018404649534031203,-0.0018290612718425692,-0.0017227972004698056,-0.0017392923765622847,-0.0019084257357462053,-0.0018233747489465602,-0.0018041715935941949,-0.0017826096002432346,-0.0017703274298911942
2023-11-09,0.3635332232656122,0.2937769488117343,0.30472806122070434,0.27584368529099973,0.3741565123029648,0.3709649128809497,0.24465702783834395,0.2661319899093276,0.3047977144618069,0.3759724563774522,0.3779759156322222,-0.0016737921175174475,-0.00181534651211257,-0.0018399347628600404,-0.0018282979514807063,-0.0017230593022440899,-0.001739552804287725,-0.0019072041251501082,-0.0018225347515956059,-0.0018038837513141837,-0.0017825521088128404,-0.0017703641145770388
2023-11-10,0.36229002720963066,0.2924752700453153,0.30341036074099736,0.274547834726354,0.3728791561505707,0.36967556866806023,0.2433295609830003,0.2648447440916178,0.30349257502722904,0.37466977974620747,0.37667678580202957,-0.001673592770130572,-0.0018143139937066843,-0.0018388601060188026,-0.0018269936083406546,-0.0017228115230492613,-0.0017392984703518133,-0.0019054181421693794,-0.0018211554368899874,-0.0018030621108102163,-0.0017819671315352226,-0.0017698769200391595
2023-11-11,0.36107528582623316,0.2912050504535202,0.30212456616587896,0.27328386153099105,0.3716311234030066,0.3684158316146487,0.24203565889342454,0.2635893330978536,0.302218546402305,0.37339767975729743,0.3754079548410544,-0.0016728981797175524,-0.0018127445906007678,-0.0018372413008878596,-0.001825148628398332,-0.001722053936207557,-0.0017385294500160131,-0.0019030683153051509,-0.0018192372129908763,-0.0018017069152194698,-0.001780854841513968,-0.0017688659904458448
2023-11-12,0.35988935857693843,0.2899666659147621,0.3008710579826506,0.2720521397349144,0.3704127833732416,0.36718607449717694,0.24077570445606183,0.2623661284243456,0.3009760055926025,0.3721565328455745,0.37416979821679164,-0.0016717085518189179,-0.0018106387672062185,-0.0018350788264975826,-0.001822763557613294,-0.0017207867659006504,-0.001737245970845236,-0.0019001553399090598,-0.0018167806475317683,-0.0017998185655655474,-0.0017792155678940658,-0.0017673316249475768
2023-11-13,0.35873259639669935,0.2887604828869497,0.2996502071245506,0.27085303382442055,0.3692244965876913,0.36598666122055995,0.23955007051170094,0.2611754920370361,0.29976532028593744,0.37094670628637794,0.3729626823197061,-0.001670024238464407,-0.0018079971466700706,-0.0018323733227588734,-0.0018198391017657523,-0.0017190103871053686,-0.0017354484126425596,-0.0018966800779773307,-0.0018137864674499515,-0.0017973976206419606,-0.0017770497957630416,-0.0017652742775879915
2023-11-14,0.3576053415900556,0.2875868582990466,0.2984623748609895,0.2696868986342396,0.3680666146795337,0.3648179467104838,0.23835911974514454,0.26001777626438777,0.2985868487435701,0.36976855808685155,0.3717869643548126,-0.001667845738069662,-0.0018048205106903081,-0.0018291255902738723,-0.0018163761262498523,-0.0017167253254800063,-0.0017331373073337097,-0.0018926435578958678,-0.0018102555587713454,-0.0017944447968452626,-0.0017743581660069618,-0.0017626945571690422
2023-11-15,0.35650792772983997,0.28644613944545017,0.2973079126906444,0.26855407924253605,0.36693948028465373,0.36368027680837445,0.23720320457788516,0.2588933236931236,0.29744093969418994,0.36862243688000135,0.37064299223597225,-0.0016651736952880691,-0.001801109799284717,-0.001825336590098925,-0.0018123756558154347,-0.001713932257211559,-0.0017303133388121283,-0.0018880469741358041,-0.001806188966348543,-0.0017909609679629401,-0.0017711414751233057,-0.001759593227071865
2023-11-16,0.35544067955846975,0.28533866388322143,0.29618716223744496,0.2674549108687932,0.3658434269402529,0.36257398816905945,0.2360826670638175,0.2578024670668497,0.29632793223072035,0.3675086818215322,0.3695311044829403,-0.0016620089008198002,-0.0017968661105124406,-0.0018210074434601986,-0.0018078388742660545,-0.0017106320088134397,-0.001726977342735414,-0.0018828916869003676,-0.00180158789355217,-0.001786947164916619,-0.0017674006749821003,-0.0017559712050291831
2023-11-17,0.3544039128918488,0.2842647593321971,0.29510045514948136,0.2663897187746166,0.36477877898614924,0.36149940816114534,0.23499783878801977,0.2567455291875927,0.2952481557099763,0.3664276224894843,0.36845163012119053,-0.0016583522911789994,-0.0017920907001491848,-0.0018161394314218926,-0.0018027671241084287,-0.0017068255568827295,-0.0017231303062788528,-0.001877179221721953,-0.0017964537019130034,-0.0017824045754549211,-0.001763136872546367,-0.0017518295628565217
2023-11-18,0.3533979345259141,0.2832247435780109,0.29404811300086464,0.2653588181674841,0.36374585146880134,0.3604568547701453,0.2339490407686318,0.255722822820275,0.29420192965520237,0.36537957878670674,0.3674048885845543,-0.001654204948414617,-0.0017867849813160142,-0.0018107339945068746,-0.0017971619061552535,-0.0017025140278093542,-0.0017187733678419304,-0.001870911269011094,-0.0017907879107215141,-0.001777334543803244,-0.001758351329543939,-0.0017471695261318532
2023-11-19,0.3524230421458488,0.2822189243780572,0.293030447196567,0.26436251410747125,0.3627449500480794,0.35944663650438036,0.23293658336186135,0.25473465060016476,0.2931895636615202,0.3643648608461924,0.3663911896206926,-0.0016495680997923867,-0.0017809505240600765,-0.0018047927322708546,-0.0017910248790803385,-0.0016976986974445718,-0.0017139078167132116,-0.001864089683555531,-0.0017845921965759515,-0.0017717385702654687,-0.0017530454620939828,-0.0017419924738350523
2023-11-20,0.35147952423799234,0.281247599370419,0.2920477588802727,0.26340110141697815,0.36177637090681697,0.35846905230368836,0.2319607661701438,0.2537813049433198,0.29221135730431447,0.36338376893930524,0.3654108331994377,-0.0016444431174305607,-0.0017745890548913068,-0.0017983174028290971,-0.0017843578589289422,-0.0016923809907217202,-0.0017085350926873133,-0.0018567164839722872,-0.0017778683928883487,-0.0017656183107805368,-0.0017472208402880551,-0.0017362999379393895
2023-11-21,0.3505676600044738,0.28031105598579337,0.2911003388452642,0.2624748645934877,0.36084040066316503,0.3575243914509621,0.23102187795348567,0.25286306796005814,0.2912676000505849,0.36243659338692485,0.364464109424027,-0.0016388315178935131,-0.0017677024562708366,-0.0017913099223356155,-0.0017771628185794808,-0.001686562481235776,-0.001702656785639911,-0.0018487938521096758,-0.001770618489339959,-0.001758975576430899,-0.0017408791877252527,-0.0017300936029576164
2023-11-22,0.34968771928058995,0.27940957136243527,0.2901884674483726,0.26158407772537756,0.3599373162857765,0.35661293348654605,0.23012019654401528,0.2519802113714759,0.2903585711732858,0.36152361447353554,0.3635512984452572,-0.0016327349617443754,-0.0017602927660538836,-0.0017837723644168468,-0.001769441887160328,-0.0016802448907777268,-0.0016962746350564495,-0.001840324132402149,-0.0017628446312942248,-0.0017518123329091084,-0.0017340223810028976,-0.001723375305444086
2023-11-23,0.3488399624549582,0.2785434122641481,0.2893124145270147,0.2607290044108134,0.35906738501184843,0.3557349481255159,0.2292559887637686,0.2511329964290415,0.2894845396686868,0.3606451023642864,0.3626726703785821,-0.0016261552530516532,-0.0017523621768872344,-0.0017757069595573105,-0.001761197349419208,-0.001673430088823813,-0.0016893905295178868,-0.0018313098311758536,-0.0017545491191605644,-0.0017441306999342876,-0.0017266524491601487,-0.0017161470334516316
2023-11-24,0.3480246403924621,0.2777128350013443,0.28847243931934435,0.25990989767974615,0.3582308642680404,0.3548906951778652,0.22842951034573153,0.250321673837287,0.28864576417677235,0.35980131702504414,0.3618284852241831,-0.0016190943388573187,-0.0017439130355596522,-0.0017671160944401354,-0.0017524316450472366,-0.001666120091983636,-0.0016820065061421974,-0.0018217536159074732,-0.0017457344077145276,-0.0017359329506247412,-0.0017187715730787034,-0.0017084109259413727
2023-11-25,0.34724199436001746,0.2769180853551987,0.2876687903875396,0.2591269999190354,0.3574280015942987,0.354080424471624,0.22764100585816463,0.24954648367961987,0.2878424929047048,0.3589925081454663,0.36101899279002836,-0.0016115543085993278,-0.0017349478423079878,-0.001758002311240181,-0.0017431473679576093,-0.0016583170634031363,-0.0016741247499803547,-0.0018116583144350273,-0.001736403105371126,-0.0017272215108266598,-0.001710382084836204,-0.0017001692721527184
2023-11-26,0.3464922559551768,0.27615939850491816,0.28690170554424843,0.258380542800724,0.3566590345706054,0.3533043757789304,0.2268907086322317,0.24880765534727958,0.28707496355337686,0.35821891506511255,0.36024443261795297,-0.0016035373934939479,-0.0017254692500768831,-0.0017483683068730271,-0.001733347265517382,-0.0016500233121238828,-0.0016657475933709032,-0.0018010269141205404,-0.00172655797341284,-0.001717998958395417,-0.0017014864670174545,-0.001691424510923356
2023-11-27,0.3457756470375959,0.27543699895814716,0.28617141178221756,0.2576707472134829,0.3559241907466745,0.3525627787450778,0.2261788406929529,0.24810540747145626,0.28634340324707225,0.3574807667026212,0.3595050339127734,-0.0015950459658756189,-0.0017154800637348977,-0.0017382169321952246,-0.0017230342377343444,-0.0016412412924000086,-0.0016568775152493442,-0.0017898625609664431,-0.001716201925172467,-0.001708268022432291,-0.0016920873519790103,-0.001682179229968661
2023-11-28,0.345092379663383,0.2747511004845343,0.2854781252071202,0.2569978231972457,0.35522368757461564,0.3518558528205598,0.22550561269350444,0.24743994785859436,0.28564802846625514,0.3567782814879687,0.3588010154744621,-0.0015860825384940713,-0.001704983239242508,-0.0017275511911620245,-0.0017122113363994274,-0.001631973602972847,-0.0016475171404142785,-0.0017781685586844287,-0.0017053380251715322,-0.001698031582477999,-0.0016821875210698,-0.0016724361651161979
2023-11-29,0.3444426560223467,0.2741019060524731,0.28482205097360785,0.25636196988105503,0.35455773234458765,0.3511838071961306,0.2248712238528825,0.24681147342889967,0.2849890449835107,0.3561116672978318,0.3581325856334016,-0.0015766497637717536,-0.0016939818827789166,-0.0017163742399377013,-0.0017008817641833707,-0.0016222229863006588,-0.0016376692387515823,-0.0017659483677178733,-0.0016939694882126544,-0.0016872926676596567,-0.0016717899038092843,-0.0016621981994955903
2023-11-30,0.34382666837816545,0.2734896077690401,0.28420338322460165,0.2557633754241374,0.35392652212345754,0.350546840740903,0.22427586189695142,0.24622017015806702,0.28436664780265347,0.355481121394074,0.35749994218873593,-0.00156675043301846,-0.001682479249822788,-0.001704689385961966,-0.0016890488736884812,-0.0016119923277475023,-0.0016273367244133974,-0.0017532056042178779,-0.0016820996784288333,-0.0016760544557950507,-0.0016608975770198708,-0.001651468362685482
2023-12-01,0.34324459901149346,0.27291438682314856,0.28362230503384167,0.25520221696022277,0.3533302436964844,0.3499451419434986,0.22371970300289215,0.24566621302224745,0.28378102110102255,0.3548868303653728,0.3569032723498385,-0.0015563874756054918,-0.0016704787441881863,-0.0016925000869711937,-0.00167671616645787,-0.0016012846547303061,-0.0016165226549571532,-0.0017399440389734289,-0.0016697321082878303,-0.0016643202724519468,-0.001649513763916144,-0.0016402498298174195
2023-12-02,0.34269662016602087,0.2723764134319307,0.28307898835171363,0.25467866054512894,0.35276907351204834,0.34937888885627194,0.22320291174706958,0.24514976594626972,0.28323233817498106,0.35432897007200503,0.35634275268091414,-0.001545563958098517,-0.001657983917017769,-0.001679809949974631,-0.0016638872919377268,-0.0015901031358215856,-0.0016052302304401245,-0.0017261675962946255,-0.0016568704375525822,-0.0016520935899637657,-0.0016376418331514597,-0.00162854592063566
2023-12-03,0.34218289399750423,0.27187584679036814,0.28257359395436416,0.25419286110762224,0.3522431776294352,0.3488482490426219,0.22272564105633033,0.24467098175513258,0.28272076138863417,0.3538077055938063,0.355818549048751,-0.0015342830833507404,-0.0016449984657319061,-0.0016666227301888048,-0.0016505660463985161,-0.0015784510798126372,-0.001593462792472078,-0.001711880352852857,-0.0016435184721983187,-0.0016393780264026825,-0.0016252852978214105,-0.0016163600985150128
2023-12-04,0.3417035725257819,0.2714128350241836,0.2821062713961272,0.2537449624035721,0.35175271166969735,0.34835337952740636,0.2222880321627505,0.24423000212878096,0.28224644212578326,0.3533231911813224,0.35533081657363724,-0.0015225481895543291,-0.0016315262329344438,-0.0016529423299234125,-0.001636756371811099,-0.0015663319347344329,-0.0015812238232274511,-0.0016970865364731302,-0.0016296801632864344,-0.0016261773445085947,-0.0016124478144231569,-0.0016036959694365471
2023-12-05,0.34125879758978883,0.27098751514600766,0.28167715896526585,0.2533350969734108,0.3512978207696035,0.3478944267504767,0.2218902145618422,0.24382695756018094,0.2818095207451295,0.3528755702101628,0.354879699583459,-0.0015103627492530913,-0.0016175712052761138,-0.0016387727974294108,-0.0016224623546805539,-0.0015537492868366587,-0.0015685169444140112,-0.0016817905248837084,-0.0016153596057952857,-0.001612495450575513,-0.0015991331817748478,-0.001590557280919891
2023-12-06,0.3408487008055843,0.27060001301483516,0.2812863836430522,0.25296338610291347,0.3508786395386891,0.3474715265233433,0.22153230597423365,0.24346196731670489,0.28141012653873865,0.35246497513857433,0.35446533157099175,-0.00149773036831502,-0.0016031375122737557,-0.0016241183256993086,-0.0016076882248362567,-0.001540706859527674,-0.0015553459162016559,-0.0016659968444206474,-0.0016005610374080215,-0.0015983363932961514,-0.001585345339890687,-0.001576947920914118
2023-12-07,0.34047340352740474,0.27025044329878084,0.2809340610661912,0.25262993978730697,0.35049529201942436,0.3470848039889871,0.22121441231083425,0.2431351394048378,0.2810483776937821,0.3520915274682448,0.3540878351543969,-0.0014846547848647584,-0.0015882294250896267,-0.0016089832512269364,-0.0015924383541809362,-0.0015272085122713386,-0.0015417146361097478,-0.0016497101686879512,-0.001585288837259391,-0.0015837043625632208,-0.0015710883688145327,-0.001562871916647779
2023-12-08,0.3401330168117524,0.269938909441148,0.28062029549260137,0.2523348566987207,0.3501478916505081,0.34673437358482806,0.22093662764149338,0.24284657053821704,0.28072438125756316,0.35175533770834777,0.35374732204093723,-0.0014711398681780397,-0.0015728513552663026,-0.0015933720527247508,-0.0015767172553966535,-0.0015132582394456473,-0.0015276271378531492,-0.0016329353171750938,-0.0015695475246388924,-0.0015686036882299192,-0.0015563664874138072,-0.0015483334334371879
2023-12-09,0.33982764138453314,0.26966550362981684,0.280345179770564,0.2520782241569876,0.34983654123329794,0.34642033900886043,0.22069903416716383,0.24259634610901284,0.28043823310583954,0.35145650534284223,0.35344389299392154,-0.0014571896175357146,-0.001557007853422443,-0.0015772893497972285,-0.0015605295806098707,-0.0014988601691612868,-0.0015130875901492868,-0.0016156772538304387,-0.0015533417576542585,-0.0015530388388291794,-0.0015411840521296627,-0.0015333367734532422
2023-12-10,0.3395573676112487,0.269430306769966,0.28010879531124777,0.25186011810380604,0.34956133290139224,0.34614279318896757,0.22050170219557702,0.2423845401626596,0.2801900179144534,0.35119511880103277,0.3531776378028864,-0.0014428081610416976,-0.0015407036079046477,-0.0015607399015749035,-0.0015438801200135521,-0.0014840185620381141,-0.0014981002954843614,-0.0015979410855927467,-0.0015366763318526988,-0.0015370144202497826,-0.0015255455556894004,-0.0015178863744491067
2023-12-11,0.33932227547025673,0.26923338846013006,0.279911212064617,0.251680603080266,0.34932234809336377,0.34590181825542304,0.2203446901204384,0.24221121537594437,0.27997980913427317,0.3509712554314022,0.35294863525702636,-0.0014279997544004441,-0.0015239434434018428,-0.001543728605305772,-0.001526773800451131,-0.0014687378099469406,-0.0014826696888396995,-0.0015797320608792742,-0.001519556178801812,-0.0015205351743752815,-0.0015094556257756464,-0.0015019868084464871
2023-12-12,0.3391224345291044,0.26907480697160496,0.2797524884987332,0.2515397322077511,0.34911965752866175,0.34569748551658647,0.22022804440414684,0.24207642303846008,0.27980766896945863,0.35078498147872356,0.35275695312187955,-0.0014127687796572919,-0.0015067323195162574,-0.0015262604949061176,-0.0015092156839576765,-0.001453022434708351,-0.0014668003363803583,-0.0015610555680336813,-0.0015019863646303644,-0.0015036059776797894,-0.0014929190236573353,-0.001485642780382268
2023-12-13,0.338957903923941,0.2689546092312044,0.2796326715824531,0.2514375471722191,0.34895332118668587,0.3455298554378027,0.2201517995640466,0.24198020303742823,0.27967364835905434,0.35063635206445615,0.352602648119273,-0.0013971197439030525,-0.0014890753292964853,-0.0015083407394709814,-0.0014912109662622575,-0.001436877086754218,-0.0014504969341029295,-0.0015419171337303639,-0.0014839720885287955,-0.0014862318397846352,-0.0014759406427810595,-0.0014688591267179585
2023-12-14,0.3388287323420194,0.268872830807374,0.2795517967715299,0.2513740782118656,0.34882338828903536,0.345398977623509,0.22011597816221237,0.24192258384589474,0.279577786961915,0.35052541117043473,0.35248576591053987,-0.0013810572779394126,-0.0014709776977295252,-0.0014899746417440518,-0.0014727649752508398,-0.001420306543753136,-0.0014337643064464278,-0.0015223224213402886,-0.0014655186812115861,-0.0014684179019768817,-0.0014585255073232273,-0.0014516408140062276
2023-12-15,0.3387349580072897,0.26882949589966465,0.27950988799812143,0.2513493441081775,0.3487298972849454,0.3453048908025561,0.22012059079877339,0.24190358251430574,0.2795201131449702,0.3504521916258551,0.352406341083006,-0.001364586134907697,-0.0014524447801962381,-0.0014711676365493087,-0.0014538831693884924,-0.0014033157091949966,-0.0014166074048646005,-0.0015022772292538622,-0.0014466316033385773,-0.0014501694356873762,-0.0014406787707020308,-0.0014339929374231342
2023-12-16,0.3386766086690855,0.2688246173315726,0.27950695766370787,0.2513633521803735,0.34867287583990786,0.3452476228167481,0.22016563610877626,0.24192320466546072,0.2795006439748303,0.35041671509755823,0.3523643971397559,-0.0013477111888847704,-0.0014334820608851717,-0.0014519252891819767,-0.0014345711361059554,-0.001385909610941538,-0.0013990313063607651,-0.0014817874891659144,-0.0014273164439001784,-0.0014314918409308874,-0.0014224057140543866,-0.0014159207192590006
2023-12-17,0.3386537015939149,0.26885819654674525,0.27954300663542225,0.25141609828324024,0.3486523408274859,0.34522719061260343,0.22025110076258894,0.24198144449284964,0.2795193852127359,0.3504189920836193,0.35235994649267716,-0.001330437433438525,-0.001414095151169359,-0.0014322532937625643,-0.0014148345901439097,-0.0013680933997370914,-0.0013810412119850124,-0.0014608592643204077,-0.0014075789185626353,-0.0014123906447082168,-0.0014037117446719094,-0.0013974295073740373
2023-12-18,0.3386662435603502,0.2689302236085522,0.27961802424579413,0.251507566808357,0.3486682983243202,0.34524360023634015,0.2203769594698456,0.24207828476237053,0.27957633131285325,0.3504590219102422,0.3523929904587878,-0.001317146163576366,-0.001399506677214668,-0.0014174612523180086,-0.001400085941932916,-0.0013544018801492919,-0.0013672177469244984,-0.0014453838701269095,-0.0013928599871069203,-0.00139793763392565,-0.001389477783995341,-0.0013833127619866104
2023-12-19,0.3387142308570214,0.2690406772030269,0.27973198829590534,0.2516377306887154,0.3487207436083307,0.34529684683208606,0.22054317498692963,0.24221369681742952,0.2796714654239151,0.35053679273195665,0.3524635192598464,-0.001303751426141364,-0.0013848124981195586,-0.001402562298609189,-0.0013852329443693745,-0.0013406041870652752,-0.00135328712542504,-0.0014298030165939557,-0.0013780376661812477,-0.0013833779550288527,-0.001375136605942462,-0.0013690887840784871
2023-12-20,0.33879764928371564,0.2691895246451739,0.27988486506196025,0.25180655140672953,0.3488096611601137,0.34538691464331744,0.22074969812799558,0.24238764058742104,0.27980475939420757,0.35065228153512557,0.3525715120252464,-0.0012902571848515954,-0.0013700169621278513,-0.0013875608414758434,-0.0013702799926939013,-0.0013267044034447895,-0.0013392534697810876,-0.0014141213143465114,-0.001363116341948717,-0.001368715916460983,-0.0013606924542981513,-0.0013547617827532887
2023-12-21,0.33891647415557824,0.2693767218886404,0.28007660930526407,0.25201397900563255,0.34893502466753545,0.34551377701751945,0.2209964677795232,0.24260006459958502,0.27997617377990036,0.3508054541447537,0.35271693679819055,-0.0012766674328703598,-0.0013551244474768187,-0.0013724613200906122,-0.0013552315117256186,-0.0013127066424570288,-0.0013251209327774793,-0.0013983434038527809,-0.00134810042986927,-0.0013539558569550247,-0.0013461496033198017,-0.0013403359976016938
2023-12-22,0.33907067031041804,0.2696022135387505,0.2803071642856103,0.25225995210426105,0.3490967970335172,0.3456773964140748,0.22128341091840265,0.2428509059942388,0.28018565785671873,0.3509962652346022,0.3528997505451496,-0.0012629861916236829,-0.0013401393611008339,-0.001357268202644757,-0.0013400919545519807,-0.0012986150462646617,-0.0013108936964590368,-0.0013824739540501119,-0.0013329943733927652,-0.0013391021442503703,-0.0013315123564702214,-0.001325815697444832
2023-12-23,0.33926019211911207,0.26986593286889676,0.2805764617780712,0.25254439791521754,0.3492949303870131,0.3458777244153717,0.22161044263354246,0.24314009054337798,0.2804331496349542,0.3512246583405992,0.3531198991685941,-0.0012492175096109892,-0.0013250661373284678,-0.0013419859850261062,-0.001324865801211772,-0.001284433784797867,-0.0012965759708939983,-0.001366517660964156,-0.001317802642644389,-0.0013241591737994107,-0.0013167850451468177,-0.0013112051790737378
2023-12-24,0.3394849834991078,0.2701678018402867,0.28088442209318587,0.25286723226641045,0.349529366097176,0.3461147017411311,0.22197746615099687,0.24346753267264196,0.28071857587780785,0.35149056587755023,0.3533773175230047,-0.0012353654612070608,-0.0013099092365689846,-0.001326619189489009,-0.0013095575573686125,-0.001270167054520266,-0.0012821719929279052,-0.0013504792463187032,-0.001302529733101715,-0.0013091313674675198,-0.0013019720273977353,-0.0012965087659756458
2023-12-25,0.33974497793101954,0.2705077311250353,0.2812309541005427,0.25322835962596124,0.3498000347907082,0.3463882582659504,0.22238437286260213,0.24383313548663654,0.2810418521230625,0.3517939091591371,0.3536719294341488,-0.0012214341454556132,-0.0012946731439928416,-0.0013111723633150718,-0.001294171752978135,-0.0012558190771861377,-0.0012676860249292154,-0.0013343634561386875,-0.001287180164264462,-0.0012940231722242679,-0.0012870776866333866,-0.001281730807055681
2023-12-26,0.3400400984783118,0.27088562013259765,0.28161595525574545,0.2536276731304743,0.3501068563723878,0.3466983130400526,0.2228310423581158,0.2442367907976072,0.28140288270807584,0.35213459842120254,0.3540036477216222,-0.0012074276848572651,-0.0012793623682056943,-0.0012956500774689572,-0.0012787129409473907,-0.0012413940985936955,-0.0012531223535288682,-0.0013181750593456443,-0.00127175847831687,-0.001278839058827863,-0.0012721064303287677,-0.0012668756753495547
2023-12-27,0.340370257810067,0.27130135703953734,0.2820393116307583,0.25406505461665924,0.35044974004877305,0.3470447743132414,0.2233173424608478,0.2446783791574531,0.2818015607980894,0.3525125328483126,0.3543723742246467,-0.0011933502241486815,-0.0012639814399118543,-0.001280056925244688,-0.0012631856957876497,-0.0012268963873257044,-0.0012384852883519648,-0.001301918846346839,-0.0012562692387841357,-0.0012635835205018764,-0.0012570626887195013,-0.0012519477667297663
2023-12-28,0.3407353582268265,0.2717548188226149,0.2825008979476186,0.25454037465629753,0.35082858435506736,0.34742753956205236,0.22384312926677416,0.24515776989307422,0.2822377684178425,0.3529276006035901,0.3547779998311177,-0.0011792059290777201,-0.0012485349105755827,-0.0012643975209069014,-0.001247594612260483,-0.0012123302334883235,-0.001223779160741345,-0.0012855996276169845,-0.001240717029181243,-0.0012482610716050835,-0.0012419509134905526,-0.0012369514986048102
2023-12-29,0.3411352916895037,0.27224587129519334,0.2830005776155092,0.25505349259454224,0.3512432771851458,0.34784649552009006,0.22440824718711974,0.24567482114503933,0.2827113764864823,0.3533796788618085,0.35522040450989245,-0.0011649989851680864,-0.0012330273510731682,-0.001248676498325163,-0.0012319443040184619,-0.001197699947440567,-0.0012090083224768344,-0.0012692222322755742,-0.0012251064516570764,-0.0012328762462970877,-0.001226775576459449,-0.0012218913086115557
2023-12-30,0.34156993985135237,0.2727743691469454,0.28353820277117686,0.2556042565915403,0.3516936958247278,0.3483015182115464,0.22501252899440016,0.24622937990956423,0.28322224485576175,0.35386863384573763,0.35569945734630903,-0.0011507335964833776,-0.0012174633503414523,-0.0012328985096033973,-0.0012162394022394163,-0.0011830098585199345,-0.0011941771444869964,-0.0012527915066572748,-0.0012094421256329535,-0.0012174335971950057,-0.0012115411682526722,-0.0012067716533024075
2023-12-31,0.3420391740929884,0.27334015598685435,0.28411361432268906,0.2561925036673642,0.35217970698769163,0.34879247298788624,0.22565579587190646,0.24682128208378853,0.2837702223515111,0.3543943208657313,0.3562150165809258,-0.0011364139843818566,-0.0012018475140183615,-0.0012170682237016561,-0.0012004845542563092,-0.0011682643137596038,-0.0011792900155561115,-0.0012363123128783793,-0.0011937286864348862,-0.0012019376940272664,-0.001196252196976888,-0.0011915970068266946
2024-01-01,0.3426741410632144,0.27409957106749666,0.2848857554195357,0.25698025685230197,0.35283705282944405,0.34945647361655907,0.22651441113896523,0.247613406088226,0.2845071308550237,0.35510284605039544,0.3569105693026109,-0.00099075888350314,-0.0010296777850760108,-0.0010420769020307308,-0.0010224873201203355,-0.0010175817026746303,-0.0010270922921585268,-0.0010432358550526433,-0.0010149172100324677,-0.001034409085630572,-0.001034651499031869,-0.001032732208466336
2024-01-02,0.3432206707745906,0.27474862925175636,0.2855455468464356,0.2576521875914687,0.3534026053572293,0.3500277282700161,0.22724468096286227,0.24828867377913186,0.2851379943535857,0.3557105949036519,0.3575076937432666,-0.0009677934860324866,-0.0010047655252828913,-0.001016827053646252,-0.0009973958181206388,-0.0009939400882192917,-0.001003224351129317,-0.0010170590222531306,-0.000989904351126114,-0.0010096552960474625,-0.0010101917267409943,-0.0010084402117280233
2024-01-03,0.34380129808791665,0.2754343922088449,0.28624253066377303,0.2583609953937302,0.35400324471457223,0.35063440419502817,0.22801327532730598,0.2490006755015504,0.2858054000775198,0.3563545307270617,0.35814078949588085,-0.0009448280000666776,-0.000979864370607042,-0.0009915888471019874,-0.0009723191292543287,-0.0009702989667110806,-0.0009793569651628253,-0.0009909034783275872,-0.0009649073438052491,-0.0009849097373408333,-0.0009857369739200705,-0.0009841519132876009
2024-01-04,0.34441585118622886,0.2761566570104709,0.2869765006228225,0.2591064705114542,0.35463879316262303,0.3512763218664287,0.2288199667928584,0.24974920056271674,0.2865091505307351,0.35703446296965496,0.3588096692172348,-0.0009218692214625901,-0.0009549816897001517,-0.0009663697507898972,-0.0009472646741172097,-0.0009466653339387232,-0.0009554971970023862,-0.0009647769631222769,-0.0009399335850865664,-0.0009601797321193706,-0.0009612944771235643,-0.0009598745004434917
2024-01-05,0.3450641482133785,0.2769152099268588,0.28774723953006526,0.2598883923465596,0.3553090626323714,0.3519532913304513,0.22966451664653662,0.25053402746202286,0.2872490374621501,0.35775019042854156,0.359514134975058,-0.0008989239440919117,-0.0009301248457486144,-0.0009411772274455776,-0.0009222398667257936,-0.0009230461834739412,-0.0009316521071374151,-0.0009386872078932518,-0.0009149904651070684,-0.0009354725983896084,-0.0009368714692800095,-0.0009356151572724736
2024-01-06,0.3457459973278449,0.277709826489997,0.2885545193114584,0.26070652951579576,0.3560138547802975,0.35266511226094016,0.23054667497245127,0.2513549239565624,0.2880248419273179,0.3585015013084516,0.36025397830659867,-0.0008759989578316918,-0.0009053011942921074,-0.000916018731942414,-0.0008972521123228883,-0.0008994485046034395,-0.0009078287517133576,-0.000912641933019015,-0.0008900853649372875,-0.0009107956473900503,-0.000912475177550276,-0.0009113810625047125
2024-01-07,0.3464611967595054,0.2785402715600603,0.2893981010799265,0.2615606399192114,0.3567529610470657,0.3534115740186298,0.23146618072576114,0.25221164712985594,0.2888363343532161,0.3592881732844086,0.36102898028031244,-0.0008531010465539501,-0.000880518081048387,-0.0008909017090841798,-0.0008723088051874051,-0.0008758792802601723,-0.0008840341804446372,-0.0008866488457153487,-0.0008652256543968395,-0.0008861561814273999,-0.0008881128211892242,-0.0008871793873984068
2024-01-08,0.3472095348693414,0.2794062993949919,0.29027773520605277,0.2624504708117972,0.35752616271924054,0.35419245571347685,0.23242276180992058,0.2531039434637329,0.2896832746061801,0.3601099735675182,0.36183891156064624,-0.000830236986119226,-0.0008557828397394163,-0.0008658335914016324,-0.0008474173264449436,-0.0008523454849568846,-0.000860275434527491,-0.0008607156377548886,-0.0008404186898743338,-0.0008615614917159564,-0.0008637916094104692,-0.0008630172936189839
2024-01-09,0.347990790212067,0.2803076537232224,0.29119316139194695,0.26337575887827563,0.3583332309940077,0.3550075262700243,0.2334161351571967,0.25403154891335256,0.29056541206296305,0.3609666589738552,0.3626835324759038,-0.0008074135423706275,-0.000831102789921101,-0.0008408217969543275,-0.0008225850418848157,-0.0008288540827220969,-0.0008365595445574137,-0.0008348499831912215,-0.0008156718121494211,-0.000837018856220284,-0.000839518739251699,-0.0008389019311185741
2024-01-10,0.34880473160165687,0.2812440678195047,0.29214410874827323,0.2643362303110217,0.3591739270468804,0.3558565444957815,0.2344460068124342,0.2549941889853385,0.29148248568489926,0.36185797599642533,0.36356259308916794,-0.0007846374691324876,-0.0008064852348172447,-0.0008158737271344862,-0.0007978192997791789,-0.0008054120250394203,-0.0008128935284475447,-0.0008090595360877029,-0.000790992344221586,-0.0008125355375009913,-0.0008153013934456554,-0.0008148404360208139
2024-01-11,0.34965111817975875,0.2822152645838422,0.2931302958744094,0.2653316008910858,0.36004800210237053,0.3567392591525962,0.23551207202004137,0.25599157881900625,0.2924342240951497,0.3627836608801817,0.3644758332722602,-0.0007619155062113525,-0.0007819374591583883,-0.0007909967644773586,-0.0007731274287098855,-0.0007820262487914786,-0.0007892843893526624,-0.0007833519282524071,-0.000766387589142159,-0.0007881187805660606,-0.0007911467382943349,-0.0007908399285093126
2024-01-12,0.3505296994869673,0.28322095662348723,0.2941514309417185,0.2663615760722994,0.3609551975076072,0.3576554090309995,0.23661401531417184,0.25702342327065736,0.29342034565900693,0.3637434397000741,0.3654229827827179,-0.0007392543774014659,-0.0007574667270265345,-0.0007661982704766923,-0.0007485167353986633,-0.0007587036742051634,-0.0007657391135972302,-0.000757734766980267,-0.0007418648278543216,-0.0007637758107264525,-0.0007670619215493502,-0.0007669075107202827
2024-01-13,0.3514402155369387,0.28426084633798526,0.29520721177990594,0.26742585106843586,0.36189524480887436,0.3586047230275034,0.23775151061207647,0.258089417000918,0.2944405585672347,0.36473702844210837,0.36640376134376257,-0.0007166607884953602,-0.0007330802797048119,-0.0007414855834054213,-0.0007239945025453998,-0.0007354512028056592,-0.0007422646686067735,-0.0007322156328011253,-0.000717431317037498,-0.0007395138314589822,-0.0007430540702953459,-0.0007430502646413317
2024-01-14,0.3523823968933247,0.2853346260072397,0.29629732596643554,0.2685241109434007,0.36286786583105174,0.359586920224823,0.2389242213105959,0.25918924456509296,0.2954945609224201,0.3657641330873907,0.3674178787272392,-0.0006941414252998879,-0.0007087853335352445,-0.000716866016145512,-0.0006995679866739768,-0.0007122757153735226,-0.0007188680008475834,-0.0007068020772376671,-0.0006930942869606826,-0.0007153400222734141,-0.0007191302888412965,-0.0007192752500150834
2024-01-15,0.3533559647495038,0.2864419778825709,0.2974214509189813,0.2696560307044283,0.3638727727599309,0.3606017099750057,0.24013180038576737,0.26032258050651175,0.2965820408283091,0.36682444969913186,0.3684650348394975,-0.0006717029516565831,-0.0006845890777832375,-0.0006923468540230293,-0.000675244415982601,-0.0006891840699081997,-0.0006955560337699174,-0.000681501620569791,-0.000668860939342486,-0.0006912615365885499,-0.0006952976566195201,-0.0006955895022516811
2024-01-16,0.3543606310110844,0.28758257428074313,0.2985792539908844,0.27082127539825,0.3649096682273843,0.36164879198543814,0.24137389049551447,0.26148908945283555,0.2977026764821013,0.36791766451258756,0.36954491981019805,-0.0006493520074707937,-0.0006604986725106676,-0.0006679353526523601,-0.0006510309882077903,-0.0006661830995989271,-0.0006723356657596935,-0.0006563217496096119,-0.0006447384452204497,-0.0006672854996161992,-0.0006715632260892446,-0.000672000030343789
2024-01-17,0.35539609838115577,0.2887560776809321,0.29977039256958854,0.27201950021021426,0.3659782453993607,0.3627278564077074,0.2426501240853905,0.2626884262152997,0.2988561362696776,0.36904345402790645,0.37065721408400326,-0.0006227190233213387,-0.0006313043571885557,-0.0006383349550223016,-0.0006215282984233239,-0.0006387500783390787,-0.0006446384664687832,-0.0006253847930745848,-0.0006152988236991508,-0.0006383528716961684,-0.0006430586310550157,-0.0006437258264252455
2024-01-18,0.3564620604482644,0.2899621408246015,0.3009945141780247,0.2732503505663213,0.3670781880666837,0.36383858392929025,0.2439601234973434,0.26392023589086083,0.3000420788637297,0.3702014851058587,0.3718015885151429,-0.0005959017665941868,-0.0006019232287505227,-0.0006085456638090792,-0.0005918416884162503,-0.0006111280406542186,-0.0006167505082845248,-0.0005942627751178431,-0.0005856771253567317,-0.0006092313448911035,-0.0006143637446260897,-0.0006152611336781022
2024-01-19,0.3575582017770849,0.29120040681826376,0.302251256578915,0.2745134622381488,0.3682091707386211,0.3649806458680436,0.24530350108147156,0.2651841539672181,0.3012601533247636,0.37139141506641743,0.37297770446481154,-0.0005689081729470802,-0.0005723639815450876,-0.0005785762941431516,-0.0005619799429312788,-0.000583325160350312,-0.0005886800437021056,-0.0005629649052450725,-0.0005558821157301552,-0.0005799295367296953,-0.0005854870580809801,-0.0005866143752627506
2024-01-20,0.35868419800176277,0.29247050923908946,0.30354024788196354,0.2758084614506311,0.36937085873920483,0.36615370426946564,0.2466798593107348,0.26647980643067815,0.30250999920494964,0.37261289179016316,0.3741852139013778,-0.0005417462302187981,-0.0005426353626288849,-0.0005484357144435736,-0.0005319518985400506,-0.0005553496647466294,-0.0005604353792236783,-0.0005315004449996386,-0.0005259226116422488,-0.0005504561180881273,-0.0005564371164957227,-0.0005577940282159854
2024-01-21,0.35983971592189967,0.2937720722433382,0.30486110665390614,0.2771349649926666,0.3705629083062658,0.3673574120067023,0.24808879089858957,0.2678068098768321,0.3037912466547838,0.37386555382248154,0.37542375950337226,-0.0005144239760648817,-0.000512746169178846,-0.0005181328437925958,-0.0005017664410238987,-0.0005272098322423591,-0.0005320248729003274,-0.0004998787052215847,-0.0004958074785922362,-0.0005208198106251838,-0.0005272225162155642,-0.0005288086209424558
2024-01-22,0.3610244136011521,0.2951047106775769,0.30621344203138146,0.2784925803305162,0.37178496669315875,0.36859141288326863,0.24952987891951162,0.2691647716240103,0.3051035165325321,0.3751490304805239,0.3766929747652253,-0.0004869494955806464,-0.00048270524588805985,-0.00048767664929727506,-0.00047143250274500614,-0.0004989139898667894,-0.0005034569318576043,-0.000468109043292364,-0.0004655456281328907,-0.0004910293842013691,-0.0004978519023108308,-0.0004996667306900737
2024-01-23,0.36223794046841745,0.29646803019265267,0.3075968538365944,0.27988090572395935,0.37303667227314624,0.3698553417384523,0.25100269693237065,0.270553289829485,0.30644642051642584,0.37646294196289815,0.37799248410572095,-0.0004593309189062089,-0.00045252148234914413,-0.0004570761434353754,-0.0004409590600040758,-0.00047047051081461344,-0.0004747400098086829,-0.00043620086036599837,-0.0004351460152319242,-0.00046109365428248505,-0.00046833396601830835,-0.0004703769810132652
2024-01-24,0.3634799374215715,0.29786162736038757,0.30901093269573504,0.28129953034517613,0.37431765464640865,0.37114882455537,0.2525068091066212,0.2719719536083796,0.3078195612195703,0.3778068994620579,0.37932190297913837,-0.0004315764188229654,-0.0004222038104231829,-0.00042634038138883446,-0.00041035513038278904,-0.0004418878119694103,-0.00044588260455324935,-0.0004041635985873593,-0.00040461763562438247,-0.0004310214793333267,-0.0004386774421702988,-0.0004409480392201792
2024-01-25,0.3647500369337343,0.2992850897929588,0.3104552601601181,0.28274803440031754,0.3756275347496532,0.3724714785716465,0.2540417703512724,0.2734203431552581,0.3092225323075403,0.37918050527935643,0.3806808379890446,-0.00040369420833391567,-0.0003917612015969518,-0.0003954784583646842,-0.0003796297700765505,-0.0004131743514111941,-0.0004168932554612925,-0.000372006738297348,-0.00037396952314866505,-0.0004008217581937812,-0.0004088911066098544,-0.0004113886138081835
2024-01-26,0.3660478631620262,0.3007379962649311,0.31192940883001047,0.2842259892537297,0.37696592496828285,0.37382291239267845,0.2556071264465962,0.2748980298683509,0.3106549186186189,0.38058335294273354,0.38206888700470715,-0.0003756925382337184,-0.0003612026643284305,-0.0003644995069017054,-0.00034879207121363276,-0.00038433862591530366,-0.00038778054094812386,-0.0003397397952287218,-0.0003432107470746626,-0.00037050342744754383,-0.0003789837735925228,-0.0003817074518866481
2024-01-27,0.3673730320587859,0.30221991683790433,0.31343294248110354,0.2857329575547933,0.37833242925109994,0.3752027261074559,0.25720241417854045,0.2764045764763863,0.31211629628665194,0.3820150273269962,0.3834856392800906,-0.00034757969466736593,-0.0003305372413804353,-0.0003334126941706428,-0.0003178511591653277,-0.0003553891684363042,-0.00035855307593413155,-0.0003073723176886256,-0.0003123504094186269,-0.00034007545877612344,-0.00034896429317909927,-0.0003519133365890159
2024-01-28,0.36872515148521734,0.3037304129877393,0.3149654161936007,0.2872684933673433,0.3797266432275017,0.37661051140690177,0.2588271614757991,0.27793953716798475,0.3136062328664759,0.3834751047766605,0.38493067557540345,-0.00031936399667714666,-0.0002997740071449262,-0.0003022272192590436,-0.0002868161898453292,-0.0003263345455849498,-0.00032921950929626353,-0.0002749138837346843,-0.0002813976422512132,-0.00030954685630535383,-0.0003188415486170548,-0.00032201508447338156
2024-01-29,0.37010382132742864,0.3052690377343238,0.3165263764838751,0.2888321423016284,0.3811481543271421,0.3780458517046968,0.2604808875495075,0.27950245772358234,0.31512428746188653,0.3849631532313184,0.3864035682811572,-0.0002910537937422797,-0.00026892206495765514,-0.0002709523104509337,-0.0002556963470003448,-0.00029718335509121285,-0.000299788521308908,-0.00024237409833954837,-0.0002503616049944757,-0.0002789266539393598,-0.00028862445371136136,-0.00029202154291363414
2024-01-30,0.37150863361483266,0.30683533577384114,0.3181153614386634,0.29042344164877226,0.3825965419020166,0.37950832226055425,0.26216310303551454,0.28109287564984187,0.31667001085610547,0.3864787323534924,0.38790388154470407,-0.0002626574633072254,-0.00023799054440482026,-0.00023959722249505822,-0.00022450083949232535,-0.00026794422326159584,-0.00027026882107505923,-0.00020976259054922286,-0.00021925148171081377,-0.00024822391268919386,-0.00025832195018593573,-0.00026194158748105156
2024-01-31,0.37293917264087234,0.3084288436135021,0.31973190085175335,0.2920419205176965,0.3840713773509398,0.380997490305908,0.26387331013919346,0.2827103203165116,0.3182429456447122,0.3880213936589362,0.38943117139921146,-0.00023418340830316797,-0.00020698859862100516,-0.00020817123386629444,-0.0001932388985741995,-0.00023862580242522968,-0.000240669143948824,-0.00017708901063373528,-0.000188076478386201,-0.00021744771798959395,-0.00022794300503981013,-0.00023178411931834564
2024-02-01,0.3743950150860347,0.3100490897086997,0.3213755163631247,0.29368709997446485,0.38557222424637433,0.3825129151719749,0.2656110027827478,0.28435431309569253,0.31984262637099664,0.38959068064935093,0.3909849858950397,-0.00020564005466100488,-0.00017592540158090086,-0.00017668364402029235,-0.00016191977515711553,-0.00020923676837492078,-0.00021099824895093322,-0.00014436302723086492,-0.00015684582020575322,-0.00018660717701196594,-0.00019749660789109003,-0.00020155806250587993
2024-02-02,0.37587573014311804,0.3116955946025475,0.3230457216005047,0.29535849318400786,0.3870986384635772,0.3840541484201563,0.26737566675496777,0.286024367503472,0.32146857966369546,0.3911861289474689,0.3925648652334809,-0.00017703584881817447,-0.0001448101453837558,-0.0001451437706415093,-0.0001305527370734083,-0.00017978581779876102,-0.00018126491617648233,-0.00011159432448554218,-0.00012556874882363456,-0.0001557114159685402,-0.00016699176831846962,-0.00017127236142000513
2024-02-03,0.37738087964471484,0.3133678710677574,0.3247420223232926,0.2970556055541846,0.38865016831202454,0.385620733974738,0.2691667798633929,0.28771998934388193,0.32312032437707056,0.39280726643446995,0.3941703419028212,-0.00014837925521926643,-0.00011365203753499475,-0.00011356094688558249,-9.914706633451509e-05,-0.00015028166570646428,-0.00015147794419700933,-7.879259918436299e-05,-9.425451962863374e-05,-0.00012476957741169858,-0.0001364375131951423,-0.00014093597808673142
2024-02-04,0.3789100181928716,0.31506542425081896,0.32646391656881335,0.298777934882141,0.39022635466907224,0.3872122082578503,0.2709838120888383,0.28944067685513997,0.3247973717332868,0.3944536133896903,0.3958009408166844,-0.00011967875381158066,-8.246029821984413e-05,-8.1944518618704e-05,-6.771205638333999e-05,-0.00012073304285131758,-0.00012164614745691082,-4.596755788544016e-05,-6.291239900485524e-05,-9.37908175297486e-05,-0.00010584288401654929,-0.00011055788953018286
2024-02-05,0.3804626932908905,0.31678775181843444,0.32821089480085747,0.3005249715029189,0.3918267311158186,0.38882810032664855,0.27282622574223553,0.2911859208581283,0.3264992254670507,0.3961246826325787,0.3974561794546181,-9.094283753541266e-05,-5.1244157575791593e-05,-5.030384165027879e-05,-3.625700934556386e-05,-9.114869314663654e-05,-9.177835366475096e-05,-1.3128914046367512e-05,-3.155166159013456e-05,-6.278430343598096e-05,-7.52169342257969e-05,-8.014708511533408e-05
2024-02-06,0.3820384454772302,0.3185343441061668,0.32998244006045957,0.30229619844027544,0.3934508240751255,0.39046793201267255,0.2746934756237424,0.2929552049070683,0.3282253819724623,0.39781997966686106,0.39913556800487887,-6.218000981011995e-05,-2.0012852961270866e-05,-1.864827896591592e-05,-4.791233275291962e-06,-6.153737107733592e-05,-6.188340118107316e-05,1.9713614849314887e-05,-1.8158753095631752e-07,-3.175921045645014e-05,-4.4568726534355285e-05,-4.971256388869305e-05
2024-02-07,0.383636808461467,0.3203046842692585,0.3317780281188763,0.30409109155966346,0.3950981529517575,0.39213121806334394,0.2765850091840782,0.29474800544234464,0.32997533045204014,0.39953900282687077,0.40083860950937633,-3.3398782019800066e-05,1.1224373778595531e-05,1.3012802044409799e-05,2.6675960597966064e-05,-3.190783910966832e-05,-3.1970136403325355e-05,5.25503101692637e-05,3.118854026279427e-05,-7.247194158677139e-07,-1.390733023914903e-05,-1.926333191454299e-05
2024-02-08,0.38525730926227886,0.3220982484355731,0.3335971276327125,0.3059091197233319,0.3967682302745967,0.3938174662855605,0.2785002666880305,0.2965637919454356,0.3317485530678753,0.40128124342599775,0.40256480001072986,-4.607670992529123e-06,4.2458279045809455e-05,4.4670032356974865e-05,5.813526062531382e-05,-2.2688650991309345e-06,-2.047411148009548e-06,8.537145500708831e-05,6.254943886563336e-05,3.030998608094526e-05,1.675818145840946e-05,1.119160038953737e-05
2024-02-09,0.38689946834740746,0.32391450586061793,0.3354392003011559,0.30774974494749785,0.3984605618408945,0.39552617769134446,0.28043868138009054,0.2984020270959018,0.33354452509486754,0.40304618590721925,0.4043136287013983,2.41848035187342e-05,7.367962022497565e-05,7.631404408858788e-05,8.957735749376416e-05,2.7370780305235876e-05,2.7875919969388985e-05,0.00011816733705793947,9.389182808322571e-05,6.133572236532991e-05,4.741873414071396e-05,4.1643220919040935e-05
2024-02-10,0.38856279977555974,0.3257529190846003,0.3373037010252676,0.30961242256154453,0.40017464686251336,0.3972568466454999,0.28239967965216434,0.3002621669303878,0.33536271507599924,0.4048333079956596,0.406084578074836,5.297012135757617e-05,0.00010487915841916884,0.00010793547326659603,0.00012099294698081353,5.700232625532875e-05,5.779100215330679e-05,0.0001509282514924326,0.0001252064331983549,9.234330842239347e-05,7.806525485659632e-05,7.208251854917691e-05
2024-02-11,0.3902468113402055,0.32761294409147007,0.3391900780692864,0.3114966013691987,0.4019099781141184,0.39900896101523986,0.2843826812133141,0.30214366100358997,0.3372025849796034,0.4066420808531409,0.4078771240786318,8.173976448522247e-05,0.00013604766118313627,0.000139524962601556,0.0001523727327085722,8.661700429996033e-05,8.768898305006045e-05,0.00018364450382907238,0.00015648398771567207,0.00012332356860894622,0.00010868867480773314,0.00010250048580268123
2024-02-12,0.3919510047152298,0.32949403046990244,0.3410977732238962,0.3134017238116372,0.40366604208327317,0.4007820023217334,0.28638709926147465,0.3040459525511413,0.33906359035857503,0.40847196923467405,0.40969073626958374,0.00011048521950146606,0.0001671759052551125,0.00017107316425535313,0.0001837074288929541,0.00011620605097922843,0.00011756101536603003,0.00021630641280273588,0.00018771523610316976,0.00015426733536760828,0.0001392799320311111,0.00013288812151324159
2024-02-13,0.3936748756023951,0.33139562157617486,0.3430262219714088,0.3153272261324792,0.4054423191223975,0.40257544589353256,0.288412340657097,0.30596847865436844,0.34094518051148187,0.4103224316468471,0.4115248779706664,0.0001391979801638743,0.00019825467928746843,0.00020257074260754404,0.00021498776309375467,0.00014576071041877414,0.0001473982594862311,0.0002489043132284374,0.0002188909365324343,0.0001851654519400836,0.00016982997408188094,0.00016323643349069883
2024-02-14,0.39541791388057146,0.3333171546988847,0.34497485365281405,0.3172725385446094,0.4072382836025374,0.4043887610218304,0.29045780609866967,0.30791067040686665,0.342846798645525,0.4121929205080614,0.41337900642984166,0.00016786954990438696,0.0002292747865702549,0.00023400837701792465,0.0002462044789565132,0.0001752722369188775,0.00017719188608988912,0.00028142855886365004,0.0002500018636119039,0.00021600877507566008,0.00020032976071115982,0.00019353644118108582
2024-02-15,0.3971796037566897,0.335258061225467,0.34694309163664716,0.31923708539878826,0.4090534040689091,0.4062214111175074,0.29252289030006,0.3098719530828497,0.3447678820413053,0.4140828823105693,0.41525257298066875,0.00019649144434452648,0.0002602270477554125,0.00026537676458482373,0.0002773483389531539,0.00020473189754421917,0.00020693307876384903,0.00031386952526057943,0.0002810388111178508,0.00024678817773993167,0.0002307702665412248,0.00022377917832516747
2024-02-16,0.3989594239183722,0.33721776681045373,0.34893035348962254,0.3212202853539948,0.4108871433981642,0.40807285386991543,0.2946069821696288,0.3118517463072195,0.3467078622193382,0.4159917577842669,0.41714502320466235,0.00022505519380461303,0.0002911023035700455,0.00029666662289756784,0.0003084101271140227,0.0002341309747072029,0.00023661303661043354,0.00034621761261521833,0.00031199259471803575,0.00027749455181158567,0.0002611424837365428,0.00025395569560998643
2024-02-17,0.4007568476881991,0.3391956915454344,0.3509360511489859,0.3232215515494555,0.4127389589573332,0.4099425414073572,0.29670946499106177,0.3138494642273094,0.34866616510827814,0.41791898206219086,0.4190557970953544,0.00025355234581236896,0.0003218914175299181,0.00032786869278350617,0.0003393806517562048,0.00026346076874816937,0.00026622297685263696,0.0003784632486080741,0.0003428540546899783,0.0003081188107811328,0.0002914374246696383,0.00028405706331857683
2024-02-18,0.4025713431795586,0.3411912501306577,0.3529595910965315,0.32524029177830643,0.4146083027643991,0.41182992045921035,0.2988297166058668,0.3158645156862467,0.35064221121479405,0.41986398484767123,0.4209843292240095,0.0002819744676014757,0.00035258527864073796,0.0003589737410484295,0.0003702507482037931,0.00029271260050889314,0.00029575413743310186,0.00041059689123701393,0.0003736140586312331,0.0003386518924374804,0.00032164612458007724,0.0003140743739721841
2024-02-19,0.40440237345404284,0.34320385204823267,0.3550003745342333,0.3272759086628349,0.4164946216504544,0.4137344325196483,0.30096710959747913,0.31789630439788524,0.35263541579505125,0.42182619058309156,0.42293004890694375,0.00031031314860924253,0.00038317480409461036,0.000389972563208163,0.00040101128149788723,0.00032187781390174974,0.0003251977796062122,0.0004426090316397291,0.00040426350416150614,0.0003690847615502313,0.0003517596442273452,0.00034399874496576777
2024-02-20,0.4062493966803351,0.345232901736873,0.35705779756143874,0.3293277998312555,0.4183973574233933,0.41565551401291134,0.3031210114769254,0.3199442291232574,0.3546451890277474,0.42380501862020614,0.42489238037439914,0.00033856000296395017,0.0004136509419598311,0.0004208559862123873,0.00043165314910259545,0.00035094777847111125,0.0003545451905240804,0.00047449019690920524,0.0004347933216171107,0.000399408412544322,0.00038176907253673065,0.00037382132119617717
2024-02-21,0.4081118662945468,0.3472777987681307,0.35913125135357343,0.33139535809595894,0.4203159470330881,0.4175925964600786,0.30529078486998656,0.32200768384848844,0.3566709361886483,0.4257998833919623,0.4268707429409234,0.00036670667196686546,0.00044400467385596887,0.00045161487115941146,0.00046216728359549375,0.00037991389194663716,0.0003837876858159839,0.0005062309528957032,0.0004651944767333771,0.0004296138721631704,0.00041166552923538324,0.00040353327768327674
2024-02-22,0.4099892311619549,0.3493379380240754,0.3612201223423014,0.33347797163319126,0.4222498227380061,0.4195451066472897,0.3074757877058071,0.324086057964128,0.3587120578265779,0.42781019458577974,0.4288645511772046,0.0003947448265657627,0.00047422701762578345,0.000482240115999899,0.0004925446553535329,0.00040876758278912684,0.00041291661215731024,0.0005378219069985812,0.0004954579733199571,0.000459692202125217,0.00044144016748082215,0.0004331258221813017
2024-02-23,0.4118809357400913,0.35141270987635675,0.3633237923970908,0.33557502416410107,0.4241984122732134,0.42151246679536697,0.3096753734068947,0.326178736445837,0.3607679499408053,0.4298353573182337,0.4308732150833084,0.00042266616981978533,0.0005043090299916009,0.0005127226582318234,0.0005227762752240683,0.00043750031272760115,0.000441923349829898,0.0005692537109465157,0.0005255748559210849,0.0004896345017690318,0.000471084176478731,0.0004625901977803326
2024-02-24,0.4137864202431366,0.3535015003666038,0.36544163900812754,0.3376858951371058,0.4261611390197165,0.4234940947307908,0.31188889108045265,0.3282851000363849,0.36283800415977796,0.4318747723110895,0.43289614026326856,0.00045046243935398245,0.000534241809201863,0.0005430534775804352,0.0005528531971840112,0.00046610357928456025,0.0004707993152733292,0.0006005170635630663,0.0005555362124664565,0.0005194319106864298,0.0005005887840896506,0.000491917685497556
2024-02-25,0.41570512080757005,0.3556036913881052,0.3675730354705263,0.3398099599115238,0.4281374221750941,0.4254894040579739,0.314115685710989,0.33040452542889726,0.3649216079211482,0.43392783606864005,0.4349327281009785,0.00047812540980501916,0.0005640164976657425,0.0005732235986679046,0.0005827665209882649,0.0004945689182937474,0.000499535963624953,0.0006316027135190305,0.0005853331769091197,0.0005490756113447071,0.0005299452594256793,0.0005210996068573115
2024-02-26,0.4176364696590259,0.3577186608687164,0.3697173510697831,0.34194658994241556,0.4301266769253651,0.4274978043327849,0.316355098354147,0.3325363854513019,0.3670181446530411,0.43599394105628897,0.43698237593733175,0.0005056468952551185,0.0005936242845736017,0.0006032240936703626,0.00061250739480323,0.0005228879064031466,0.0005281247912482523,0.0006625014620705305,0.0006149569318474879,0.0005785568316957201,0.0005591449154336847,0.0005501273264599815
2024-02-27,0.41957989528030626,0.3598457829549418,0.37187395126841327,0.34409515296658005,0.4321283146180448,0.4295187012372703,0.3186064663316968,0.33468004925192013,0.3691269939565074,0.4380724758803296,0.43904447724855733,0.0005330187516537355,0.0006230564085053514,0.0006330460849584552,0.0006420670178258758,0.0005510521635685994,0.0005565573382489974,0.0006932041657807253,0.0006443987111362515,0.0006078668477717541,0.0005881791114653034,0.0005789922545356152
2024-02-28,0.42153482258050357,0.36198442819713383,0.374042197893722,0.3462550131896509,0.4341417429363367,0.4315514967555231,0.3208691234276329,0.3368348824861446,0.3712475317891107,0.44016282546886726,0.4411184218257019,0.0005602328792284061,0.0006523041600217661,0.0006626807477252972,0.0006714366428878793,0.00057905335553321,0.000584825190979188,0.0007237017392257572,0.0006736498024786375,0.00063699698626829,0.0006170392558348392,0.000607685849488282
2024-02-29,0.4235006730651775,0.3641339637357577,0.37622144932664886,0.3484255314742396,0.4361663660744086,0.4335955893506449,0.3231424000853179,0.33900024750415403,0.3733791306495896,0.4422643712538282,0.4432035959551981,0.0005872812248808312,0.0006813588842425333,0.0006921193125974945,0.0007006075790448318,0.0006068831962938726,0.0006129199845265609,0.0007539851576829348,0.0007027015500066791,0.0006659386271081202,0.0006457168083613407,0.0006361996204213294
2024-03-01,0.42547686500754245,0.36629375348866494,0.3784110606916342,0.35060606552906554,0.4382015849137008,0.4356503741427505,0.3254256236056155,0.34117550353960185,0.3755211597635477,0.44437649135400425,0.4452993826004739,0.0006141557845704693,0.0007102119834074827,0.0007213530682298464,0.0007295711941475713,0.000634533450553032,0.0006408334051894449,0.0007840454598015967,0.0007315453568407237,0.0006946832059945285,0.0006742032828958577,0.0006645251296511501
2024-03-02,0.4274628136206085,0.3684631583393203,0.38061038404744757,0.35279597009902036,0.44024679720021526,0.4377152430879615,0.3277181183459521,0.3433600068992308,0.3776729852701078,0.4464985607590768,0.44740516158454297,0.0006408486056824203,0.0007388549194205507,0.0007503733638839494,0.0007583189173963611,0.0006619959361555128,0.0006685571929377354,0.0008138737502543791,0.0007601726876342862,0.0007232222169437086,0.0007024902498319885,0.0006926539952039623
2024-03-03,0.4294579312302305,0.3706415363259256,0.3828187685789244,0.3549945971561096,0.4423013977227319,0.4397895851583367,0.3300192059202517,0.3455531111533512,0.379833970409483,0.448629951514568,0.44952030977352536,0.0006673517893818759,0.0007672792163756492,0.0007791716119873726,0.0007868422418773058,0.0006892625265097485,0.0006960831438566628,0.0008434612023706101,0.0007885750710993622,0.0007515472148034164,0.0007305693386012169,0.0007205778932959928
2024-03-04,0.43146162744900907,0.37282824283138827,0.38503556078955203,0.3572012960912144,0.44436477849190104,0.44187278652268436,0.33232820539968,0.34775416732713094,0.3820034757114037,0.45077003290766277,0.45164420126104243,0.0006936574929499173,0.0007954764630664912,0.0008077392906749026,0.0008151327270795594,0.0007163251529934689,0.0007234031125744056,0.0008727990607471647,0.0008167441025140332,0.0007796498177509159,0.000758432240149487,0.0007482885607963952
2024-03-05,0.43347330935099704,0.3750226307740724,0.3872601046948509,0.3594154139066181,0.4464363289201561,0.44396423072820523,0.3346444335141426,0.3499625240926364,0.38418085918434725,0.45291817165384585,0.4537762075534326,0.0007197579321060465,0.0008234383154738789,0.000836067946311192,0.0008431820013939939,0.0007431758073396244,0.0007505090146726623,0.0009018786438393933,0.0008446714462085891,0.0008075217097740506,0.0007860707093955699,0.0007757777976727387
2024-03-06,0.43549238164715454,0.3772240507992813,0.38949174201648995,0.3616362954092366,0.4485154360023979,0.446063298882911,0.33696720485447634,0.35217752796157176,0.3863654765055132,0.45507373208430274,0.45591569775573354,0.0007456453833102894,0.0008511564992357279,0.000864149195991204,0.0008709817645884965,0.0007698065440080448,0.0007773928290790155,0.0009306913465313982,0.0008723488380328326,0.0008351546431315526,0.0008134765676724998,0.0008030374694176223
2024-03-07,0.43751824686150576,0.3794318514714125,0.39172981237708193,0.36386328340450336,0.4506014844973907,0.4481693698387638,0.33929583207527164,0.35439852347865636,0.3885566812114889,0.45723607633402175,0.4580620387583736,0.0007713121860495331,0.0008786228120958861,0.0008919747300212832,0.0008985237902662813,0.0007962094825348931,0.0008040466004402558,0.0009592286426805541,0.0008997680878012893,0.0008625404407937021,0.0008406417051453063,0.000830059509456027
2024-03-08,0.4395503055079401,0.3816453794667265,0.39397365349560015,0.36609571889084136,0.4526938571098238,0.4502818203754843,0.3416296260982695,0.3566248534155839,0.39075382488954913,0.45940456453055095,0.46021459542451804,0.0007967507451033806,0.0009058291263299156,0.0009195363143781887,0.000925799928298443,0.0008223768098662987,0.0008304624414764428,0.0009874820876416002,0.0009269210817164919,0.0008896709988626683,0.000867558083212927,0.0008568359215308519
2024-03-09,0.44158795626761194,0.3838639797666778,0.39622260138335763,0.3683329412546739,0.454791934672978,0.45240002538497254,0.3439678963162719,0.3588558589655081,0.3929562573695307,0.4615785549833454,0.46237273077801855,0.0008219535327934624,0.0009327673911523893,0.0009468257931457003,0.0009528021072372495,0.0008483007826688427,0.0008566325353151494,0.0010154433207660296,0.0009537997847709478,0.0009165382889696483,0.0008942177368861381,0.0008833587820714084
2024-03-10,0.44363059616687855,0.38608699585174355,0.39847599054049226,0.37057428846591006,0.4568950963319477,0.454523358056288,0.346309950797502,0.36109087993799327,0.39516332691622874,0.4637574043736538,0.4645358061919028,0.000846913091209156,0.0009594296350970422,0.0009738350909280213,0.0009795223367032868,0.0008739737296220018,0.0008825491378050554,0.0010431040678749448,0.0009803962431239044,0.0009431343606509657,0.0009206127771444472,0.0009096202425363797
2024-03-11,0.44567762075573103,0.388313769895699,0.4007331541528991,0.3728190972738506,0.4590027197273611,0.45665119006113164,0.3486550964903586,0.3633292549543757,0.39737438042225665,0.46594046794488714,0.4667031815773555,0.0008716220344157088,0.0009858079683767174,0.0010005562152395342,0.001005952709751179,0.0008993880536874443,0.0009082045798060601,0.001070456143708154,0.0010067025864555212,0.0009694513437016328,0.0009467353932704481,0.0009356125317374064
2024-03-12,0.44772842428665993,0.3905436429602797,0.40299342428955093,0.37506670340345316,0.46111418117954744,0.4587828917397801,0.3510026394285015,0.36557032164347586,0.399588763601309,0.4681270996934131,0.46887421557313025,0.0008960730506392678,0.001011894585218609,0.0010269812588695748,0.0010320854052078277,0.0009245362343582308,0.0009335912694605208,0.0010974914543463998,0.0010327110302953968,0.000995481450502489,0.0009725778551624709,0.0009613279581377476
2024-03-13,0.44978239989390617,0.3927759551901702,0.40525613210015005,0.3773164417519038,0.4632288558730927,0.46091783228741057,0.35335188493620723,0.3678134168376053,0.4018058211817777,0.4703166525597173,0.47104826573533914,0.0009202589044305376,0.0010376817661728044,0.0010531024022226165,0.001057912689988505,0.000949410829882924,0.0009587016944381244,0.001124201999606611,0.001058413878326836,0.001021216978326689,0.000998132515619754,0.00098675891212896
2024-03-14,0.45183893977304246,0.39501004600826745,0.4075206080130516,0.3795676465854302,0.46534611804173315,0.4630553799407672,0.3557021378339338,0.37005787676880814,0.40402489710065514,0.47250847861988005,0.4732246887275619,0.0009441724388065675,0.0010631618803976783,0.0010789119156319193,0.001083426921383801,0.0009740044794684932,0.0009835284241603848,0.0011505798754081198,0.0010838035246634181,0.0010466503116169923,0.0010233918126071329,0.0010118978682825963
2024-03-15,0.4538974353608319,0.39724525431115537,0.40978618193340133,0.3818196517363041,0.4674653411535296,0.46519490216510945,0.3580527026440374,0.3723030372652807,0.4062453346976757,0.4747019292773073,0.47540284051122,0.0009678065773676692,0.0010883273879176425,0.0011044021616474775,0.001108620549322703,0.000998309905458128,0.0010080641119983302,0.0011766172761136784,0.0011088724561001406,0.0010717739242411817,0.001048348271492472,0.0010367373875770913
2024-03-16,0.45595727751531195,0.3994809186647358,0.41205218344142663,0.3840717907999699,0.46958589809626844,0.46733576584138986,0.3604028837965735,0.3745482339479111,0.4084664769096309,0.47689635545465997,0.47758207653615753,0.000991154326391963,0.00111317084185375,0.0011295655972952678,0.001133486118605087,0.001022319915485681,0.0010323014974475964,0.0012023064968372243,0.0011336132543371957,0.0010965803817179487,0.0010729945072577851,0.001061270119599056
2024-03-17,0.45801785669604955,0.4017163774999586,0.41431794199082445,0.3863233973322451,0.4717071613630338,0.46947733745360304,0.3627519858351283,0.3767928024268792,0.41068766646480537,0.47909110778592795,0.4797617519313742,0.0010142087769049457,0.0011376848906289316,0.0011543947763097417,0.001158016271108897,0.0010460274046027451,0.0010562334082754865,0.001227639935725111,0.0011580185981742708,0.0011210623434173561,0.0010973232266858757,0.0010854888047185374
2024-03-18,0.4600785631445136,0.403950969308589,0.41658278710718794,0.3885738050465318,0.47382850323789716,0.4716189832762547,0.36509931362261533,0.37903607849826026,0.4129082460774746,0.48128553680858543,0.48194122169585313,0.0010369631067238538,0.001161862280141257,0.0011788823513376179,0.001182203747967181,0.001069425357381859,0.001079852762644773,0.0012526100962053643,0.0011820812656773705,0.0011452125647334332,0.0011213272305167776,0.0011093862762369677
2024-03-19,0.4621387870645125,0.40618403283895954,0.418846048586409,0.39082234801098226,0.4759492959816686,0.47376006956188993,0.36744417254697703,0.38127739834057417,0.41512755864240514,0.48347899315578025,0.4841198408894263,0.0010594105824763833,0.00118569585591205,0.0012030210761112548,0.0012060413917168722,0.0010925068499922364,0.001103152571208521,0.001277209589205297,0.0012057941363161073,0.0011690238992266844,0.0011449994155798837,0.0011329554625076899
2024-03-20,0.4641979188026423,0.4084149072916457,0.4211070566930038,0.39306836084555713,0.4780689120176548,0.47589996272863,0.3697858687267329,0.3835160987112198,0.41734494742930417,0.4856708277484896,0.48629696482362417,0.0010815445615932062,0.001209178565203528,0.0012268038075939347,0.001229522148415152,0.0011152650522488483,0.001126125939178213,0.0013014311353397034,0.0012291501930703497,0.0011924893007406734,0.0011683327768945428,0.001156189389029838
2024-03-21,0.4662553490286933,0.41064293251500494,0.42336514235829714,0.3953111789189243,0.4801867241173696,0.4780380295476594,0.37212370921630894,0.3857515171427408,0.4195597562771546,0.48786039198759423,0.48847194925244775,0.0011033584942737318,0.0012323034591034676,0.0012502235080923407,0.0012526390697288337,0.0011376932296336406,0.001148766068364948,0.0013252675670630265,0.0012521425245075601,0.0012156018254849132,0.0011913204097437902,0.0011790811805104107
2024-03-22,0.46831046891596134,0.4128674492005286,0.42561963737841196,0.397550138545132,0.4823021055861404,0.48017363733060814,0.37445700221109196,0.3879829921388586,0.4217713297883862,0.4900470379458092,0.4906441505630124,0.0011248459254247778,0.0012550636945841687,0.0012732732473406672,0.0012753853149884975,0.0011597847452881616,0.0011710662591901122,0.0013487118307917156,0.0012747643268267717,0.0012383546340922202,0.0012139555117172685,0.0012016240628998642
2024-03-23,0.47036267032140755,0.41508779907793997,0.427869874612,0.3997845771800058,0.48441443044855736,0.48230615411677474,0.37678505725214584,0.3902098633702208,0.42397901352281575,0.49223011855941623,0.4928129259660033,0.001146000496569266,0.001277452536525281,0.0012959462045499248,0.0012977541532147585,0.0011815330619774356,0.0011930199126686247,0.001371756988991002,0.001297008905872532,0.001260740993639764,0.001236231384724562,0.001223811365397065
2024-03-24,0.4724113459656196,0.4173033251099888,0.43011518817766137,0.4020138336172048,0.4865230736337095,0.4844349488601332,0.37910718543052907,0.3924314718698032,0.4261821541913082,0.4944089878197385,0.49497763368588604,0.0011668159477295492,0.001299463359708819,0.0013182356704275477,0.0013197389651081748,0.0012029317440245824,0.0012146205323611547,0.0013943962222277562,0.0013188696791162635,0.0012827542796440272,0.0012581414369757793,0.001245636522421878
2024-03-25,0.47445588961251417,0.41951337168687775,0.4323549136509884,0.40423724818388374,0.4886274111601535,0.48655939161607015,0.3814226995911544,0.3946471602279086,0.4283800998490947,0.4965830009643076,0.49713763315081977,0.001187286119278541,0.0013210896507779846,0.0013401350491620834,0.0013413332450090687,0.001223974459215238,0.0012358617262969163,0.0014166228311888185,0.001340340177603483,0.0013043879780195722,0.0012796791849341016,0.001267093075559389
2024-03-26,0.4764956962487325,0.42171728482026827,0.4345883882611795,0.4064541629359014,0.4907268203205601,0.48867885372779457,0.3837309145361284,0.39685627278670466,0.4305722000886933,0.4987515146676579,0.4992922851822116,0.0012074049537632026,0.0013423250101650686,0.0013616378603747425,0.0013625306028230422,0.0012446549806717777,0.001256737208864489,0.0014384302386627468,0.0013614140478679926,0.00132563568700661,0.0013008382552339715,0.0012881746754702106
2024-03-27,0.4785301622626739,0.4239144123368067,0.43681495108716445,0.40866392185251565,0.49282067986598216,0.49079270801236935,0.3860311472275134,0.3990581558342439,0.4327578062323757,0.5009138872316958,0.5014409521838608,0.00122716649769683,0.0013631631539857136,0.0013827377410376984,0.0013833247659103542,0.0012649671886948988,0.0012772408026733295,0.0014598119914869812,0.0013820850538125984,0.001346491119066373,0.0013216123865651408,0.001308875083769978
2024-03-28,0.4805586856231133,0.42610410407111254,0.43903394325318146,0.4108658710305116,0.4949083701896933,0.49290032894630254,0.38832271698944876,0.4012521577979083,0.4349362715241213,0.503069478775591,0.5035829983306325,0.0012465649033205906,0.0013835979158979272,0.0014034284473572467,0.0014037095809439348,0.001284905072575504,0.0012973664403794771,0.001480761762456817,0.0014023470785544112,0.0013669481027414054,0.0013419954315286864,0.001329188174874707
2024-03-29,0.48258066605735267,0.4282857120581729,0.4412447081237481,0.4130593588777016,0.49698927351053895,0.4950010928506517,0.39060494570957416,0.40343762943721817,0.4371069513210014,0.5052176514251252,0.5057177897566095,0.0012655944303343047,0.001403623248926844,0.0014237038566202176,0.0014236790157292067,0.0013044627323728353,0.0013171081664834494,0.0015012733521980182,0.001422194126234011,0.0013870005844803246,0.0013619813584532237,0.0013491079378137316
2024-03-30,0.48459550522885064,0.4304585907250857,0.4434465914979714,0.4152437363057417,0.4990627740557482,0.49709437807557955,0.3928771580396938,0.4056139240359546,0.439269203283942,0.5073577695014511,0.5078446947426638,0.001284249447594421,0.0014232332272542947,0.0014435579690066924,0.0014432271609887692,0.0013236343806610762,0.0013364601390907227,0.0015213406910011273,0.0014416203237906378,0.0014066426304318314,0.0013815642531820327,0.0013686284780090041
2024-03-31,0.48660260691428087,0.43262209708209504,0.44563894180313607,0.41741835692220763,0.5011282582431499,0.4991795651843102,0.39513868159562265,0.4077803975935327,0.44142238756779956,0.5094891997091978,0.5099630839033912,0.0013025244347813492,0.001442422047972125,0.0014629849093655833,0.0014623482321121095,0.0013424143442404834,0.001355416631641404,0.001540957840617585,0.0014606199227000793,0.001425868428198307,0.0014007383208204383,0.001387744019018422
2024-04-01,0.4886013771799636,0.4347755909128626,0.44782111028751537,0.41958257722187287,0.5031851148627432,0.5012560371364307,0.3973888471561564,0.40993640901557166,0.4435658670107034,0.5116113113238765,0.5120723303733574,0.0013204139840324314,0.0014611840327997117,0.0014819789289526875,0.0014810365708665674,0.0013607970658184865,0.001373972034604043,0.001560118996017601,0.0014791873006752554,0.0014446722885569918,0.001419497887454657,0.001406448904246016
2024-04-02,0.49059122455762016,0.43691843496391725,0.4499924512123469,0.42173575677713193,0.5052327352575623,0.5033231794704833,0.39962698886110376,0.41208132030360484,0.44569900732260054,0.5137234763785181,0.5141718099925975,0.0013379128015424957,0.001479513629763729,0.0015005344071317706,0.0014992866470724397,0.0013787771056517073,0.0013921208571366916,0.0015788184871067257,0.0014973169633303862,0.0014630486471426396,0.0014378374018260143,0.0014247375986151667
2024-04-03,0.49257156021939785,0.43904999513322945,0.45215232204291766,0.4238772584275129,0.5072705135037893,0.5053803804857941,0.4018524444083261,0.41421449674387356,0.4478211772729542,0.515825069849502,0.5162609014913149,0.0013550157091295478,0.0014974054148416127,0.001518645853038736,0.0015170930602382282,0.0013963491431566721,0.0014098577287104952,0.001597050780404785,0.0015150035458065259,0.0014809920660955322,0.001455751436977848,0.0014426046902072942
2024-04-04,0.4945417981521135,0.4411696406578514,0.45430008363869967,0.42600644846822355,0.5092978465900563,0.5074270314234854,0.4040645552497228,0.4163353070951498,0.4499317488775336,0.5179154698415086,0.5183389866737245,0.0013717176457679336,0.0015148540935663313,0.0015363079072048258,0.0015344505411594156,0.0014135079784850513,0.0014271774006997529,0.001614810480682738,0.0015322418143593475,0.001498497235669305,0.0014732346918587824,0.0014600448918619113
2024-04-05,0.4965013553306651,0.4432767443005707,0.4564351004424828,0.428122696837676,0.5113141345958867,0.5094625266466178,0.40626266678610645,0.4184431237755303,0.45203009758424484,0.5199940577715485,0.5204054506009881,0.0013880136690861966,0.0015318545025930774,0.0015535153431445736,0.0015513539534786625,0.0014302485340614846,0.0014440747479355087,0.001632092332559676,0.0015490266679080156,0.0015155589758023558,0.0014902819928919175,0.0014770530427435924
2024-04-06,0.4984496518905573,0.44537068253551937,0.4585567406684459,0.43022537730393057,0.5133187808692207,0.5114862638194064,0.4084461285609092,0.4205373230481472,0.4541156024579469,0.5220602185520126,0.5224596817731832,0.0014038989568289084,0.001548401611227379,0.0015702630689007901,0.001567798295204259,0.0014465658560862682,0.0014605447702202845,0.0016488912220575802,0.00156535313954409,0.001532172237651619,0.0015068882955071583,0.0014936241098664205
2024-04-07,0.5003861112994927,0.44745083573268546,0.4606643764891116,0.43231386765000823,0.5153111922029739,0.513497644085463,0.4106142944526636,0.42261728520574404,0.45618764636419473,0.5241133407726842,0.5245010723102564,0.0014193688082836942,0.0015644905229135198,0.0015865461285516358,0.0015837787001909964,0.0014624551160010713,0.0014765825938095611,0.001665202178114833,0.0015812163980022942,0.0015483321050854815,0.0015230486856323555,0.0015097531895846839
2024-04-08,0.5023101605279778,0.4495165883412716,0.46275738422113244,0.43438754985801503,0.5172907790105786,0.5154960722450069,0.4127665228661996,0.42468239475405456,0.45824561615186055,0.5261528168816672,0.526529018131905,0.0014344186456727304,0.0015801164766838238,0.0016023597036779469,0.001599290439579626,0.0014779116119187918,0.0014921834728535144,0.0016810203740570406,0.0015966117490888165,0.0015640337961391193,0.001538758381148253,0.0015254355090444927
2024-04-09,0.5042212302188906,0.45156732907184605,0.4648351445098471,0.4364458102920233,0.5192569555004493,0.5174809569309939,0.4149021769225037,0.4267320405939388,0.46028890283457485,0.5281780433651683,0.5285429191363342,0.0014490440155067175,0.0015952748485669743,0.0016176991147884845,0.001614328923197017,0.0014929307700128902,0.0015073427908007808,0.0016963411290255581,0.0016115346370715877,0.001579272664429754,0.0015540127333026899,0.0015406664275956494
2024-04-10,0.5061187548559637,0.45360245107723307,0.466897042512558,0.43848803987965645,0.5212091398493299,0.5194517107841121,0.4170206246471811,0.42876561620221754,0.4623169017709344,0.5301884209260883,0.5305421793778361,0.0014632405899036582,0.001609961152956696,0.0016325598227044935,0.0016288897009141823,0.0015075081458733042,0.0015220560617655865,0.0017111599093624363,0.0016259806460282578,0.0015940442005306088,0.0015688072280876098,0.0015554414381637738
2024-04-11,0.5080021729311289,0.4556213521320897,0.4689424680804737,0.44051363429232304,0.5231467543744643,0.5214077506265896,0.41912123915746763,0.43078251981115134,0.46432901284342704,0.5321833546613634,0.5325262072431403,0.0014770041678690005,0.0016241710439396373,0.0016469374299038497,0.0016429684639623354,0.001521639425819954,0.0015363189318539083,0.0017254723299521824,0.0016399455011525954,0.0016083440333070076,0.0015831374875739934,0.0015697561685859007
2024-04-12,0.509870927110676,0.4576234348111129,0.4709708159392609,0.4425219941240479,0.5250692257045413,0.5233484976347677,0.4212033988477343,0.43278215458651303,0.46632464063601453,0.5341622542380061,0.5344944156264813,0.001490330676538254,0.001637900316580343,0.0016608276818208534,0.0016565610462094815,0.0015353204281797206,0.0015501271804535532,0.001739274155519388,0.0016534250700186992,0.0016221679312082293,0.0015969992712079328,0.0015836063829027802
2024-04-13,0.5117244644001782,0.45960810666582724,0.47298148586815514,0.4445125250688451,0.5269759849493642,0.5252733775103828,0.42326648757342983,0.43476392880420156,0.4683031946103264,0.5361245340677934,0.5364462221033329,0.0015032161723831372,0.0016511449081659801,0.0016742264681068875,0.0016696634253911546,0.0015485471045235677,0.0015634767214813827,0.0017525613018819497,0.0016664153638054624,0.0016355118035202842,0.00161038847706374,0.0015969879826129851
2024-04-14,0.5135622363081308,0.46157478039990074,0.47497388287757597,0.4464846380965839,0.5288664678681962,0.5271818206505113,0.4253098948334083,0.4367272560253424,0.47026408928040986,0.5380696134805545,0.5383810491027573,0.001515656842378088,0.0016639008994089877,0.0016871298238453347,0.001682271724303186,0.0015613155408656931,0.0015763636045932339,0.001765329837158991,0.0016789125384760184,0.001648371701576945,0.0016233011430608624,0.001609897007886052
2024-04-15,0.5153836990082599,0.4635228740429348,0.47694741738519325,0.44843774962729094,0.5307401150367262,0.5290732623161246,0.42733301595058615,0.43867155526982393,0.4722067443859843,0.5399969168959973,0.5402983240783169,0.0015276490051292502,0.0016761645156064264,0.0016995339307251944,0.0016943822119469543,0.0015736219588199374,0.0015887840163535394,0.0017775759829358195,0.0016909128959153863,0.0016607438199273128,0.0016357334481330588,0.001622329638733766
2024-04-16,0.5171883135004472,0.4654518111226786,0.4789015053903956,0.4503712817038416,0.5325963720126135,0.530947142799203,0.4293352522508762,0.44059625118821905,0.47413058506414946,0.5419058739940342,0.5421974796775008,0.001539189111961936,0.0016879321277566417,0.0017114351181722887,0.001705991304633947,0.0015854627167194435,0.0016007342813620928,0.0017892961153809228,0.0017024128850248177,0.0016726244974624715,0.001647681713361937,0.0016342821961407017
2024-04-17,0.5189755457702316,0.4673610208356163,0.4808355686471039,0.4522846621629871,0.5344346894995545,0.5328029075883636,0.4313160112403442,0.4425007742320398,0.4760350420194973,0.5437959198835478,0.5440779539096122,0.0015502737479734519,0.0016992002536339035,0.001722829864433617,0.0017170955670472443,0.0015968343106937954,0.0016122108633431775,0.0018004867663184987,0.0017134091027722342,0.0016840102184989547,0.0016591424030631963,0.001645751143152685
2024-04-18,0.52074486694683,0.4692499382158782,0.4827490348348844,0.45417732480466605,0.5362545235098287,0.5346400075329495,0.4332747067805376,0.444384560822277,0.47791955169257494,0.5456664952695507,0.5459391903120724,0.0015608996330408464,0.00170996555881886,0.001733714797620356,0.0017276917132567626,0.0016077333757046341,0.0016232103661921737,0.0018111446242546902,0.001723898295200088,0.0016948976138187466,0.0016701121258339002,0.001656733085924067
2024-04-19,0.5224957534596416,0.4711180043024213,0.48464133772830714,0.4560487095595532,0.5380553355252745,0.5364578990055308,0.43521075926193414,0.44624705351617105,0.47978355642665116,0.5475170466186922,0.5477806381150848,0.0015710636227950214,0.0017202248576841384,0.0017440866967055602,0.0017377766076926981,0.001618156686543637,0.0016337295349789782,0.0018212665353583568,0.0017338773583873701,0.0017052834616662627,0.001680587635557118,0.0016672247747204771
2024-04-20,0.5242276871931774,0.47296466630443657,0.4865119173645024,0.45789826265479144,0.5398365926566444,0.5382560440627733,0.43712359577545606,0.4480877011721697,0.4816265046327364,0.549347026323056,0.549601752404619,0.001580762709546879,0.0017299751143383668,0.0017539424924779001,0.0017473472660721745,0.0016281011587858663,0.001643765256912011,0.0018308495043927175,0.0017433433393692077,0.0017151646887022531,0.0016905658323616013,0.0016772231048830522
2024-04-21,0.525940155640382,0.4747893777649273,0.4883602202088605,0.4597254367778634,0.5415977678012951,0.5400339106046256,0.43901265028200465,0.449905959113018,0.48344785095280607,0.5511558928622048,0.5514019942836579,0.0015899940231812737,0.001739213443523402,0.0017632792684483256,0.0017564008562833133,0.0016375638497011513,0.0016533145622599221,0.0018398906956031413,0.001752293437009167,0.0017245383709125206,0.0017000437635368293,0.00168672511774548
2024-04-22,0.5276326520542904,0.4765915987224161,0.49018569931883355,0.46152969123855,0.5433383397991671,0.5417909725317747,0.44087736377995923,0.4517012892869382,0.4852470564211811,0.5529431109634287,0.553180831031666,0.0015987548320033351,0.001747937111469644,0.0017720942617147073,0.0017649346992233417,0.001646541959127723,0.0016623746252296678,0.0018483874335556982,0.0017607250028293109,0.0017334017344732833,0.0017090186244117511,0.001695728001508412
2024-04-23,0.5293046755979843,0.47837079587072595,0.49198781450578377,0.4633104921289286,0.5450577935870029,0.5435267099013277,0.4427171844705956,0.4534731604268479,0.48702358862401773,0.5547081517601379,0.5549377362622311,0.001607042543549153,0.0017561435367025036,0.0017803848637786834,0.0017729462695909581,0.0016550328302981088,0.0016709427648023967,0.0018563372039289705,0.0017686355417936839,0.0017417521565734062,0.0017174877591801252,0.0017042290920741276
2024-04-24,0.5309557314927973,0.48012644271679683,0.4937660324948343,0.4650673124813652,0.5467556203507634,0.5452406090806723,0.4445315679213716,0.45522104820757037,0.48877692185685506,0.5564504929483637,0.5566721900788296,0.0016148547053517204,0.0017638302908095649,0.0017881486213179865,0.0017804331966333464,0.0016630339506271685,0.0016790164455287027,0.0018637376542580686,0.0017760227130468875,0.0017495871661882267,0.0017254486616889997,0.0017122258738332397
2024-04-25,0.5325853311647265,0.48185801973648107,0.4955198270826733,0.46679963242445316,0.5484313176761937,0.5469321628994668,0.44631997722703326,0.4569444354009901,0.49050653728018107,0.5581696189413168,0.5583836792286723,0.0016221890056662414,0.0017709950991561252,0.0017953832369116962,0.001787393264848558,0.0016705429524542792,0.0016865932782756943,0.0018705865946305744,0.001782884330605694,0.0017569044448124682,0.0017328989761790092,0.0017197159804090978
2024-04-26,0.5341929923890116,0.4835650145282801,0.49724867929326655,0.46850693933685084,0.5500843896974963,0.5486008707997218,0.4480818831684947,0.45864281202911,0.49221192307296513,0.5598650210219583,0.5600716972545848,0.0016290432741556948,0.0017776358415602656,0.0018020865697208066,0.001793824414640155,0.0016775576137457726,0.001693671020936871,0.0018768819983350227,0.0017892183640070836,0.0017637018271455251,0.0017398364979825942,0.001726697195359006
2024-04-27,0.5357782394328313,0.4852469219649724,0.4989520775314299,0.47018872799897515,0.5517143472440639,0.5502462389839228,0.4498167643694412,0.4603156755149619,0.49389257458411434,0.5615361974935353,0.5617357446448751,0.0016354154825310996,0.0017837505529196829,0.0018082566361208863,0.0017997247429277219,0.001684075858749745,0.0017002475790945937,0.0018826220024600326,0.0017950229389089856,0.0017699773017327836,0.0017462591741744804,0.0017331674528285879
2024-04-28,0.5373406031960815,0.48690324434308774,0.5006295177342202,0.47184450074250334,0.5533207079852358,0.5518677805611523,0.4515241074506138,0.4619625308313263,0.4955479944818072,0.5631826538280444,0.5633753289811488,0.0016413037451541435,0.0017893374237925586,0.0018138916102904967,0.0018050925037089716,0.0016900957586132304,0.0017063210066389223,0.0018878049084459225,0.0018002963376442804,0.0017757290115600899,0.0017521651041829678,0.0017391248381647406
2024-04-29,0.5388796213501887,0.4885334915301871,0.5022805035200936,0.47347376759764204,0.5549029965730242,0.5534650156911701,0.4532034071817263,0.46358289064721947,0.497177692900663,0.5648039028125661,0.564989965084023,0.001646706319593405,0.0017943948009341293,0.001818989824749817,0.0018099261085773866,0.0016956155319503008,0.0017118895063457096,0.001892429182587585,0.0018050369997289484,0.001780955254604255,0.0017575525403468184,0.00174456758848196
2024-04-30,0.5403948384749203,0.4901371811098995,0.5039045463357942,0.47507604643811613,0.55646074478278,0.555037471726404,0.45485416663097095,0.4651762754721033,0.4987811875867002,0.566399464693443,0.5665791751566968,0.0016516216071392753,0.0017989211877850186,0.0018235497708550819,0.0018142241271911774,0.0017006335453721988,0.0017169514304059552,0.0018964934564877356,0.00180924352232531,0.0017856544843357636,0.0017624198884378384,0.0017494940931819247
2024-05-01,0.5418858061931516,0.49171383852467737,0.5055011656009252,0.4766508631238388,0.5579934916517455,0.5565846833518149,0.4564758973120688,0.46674221379777264,0.5003580040400437,0.5679688673182447,0.5681424889263422,0.0016560481532795768,0.0018029152449144936,0.0018275700992455013,0.0018179852876978875,0.0017051483139670642,0.00172150528091497,0.001899996527462644,0.001812914660655418,0.0017898253101769623,0.001766765708129392,0.0017539028944330015
2024-05-02,0.5433520833035479,0.4932629972162259,0.5070698888501581,0.4781977516412161,0.5595007836154628,0.55810619272259,0.45806811932881975,0.4682802422378836,0.5019076756553362,0.569511646275485,0.569679443783264,0.001659984648128332,0.0018063757904169808,0.001831049620240388,0.0018212084771091486,0.0017091585017424693,0.0017255497103146888,0.0019029373588968501,0.0018160493283705392,0.001793466497913454,0.0017705887134233933,0.0017577926876004568
2024-05-03,0.5447932359111214,0.4947841987635644,0.5086102518730455,0.47971625424104875,0.5609821746419902,0.5596015495996279,0.45963036151711323,0.46978990566507617,0.5034297438598148,0.5710273450320495,0.5711895849177919,0.0016634299268126762,0.0018093018002611205,0.0018339873041940402,0.0018238927416315276,0.0017126629220195477,0.001729083521793462,0.001905315080551695,0.001818646597871898,0.0017965769700588607,0.0017738877730311131,0.001761162321631038
2024-05-04,0.5462088375556303,0.4962769930186816,0.5101217988513868,0.4812059215739874,0.5624372263638899,0.5610703114827713,0.4611621615843509,0.4712707573456541,0.5049237582490104,0.5725155150682906,0.5726724654548694,0.001666382969820246,0.0018116924085939123,0.0018363822817981656,0.0018260372869482455,0.0017156605377844913,0.001732105669640216,0.001907128988820117,0.0018207057005857896,0.0017991558061749569,0.0017766619107072446,0.001764010799396698
2024-05-05,0.5475984693377727,0.4977409382397405,0.5116040824941127,0.48266631282350164,0.563865508207947,0.5625120437417488,0.46266306624624914,0.4727223590717805,0.5063892767200282,0.5739757160107527,0.5741276465862873,0.001668842903297163,0.0018135469079956779,0.0018382338443407864,0.0018276414784536565,0.0017181504619934174,0.001734615259552763,0.0019083785469381498,0.00182222602719051,0.0018012022431419528,0.0017789103055405597,0.0017663372779864739
2024-05-06,0.5489617200431469,0.49917560122179744,0.5130566641696459,0.4840969958363252,0.5652665975225855,0.5639263197447891,0.464132631360971,0.47414428129115066,0.5078258656023757,0.5754075157624846,0.5755546977005379,0.0016708089993094921,0.0018148647496900039,0.0018395414439146274,0.0018287048414417084,0.0017201319578383778,0.001736611548902145,0.0019090633851411853,0.0018232071277969886,0.0018027156753871454,0.001780632292194828,0.0017681410689581734
2024-05-07,0.5502981862639377,0.5005805574249946,0.5144791140356982,0.4854975472503371,0.5666400797029361,0.56531272098487,0.4655704220605565,0.4755361032341033,0.5092330997862894,0.5768104906309037,0.5769531965102371,0.001672280676058957,0.0018156455437066676,0.001840304693579542,0.001829227061245997,0.0017216044389630758,0.0017380939469552326,0.0019091833007751635,0.0018236487120817935,0.0018036956550607774,0.00178182736110577,0.00176942163854088
2024-05-08,0.5516074725182879,0.5019553911001882,0.5158710111664697,0.4868675526198414,0.5679855483135237,0.5666708372035588,0.4669760128796051,0.4768974130381331,0.5106105628485345,0.5781842254531755,0.5783227291770872,0.0016732574980516945,0.0018158890589961008,0.0018405233674781973,0.0018292079833334696,0.0017225674696358384,0.0017390620150457003,0.0019087382583542478,0.0018235506493729514,0.0018041418921718178,0.0017824951586339344,0.0017701786077929382
2024-05-09,0.5528891913673305,0.5032996954119741,0.5172319436772057,0.4882066065382079,0.5693026052085404,0.5680002665124172,0.46834898788118007,0.47822780786976776,0.5119578471756289,0.5795283137190642,0.579662890434339,0.001673739176230593,0.0018155952234978345,0.0018401974009010225,0.001828647613349721,0.001723020764880956,0.0017395154667074753,0.0019077283895741481,0.0018229129686888612,0.0018040542546705618,0.0017826354871670613,0.0017704117527161944
2024-05-10,0.5541429635298374,0.5046130725590795,0.5185615088460813,0.48951431275783885,0.5705908606496618,0.5693006155119238,0.46968894077988926,0.4795268940437727,0.513274554084465,0.580842357691228,0.5809732837067152,0.0016737255680593366,0.0018147641241632595,0.0018393268903071913,0.0018275461171169405,0.0017229641905615045,0.001739454167756338,0.0019061539932711535,0.001821735858729523,0.0018034327684909313,0.0017822483051797011,0.0017701210043182813
2024-05-11,0.555368417994454,0.5058951338920755,0.5198593132333721,0.49079028430742466,0.5718499334213759,0.5705714994078891,0.47099547506211215,0.4807942871396487,0.5145602939402851,0.5821259685229141,0.5822535212277641,0.001673216677564815,0.0018133960069270927,0.0018379120932945359,0.001825903820585506,0.001722397763417538,0.0017388781363318895,0.0019040155353343136,0.0018200196678207492,0.0018022776175411481,0.0017813337272447605,0.0017693064486368204
2024-05-12,0.5565651921294891,0.5071455000283882,0.5211249727978804,0.492034143606456,0.5730794509437941,0.5718125421253221,0.4722682041033347,0.4820296121153883,0.5158146862719795,0.583378766373027,0.5835032241546062,0.001672212655335903,0.0018114912766381552,0.001835953428524384,0.0018237212097379496,0.0017213216510650886,0.0017377875428913336,0.0019013136485681592,0.0018177649038109145,0.0018005891436480015,0.0017798920240015281,0.0017679683267118884
2024-05-13,0.5577329317902215,0.5083638009645609,0.5223581130105781,0.49324552257695387,0.5742790493828999,0.5730233764197155,0.4735067512825573,0.4832325034184566,0.5170373598846767,0.5846003805185265,0.5847220226800397,0.00167071379847894,0.0018090504969363597,0.0018334514755967701,0.001820998930443407,0.001719736171942543,0.001736182710158185,0.0018980491325041315,0.001814972233920853,0.001798367846459037,0.0017779236220725192,0.0017661070345150742
2024-05-14,0.5588712914236993,0.5095496761857459,0.5235583689654378,0.494424062752392,0.5754483737582157,0.5742036439857214,0.47471075009374303,0.4844026050939645,0.518227952969583,0.5857904494641337,0.5859095561419727,0.001668720550530245,0.0018060743900876197,0.0018304069748806828,0.00181773778826827,0.0017176417952190492,0.001734064113028344,0.0018942229531649923,0.0018116424845468493,0.001795614383290789,0.0017754291039401293,0.0017637231228330164
2024-05-15,0.5599799341709912,0.5107027747723865,0.5247253854874113,0.49556941538377164,0.576587078047846,0.5753529955631789,0.4758798442542737,0.48553957089000094,0.5193861132110507,0.5869486210493005,0.5870654731301476,0.001666233501323,0.0018025638367697994,0.0018268208272917974,0.0018139387482370983,0.0017150391406539622,0.0017314323784295427,0.0018898362427791082,0.001807776641015002,0.0017923295689381558,0.0017724092077714415,0.00176081729710309
2024-05-16,0.5610585319668728,0.5118227555040595,0.5258588172375347,0.49668124154282184,0.5776948252908719,0.5764710910404645,0.4770136878103778,0.4866430643600952,0.5205114978908307,0.5880745525524218,0.588189431590131,0.0016632533868157218,0.0017985198758125875,0.0018226940940294645,0.0018096029345465725,0.0017119289784151004,0.0017282882851337167,0.0018848902994442196,0.001803375847291011,0.0017885143754303723,0.001768864827202954,0.0017573904172061283
2024-05-17,0.5621067656369033,0.5129092869604472,0.5269583288151184,0.4977592122222951,0.5787712876870614,0.5775575995551381,0.4781119452395055,0.4877127589627756,0.5216037739894908,0.589167910792252,0.5892810989245318,0.0016597810888723252,0.00179394370388819,0.0018180279962608514,0.001804731630234313,0.0017083122288484853,0.001724632763528966,0.0018793865867448023,0.001798441405640172,0.0017841699317443505,0.0017647970110740152,0.0017534434972109603
2024-05-18,0.563124324991875,0.5139620476194116,0.5280235948569961,0.49880300843332415,0.5798161466938739,0.5786121995918497,0.47917429154961433,0.48874833815819946,0.5226626182849603,0.5902283722264967,0.590340152091423,0.0016558176350012221,0.0017888366751602769,0.0018128239147583436,0.0017993262767971863,0.001704189962210001,0.001720466895342443,0.001873326733318026,0.001792974776243128,0.0017792975234710573,0.0017602069631165174,0.0017489777050750943
2024-05-19,0.5641109089196037,0.5149807259521357,0.5290543001338085,0.4998123212998173,0.5808290931207186,0.5796345790774824,0.4802004123753395,0.48974949550182223,0.5236877174481769,0.5912556230475567,0.5913662776999328,0.0016513641980522298,0.0017832003008803055,0.0018070833894942018,0.0017933884737664774,0.001699563398343762,0.0017157919133227173,0.0018667125323718614,0.0017869775767637153,0.0017738985924342643,0.0017550960415996242,0.0017439943622974408
2024-05-20,0.565066225474033,0.5159650205153128,0.530050139643281,0.5007868521498587,0.5818098272204509,0.5806244354734967,0.4811900040710202,0.4907159347350789,0.5246787681358062,0.592249359275387,0.5923591721029862,0.0016464220958694042,0.001777036248942765,0.0018008081191815961,0.0017869199782333811,0.0016944339063242886,0.0017106092008706275,0.0018595459411549498,0.0017804515818696798,0.0017679747362647769,0.0017494657589269824,0.0017384949435302888
2024-05-21,0.5659899919616247,0.5169146400403453,0.531010818700482,0.5017263126040916,0.5827580587780726,0.5815814758654606,0.4821427738005522,0.49164736987305147,0.525635477080005,0.5932092868474501,0.5933185414871543,0.001640992790899909,0.0017703463433891287,0.0017939999607747836,0.001779922704330139,0.0016888030040513868,0.0017049202916351591,0.0018518290803767323,0.001773398722707764,0.0017615277079268132,0.00174331778119019,0.001732481076139547
2024-05-22,0.5668819350250129,0.517829303519538,0.5319360530250216,0.5026304246610529,0.5836735071966103,0.5825054170497248,0.48305843962404443,0.4925435252890975,0.5265575611752048,0.5941351217057343,0.5942441019596021,0.0016350778897625817,0.0017631325638706175,0.0017866609289163282,0.0017723987226625493,0.0016826723577996194,0.0016987268690562551,0.0018435642335805635,0.001765821086332442,0.0017545594151997523,0.0017366539276750803,0.0017259545397253495
2024-05-23,0.5677417907238954,0.5187087402892515,0.5328255688251787,0.503498920779439,0.5845559015801481,0.5833959856172274,0.48393673058124775,0.4934041357964116,0.5274447475618872,0.5950265898808089,0.5951355796320945,0.0016286791427716496,0.0017553970450598921,0.0017787931953449077,0.0017643502596975669,0.001676043781725256,0.0016920307658663258,0.0018347538464675295,0.001757720915088412,0.0017470719201138074,0.0017294761703222639,0.0017189172655949214
2024-05-24,0.5685693046131376,0.5195526901099978,0.5336791028789165,0.5043315439572759,0.585404980813992,0.584252918034402,0.484777386771738,0.4942289467264989,0.5282967737073265,0.5958834275728994,0.5959927107020461,0.0016217984434198085,0.0017471420760226675,0.0017703990882488307,0.0017557796971050532,0.0016689192373307016,0.0016848339635506804,0.0018254005261731931,0.0017491006059466851,0.0017390674383389593,0.0017217866331464826,0.0017113713361909255
2024-05-25,0.5693642318180653,0.5203609032434461,0.5344964026117767,0.5051280478079695,0.5862204936419365,0.5850759607211595,0.4855801594318231,0.49501771400453526,0.529113387483279,0.5967053812299467,0.5968152415305832,0.0016144378278160065,0.001738370099535702,0.0017614810915795864,0.0017466895710521735,0.0016613008328839607,0.0016771385917589976,0.0018155070404952123,0.0017399627097954284,0.0017305483385301468,0.0017135875916047816,0.0017033189844751773
2024-05-26,0.5701263371069301,0.5211331405263276,0.535277226171619,0.5058881966332165,0.5870021987406151,0.5858648701259277,0.4863448110081578,0.49577020422159274,0.5298943472405898,0.59749220762264,0.5976029287176003,0.0016065994740853684,0.0017290837113685953,0.001752041844315877,0.0017370825714543292,0.001653190822792694,0.0016689469276756075,0.001805076317075216,0.0017303099306849035,0.001721517141626161,0.0017048814719256011,0.0016947625932682842
2024-05-27,0.5708553949605156,0.5218691734412066,0.5360213425001898,0.5066117654927489,0.587749864790913,0.5866194127977211,0.4870711152280384,0.49648619470370997,0.5306394218807025,0.5982436739163909,0.5983555391737861,0.0015982857017224905,0.0017192856595134032,0.001742084139682687,0.0017269615411761308,0.0016445916069397493,0.0016602613953454748,0.0017941114425321092,0.0017201451250279387,0.0017119765201032422,0.0016956708503900186,0.0016857046945435439
2024-05-28,0.5715511896388735,0.5225687841841018,0.5367285314014958,0.5072985402709009,0.5884632705464169,0.5873393654552239,0.48775885716636147,0.49716547357778396,0.531348390924044,0.5989595577402332,0.5990728501895988,0.0015894989709064333,0.0017089788433708453,0.0017316109243248334,0.0017163294751939562,0.0016355057299712872,0.001651084564957661,0.0017826156615487476,0.0017094713007538842,0.0017019292971850453,0.0016859584525690252,0.0016761479686797642
2024-05-29,0.5722135152451647,0.523231765728938,0.5373985836069641,0.5079483177399661,0.589142204898886,0.5880245150528609,0.48840783330922233,0.49780783983426763,0.5320210445752682,0.5996396472526264,0.5997546495011677,0.0015802418817725261,0.0016981663128933233,0.001720625297436329,0.0017051895197069955,0.0016259358805446045,0.0016414191520829347,0.0017705923759114284,0.0016982916164193784,0.0016913784460065306,0.001675747152517948,0.0016660952436653442
2024-05-30,0.5728421757865864,0.5238579218888111,0.5380313008373657,0.5085609056203375,0.5897864669407235,0.5886746588438446,0.48901785161413963,0.49841310338665046,0.5326571837853379,0.6002837412041414,0.6004007353531078,0.0015705171736424273,0.0016868512676835312,0.0017091305098390075,0.001693544971207328,0.0016158848905325485,0.0016312680168739657,0.0017580451435040834,0.0016866093802723747,0.0016803270887342237,0.0016650399719239095,0.0016555494942632754
2024-05-31,0.5734369852323691,0.5244470673740379,0.5386264958614946,0.5091361226374057,0.5903958660244244,0.5892896044401664,0.4895887315668826,0.49898108512771006,0.5332566203104258,0.6008916489970159,0.6010109165582211,0.0015603277242126623,0.0016750370560441041,0.0016971299630276215,0.0016813992755040363,0.0016053557341838554,0.0016206341632137855,0.0017449776772546222,0.0016744280492749786,0.0016687784956421758,0.0016538400792143193,0.0016445138411310678
2024-06-01,0.5739977675688298,0.5249990278469923,0.5391839925515656,0.5096737985752009,0.5909702218189965,0.5898691698695312,0.49012030423488845,0.49951161698251123,0.5338191767676208,0.6014631907415535,0.6015850125540717,0.0015496765487067465,0.0016627271739916294,0.0016846272081553204,0.0016687560267037993,0.001594351527245741,0.0016095207378312715,0.0017313938440363108,0.0016617512280789892,0.0016567360841455159,0.0016421507886174025,0.0016329915498951575
2024-06-02,0.574524356851452,0.5255136399736894,0.5397036259353393,0.5101737743267631,0.5915093643633194,0.5904131836292044,0.4906124123172528,0.5000045419581426,0.5343446866874159,0.601998197309357,0.602122853456418,0.0015385667989777918,0.0016499252642174778,0.0016716259449889304,0.0016556189661478538,0.001582875526039751,0.001597931029368005,0.001717297663524131,0.0016485826679595306,0.001644203417787038,0.0016299755591825393,0.0016209860301870105
2024-06-03,0.5750165972539956,0.5259907514721217,0.5401852422449382,0.5106359019412234,0.5920131341164404,0.5909214847367615,0.49106491019127685,0.5004597141901734,0.5348329945629717,0.6024965103833754,0.6026242801094848,0.001527001762580138,0.0016366351150127745,0.0016581300208122762,0.0016419919813034367,0.0015709311264998638,0.0015858684674046053,0.0017026933070048433,0.0016349262657055497,0.0016311842051845993,0.0016173179937559734,0.0016085008346339302
2024-06-04,0.5754743431146054,0.5264302211573209,0.5406286989623472,0.5110600446675856,0.592481382004785,0.5913939227777273,0.4914776639555594,0.5008769989858173,0.535283955896132,0.6029579825047532,0.6030891441330574,0.001514984861793467,0.00162286065914663,0.0016441434292853163,0.0016278791046144825,0.0015585218631659625,0.0015733366214473188,0.0016875850961421412,0.001620786062466073,0.0016176822989331097,0.0016041818379151085,0.001595539657805345
2024-06-05,0.5758974589789174,0.5268319189831369,0.5410338648615889,0.5114460769951931,0.5929139694662694,0.5918303579500853,0.49185055146962137,0.5012562728637895,0.5356974372401816,0.603382477116465,0.6035173079663929,0.0015025196526127216,0.0016086059727022928,0.0016296703092658626,0.001613284512308244,0.0015456514081388928,0.001560339199871974,0.0016719775016990068,0.0016061662425544965,0.001603701694462445,0.0015905709788591738,0.0015821063351222353
2024-06-06,0.5762858196401401,0.52719572608072,0.5414006200475552,0.5117938846908702,0.5933107684913036,0.5922306611056455,0.4921834623900476,0.501597423590848,0.5360733162393402,0.6037698686037261,0.6039086449089242,0.0014896098236936162,0.0015938752738704487,0.0016147149435827846,0.0015982125231601696,0.0015323235699923332,0.001546880048823418,0.0016558751422132145,0.0015910711322113524,0.0015892465288599444,0.0015764894442611421,0.0015682048417209327
2024-06-07,0.5766393101761056,0.5275215347936972,0.5417288559914868,0.5121033648327233,0.5936716616606726,0.5925947137882642,0.4924762982031415,0.5019003502150038,0.5364114816649638,0.6041200423311623,0.604263039157754,0.001476259195262286,0.0015786729217022177,0.0015992817577701324,0.001582667597213372,0.0015185422926489167,0.0015329631510814234,0.001639282782632756,0.001575505198322169,0.0015743210796409501,0.0015619414010730193,0.0015538392912771704
2024-06-08,0.5769578259832763,0.5278092487100287,0.5420184755630861,0.5123744258405996,0.5939965421802818,0.5929224082688959,0.49272897225407414,0.5021649630953952,0.5367118334484623,0.6044328946767347,0.6045803858419228,0.0014624717179836377,0.001563003414817965,0.0015833753187550759,0.0015666543344620143,0.0015043116542103885,0.0015185926248801884,0.0016222053329032482,0.0015594730470972484,0.0015589297634858168,0.0015469311542951614,0.0015390139347882803
2024-06-09,0.577241272807702,0.5280587826905375,0.542269393059263,0.5126069875031859,0.5942853139127579,0.5932136475774715,0.49294140977252887,0.5023911839288139,0.5369742827109112,0.6047083330624005,0.6048605910534406,0.001448251471795503,0.0015468713900771425,0.0015670003335090943,0.001550177473487846,0.0014896358657510156,0.0015037727226896447,0.0016046478465170377,0.0015429794227084237,0.0015430771349330685,0.001531463145701184,0.0015237331593155323
2024-06-10,0.5774895667729059,0.5282700628941044,0.5424815342294937,0.5128009810017445,0.5945378914058992,0.5934683455315939,0.4931135478948262,0.5025789457728755,0.5371987517893513,0.6049462759815097,0.6051035718750774,0.0014336026646960542,0.0015302816212052761,0.0015501616476543134,0.0015332418900592115,0.0014745192700725829,0.0014885078299569088,0.001586615519016621,0.001526029205884183,0.0015267678850305888,0.0015155419525234581,0.0015080014866861724
2024-06-11,0.5777026344047094,0.5284430267995176,0.542654836297792,0.5129563489304788,0.5947541999179631,0.5936864267620406,0.4932453356825263,0.5027281930658297,0.5373851742597704,0.605146653022925,0.6053092564048991,0.0014185296315037954,0.0015132390173816512,0.0015328642440277651,0.0015158525956880942,0.001458966340420309,0.0014728024638093196,0.0015681136864580392,0.001508627412466379,0.0015100068399472866,0.001499172286099304,0.001491823572155826
2024-06-12,0.5778804126529729,0.528577623223975,0.5427892479812886,0.5130730453135186,0.5949341754397798,0.5938678267350672,0.4933367341375027,0.5028388816430015,0.5375334949567607,0.6053094048918559,0.6054775837775439,0.0014030368325721465,0.0014957486217869187,0.0015151132412103419,0.0014980147361463025,0.0014429816791547978,0.0014566612717175076,0.0015491478238311984,0.0014907791919259727,0.0014927989595464597,0.001482358990476218,0.0014752042030292678
2024-06-13,0.5780228489102519,0.5286738123382294,0.5428847295054032,0.5131510356185267,0.5950777647136971,0.5940124917715032,0.49338771621348154,0.5029109787498597,0.5376436699898417,0.6054344834274058,0.6056085041822343,0.001387128852468833,0.0014778156101111772,0.0014969138920087888,0.001479733589943355,0.0014265700163953454,0.0014400890301200509,0.001529723543439554,0.0014724898258382524,0.0014751493359166368,0.001465107040979019,0.001458148297245332
2024-06-14,0.5781299010273664,0.528731565678374,0.5429412526156172,0.5131902967669167,0.595184925249339,0.5941203790626369,0.4933982668240471,0.5029444630517106,0.5377156667564489,0.6055218516168237,0.6057019788775166,0.0013708103986213027,0.0014594452890203113,0.0014782715819037229,0.0014610145667641738,0.0014097362086168408,0.0014230906430098278,0.0015098465932408822,0.0014537647263208608,0.0014570631918658927,0.0014474215427370263,0.0014406609019210759
2024-06-15,0.5782015373258726,0.5287508661542663,0.5429588005858325,0.5131908171406836,0.5952556253361785,0.5941914566828836,0.49336838284710327,0.5029393246400105,0.5377494639515797,0.6055714836064567,0.6057579802027238,0.0013540862999225078,0.0014406430945882454,0.0014591918274541316,0.0014418632058691427,0.00139248523721347,0.001405671140483622,0.0014895228551438655,0.001434609434431966,0.0014385458793741979,0.0014293077291737122,0.0014227471918576429
2024-06-16,0.5782377366074374,0.528731708054585,0.5429373682233228,0.5131525965858407,0.5952898440529227,0.594225703599231,0.4932980731258002,0.5028955650352984,0.5377450515741012,0.6055833647094006,0.6057764915861634,0.0013369615053021588,0.001421414590686787,0.0014396802746671211,0.0014222851744545295,0.0013748222070256721,0.0013878356772513145,0.0014687583432702045,0.0014150296185310163,0.0014196028780130154,0.001410770960457719,0.0014044124680105963
2024-06-17,0.5782384881601114,0.5286740970485203,0.5428769618702686,0.5130756464124648,0.5952875712737028,0.5942231096774657,0.49318735846591516,0.5028131971867453,0.5377024309297065,0.6055574914098465,0.6057575075500188,0.0013194410822634506,0.0014017654673396107,0.0014197426973242555,0.001402286265974606,0.001356752344827794,0.0013695895311137685,0.0014475592021725436,0.0013950310726004167,0.0014002397933208233,0.0013918167219180155,0.0013856621559191762
2024-06-18,0.5782037917614973,0.5285780501840955,0.5427775994018821,0.5129599893913499,0.5952488076710706,0.5941836756851715,0.4930362716296975,0.5026922454683225,0.53762161463053,0.6054938713641193,0.6057010337119719,0.0013015302153803754,0.0013817015390383824,0.0013993849952761428,0.001381872398427464,0.0013382809977831034,0.0013509381013995236,0.0014259317050179798,0.0013746197145312333,0.001380462355146106,0.0013724506224179756,0.0013665018041026933
2024-06-19,0.578133657678818,0.5284435958831234,0.5426393102211158,0.5128056597472697,0.5951735647157997,0.5941074132915009,0.4928448573261728,0.5025327456715895,0.5375026265914155,0.6053925233984139,0.6056070867835402,0.0012832342047669476,0.001361228743022469,0.0013786131926937228,0.001361049612605636,0.0013194136318601668,0.0013318869073668527,0.0014038822517310479,0.0013538015843731488,0.001360276415951378,0.0013526783926979258,0.0013469370824176208
2024-06-20,0.5780281066658766,0.528270773932794,0.542462135249963,0.5126127031488485,0.5950618646734916,0.5939943450637232,0.49261317219791256,0.5023347449951023,0.5373455020228372,0.6052534775032247,0.6054756945651313,0.001264558464506793,0.001340353137521122,0.0013574334362876916,0.0013398240703063058,0.0013001558302166982,0.0013124415865702899,0.0013814173670990693,0.001332582842545671,0.0013396879490801261,0.0013325058836791692,0.0013269737803798254
2024-06-21,0.5778871699569166,0.5280596354739037,0.5422461269173485,0.5123811766950482,0.594913740597986,0.5938445044605457,0.4923412848042744,0.5020983020304469,0.5371502874204834,0.6050767748244684,0.605306895937816,0.0012455085210525407,0.001319080899962466,0.0013358519934888458,0.0013182020525084326,0.0012805132915455486,0.0012926078931928542,0.001358543698843695,0.0013109697680161458,0.001318703046991554,0.0013119390647314821,0.0013066178054512712
2024-06-22,0.5777108892573772,0.5278102429857189,0.5419913491436136,0.5121111488982719,0.5947292363215785,0.5936579358222136,0.49202927560111204,0.5018234867449001,0.5369170405514954,0.604862467651311,0.6051007408518239,0.0012260900115884654,0.0012974183251434068,0.0013138752505936768,0.001296189957516014,0.0012604918283894984,0.0012723916963435222,0.001335268015650981,0.0012889687564405783,0.00129732791945536,0.0012909840219075264,0.0012858751812924174
2024-06-23,0.5774993167315535,0.5275226702674894,0.5416978773215998,0.5118026996640885,0.5945084064420543,0.5934346943573892,0.49167723691696835,0.5015103804607264,0.5366458304373742,0.6046106194006925,0.6048572903117624,0.0012063086823639324,0.0012753718233686762,0.0012915097108734397,0.0012737942990612705,0.001240097365422077,0.0012517989783209504,0.0013115972051698788,0.001266586318272589,0.0012755688917157615,0.0012696469561414014,0.0012647520459800887
2024-06-24,0.5772525149871602,0.5271970024166089,0.541365798294341,0.5114559202675887,0.5942513163065272,0.5931748461268128,0.49128527292575386,0.5011590758311126,0.5363367373335559,0.6043213045985621,0.6045766163585623,0.0011861703869929796,0.0012529479185523495,0.0012687619926513571,0.00125102170437974,0.0012193359376933,0.001230835832840671,0.0012875382719743644,0.001243829076835512,0.0012534324026188814,0.001247934181414112,0.0012432546501892627
2024-06-25,0.5769705570568034,0.5268333358034343,0.540995210329364,0.5110709133263758,0.5939580419921046,0.5928784680237572,0.4908534996159195,0.5007696768127506,0.5359898527056633,0.6039946088578247,0.6042588020481621,0.0011656810847205934,0.0012301532462890563,0.0012456388273434094,0.0012278789122494027,0.0011982136888433192,0.0012095084632356423,0.001263098335489543,0.0012207037663632403,0.001230925002708716,0.0012258521228853958,0.0012213893553452149
2024-06-26,0.5766535263763718,0.526431778042767,0.5405862230896098,0.5106477927701969,0.5936286702833743,0.5925456477512707,0.49038204475613434,0.5003422986350746,0.5356052792024381,0.603630628853006,0.6039039414269297,0.0011448468386615618,0.0012069945518889957,0.0012221470574660387,0.0012043727709938334,0.001176736869285655,0.0011878231806170536,0.0012382846278859438,0.0011972172300071526,0.0012080533522863535,0.001203407314991467,0.0011991626317409132
2024-06-27,0.5763015167603436,0.5259924479620088,0.5401389576009823,0.510186683807233,0.5932632986467237,0.5921764837962266,0.4898710478574763,0.49987706776616353,0.5351831306253672,0.6032294722916454,0.6035121395038315,0.0011236738140039115,0.0011834786883822002,0.001198293634611436,0.0011805102364593756,0.0011549118343560094,0.0011657864020089281,0.001213104491938899,0.0011733764178113448,0.0011848242194414382,0.0011806063995122296,0.0011765810566209955
2024-06-28,0.5759146323740276,0.5255154755659988,0.5396535462165364,0.5096877228870437,0.5928620352014985,0.5917710854001791,0.48932066013214887,0.4993741218753164,0.5347235318950064,0.6027912578824228,0.6030835122193606,0.001102168276186588,0.0011596126144910457,0.0011740856173922953,0.0011562983699529017,0.0011327450424336583,0.0011434046484493088,0.0011875653788555596,0.001149188384655886,0.0011612444780479958,0.0011574561236050718,0.0011536513122371028
2024-06-29,0.5754929877027385,0.5250010019985432,0.539130132577309,0.5091510576601933,0.5924249986880085,0.5913295725270348,0.48873104444873505,0.4988336097923137,0.5342266190140139,0.6023161153000326,0.6026181864112266,0.0010803365890441619,0.0011354033925713436,0.0011495301693492666,0.0011317443361557045,0.001110243053029758,0.001120684543058137,0.0011616748460707704,0.0011246602881687662,0.0011373211057306154,0.0011339633378092406,0.0011303801838696836
2024-06-30,0.5750367075179176,0.5244491795006468,0.5385688715698178,0.5085768469345566,0.5919523184323884,0.5908520758275567,0.4881023752840013,0.498255691463377,0.5336925390269062,0.601804185146809,0.6021162997768216,0.001058185212924112,0.0011108581865205691,0.0011246345568353133,0.0011068554010014164,0.0010874125248440114,0.0010976328090805954,0.0011354405550094149,0.0010997993866084244,0.0011130611818005454,0.0011101349940180194,0.0011067745578194899
2024-07-01,0.5745459268402123,0.5238601713654655,0.5379699292802244,0.5079652606283256,0.591444134308331,0.5903387366007002,0.487434838671268,0.49764053790383733,0.5331214499765438,0.6012556189111207,0.6015780008324764,0.0010357207027746895,0.0010859842596605551,0.001099406146862214,0.0010816389295266182,0.0010642602137974633,0.0010742562678955903,0.00110887026882045,0.0010746130367152995,0.001088471885159259,0.0010859781434217064,0.0010828414193717606
2024-07-02,0.5740207908995217,0.5232341518899822,0.5373334829451882,0.5073164797197273,0.5909005966956942,0.5897897067518019,0.4867286321453582,0.49698833114752994,0.5325135208573649,0.6006705789225427,0.6010034488695083,0.0010129497062064674,0.001060788972586213,0.0010738524049225262,0.0010561023836903605,0.0010407929710312125,0.0010505618369981429,0.0010819718500787445,0.0010491086915357384,0.001063560492175708,0.001061499934421506,0.0010585878507267665
2024-07-03,0.5734614550920193,0.5225713063234317,0.5366597208994195,0.506630696193471,0.5903218664360026,0.5892051487476264,0.4859839646841448,0.4962992641929271,0.5318689315653758,0.600049238303819,0.6003928139070865,0.0009898789615234715,0.0010352797809884962,0.0010479808927796874,0.0010302533201679287,0.001017017740880255,0.001026556527951028,0.0010547532584593289,0.0010232938982157602,0.001038334374530936,0.001036707610512222,0.0010340210289052632
2024-07-04,0.5728680849341684,0.5218718308124811,0.535948842519947,0.505908112983935,0.5897081147848504,0.5885852355682922,0.48520105664671026,0.49557354094602685,0.5311878728449193,0.5993917809196357,0.599746276641921,0.0009665152957298861,0.001009464233447499,0.001021799266230139,0.0010040993881129667,0.0009929415588170176,0.0010022474443117657,0.0010272225483815012,0.0009971762957683428,0.001012800997039931,0.0010116085081419701,0.0010091482236254112
2024-07-05,0.5722408560137463,0.5211359323431877,0.5352010581671202,0.5051489439151161,0.5890595233612268,0.5879301506560822,0.4843801397081384,0.4948113761600134,0.5304705462322272,0.5986984013222107,0.599064028394791,0.0009428656225107801,0.000983349969199021,0.0009953152728382486,0.000977648326894398,0.0009685715493725766,0.0009776417795288594,0.0009993878666250677,0.0009707636128118979,0.0009869679154390631,0.0009862100545392494,0.0009839767951512757
2024-07-06,0.571579953937881,0.5203638286797476,0.5344165891223606,0.5043534136373562,0.5883762840937673,0.5872400878611614,0.48352145679095904,0.49401299537170923,0.5297171639957854,0.5979693046937214,0.598346271053928,0.0009189369401847447,0.0009569447158739308,0.0009685367496446995,0.0009509079638073681,0.000943914924023237,0.00095274681481472,0.0009712574499204374,0.0009440636652843781,0.0009608427741535364,0.0009605197655144782,0.0009585141921122364
2024-07-07,0.57088557427813,0.5195557483000579,0.5335956675226784,0.5035217575608626,0.5876585991639642,0.5865152513842129,0.4826252619932619,0.49317863483483415,0.528927949073518,0.5972047067855912,0.5975932170152776,0.0008947363296341049,0.0009302562872123277,0.0009414716208442364,0.0009238862117549873,0.0009189789790617908,0.0009275699169899454,0.0009428396225102942,0.000917084354129738,0.0009344333040323116,0.0009345452432382162,0.0009327679493030816
2024-07-08,0.5701579225126056,0.5187119303281025,0.5327385362919829,0.5026542217860488,0.5869066809463347,0.5857558557160114,0.481691820513506,0.4923085414500944,0.5281031350068183,0.5964048338546416,0.5968050891196445,0.0008702709522079299,0.0009032925807483938,0.0009141278954445387,0.0008965910669085364,0.0008937710934358023,0.0009021185363031758,0.0009141427936869562,0.0008898336629599712,0.000907747320063157,0.0009082941739889661,0.0009067456854503497
2024-07-09,0.5693972139651723,0.5178326244631952,0.5318454490691946,0.501751063030708,0.5861207519455763,0.5849621255739529,0.48072140857204304,0.4914029726921215,0.5272429658714384,0.5955699225961416,0.5959821205867538,0.0008455480476059485,0.0008760615754770384,0.0008865136648934513,0.0008690306063409148,0.0008682987265636877,0.0008764002042278562,0.0008851754553039215,0.0008623196556936108,0.0008807927190578324,0.0008817743258804356,0.0008804551009619077
2024-07-10,0.5686036737417279,0.516918090906089,0.530916670133192,0.5008125485540459,0.5853010447307248,0.5841342958355569,0.47971431332937875,0.49046219653327994,0.5263476962052642,0.5947002200737653,0.5951245549462336,0.0008205749317330424,0.0008485713294915653,0.0008586371006865656,0.0008412129856351647,0.0008425694161287023,0.0008504225312327973,0.0008559461792624901,0.0008345504741677501,0.0008535774773164029,0.0008549935465625991,0.0008539039756433331
2024-07-11,0.5677775366635914,0.5159686002819761,0.5299524743246039,0.4998389560775958,0.5844478018663326,0.5832726114689605,0.4786708328011981,0.48948649136437034,0.5254175909329932,0.5937959836464811,0.5942326459655548,0.0007953589945359774,0.0008208299775973593,0.000830506451947155,0.0008131464364733998,0.0008165907758477253,0.0008241932045283118,0.000826463614975792,0.0008065343357296917,0.0008261096482664598,0.0008279597608987777,0.0008271001664007516
2024-07-12,0.5669190471980158,0.5149844335604079,0.5289531469644836,0.4988305737030351,0.5835612758406914,0.5823773274604309,0.4775912757701774,0.4884761459122503,0.5244529252877398,0.5928574808923959,0.5933066575749336,0.0007699076978165964,0.0007928457289065882,0.00080213004298757,0.0007848392641988666,0.0007903704932187283,0.0007977199857942541,0.0007967364868089466,0.0007782795308060031,0.0007983973600810268,0.0008006809686212923,0.0008000516049120332
2024-07-13,0.5660284593858455,0.5139658819721515,0.5279189837698732,0.4977876998269314,0.5826417289911144,0.5814487087389111,0.47647596169461054,0.4874314591543938,0.5234539847295877,0.591884989529573,0.5923468637892324,0.0007442285730230314,0.0007646268644093679,0.0007735162708425447,0.0007562998453591319,0.000763916327244929,0.0007710107088829687,0.000766773591497405,0.0007497944204478135,0.0007704488132711518,0.0007731652419632473,0.0007727662952815573
2024-07-14,0.5651060367663416,0.5129132469230084,0.526850290766301,0.496710643052443,0.5816894334263087,0.5804870300976201,0.4753252206138761,0.4863527402304198,0.5224210648611205,0.5908787973338531,0.5913535486268747,0.000718329219020708,0.0007361817345209465,0.0007446736027884038,0.0007275366252273985,0.0007372361061396271,0.0007440732774985914,0.0007365837955439214,0.0007210874338574591,0.0007422722782626234,0.0007454207232711063,0.0007452523116722176
2024-07-15,0.5641520522991984,0.5118268399046254,0.5257473841972204,0.4955997220979979,0.5807046709458529,0.5794925761127399,0.47413939305077335,0.48524030835061294,0.5213544713399448,0.5898392020536947,0.5903270060257972,0.0006922172998458098,0.0007075187566135677,0.0007156105738348462,0.0006985581153035048,0.0007103377250095022,0.0007169156628602513,0.000706176032594652,0.0006921670658943113,0.0007138760929450427,0.0007174556225941764,0.0007175177959133361
2024-07-16,0.5631667882837679,0.5107069824023174,0.5246105904304292,0.4944552657029792,0.5796877329568081,0.5784656410592034,0.4729188299107565,0.48409449270146376,0.5202545197882431,0.5887665113220669,0.5892675397564718,0.000665900542435427,0.0006786464125230207,0.000686335784199521,0.0006693728907944951,0.0006832291435183713,0.0006895459013429583,0.000675559300796158,0.0006630418745605104,0.0006852686602060176,0.0006892782152558841,0.0006895709550954754
2024-07-17,0.5621505362755231,0.5095540057999363,0.523440245861492,0.49327761253044683,0.5786389203874867,0.5774065288236151,0.47166389237809603,0.48291563234825724,0.5191215356993766,0.5876610425654153,0.5881754633320121,0.000639386734340941,0.0006495732460407577,0.0006568578967633965,0.0006399895880778717,0.0006559183835318505,0.0006619720920997274,0.0006447426601320361,0.0006337204784688244,0.0006564584454455957,0.0006608968394045123,0.0006614200591377184
2024-07-18,0.5611035969997836,0.5083682512818081,0.5222366968141957,0.4920671110669209,0.5775585435984009,0.5763155528143253,0.4703749518089973,0.48170407613473787,0.517955854341565,0.5865231229097297,0.5870510999154023,0.0006126837214250891,0.0006203078603841394,0.0006271856345076987,0.0006104169021455275,0.0006284135267423663,0.000634202394664829,0.0006137352297417298,0.0006042115542918558,0.0006274539740699359,0.0006323198935452856,0.0006330734383434011
2024-07-19,0.5600262802627246,0.5071500697317722,0.5210002994380672,0.4908241195192601,0.5764469222904245,0.5751930358686868,0.469052389621712,0.4804601825798812,0.5167578206586764,0.5853530890837441,0.5858947822238658,0.0005857994055391558,0.0005908589156522481,0.0005973277779327546,0.0005806635840313601,0.0006007227122801773,0.0006062450265373887,0.0005825461852229097,0.0005745238341949843,0.0005982638289689923,0.0006035558340564684,0.0006045394809326421
2024-07-20,0.5589189048597009,0.5058998216293475,0.519731419602981,0.4895490057086609,0.5753043854101875,0.5740393101575236,0.46769659718366907,0.47918431977180276,0.515527789168151,0.5841512873192911,0.5847068524304121,0.0005587417421843988,0.0005612351262610504,0.0005672931624576272,0.0005507384382207325,0.0005728541343030802,0.0005781082607535515,0.0005511847559154792,0.0005446661032526001,0.0005688966479753255,0.0005746131726859227,0.0005758266305639914
2024-07-21,0.55778179848091,0.504617876943062,0.5184304327908953,0.4882421469618144,0.5741312710527334,0.5728547170868352,0.466307975695664,0.47787686525883394,0.514266123856097,0.582918073248849,0.5834876620625784,0.0005315187381587094,0.0005314452583663476,0.0005370906758093152,0.0005206503200456125,0.0005448160395711277,0.0005498004234343323,0.0005196602221713142,0.000514647196847462,0.0005393611213109217,0.0005455004740336777,0.000546943383831211
2024-07-22,0.5566152976144239,0.503304615020973,0.517097723984738,0.4869039299992493,0.5729279263614747,0.5716396071967698,0.4648869360731356,0.4765382059377999,0.5129731980695784,0.5816538118003005,0.5822375718984099,0.0005041384491869527,0.0005014981272696284,0.0005067292553884162,0.0004904081330645016,0.0005166167250076903,0.0005213298913244735,0.0004879819126067386,0.00048447599805667707,0.0005096659890132527,0.000516226353014404,0.000517898287751839
2024-07-23,0.5554197474466166,0.5019604244784119,0.5157336875544869,0.4855347508208945,0.5716947074254657,0.5703943400578925,0.46343389882457037,0.47516873793953085,0.5116493944061364,0.5803588770889485,0.5809569518596973,0.00047660897753776243,0.000471402594808934,0.00047621788562901557,0.0004600208264267658,0.0004882645352439763,0.0004927050893119844,0.0004561592013432869,0.00045416143502374773,0.00047982003834967646,0.00048679947231156095,0.0004886999372365475
2024-07-24,0.5541955017600165,0.5005857030829858,0.5143387271404664,0.4841350145888968,0.5704319791740297,0.5691192841647846,0.46194929392706763,0.4737688665116402,0.5102951046005733,0.5790336523068085,0.5796461809025135,0.00044893846962390516,0.0004411675667361781,0.0004455655953353732,0.0004294973922253087,0.00045976786014878535,0.0004639344879371343,0.0004242015052334236,0.00042371247831551884,0.00044983210121718464,0.000457228539813781,0.0004593569725471758
2024-07-25,0.552942922828619,0.49918085763687303,0.512913255533906,0.4827051355077272,0.5691401152687718,0.5678148168269984,0.4604335606991013,0.47233900589860495,0.508910729409031,0.5776785296092131,0.5783056469050745,0.0004211351135942065,0.00041080199008292073,0.0004147814550138351,0.00039884686283586657,0.0004311351323469381,0.0004350266008832371,0.00039211828107338365,0.0003931381382679122,0.00041971105152938115,0.000427522306034267,0.00042987807674021994
2024-07-26,0.5516623813106819,0.4977463038564424,0.5114576945547874,0.48124553670160997,0.5678194979930058,0.5664813240574058,0.45888714767051936,0.47087957921918483,0.5074966784904004,0.5762939099987717,0.576935746552955,0.00039320713690893516,0.00038031485051126523,0.0003838745741864269,0.00036807830824270305,0.00040237482472293973,0.0004059899824588875,0.0003599190228052995,0.0003624474623201701,0.00038946580258814034,0.0003976895615271925,0.0004002719730935578
2024-07-27,0.5503542561390423,0.49628246624923794,0.509972474927022,0.47975665008931484,0.56647051813863,0.5651192004579717,0.45731051244981635,0.46939101834121444,0.506053370285099,0.574880203206702,0.57553688522171,0.0003651628039059718,0.00034971516965698335,0.0003528540986962314,0.00033720083335642137,0.0003734954479147623,0.00037683322506743,0.0003276132587078373,0.0003316495323372748,0.00035910530445038,0.00036773913427978755,0.0003705474225302874
2024-07-28,0.5490189344089835,0.49478977798835777,0.5084580361509937,0.47823891625634385,0.5650935748904864,0.5637288491029828,0.4557041215887198,0.467873763753806,0.5045812318912449,0.573437827571589,0.5741094768569132,0.0003370104133538776,0.000319012002457264,0.0003217292080022194,0.0003062235753183429,0.0003445055477945269,0.00034756495666143916,0.00029521054857645224,0.0003007534619220431,0.0003286385412754056,0.0003376798871065345,0.0003407132210235808
2024-07-29,0.5476568112636898,0.4932686807842742,0.5069148263734994,0.47669278432455664,0.5636890757082355,0.5623106814197747,0.45406845044412986,0.46632826443700215,0.5030806989382736,0.5719672099155886,0.5726539438516637,0.0003087582959988566,0.0002882144344740212,0.00029050911245853683,0.0002751557007978356,0.00031541370294052573,0.00031819383819364777,0.0002627204808942629,0.00026976839371861683,0.0002980745286689235,0.0003075207150217141,0.00031077819699310005
2024-07-30,0.5462682897773139,0.49171962475412123,0.5053433022551417,0.47511871181926624,0.5622574362057808,0.5608651170669804,0.4524039830374534,0.46475497772891544,0.5015522154580271,0.5704687854181251,0.5711707169215955,0.0002804148120967298,0.000257331579202269,0.00025920305059512483,0.00024400640327842948,0.0002862285220971428,0.00028872856104977807,0.00023015266999487638,0.00023870349670729318,0.00026742231101395397,0.00027727054261017514,0.00028075120869408554
2024-07-31,0.5448537808357027,0.49014306828850057,0.5037439288351899,0.4735171645338518,0.5607990800282843,0.5593925838103485,0.45071121191137503,0.4631543691903947,0.49999623375335794,0.5689429974871144,0.5696602349774199,0.00025198834894013533,0.00022637257537638789,0.00022782028637891028,0.0002127849003387694,0.0002569586416288905,0.0002591778444791526,0.0001975167532177191,0.00020756796349097328,0.00023669095879474966,0.0002469383213837828,0.0002506411415956755
2024-08-01,0.5434137030148094,0.48853947791583446,0.5021171793939705,0.4718886163919214,0.5593144387268015,0.5578935173961608,0.4489906379841047,0.4615269124672579,0.498413214264286,0.5673902976277533,0.5681229449950455,0.00022348731837718017,0.00019534658426340057,0.00019637010647444164,0.00018150043092390877,0.00022761272296456525,0.00022955043301464695,0.00016482238805537452,0.0001763710075750602,0.00020588956591272023,0.0002165330271355348,0.00022045690575067667
2024-08-02,0.5419484824568296,0.4869093281643138,0.500463535312815,0.47023354930707056,0.557803951630579,0.5563683614222869,0.44724277040114935,0.45987308915013225,0.4968036254317463,0.5658111453089105,0.5665593018833107,0.00019492015432098775,0.00016426278695341745,0.000164861817496198,0.00015016225261105243,0.00019819945003329842,0.0001998550938839827,0.0001320792492968681,0.00014512186064019605,0.00017502724699564043,0.00018606365728091045,0.0001902074331606718
2024-08-03,0.5404585527440995,0.48525310142147654,0.4987834859316115,0.46855245304027787,0.5562680657170508,0.554817567206917,0.4454681263846469,0.45819338863194503,0.49516794355897015,0.564206007827163,0.5649697683493692,0.00016629531025491584,0.00013313038164214364,0.00013330474325368158,0.00011877963887202414,0.00016872752669683244,0.0001701006144159134,9.929702616351399e-05,0.00011382976981205717,0.00014411313470025222,0.000155539228196222,0.0001599016751311355
2024-08-04,0.5389443547707921,0.4835712877914618,0.4970775284040017,0.4668458250549744,0.5547072354795676,0.5532415936550091,0.4436672310803132,0.4564883079631034,0.4935066526705396,0.5625753601685165,0.5633548147617662,0.00013762125673122405,0.00010195858090894516,0.00010170822199317975,8.736187632674142e-05,0.00013920567417002871,0.00014029579943930504,6.648541944248576e-05,8.250399492376603e-05,0.00011315637700992642,0.00012496877255208094,0.00012954859962333032
2024-08-05,0.5374063366124486,0.4818643849499806,0.49534616755026367,0.46511417036983826,0.5531219227929085,0.551640907122492,0.4418406174020424,0.45475835170440937,0.49182024436915583,0.5609196848678469,0.5617149190112513,0.00010890647886374616,7.075660899119596e-05,7.008160363314309e-05,5.591826199685679e-05,0.00010964262844470607,0.00011044946867821981,3.3654138616279194e-05,5.115380577602746e-05,8.216613452688426e-05,9.436133663698332e-05,9.915718860087352e-05
2024-08-06,0.5358449533933866,0.48013289799704517,0.49358991570792976,0.46335800140935035,0.5515125967766028,0.5500159812782636,0.4399888258742094,0.4530040317777517,0.49010921769016724,0.5592394718661137,0.560050566369359,8.01594738168987e-05,3.953369905468351e-05,3.843424699961906e-05,2.445810055351494e-05,8.00471377017109e-05,8.05704541424479e-05,8.128989890110461e-07,1.9788479393823e-05,5.115157776303114e-05,6.37259776845589e-05,6.873643537042007e-05
2024-08-07,0.5342606671520205,0.4783773393075018,0.49180929258017475,0.4615778378521602,0.5498797336561103,0.5483672969640238,0.4381124044717196,0.4512258673146217,0.48837407895389556,0.5575352183653758,0.5583622493448145,5.138874829213602e-05,8.299090460406333e-06,6.775517053747571e-06,-7.009298435112221e-06,5.042795972287628e-05,5.066759751337635e-05,-3.20285811880594e-05,-1.1582702717394255e-05,2.012188442407359e-05,3.307176119005106e-05,3.829534192356654e-05
2024-08-08,0.5326539467041382,0.47659822837941096,0.49000482508202975,0.45977420647730416,0.5482238166218983,0.5466953420519853,0.43621190845785485,0.4494243845024917,0.48661534161580877,0.5558074286816632,0.5566504675377866,2.2602816010186544e-05,-2.2937973968351066e-05,-2.48852178768022e-05,-3.84746232598987e-05,2.079385929931732e-05,2.074974752652725e-05,-6.486058359278513e-05,-4.295045732061187e-05,-1.0913763304032376e-05,2.4077582297943323e-06,7.842916268319122e-06
2024-08-09,0.5310252675041697,0.47479609168031967,0.4881770471844589,0.4579476410083243,0.5465453356864584,0.5450006113005065,0.43428790021996144,0.44760011642910874,0.4848335261145804,0.5540566140957401,0.5549157274920526,-6.189804808820476e-06,-5.416825068121911e-05,-5.6538588870613804e-05,-6.992856282417304e-05,-8.846394362049814e-06,-9.174242644238717e-06,-9.767339270738695e-05,-7.430550219256205e-05,-4.194618147407292e-05,-2.8256957225525348e-05,-2.2611830231444863e-05
2024-08-10,0.5293751115044931,0.47297146249147015,0.4863264997563479,0.45609868195532877,0.5448447875393044,0.543283606207682,0.4323409491030315,0.44575360292474536,0.48302915971808413,0.5522832927018105,0.553158542545101,-3.498059396500608e-05,-8.538249813760945e-05,-8.817522918652676e-05,-0.0001013618094020674,-3.84840302320999e-05,-3.909551800884703e-05,-0.00013045729869359812,-0.00010563855887107954,-7.296618709418112e-05,-5.891331099261432e-05,-5.305988552728458e-05
2024-08-11,0.5277039670128173,0.4711248807499956,0.4844537304044533,0.4542278764550487,0.543122675399991,0.5415448348629428,0.43037163124122413,0.4438853904024551,0.48120277636736597,0.5504879892542057,0.5513794326762281,-6.376103180061321e-05,-0.00011657147953886282,-0.00011978577703353199,-0.00013276506138970579,-6.811027805908587e-05,-6.900522438091361e-05,-0.0001632026002660325,-0.0001369403554004056,-0.00010396460084560744,-8.955223136264401e-05,-8.34922395490656e-05
2024-08-12,0.5260123285476836,0.4692568928891415,0.4825592933113561,0.45233577810892994,0.5413795088692073,0.539784811796704,0.4283805293873774,0.44199603169638024,0.47935491651864326,0.548671235012099,0.5495789243526672,-9.252260172099014e-05,-0.00014772596556383855,-0.00015136087834199952,-0.00016412902605961177,-9.771637095878916e-05,-9.889451099676094e-05,-0.00019589960756377645,-0.0001682016290752708,-0.00013493224979904683,-0.00012016465178665836,-0.00011389988687404706
2024-08-13,0.5243006966921292,0.46736805167656903,0.48064374907147095,0.45042294681931394,0.5396158037779738,0.5380040578281072,0.4263682327405641,0.4400860858981584,0.47748612698337434,0.5468335675822991,0.5477575503737985,-0.00012125679271535184,-0.00017883673709911951,-0.0001828911895312979,-0.0001954444223101759,-0.00012729354801244153,-0.0001287545331354334,-0.00022853864501565235,-0.00019941312918203558,-0.00016585997012874554,-0.00015074151355720655,-0.00014427382939019573
2024-08-14,0.5225695779455585,0.4654589160507815,0.4787076645251562,0.4484899486237539,0.5378320820350031,0.5362030999109005,0.4243353367717365,0.43815611819147965,0.47559696076644853,0.5449755307601637,0.5459158497134856,-0.00014995510187354455,-0.00020989458796655258,-0.00021436738027552638,-0.00022670198341162573,-0.00015683305685687543,-0.00015857645473682513,-0.00026111005420581535,-0.00023056561973550105,-0.00019673860982510893,-0.00018127376848886545,-0.00017460507895894484
2024-08-15,0.5208194845738588,0.46353005095572564,0.47675161259097826,0.4465373555275145,0.5360288714722553,0.5343824709775069,0.42228244304751805,0.4362066996848381,0.47368797690254344,0.5430976743686818,0.5440543673605841,-0.00017860903690469776,-0.00024089032764851304,-0.00024578013626269657,-0.000257892459749276,-0.00018632615627722782,-0.0001883514510138129,-0.0002936041967299685,-0.00026164988221288876,-0.0002275590314013698,-0.0002117523815958755,-0.00020488466007573258
2024-08-16,0.5190509344578156,0.46158202717361546,0.47477617209617395,0.4445657453343077,0.534206705688748,0.5325427097813187,0.4202101590521896,0.4342384072425334,0.4717597402906966,0.5412005540957716,0.5421736541576704,-0.0002072101186483266,-0.0002718147840070628,-0.0002771201619534147,-0.00028900662155867396,-0.00021576411878965196,-0.00021807071106616505,-0.0003260114570486361,-0.0002926567182806039,-0.0002583121145993683,-0.0002421683337661129,-0.0002351036125252115
2024-08-17,0.5172644509398613,0.4596154211560288,0.47278192760536764,0.4425757014753095,0.5323661238926513,0.5306843607372727,0.4181190980079252,0.43225182331396605,0.4698128215271442,0.539284731329843,0.540274266638039,-0.0002357498835841021,-0.00030265880599794626,-0.0003083781833297383,-0.0003200352616590796,-0.0002451382332282481,-0.00024772544048679013,-0.000358322245332221,-0.00032357695251677976,-0.0002889887590866169,-0.00027251262443050983,-0.00026525299403346025
2024-08-18,0.5154605626692104,0.4576308148533261,0.47076946924758833,0.44056781283651425,0.5305076707417311,0.5288079737607492,0.4160098786933298,0.4302475357612814,0.46784779673647103,0.5373507729936753,0.5383567668610152,-0.0002642198863366252,-0.0003334132663788125,-0.00033954495064031365,-0.0003509691981770091,-0.0002744398073198928,-0.0002773068639637666,-0.00039052700029845733,-0.00035440143512682765,-0.00031957988715092256,-0.0003027762742251472,-0.000295323882913201
2024-08-19,0.5136398034454246,0.45562879554244123,0.46873939254164143,0.4385426735844745,0.5286318961821749,0.5269141041048423,0.41388312526033266,0.4282261376854122,0.46586524740112706,0.5353992513766543,0.5364217222456332,-0.0002926117021735397,-0.0003640690644101108,-0.00037061124113718646,-0.0003817992772622847,-0.00030366017025684755,-0.0003068062278785977,-0.00042261619204231327,-0.0003851210446505493,-0.00035007644638479496,-0.0003329503276491286,-0.0003253073807042428
2024-08-20,0.5118027120604506,0.45360995565309814,0.466692298219885,0.4365008829904761,0.5267393552858525,0.5250033121960532,0.41173946704949044,0.42618822725057015,0.4638657601893566,0.5334307439654244,0.5344697054027253,-0.0003209169295005365,-0.000394617128547714,-0.0004015678618053964,-0.0004125163757989214,-0.00033279067526426065,-0.00033621480289425243,-0.0004545803248561242,-0.00041572669066131107,-0.00038046941236613563,-0.00036302585571390544,-0.000355194614808263
2024-08-21,0.5099498321391859,0.45157489259249967,0.4646287920504634,0.43444304525320493,0.5248306080860633,0.523076163468449,0.4095795384037565,0.42413440750724013,0.4618499267815943,0.5314458332729977,0.5325012939654813,-0.00034912719234470035,-0.0004250484191283821,-0.00043240565208274573,-0.0004431114041033579,-0.00036182270215701084,-0.00036552388654065293,-0.00048640994003790183,-0.0004462093164556147,-0.000410749791327214,-0.0003929939585880504,-0.00038497674111104274
2024-08-22,0.5080817119786086,0.4495242085685467,0.4625494846580511,0.432369769319955,0.5229062194118131,0.521133228196343,0.40740397848076665,0.42206528621372635,0.45981834369537733,0.5294451066663827,0.5305170704185139,-0.0003772341428358583,-0.0004553539310433452,-0.0004631154865706866,-0.0004735753086141936,-0.0003907476598904447,-0.00039472480578850444,-0.0005180956186929819,-0.00047655990173467444,-0.0004409086228165382,-0.0004228457682272646,-0.0004146449466022606
2024-08-23,0.5061989043855297,0.4474585104116341,0.46045499134315804,0.43028166870643053,0.5209667587206702,0.5191750813255411,0.4052134310637037,0.41998147565630906,0.45777161210882555,0.5274291561927711,0.5285176219254936,-0.00040522946367504975,-0.00048552469640433804,-0.0004936882777353824,-0.0005038990745723226,-0.0004195569891053408,-0.0004238089196156869,-0.0005496279845189078,-0.000506769465271617,-0.00047093698235106674,-0.0004525724510002771,-0.00044419045198307305
2024-08-24,0.5043019665130076,0.44537840939508055,0.45834593190005335,0.42817936131519774,0.5190127999302567,0.5172023023032064,0.40300854437079064,0.41788359246805756,0.45571033768274455,0.5253985784043415,0.5265035401553976,-0.00043310487059633473,-0.0005155517871961446,-0.0005241149785960575,-0.0005340737286871344,-0.0004482421646566648,-0.0004527676215648757,-0.0005809977065817651,-0.0005368290675703546,-0.0005008259840558194,-0.00048216521030375326,-0.00047360451426270433
2024-08-25,0.502391459695477,0.44328452105424226,0.45622293043335754,0.42606346925283645,0.5170449212484145,0.5152154749063899,0.40078997086347323,0.4157722574463583,0.4536351303813996,0.5233539741817297,0.5244754211074252,-0.00046085211481861066,-0.0005454263179198171,-0.0005543865854026331,-0.0005640903417932219,-0.0004767946981402149,-0.00048159234229083747,-0.0006121955020757519,-0.000566729813511746,-0.0005305667832942729,-0.0005116152891647685,-0.0005028784293468203
2024-08-26,0.5004679492826429,0.44117746500436683,0.4540866151733609,0.4239346186458492,0.5150637050021059,0.5132151870692835,0.3985583670533456,0.41364809536921315,0.451546604292018,0.5212959485562206,0.522433864934632,-0.0004884629854856604,-0.0005751394482209626,-0.0005844941402989301,-0.0005939400314918797,-0.000505206140401615,-0.000510274552094514,-0.0006432121390715917,-0.0005964628549829376,-0.000560150579285601,-0.0005409139728301815,-0.0005320035346132457
2024-08-27,0.49853200447218254,0.4390578647572388,0.4519376182901184,0.4217934394553805,0.5130697374650925,0.51120203070924,0.39631439330787843,0.41151173481035447,0.4494453774430707,0.5192251105307069,0.5203794757663346,-0.0005159293120965414,-0.0006046823855061501,-0.0006144287339757137,-0.0006236139647797234,-0.0005334680840382022,-0.0005388057634486687,-0.0006740384392470156,-0.000626019393499655,-0.0005895686177085913,-0.0005700525913485688,-0.0005609712114749144
2024-08-28,0.4965841981413117,0.4369263475366721,0.44977657570638213,0.41964056529080135,0.5110636086844488,0.5091766015516143,0.3940587136550048,0.409363807953243,0.447332071621388,0.5171420728994766,0.5183128615293405,-0.0005432429669234851,-0.0006340463875452174,-0.0006441815083048086,-0.000653103360662266,-0.0005615721658859263,-0.0005671775335092111,-0.0007046652806042553,-0.0006553906828057898,-0.0006188121932922952,-0.0005990225221341738,-0.0005897728879296071
2024-08-29,0.49462510667726073,0.43478354409290537,0.44760412690942014,0.4174766332222132,0.5090459123059562,0.507139498953481,0.39179199558662464,0.4072049504039919,0.44520731218816223,0.515047452066878,0.5162346337680506,-0.0005703958674166953,-0.0006632227650572586,-0.000673743658961945,-0.0006823994927530053,-0.0005895100694950361,-0.0005953814666119772,-0.0007350836001678296,-0.0006845680314649938,-0.0006478726523921341,-0.0006278151925179776,-0.0006184000410984769
2024-08-30,0.4926553098067127,0.43263008851595186,0.4454209147617831,0.4153022835919294,0.507017245398435,0.5050913257262721,0.3895149098610822,0.4050358010032831,0.44307172789389343,0.5129418678649144,0.5141454074634952,-0.000597379978595991,-0.0006922028842829553,-0.0007031064380307317,-0.0007114936918551917,-0.000617273527590112,-0.0006234092167602956,-0.0007652843966677869,-0.0007135428054299564,-0.0006767413955513502,-0.0006564220822858902,-0.0006468441997456997
2024-08-31,0.4906753904242528,0.4304666180479627,0.44322758531106976,0.4131181598249878,0.5049782082770609,0.5030326879573975,0.38722813030467856,0.4028570016373227,0.44092595069233326,0.5108259433698271,0.51204580085135,-0.0006241873154285149,-0.0007209781695386441,-0.0007322611565926951,-0.0007403773485269993,-0.000644854324517663,-0.0006512524900919026,-0.0007952587332026306,-0.0007423064305988047,-0.0007054098800433617,-0.0006848347261987353,-0.000675096946787912
2024-09-01,0.48868593441987973,0.42829377289465603,0.44102478759875224,0.4109249082387499,0.5029294043257233,0.5009641948308936,0.3849323336122753,0.4006691970478963,0.4387706155534773,0.5087003047177161,0.509936435238991,-0.0006508099451923988,-0.0007495401057546758,-0.000761199187297279,-0.0007690419156299866,-0.0006722442986756283,-0.0006789030473339785,-0.0008249977398835373,-0.0007708503953523516,-0.0007338696224031827,-0.0007130447164979126,-0.0007031499217822201
2024-09-02,0.4866875305056328,0.42611219603587064,0.4388131734681126,0.40872317785164625,0.5008714398184736,0.4988864584471552,0.3826281991470493,0.39847303464158,0.4366063602756694,0.5065655809192563,0.5078179348216394,-0.000677239989822831,-0.0007778802409944552,-0.0007899119669161903,-0.0007974789108574076,-0.0006994353449301105,-0.000706352706241753,-0.0008544926164604782,-0.0007991662530725252,-0.0007621122009348058,-0.0007410437053941843,-0.0007309948234021091
2024-09-03,0.48468077004138127,0.42392253303529726,0.43659339737135416,0.406513620191121,0.4988049237401185,0.49680009364180594,0.38031640873945893,0.39626916429816356,0.43443382529686564,0.5044224036735648,0.5056909264976521,-0.0007034696282445796,-0.0008059901889559407,-0.000818390998875318,-0.000825679919244704,-0.000726419417013624,-0.0007335933440195674,-0.0008837346349246378,-0.000827245624640427,-0.0007901292582051522,-0.0007688234075353684,-0.0007586234118931445
2024-09-04,0.4826662468598324,0.42172543184944594,0.4343661161759366,0.4042968891008338,0.49673046760601297,0.494705717803758,0.37799764648547884,0.39405823817833774,0.43225365350511924,0.5022714071812686,0.5035560396830122,-0.0007294910986854752,-0.0008338616314534364,-0.0008466278557711648,-0.0008536365956602343,-0.0007531885299044694,-0.0007606168997245644,-0.0009127151420925128,-0.0008550802009192338,-0.0008179125035157053,-0.0007963756024611524,-0.0007860275115116888
2024-09-05,0.4806445570908058,0.41952154263590546,0.4321319889701986,0.4020736405471783,0.4946486852811019,0.4926039506925172,0.3756725985441652,0.391840910530712,0.43006649004833836,0.5001132279568357,0.5014139061250761,-0.0007552967009741285,-0.0008614863208786239,-0.0008746141818639086,-0.0008813406672733004,-0.0007797347621917305,-0.0007874153766516678,-0.0009414255621656986,-0.000882661745209623,-0.0008454537153580466,-0.0008236921370340378,-0.0008131990129429667
2024-09-06,0.47861629898483043,0.41731151756095153,0.42989167686832475,0.3998445324251704,0.4925601927982679,0.490495414254786,0.3733419529346105,0.38961783749821055,0.4278729821433788,0.4979485046402213,0.4992651597156259,-0.0007808787988171084,-0.0008888560826414427,-0.0009023416955487584,-0.00090878393600341,-0.0008060502584180118,-0.0008139808447005237,-0.0009698573992688586,-0.0009099820956890436,-0.0008727447438435232,-0.0008507649278511331,-0.00084012987570381
2024-09-07,0.476582072736111,0.4150960106065594,0.42764584281470874,0.3976102243637659,0.49046560817603707,0.488380732440419,0.3710063993323469,0.38738967692390963,0.4256737788845193,0.4957778778078805,0.497110436303295,-0.0008062298220606334,-0.0009159628175892109,-0.0009298021918086596,-0.0009359582809460587,-0.0008321272314048,-0.0008403054427219003,-0.0009980022399640465,-0.0009370331678260624,-0.0008997775131182606,-0.000877585963639127,-0.0008668121305177579
2024-09-08,0.47454248030492224,0.41287567737688124,0.425395151387779,0.395371377530667,0.48836555123569786,0.4862605310177875,0.3686666288652609,0.38515708815637095,0.42346953105138585,0.4936019897832163,0.494950373505407,-0.0008313422689287253,-0.0009427985044026532,-0.0009569875446409637,-0.0009628556607752525,-0.000857957964556233,-0.0008663813808435505,-0.0010258517557401592,-0.0009638069567731722,-0.0009265440237509193,-0.0009041473076210615,-0.0008932378816767228
2024-09-09,0.47249812523947854,0.41065117490424147,0.42314026860333914,0.3931286544366709,0.4862606434178856,0.4841354373886031,0.3663233339090769,0.38292073185452924,0.42126089091637536,0.4914214844465011,0.49278561051929576,-0.000856208708244266,-0.0009693552019703899,-0.0009838897094623933,-0.000989468116123604,-0.0008835348141427168,-0.000892200942775645,-0.0010533977054773547,-0.000990295539735897,-0.0009530363551002452,-0.0009304410998685064,-0.0009193993093757902
2024-09-10,0.4704496124973338,0.40842316145470997,0.42088186171748243,0.39088271873962355,0.48415150759868836,0.4820060804022599,0.3639772078824723,0.3806812697921943,0.4190485120516374,0.48923700704434514,0.49061678793315683,-0.0008808217816284047,-0.0009956250517388354,-0.0010105007254894716,-0.0010157877719371156,-0.0009088502115628949,-0.0009177564880949451,-0.0010806319378861562,-0.001016491078315973,-0.000979246667659306,-0.0009564595596252001,-0.0009452886720273668
2024-09-11,0.4683975482663664,0.40619229633331244,0.41862059902914095,0.3886342350480306,0.48203876790532735,0.47987309016974855,0.3616289450418842,0.3784393646622198,0.4168330491356719,0.48704920399875684,0.4884445475364864,-0.0009051742056759848,-0.0010216002800361168,-0.0010368127180943043,-0.0010418068398069802,-0.0009338966655837444,-0.0009430404545039961,-0.0011075463939186347,-0.001042385820831937,-0.0010051672053745797,-0.0009821949876100966,-0.0009708983085525702
2024-09-12,0.4663425397853967,0.40395923968892905,0.4163571496823238,0.3863838687243917,0.4799230495314692,0.4777370978771952,0.3592792402760668,0.37619567988040226,0.41461515775959873,0.48485872271585556,0.48626953213016544,-0.0009292587741132619,-0.0010472732003746765,-0.0010628179011355487,-0.0010675176202715186,-0.0009586667645560265,-0.0009680453600704464,-0.0011341331091546114,-0.0010679721046131796,-0.0010307902979425076,-0.0010076397682961535,-0.0009962206406483598
2024-09-13,0.4642851951644959,0.40172465231894766,0.4140921834681088,0.38413228568830676,0.4778049785522191,0.47559873559908417,0.3569287889004636,0.37395087938916566,0.41239549423315885,0.48266621139429433,0.484092385336246,-0.0009530683599289214,-0.0010726362157240654,-0.0010885085792604055,-0.0010929125050974653,-0.0009831531786091974,-0.0009927638054404997,-0.00116038421615694,-0.001093242358267077,-0.001056108363077235,-0.001032786372163419,-0.0010212481750285773
2024-09-14,0.46222612320503687,0.39948919547372164,0.4118263706264382,0.38188015221942034,0.4756851817388562,0.47345863611121625,0.3545782864514517,0.37170562746109154,0.4101747153905006,0.4804723188334471,0.48191375140749065,-0.0009765959174835581,-0.001097681820760421,-0.0011138771501843503,-0.0011179839795301127,-0.0010073486618193406,-0.0010171884760284966,-0.0011862919468010324,-0.001118189103918199,-0.0010811139087561483,-0.0010576273579275264,-0.0010459735056436714
2024-09-15,0.4601659332195397,0.39725353066089697,0.40956038164778513,0.37962813476025964,0.4735642863733617,0.4713174327034609,0.3522284284805216,0.36946058850234736,0.4079534783958121,0.47827769424141925,0.4797342750367302,-0.0009998344845943974,-0.0011224026040858592,-0.001138916106939114,-0.001142724624516367,-0.0010312460543540625,-0.001041312144181572,-0.0012118486345724655,-0.00114280495942376,-0.0011057995354363248,-0.0010821553747407675,-0.0010703893158703348
2024-09-16,0.4581052348513666,0.39501831944966,0.40729488707474504,0.37737689971902194,0.4714429200627965,0.4691757589923552,0.3498799103484528,0.3672164268560806,0.40573244054885677,0.47608298704293595,0.47755460116608706,-0.0010227771845952027,-0.001146791250422885,-0.0011636180400942941,-0.0011671271189017673,-0.001054838284589965,-0.0010651276713180002,-0.0012370467168359989,-0.0011670826405558166,-0.0011301579382432259,-0.0011063631643681293,-0.001094488380677494
2024-09-17,0.45604463789431793,0.39278422327496904,0.4050305573036101,0.37512711327237525,0.4693217105535812,0.4670342487336062,0.3475334270195442,0.3649738066058276,0.40351225909046656,0.47388884668716635,0.4753753747961271,-0.001045417228372314,-0.0011708405427790503,-0.0011879756399505448,-0.0011911842415951446,-0.0010781183712068043,-0.0010886280100403933,-0.001261878737074007,-0.001191014963157766,-0.001154181909133467,-0.0011302435633354646,-0.0011182635687640996
2024-09-18,0.4539847521121849,0.39055190324182537,0.402768062385989,0.3728794411683242,0.46720128554573653,0.4648935356345536,0.3451896728559642,0.36273339137900024,0.40129359100805395,0.4716959224555418,0.47319724079499353,-0.0010677479163725412,-0.001194543364581635,-0.0012119816987025134,-0.0012148888737074093,-0.0011010794252523382,-0.001111806206220034,-0.0012863373470921036,-0.0012145948452707556,-0.0011778643390281118,-0.0011537895050489078,-0.0011417078446697149
2024-09-19,0.4519261870583114,0.38832201992964166,0.40050807183052844,0.3706345485292065,0.46508227250713696,0.46275425316664376,0.34284934141227746,0.3604958441505092,0.3990770928411997,0.4695048632696237,0.47102084370758013,-0.0010897626405856897,-0.0012178927017840735,-0.0012356291125706353,-0.00123823400065598,-0.0011237146521811403,-0.0011346554010560062,-0.001310415309193902,-0.0012378153092281186,-0.001201198219914712,-0.0011769940218847585,-0.0011648142708556852
2024-09-20,0.4498695518952155,0.3860952331967652,0.3982512544047929,0.3683930996548704,0.4629652984878319,0.46061703437797663,0.34051312523021005,0.3582618270465782,0.39686342048737155,0.4673163174990756,0.4688468275647998,-0.0011114548865009954,-0.0012408816449421267,-0.0012589108839052843,-0.001261212714242732,-0.0011460173538656027,-0.001157168833104183,-0.001334105498323357,-0.0012606694837207222,-0.0012241766469225368,-0.0011998502472536088,-0.0011875760097590504
2024-09-21,0.44781545521433025,0.38387220198521566,0.39599827793736786,0.3661557578260996,0.4608509899344925,0.45848251170597654,0.33818171563371685,0.35603200114880984,0.3946532290078333,0.4651309327698013,0.4666758356930059,-0.0011328182350338056,-0.001263503391257692,-0.001281820123255284,-0.0012838182146961974,-0.0011679809305775724,-0.0011793398402774047,-0.001357400904171857,-0.0012831506058311737,-0.0012467928203655498,-0.0012223514176307182,-0.0012099863258148158
2024-09-22,0.4457645048559106,0.3816535841256939,0.3937498091202369,0.36392318510833654,0.4587399725050361,0.4563513167902432,0.33585580252440594,0.35380702629856214,0.3924471724338023,0.462949355772302,0.4645085105236214,-0.0011538463644256147,-0.0012857512465918042,-0.0013043500514081652,-0.0013060438126853424,-0.0011895988829408455,-0.001201161861818234,-0.001380294633254453,-0.0013052520230331655,-0.0012690400477540775,-0.0012444908745573025,-0.0012320385874496353
2024-09-23,0.4437173077291645,0.37944003614291844,0.391506513311497,0.36169604215576684,0.45663287088348264,0.4542240802856399,0.3335360741773867,0.35158756090168924,0.3902459035729111,0.460772232070309,0.4623454934030325,-0.0011745330521145125,-0.0013076186274464385,-0.0013264940013961168,-0.0013278829312982077,-0.0012108648138560718,-0.0012226284402392373,-0.001402779910948282,-0.001326967195162343,-0.0012909117457753916,-0.0012662620666124558,-0.001253726269045019
2024-09-24,0.44167446963265766,0.37723221306135035,0.3892690543384696,0.3594749880158217,0.4545303085951021,0.45210143167567207,0.3312232170375978,0.34937426173371033,0.3880500738160306,0.4586002059097526,0.4601874244028048,-0.0011948721765769332,-0.001329099062911454,-0.0013482454204675753,-0.0013493291079880176,-0.0012317724303918531,-0.0012437332232346776,-0.0014248500834980193,-0.001348289696349203,-0.0013124014422422614,-0.001287658551349713,-0.001275042952866956
2024-09-25,0.4396365950750493,0.37503076821135944,0.3870380943012616,0.3572606799341544,0.45243290782190226,0.44998399908621395,0.3289179155166774,0.3471677837454572,0.38586033294451305,0.4564339200281179,0.4580349421302755,-0.0012148577191385401,-0.0013501861965807271,-0.001369597872028061,-0.001370375996486095,-0.0012523155456484192,-0.0012644699655594005,-0.0014464986199841934,-0.001369213216923515,-0.0013335027780081443,-0.0013086739972054673,-0.0012959823309657281
2024-09-26,0.43760428709620697,0.37283635303589485,0.3848142933768409,0.35505377316015097,0.45034128921851624,0.4478724090996345,0.32662085179043415,0.3449687798692659,0.3836773289379121,0.45427401546424984,0.45588868353957923,-0.0012344837657560226,-0.001370873788432092,-0.0013905450375437112,-0.0013910173686796923,-0.0012724880805871641,-0.0012848325308781328,-0.0014677191142568602,-0.0013897315652781073,-0.0013542095088479589,-0.0013293021853706954,-0.001316538207042306
2024-09-27,0.4355781470887585,0.37064961689771186,0.38259830962367886,0.35285492075303165,0.4482560717285399,0.4457672865693832,0.32433270559698074,0.34277790082576176,0.3815017077822344,0.4521211313686582,0.4537492837431628,-0.001253744508766086,-0.0013911557166741417,-0.0014110807184107843,-0.0014112471164545726,-0.0012922840658301515,-0.0013048148935799753,-0.0014885052868304771,-0.0014098386697039,-0.0013745155073070503,-0.0013495370116329286,-0.0013367044982825482
2024-09-28,0.43355877462012954,0.3684712068872148,0.3803907987870194,0.3506647733885999,0.4461778724013758,0.44366925443508487,0.3220541540355887,0.34059579493130154,0.37933411327878247,0.4499759048143836,0.451617375823846,-0.0012726342486051867,-0.001411025979558167,-0.0014311988377911922,-0.0014310592535028421,-0.001311697643427534,-0.0013244111405624204,-0.001508850986741861,-0.001429528580185302,-0.001394414764513574,-0.001369372488181364,-0.0013564752371559297
2024-09-29,0.43154676725512187,0.3663017676309731,0.37819241410483473,0.3484839791666968,0.44410730620964034,0.4415789335382023,0.31978587136632364,0.3384231079061263,0.377175186853643,0.4478389706084766,0.44949359064748096,-0.0012911473954955732,-0.001430478697153681,-0.0014508934424097286,-0.0014504479170945328,-0.0013307230685888904,-0.0013436154729803973,-0.001528750193371009,-0.0014487954701608574,-0.0014139013919572951,-0.0013888027453795582,-0.0013758445731830715
2024-09-30,0.4295427203790851,0.36414194110096576,0.3760038061145209,0.3463131834194185,0.44204498586718166,0.43949694243831866,0.3175285288105202,0.3362604826832817,0.3750255673678789,0.4457109611041489,0.4473785566762694,-0.0013092784710990735,-0.0014495081130882492,-0.001470158704315938,-0.001469407369811937,-0.0013493547113850868,-0.0013624222079633985,-0.0015481970182227855,-0.0014676336382480337,-0.0014329696232316946,-0.001407822033501649,-0.0013948067746660797
2024-10-01,0.4275472270217319,0.36199236642461097,0.3738256224603933,0.344153028520151,0.43999152164776867,0.43742389723009656,0.3152827943521577,0.33410855921836474,0.37288589092848007,0.4435925060136489,0.4452728997827917,-0.001327022110138465,-0.0014681085962519602,-0.0014889889226091246,-0.0014879320012483044,-0.0013675870584131111,-0.0013808257802958024,-0.001567185706668972,-0.0014860375099294831,-0.0014516138157403824,-0.0014264247244345496,-0.001413356230384022
2024-10-02,0.425560877681651,0.35985367969563903,0.371658507702039,0.3420041536934827,0.43794752120450114,0.43536041136096515,0.3130493325401931,0.3319679743001495,0.3707567907001291,0.441484232221921,0.4431772430647993,-0.0013443730619859817,-0.0014862746424624262,-0.0015073785251246696,-0.0015060163296668483,-0.001385414714428046,-0.001398820744064444,-0.0015857106396507392,-0.001504001639204,-0.001469828452366706,-0.0014446053133422843,-0.0014314874512545428
2024-10-03,0.42358426015156925,0.35772651378586107,0.36950310312358065,0.33986719482604666,0.43591358938999475,0.4333070954495913,0.31082880429190934,0.32983936136215236,0.3686388967178376,0.4393867636010987,0.4410922066608304,-0.0013613261922157394,-0.0015040008760943135,-0.001525322070083046,-0.0015236550036242802,-0.001402832403939902,-0.001416401774270215,-0.0016037663353428155,-0.0015215207101962336,-0.0014876081431066113,-0.0014623584202963502,-0.0014491950719580649
2024-10-04,0.4216179593444151,0.3556114981578928,0.3673600465439101,0.33774278427835264,0.4338903280773964,0.43126455710518813,0.3086218666973401,0.3277233502951877,0.3665328357005083,0.43730072082589205,0.4390184075667026,-0.001377876484123186,-0.0015212820516698478,-0.0015428142477006968,-0.0015408428035525445,-0.0014198349727740367,-0.0014335636684030817,-0.0016213474507738579,-0.001538589538731261,-0.0015049476266638107,-0.0014796787918668342,-0.0014664738525242416
2024-10-05,0.4196625571202315,0.35350925867888555,0.3652299721279474,0.3356315506976599,0.4318783359822794,0.42923340074771293,0.30642917282482546,0.3256205672609732,0.36443923086547964,0.43522672118991945,0.43695645945293166,-0.0013940190402113584,-0.0015381130554112943,-0.0015598498817612771,-0.001557574643305526,-0.0014364173895969334,-0.0014503013479826299,-0.001638448783409574,-0.001555203073868472,-0.0015218417720059274,-0.0014965613026769464,-0.0014833186798842157
2024-10-06,0.41771863211399624,0.35142041743532293,0.36311351019898225,0.3335341188319513,0.429878208485475,0.4272142274290099,0.30425137152775983,0.3235316345068396,0.36235870174410517,0.4331653784230405,0.43490697248313787,-0.00140974908363789,-0.0015544889067540257,-0.0015764239311459871,-0.0015738455716626243,-0.0014525747474042894,-0.0014666098600603084,-0.0016550652726898263,-0.0015713563993952628,-0.0015382855798835582,-0.0015130009569204739,-0.0014997245693827987
2024-10-07,0.4157867595643936,0.34934559254893544,0.36101128705214974,0.33145110934506056,0.42789053745688804,0.4252076346549496,0.302089107252584,0.3214571701815963,0.36029186399842433,0.43111730250974406,0.4328705531334891,-0.0014250619596296588,-0.0015704047598197324,-0.0015925314913274313,-0.001589650773794249,-0.0014683022649742972,-0.0014824843786848119,-0.0016711920015288206,-0.0015870447352828165,-0.0015542741843095342,-0.001528992889838543,-0.0015156866662529023
2024-10-08,0.41386751114359155,0.3472853979937878,0.3589239247691007,0.3293831386330069,0.4259159110803546,0.42321421620861666,0.29994301984808486,0.3193977881526124,0.35823932923897844,0.4290830995086425,0.4308478040132336,-0.0014399531368607388,-0.0015858559048513854,-0.0016081677958192375,-0.0016049855726871787,-0.001483595288281403,-0.0014979202063308827,-0.0016868241977673337,-0.0016022634390999158,-0.001569802853998492,-0.0015445323691621327,-0.0015312002470533326
2024-10-09,0.41196145478807555,0.34524044341459365,0.356852041033917,0.3273308186415951,0.42395491367958804,0.4212345619746006,0.29781374437605246,0.3173540978241622,0.3562017048438248,0.427063371373132,0.4288393236863789,-0.0014544182087919966,-0.0016008377696071774,-0.0016233282175873165,-0.0016198454305270116,-0.0014984492918739822,-0.001512912775288644,-0.0017019572355874701,-0.0016170080073876214,-0.0015848669937672533,-0.0015596147965079021,-0.0015462607210659507
2024-10-10,0.4100691545305868,0.3432113339463136,0.3547962489503295,0.3252947566853285,0.422008125545269,0.4192692577644386,0.29570191092335557,0.3153267039570937,0.35417959377880404,0.42505871577326143,0.4268457064945671,-0.0014684528949761022,-0.0016153459207117749,-0.0016380082704188226,-0.001634225950043533,-0.0015128598802132132,-0.0015274576490157399,-0.0017165866368798466,-0.0016312740769907075,-0.0015994621458945146,-0.0015742357087439318,-0.0015608636316543634
2024-10-11,0.4081911703332158,0.3411986700350844,0.3527571568602901,0.32327555526769763,0.42007612276332695,0.41731888514326515,0.2936081444154892,0.3133162064898699,0.3521735944191132,0.42306972591887504,0.4248675423811994,-0.0014820530423231282,-0.0016293760649699895,-0.001652203610250147,-0.001648122875809066,-0.001526822788974369,-0.0015415505234502302,-0.001730708072569087,-0.0016450574263499607,-0.0016135839914399042,-0.0015883907793065033,-0.0015750046575822574
2024-10-12,0.4063280579217003,0.33920304726053796,0.3507353681639539,0.32127381190288756,0.418159477044468,0.41538402125771773,0.2915330644316485,0.3113232003610374,0.3501843003722361,0.42109699038407017,0.4229054167168626,-0.001495214626331065,-0.0016429240506365406,-0.0016659100364519452,-0.0016615320954999624,-0.0015403338863081428,-0.00155518722828335,-0.001744317363895187,-0.001658353976750071,-0.0016272283515222363,-0.001602075819482962,-0.0015886796142924875
2024-10-13,0.4044803686209772,0.33722505615955994,0.3487314811411239,0.319290118938965,0.4162587555549963,0.4134652386651485,0.28947728502138553,0.30934827533317377,0.34821230030228584,0.4191410929330303,0.42095991012610845,-0.0015079337522755365,-0.0016559858686442386,-0.0016791234930719767,-0.0016744496411122967,-0.0015533891740632244,-0.00156836372819541,-0.0017574104836498572,-0.0016711597935281097,-0.0016403911885556899,-0.0016152867796491721,-0.0016018844551454747
2024-10-14,0.40264864919203747,0.3352652820515397,0.3467460887742094,0.3173250633825927,0.41437452074898035,0.41156310516419725,0.28744141452290184,0.3073920158183682,0.3462581777558096,0.4172026123472779,0.4190315983156369,-0.0015202066563622663,-0.0016685576537913693,-0.001691840070035866,-0.0016868716901362601,-0.0015659847889701317,-0.001581076124047509,-0.0017699835573686262,-0.0016834710872370429,-0.001653068607445185,-0.0016280197504701666,-0.0016146152726165819
2024-10-15,0.40083344167012963,0.33332430486516557,0.34477977857275377,0.3153792267253241,0.4125073302018135,0.40967818362676905,0.2854260553830323,0.30545500070528475,0.3443225109891078,0.4152821222544059,0.4171210519039368,-0.00153202970684152,-0.0016806356858842242,-0.0017040560043039554,-0.0016987945666880888,-0.00157811700378363,-0.0015933206540375555,-0.0017820328644762573,-0.001695284214766557,-0.0016652568567382953,-0.0016402709640546131,-0.0016268682994516892
2024-10-16,0.399035283204363,0.3314026989668147,0.3428331323995805,0.3134531847715314,0.4106577364452188,0.40781103183147255,0.28343180397897,0.30353780318785856,0.3424058727971182,0.41338019095833056,0.4152288362524288,-0.001543399405082635,-0.0016922163908384968,-0.0017157676809847477,-0.001710214742597027,-0.001589782228386516,-0.0016050936948118766,-0.0017935548393893663,-0.001706595680422529,-0.0016769523297363031,-0.0016520367950711434,-0.0016386399097831905
2024-10-17,0.3972547058987574,0.3295010329905876,0.34090672629861096,0.3115475074680164,0.40882628680374605,0.4059622022985633,0.2814592504417902,0.3016409905956798,0.34050883034391816,0.4114973812711211,0.413355511298167,-0.0015543123866088027,-0.0017032963417378255,-0.001726971634404495,-0.0017211288384486045,-0.0016009770108508792,-0.0016163917625385271,-0.0018045460725696905,-0.001717402136960311,-0.0016881515655601254,-0.001663313761821661,-0.0016499266202023022
2024-10-18,0.395492236654784,0.3276198696700415,0.33900113032440277,0.3096627587353523,0.40701352323280954,0.40413224212644505,0.27950897848181966,0.29976512422611123,0.3386319449948896,0.40963425034645606,0.4115016313881445,-0.0015647654220934948,-0.0017138722598463163,-0.001737664549133655,-0.001731533624586612,-0.0016116980384602297,-0.0016272115139373544,-0.0018150033115350017,-0.0017277003865753815,-0.0016988512501760478,-0.001674098527269463,-0.001660725090789572
2024-10-19,0.393748397015448,0.3257597656716684,0.3371169083734632,0.30779949630101183,0.4052199821583142,0.4023216928297739,0.2775815652159083,0.2979107591781918,0.3367757721506035,0.40779134951475027,0.40966774511525245,-0.0015747554183149215,-0.0017239410155794332,-0.0017478432609662198,-0.0017414260220673938,-0.0016219421386903798,-0.001637549747269873,-0.0018249234618197274,-0.0017374873818499226,-0.0017090482173753307,-0.0016843879000298378,-0.0016710321261040328
2024-10-20,0.39202370301095396,0.3239212714301673,0.33525461801738193,0.3059582715343263,0.4034461943179193,0.4005310901792155,0.2756775809966507,0.29607844418837254,0.33494086108246784,0.40596922412000985,0.40785439515594346,-0.0015842794190727427,-0.001733499629430424,-0.0017575047578575753,-0.0017508031035713412,-0.0016317062801472493,-0.0016474034032866736,-0.0018343035878917724,-0.0017467602266548754,-0.0017187394497107933,-0.0016941788353110332,-0.0016808446761281126
2024-10-21,0.39031866500600554,0.3221049309855629,0.3334148103378359,0.3041396292833266,0.4016926846039846,0.3987609640429026,0.273797589243609,0.2942687214681383,0.33312775477018813,0.40416841335845377,0.40606211810964465,-0.0015933346060619802,-0.0017425452728517254,-0.0017666461808160672,-0.0017596620942693098,-0.0016409875734639257,-0.001656769566132088,-0.0018431409140214905,-0.0017555161770060335,-0.0017279220793913752,-0.0017034684358184227,-0.001690159837170302
2024-10-22,0.38863378754878,0.3203112818222147,0.33159802976351804,0.3023441077135138,0.3999599719082452,0.3970118382296372,0.27194214627658964,0.29248212654355776,0.3313369897410924,0.40238945011895916,0.40429144433996883,-0.001601918299706906,-0.0017510752690920728,-0.001775264824746714,-0.0017680003726434634,-0.0016497832721569239,-0.0016656454642081098,-0.0018514328251011958,-0.0017637526418768368,-0.0017365933891291263,-0.0017122539526091551,-0.0016989748527245774
2024-10-23,0.38696956922162384,0.3185408547097672,0.329804813909029,0.300572238148608,0.398248568968265,0.3952842303338883,0.2701118011510177,0.2907191880968125,0.32956909591136335,0.40063286082536875,0.40254289781777164,-0.0016100279599545186,-0.0017590870939882541,-0.001783358139254454,-0.0017758154712627094,-0.0016580907734370376,-0.0016740284709935715,-0.0018591768674212084,-0.0017714671839647034,-0.0017447508129439515,-0.0017205327859081687,-0.00170728711428636
2024-10-24,0.38532650249351486,0.31679417354608663,0.32803569341579036,0.2988245449133196,0.3965589822157073,0.3935786515826266,0.26830709549546283,0.2889804278097518,0.3278245964292278,0.39889916528071584,0.4008169959661009,-0.0016176611870259427,-0.001766578376712069,-0.0017909237293973757,-0.0017831050775142243,-0.0016659076189813327,-0.0016819161058220788,-0.001866370749395052,-0.0017786575204128963,-0.0017523919369230034,-0.0017283024858749663,-0.0017150941621231208
2024-10-25,0.3837050735743324,0.3150717552022306,0.3262911917950185,0.2971015451781949,0.39489171162647535,0.39189560668404505,0.26652856335136405,0.2872663602095188,0.32610400752014923,0.3971888765134044,0.39911424950708146,-0.0016248157221262494,-0.0017735469004728777,-0.0017979593563955398,-0.001789867034285686,-0.0016732314956592331,-0.0016893060346153121,-0.0018730123422369127,-0.0017853215234847064,-0.0017595144999343337,-0.001735560753330423,-0.0017223936860039646
2024-10-26,0.3821057622709794,0.31337410936949783,0.32457182527280914,0.295403748806576,0.39324725057275994,0.39023559367820654,0.26477673101499616,0.2855774925162927,0.324407838334067,0.39550250062539655,0.3974351623107849,-0.0016314894481140318,-0.001779990603172299,-0.0018044629382937272,-0.0017960993406054837,-0.0016800602362179728,-0.0016961960705744739,-0.001879099680592966,-0.001791457221195003,-0.0017661163942973568,-0.0017423054404364646,-0.0017291835258826382
2024-10-27,0.38052904184540154,0.31170173840860327,0.32287810263737826,0.29373165820372393,0.39162608567704416,0.3885991037896664,0.26305211688173197,0.28391432449319554,0.32273659079473216,0.3938405366424486,0.39578023124612655,-0.0016376803901257952,-0.0017859075780147782,-0.0018104325505776675,-0.0018018001522340232,-0.0016863918199230832,-0.0017025841748274928,-0.0018846309631216362,-0.001797062797891602,-0.0017721956664052962,-0.0017485345513318373,-0.0017354616725361316
2024-10-28,0.3789753788745395,0.3100551372010196,0.3212105250885031,0.2920857681681495,0.39002869666810236,0.3869866212821115,0.2613552312926398,0.2822773482984032,0.32109075945117915,0.39220347636644187,0.39414994603383374,-0.0016433867161624316,-0.0017912960740725792,-0.0018158664267426405,-0.00180696778220929,-0.0016922243731573583,-0.0017084684570310427,-0.0018896045530275574,-0.0018021365947942236,-0.0017777505173038333,-0.001754246242722024,-0.0017412262681599233
2024-10-29,0.3774452331122627,0.30843479300253573,0.3195695860892092,0.29046656574519425,0.388455556239042,0.38539862331505814,0.2596865763834658,0.28066704833950784,0.319470831331382,0.3905918042298493,0.3925447891015298,-0.001648606737630065,-0.0017961544968027598,-0.0018207629588174457,-0.0018116007013464497,-0.0016975561699741903,-0.0017138471759314267,-0.0018940189785454087,-0.0018066771104849888,-0.0017827793032226813,-0.0017594388244262515,-0.0017464756069170972
2024-10-30,0.37593905735331945,0.3068411852990687,0.3179557712197465,0.2888745300829053,0.3869071299074252,0.38383557980265287,0.2580466459360436,0.27908390113017467,0.3178772857981329,0.38900599715238593,0.3909652354409753,-0.0016533389098405404,-0.001800481408520016,-0.0018251206978394663,-0.001815697538690264,-0.0017023856326094378,-0.00171871873987961,-0.0018978729333757327,-0.0018106830013521202,-0.0017872805360638067,-0.0017641107598753147,-0.00175120813544416
2024-10-31,0.374457297299349,0.30527478566477667,0.3163695580338987,0.2873101322902487,0.38538387587751566,0.3822979532746184,0.2564359252321765,0.2775283751491334,0.31631059440719317,0.387446524399879,0.38941175246751086,-0.001657581832468058,-0.001804275528821564,-0.0018289383542836601,-0.0018192570819206,-0.0017067113319470528,-0.0017230817073008442,-0.0019011652770712373,-0.001814153081988068,-0.001791252883839578,-0.0017682606665687661,-0.0017554224533097296
2024-11-01,0.3730003914269907,0.3037360576225122,0.31481141591766715,0.28577383529769984,0.3838862449046871,0.38078619873938213,0.2548548909100349,0.27600093070154774,0.31477122076775077,0.38591384744540524,0.38788479988174157,-0.0016613342499631756,-0.0018075357349662258,-0.0018322147984439763,-0.0018222782777114754,-0.0017105319879433534,-0.0017269347871234353,-0.00190389503537447,-0.0018170863255400627,-0.0017946951710687276,-0.00177188731648259,-0.0017591173134293703
2024-11-02,0.3715687708581313,0.30222545650665916,0.31328180595037197,0.28426609372025574,0.3824146801620393,0.37930076354943293,0.25330401082311105,0.274502019782804,0.3132596204052319,0.3844084198327341,0.3863848295335039,-0.001664595051925677,-0.0018102610622062754,-0.001834949060768254,-0.0018247602320422551,-0.0017138464700046652,-0.0017302768391586065,-0.0019060614005059762,-0.0018194818640143162,-0.0017976063791229069,-0.0017749896364325224,-0.0017622916224345753
2024-11-03,0.3701628592323299,0.30074342932839065,0.31178118076821204,0.28278735372290636,0.3809696171092547,0.3778420872689418,0.251783743901774,0.2730320859447581,0.3117762406265034,0.3829306870421162,0.384912285288156,-0.0016673632734314214,-0.0018124507040737092,-0.0018371403321434943,-0.0018267022104627717,-0.0017166537973222207,-0.0017331068744397826,-0.0019076637314034417,-0.0018213389885323172,-0.0017999856465284458,-0.0017775667083920754,-0.0017649444409960635
2024-11-04,0.3687830725814554,0.2992904146433924,0.3103099844303211,0.28133805288860747,0.3795514833637395,0.37641060154368816,0.25029454001746443,0.2715915641644817,0.31032152038750666,0.38148108635845873,0.3834676028952312,-0.0016696380953192813,-0.0018141040126182784,-0.0018387879641379445,-0.0018281036383102633,-0.0017189531391629265,-0.0017354240555136347,-0.0019087015539113739,-0.001822657149541107,-0.0018018322692224809,-0.001779617769764319,-0.0017670749841022793
2024-11-05,0.36742981920657636,0.29786684242208605,0.30886865228736476,0.2799186200887928,0.3781606985740845,0.3750067299733285,0.24883683984957072,0.27018088071554547,0.3088958901633647,0.3800600467419256,0.3820512098594922,-0.001671418844432837,-0.0018152204985996123,-0.0018398914691906132,-0.001828964100880015,-0.001720743815114556,-0.0017372276966890476,-0.001909174560921545,-0.0018234359569755387,-0.0018031457007592344,-0.0017811422136072563,-0.0017686826212910955
2024-11-06,0.36610349955713833,0.29647313392239555,0.3074576108527131,0.27852947535646444,0.3767976742958847,0.3736308879860463,0.24741107475502466,0.2688004530418778,0.30749977182099714,0.378667988701002,0.3806635253144256,-0.0016727049938198846,-0.0018157998316312152,-0.001840450520756598,-0.0018292833435470945,-0.001722025295287033,-0.0017385172642399027,-0.0019090826124635307,-0.0018236751803739626,-0.0018039255524734399,-0.0017821395888132363,-0.0017697668768371089
2024-11-07,0.36480450611246407,0.2951097015650883,0.30607727767622833,0.2771710297618977,0.375462813869953,0.3722834827156209,0.24601766664065614,0.26745068963423574,0.3061335784942828,0.37730532416805784,0.3793049598982144,-0.0016734961628878109,-0.0018158418402791088,-0.0018404649534031758,-0.0018290612718425692,-0.00172279720046975,-0.0017392923765622847,-0.0019084257357462053,-0.0018233747489465602,-0.0018041715935941949,-0.0017826096002432346,-0.0017703274298912497
2024-11-08,0.3635332232656122,0.2937769488117343,0.30472806122070434,0.27584368529099973,0.3741565123029648,0.3709649128809497,0.24465702783834395,0.2661319899093276,0.3047977144618069,0.3759724563774522,0.3779759156322222,-0.0016737921175174475,-0.00181534651211257,-0.001839934762859985,-0.0018282979514807063,-0.0017230593022440344,-0.001739552804287725,-0.0019072041251500804,-0.0018225347515956614,-0.0018038837513141837,-0.0017825521088128404,-0.0017703641145770388
2024-11-09,0.36229002720963066,0.2924752700453153,0.30341036074099736,0.274547834726354,0.3728791561505707,0.36967556866806023,0.2433295609830003,0.2648447440916178,0.30349257502722904,0.37466977974620747,0.37667678580202957,-0.0016735927701305164,-0.0018143139937067954,-0.001838860106018747,-0.0018269936083406546,-0.0017228115230492613,-0.0017392984703518133,-0.0019054181421694072,-0.0018211554368899874,-0.0018030621108102163,-0.0017819671315352226,-0.001769876920039104
2024-11-10,0.36107528582623316,0.2912050504535202,0.30212456616587896,0.27328386153099105,0.3716311234030066,0.3684158316146487,0.24203565889342454,0.2635893330978536,0.302218546402305,0.37339767975729743,0.3754079548410544,-0.001672898179717608,-0.0018127445906008233,-0.0018372413008878596,-0.001825148628398332,-0.001722053936207557,-0.0017385294500160131,-0.0019030683153051509,-0.0018192372129908763,-0.0018017069152194698,-0.001780854841513968,-0.0017688659904458448
2024-11-11,0.35988935857693843,0.2899666659147621,0.3008710579826506,0.2720521397349144,0.3704127833732416,0.36718607449717694,0.24077570445606183,0.2623661284243456,0.3009760055926025,0.3721565328455745,0.37416979821679164,-0.0016717085518189179,-0.0018106387672062185,-0.0018350788264974716,-0.001822763557613294,-0.0017207867659005949,-0.001737245970845236,-0.0019001553399090598,-0.0018167806475317683,-0.0017998185655655474,-0.0017792155678940658,-0.0017673316249475768
2024-11-12,0.35873259639669935,0.2887604828869497,0.2996502071245506,0.27085303382442055,0.3692244965876913,0.36598666122055995,0.23955007051170094,0.2611754920370361,0.29976532028593744,0.37094670628637794,0.3729626823197061,-0.001670024238464407,-0.0018079971466700706,-0.0018323733227588734,-0.0018198391017656967,-0.0017190103871053686,-0.0017354484126425596,-0.0018966800779773307,-0.0018137864674499515,-0.0017973976206420161,-0.0017770497957630416,-0.0017652742775879915
2024-11-13,0.3576053415900556,0.2875868582990466,0.2984623748609895,0.2696868986342396,0.3680666146795337,0.3648179467104838,0.23835911974514454,0.26001777626438777,0.2985868487435701,0.36976855808685155,0.3717869643548126,-0.0016678457380697176,-0.0018048205106903081,-0.0018291255902738723,-0.0018163761262497968,-0.0017167253254800063,-0.0017331373073337097,-0.0018926435578958678,-0.0018102555587713454,-0.0017944447968451516,-0.0017743581660069618,-0.0017626945571690977
2024-11-14,0.35650792772983997,0.28644613944545017,0.2973079126906444,0.26855407924253605,0.36693948028465373,0.36368027680837445,0.23720320457788516,0.2588933236931236,0.29744093969418994,0.36862243688000135,0.37064299223597225,-0.0016651736952880691,-0.0018011097992847724,-0.001825336590098925,-0.0018123756558154347,-0.001713932257211559,-0.0017303133388121283,-0.0018880469741358041,-0.001806188966348543,-0.0017909609679629401,-0.0017711414751233057,-0.001759593227071865
2024-11-15,0.35544067955846975,0.28533866388322143,0.29618716223744496,0.2674549108687932,0.3658434269402529,0.36257398816905945,0.2360826670638175,0.2578024670668497,0.29632793223072035,0.3675086818215322,0.3695311044829403,-0.0016620089008198558,-0.0017968661105125516,-0.0018210074434601986,-0.001807838874265999,-0.0017106320088134397,-0.001726977342735414,-0.0018828916869003676,-0.00180158789355217,-0.0017869471649165636,-0.0017674006749821003,-0.0017559712050291831
2024-11-16,0.3544039128918488,0.2842647593321971,0.29510045514948136,0.2663897187746166,0.36477877898614924,0.36149940816114534,0.23499783878801977,0.2567455291875927,0.2952481557099763,0.3664276224894843,0.36845163012119053,-0.001658352291178944,-0.0017920907001492403,-0.0018161394314218926,-0.0018027671241084287,-0.001706825556882674,-0.0017231303062788528,-0.001877179221721953,-0.0017964537019130034,-0.0017824045754549211,-0.001763136872546367,-0.0017518295628565217
2024-11-17,0.3533979345259141,0.2832247435780109,0.29404811300086464,0.2653588181674841,0.36374585146880134,0.3604568547701453,0.2339490407686318,0.255722822820275,0.29420192965520237,0.36537957878670674,0.3674048885845543,-0.001654204948414617,-0.0017867849813160142,-0.001810733994506819,-0.0017971619061552535,-0.0017025140278092987,-0.0017187733678419304,-0.001870911269011094,-0.0017907879107214586,-0.001777334543803244,-0.001758351329543939,-0.0017471695261317977
2024-11-18,0.3524230421458488,0.2822189243780572,0.293030447196567,0.26436251410747125,0.3627449500480794,0.35944663650438036,0.23293658336186135,0.25473465060016476,0.2931895636615202,0.3643648608461924,0.3663911896206926,-0.0016495680997923312,-0.0017809505240600765,-0.0018047927322708546,-0.001791024879080283,-0.0016976986974444608,-0.0017139078167132116,-0.001864089683555531,-0.0017845921965759515,-0.0017717385702655242,-0.0017530454620939828,-0.0017419924738350523
2024-11-19,0.35147952423799234,0.281247599370419,0.2920477588802727,0.26340110141697815,0.36177637090681697,0.35846905230368836,0.2319607661701438,0.2537813049433198,0.29221135730431447,0.36338376893930524,0.3654108331994377,-0.0016444431174305607,-0.0017745890548913068,-0.0017983174028290416,-0.0017843578589289422,-0.0016923809907216647,-0.0017085350926873133,-0.0018567164839722872,-0.0017778683928883487,-0.0017656183107805368,-0.0017472208402880551,-0.0017362999379393895
2024-11-20,0.3505676600044738,0.28031105598579337,0.2911003388452642,0.2624748645934877,0.36084040066316503,0.3575243914509621,0.23102187795348567,0.25286306796005814,0.2912676000505849,0.36243659338692485,0.364464109424027,-0.0016388315178935686,-0.001767702456270781,-0.001791309922335671,-0.0017771628185794808,-0.0016865624812357205,-0.001702656785639911,-0.0018487938521096758,-0.0017706184893400145,-0.0017589755764308435,-0.0017408791877252527,-0.0017300936029576164
2024-11-21,0.34968771928058995,0.27940957136243527,0.2901884674483726,0.26158407772537756,0.3599373162857765,0.35661293348654605,0.23012019654401528,0.2519802113714759,0.2903585711732858,0.36152361447353554,0.3635512984452572,-0.0016327349617443754,-0.0017602927660538281,-0.0017837723644167913,-0.001769441887160328,-0.0016802448907777268,-0.0016962746350564495,-0.001840324132402149,-0.0017628446312942248,-0.0017518123329091084,-0.0017340223810028976,-0.001723375305444086
2024-11-22,0.3488399624549582,0.2785434122641481,0.2893124145270147,0.2607290044108134,0.35906738501184843,0.3557349481255159,0.2292559887637686,0.2511329964290415,0.2894845396686868,0.3606451023642864,0.3626726703785821,-0.0016261552530515977,-0.0017523621768872344,-0.001775706959557366,-0.0017611973494191524,-0.001673430088823813,-0.0016893905295178868,-0.0018313098311758258,-0.00175454911916062,-0.0017441306999342876,-0.0017266524491601487,-0.0017161470334516316
2024-11-23,0.3480246403924621,0.2777128350013443,0.28847243931934435,0.25990989767974615,0.3582308642680404,0.3548906951778652,0.22842951034573153,0.250321673837287,0.28864576417677235,0.35980131702504414,0.3618284852241831,-0.0016190943388573187,-0.0017439130355597077,-0.001767116094440191,-0.0017524316450472366,-0.001666120091983636,-0.0016820065061421974,-0.0018217536159074732,-0.001745734407714472,-0.0017359329506247412,-0.0017187715730787034,-0.0017084109259413727
2024-11-24,0.34724199436001746,0.2769180853551987,0.2876687903875396,0.2591269999190354,0.3574280015942987,0.354080424471624,0.22764100585816463,0.24954648367961987,0.2878424929047048,0.3589925081454663,0.36101899279002836,-0.0016115543085993278,-0.0017349478423080433,-0.0017580023112402365,-0.0017431473679576093,-0.0016583170634030808,-0.0016741247499803547,-0.0018116583144350273,-0.001736403105371126,-0.0017272215108266598,-0.001710382084836204,-0.0017001692721527184
2024-11-25,0.3464922559551768,0.27615939850491816,0.28690170554424843,0.258380542800724,0.3566590345706054,0.3533043757789304,0.2268907086322317,0.24880765534727958,0.28707496355337686,0.35821891506511255,0.36024443261795297,-0.0016035373934939479,-0.0017254692500769386,-0.0017483683068730826,-0.0017333472655174376,-0.0016500233121238272,-0.0016657475933709032,-0.0018010269141205126,-0.00172655797341284,-0.0017179989583954725,-0.0017014864670174545,-0.001691424510923356
2024-11-26,0.3457756470375959,0.27543699895814716,0.28617141178221756,0.2576707472134829,0.3559241907466745,0.3525627787450778,0.2261788406929529,0.24810540747145626,0.28634340324707225,0.3574807667026212,0.3595050339127734,-0.0015950459658756189,-0.0017154800637348977,-0.0017382169321952246,-0.0017230342377343444,-0.0016412412924000086,-0.0016568775152493442,-0.0017898625609664431,-0.001716201925172467,-0.001708268022432291,-0.0016920873519790103,-0.0016821792299686056
2024-11-27,0.345092379663383,0.2747511004845343,0.2854781252071202,0.2569978231972457,0.35522368757461564,0.3518558528205598,0.22550561269350444,0.24743994785859436,0.28564802846625514,0.3567782814879687,0.3588010154744621,-0.0015860825384940713,-0.001704983239242508,-0.0017275511911620245,-0.0017122113363994274,-0.001631973602972847,-0.0016475171404142785,-0.0017781685586844287,-0.00170533802517156,-0.001698031582477999,-0.0016821875210698,-0.0016724361651162534
2024-11-28,0.3444426560223467,0.2741019060524731,0.28482205097360785,0.25636196988105503,0.35455773234458765,0.3511838071961306,0.2248712238528825,0.24681147342889967,0.2849890449835107,0.3561116672978318,0.3581325856334016,-0.001576649763771698,-0.001693981882778861,-0.0017163742399377568,-0.0017008817641833707,-0.0016222229863006588,-0.0016376692387515823,-0.0017659483677178733,-0.0016939694882126544,-0.0016872926676596567,-0.0016717899038092843,-0.0016621981994956458
2024-11-29,0.34382666837816545,0.2734896077690401,0.28420338322460165,0.2557633754241374,0.35392652212345754,0.350546840740903,0.22427586189695142,0.24622017015806702,0.28436664780265347,0.355481121394074,0.35749994218873593,-0.0015667504330184046,-0.001682479249822788,-0.0017046893859620216,-0.0016890488736885367,-0.0016119923277474468,-0.0016273367244133974,-0.0017532056042178779,-0.0016820996784288333,-0.0016760544557950507,-0.0016608975770198708,-0.001651468362685482
2024-11-30,0.34324459901149346,0.27291438682314856,0.28362230503384167,0.25520221696022277,0.3533302436964844,0.3499451419434986,0.22371970300289215,0.24566621302224745,0.28378102110102255,0.3548868303653728,0.3569032723498385,-0.0015563874756053808,-0.0016704787441881863,-0.0016925000869711937,-0.00167671616645787,-0.0016012846547303061,-0.0016165226549571532,-0.0017399440389734289,-0.0016697321082878025,-0.0016643202724519468,-0.001649513763916144,-0.001640249829817475
2024-12-01,0.34269662016602087,0.2723764134319307,0.28307898835171363,0.25467866054512894,0.35276907351204834,0.34937888885627194,0.22320291174706958,0.24514976594626972,0.28323233817498106,0.35432897007200503,0.35634275268091414,-0.001545563958098517,-0.001657983917017769,-0.001679809949974631,-0.0016638872919376713,-0.0015901031358215856,-0.0016052302304401245,-0.0017261675962946532,-0.00165687043755261,-0.0016520935899637657,-0.0016376418331514597,-0.00162854592063566
2024-12-02,0.34218289399750423,0.27187584679036814,0.28257359395436416,0.25419286110762224,0.3522431776294352,0.3488482490426219,0.22272564105633033,0.24467098175513258,0.28272076138863417,0.3538077055938063,0.355818549048751,-0.0015342830833506849,-0.0016449984657319061,-0.0016666227301888048,-0.0016505660463985716,-0.0015784510798126372,-0.001593462792472078,-0.001711880352852857,-0.0016435184721983187,-0.0016393780264026825,-0.0016252852978214105,-0.0016163600985150128
2024-12-03,0.3417035725257819,0.2714128350241836,0.2821062713961272,0.2537449624035721,0.35175271166969735,0.34835337952740636,0.2222880321627505,0.24423000212878096,0.28224644212578326,0.3533231911813224,0.35533081657363724,-0.0015225481895542736,-0.0016315262329344438,-0.001652942329923468,-0.0016367563718111544,-0.0015663319347344329,-0.0015812238232274511,-0.0016970865364731302,-0.0016296801632864621,-0.0016261773445085947,-0.0016124478144231569,-0.0016036959694365471
2024-12-04,0.34125879758978883,0.27098751514600766,0.28167715896526585,0.2533350969734108,0.3512978207696035,0.3478944267504767,0.2218902145618422,0.24382695756018094,0.2818095207451295,0.3528755702101628,0.354879699583459,-0.0015103627492530913,-0.0016175712052761138,-0.0016387727974294108,-0.0016224623546805539,-0.0015537492868366587,-0.0015685169444140112,-0.0016817905248837361,-0.0016153596057952857,-0.001612495450575513,-0.0015991331817748478,-0.001590557280919891
2024-12-05,0.3408487008055843,0.27060001301483516,0.2812863836430522,0.25296338610291347,0.3508786395386891,0.3474715265233433,0.22153230597423365,0.24346196731670489,0.28141012653873865,0.35246497513857433,0.35446533157099175,-0.00149773036831502,-0.0016031375122737557,-0.001624118325699253,-0.0016076882248362567,-0.0015407068595276185,-0.0015553459162016559,-0.0016659968444206474,-0.0016005610374080215,-0.0015983363932961514,-0.001585345339890687,-0.0015769479209140624
2024-12-06,0.34047340352740474,0.27025044329878084,0.2809340610661912,0.25262993978730697,0.35049529201942436,0.3470848039889871,0.22121441231083425,0.2431351394048378,0.2810483776937821,0.3520915274682448,0.3540878351543969,-0.0014846547848647584,-0.0015882294250896267,-0.0016089832512269364,-0.0015924383541809362,-0.0015272085122713386,-0.0015417146361097478,-0.0016497101686879512,-0.0015852888372593354,-0.0015837043625632208,-0.0015710883688145327,-0.0015628719166476679
2024-12-07,0.3401330168117524,0.269938909441148,0.28062029549260137,0.2523348566987207,0.3501478916505081,0.34673437358482806,0.22093662764149338,0.24284657053821704,0.28072438125756316,0.35175533770834777,0.35374732204093723,-0.0014711398681780397,-0.0015728513552663026,-0.0015933720527246953,-0.0015767172553966535,-0.0015132582394456473,-0.0015276271378531492,-0.0016329353171750938,-0.0015695475246388924,-0.0015686036882299192,-0.0015563664874138072,-0.0015483334334371324
2024-12-08,0.33982764138453314,0.26966550362981684,0.280345179770564,0.2520782241569876,0.34983654123329794,0.34642033900886043,0.22069903416716383,0.24259634610901284,0.28043823310583954,0.35145650534284223,0.35344389299392154,-0.0014571896175357701,-0.001557007853422443,-0.001577289349797284,-0.0015605295806098707,-0.0014988601691613423,-0.0015130875901492868,-0.0016156772538304665,-0.0015533417576542585,-0.0015530388388290683,-0.0015411840521296627,-0.0015333367734532422
2024-12-09,0.3395573676112487,0.269430306769966,0.28010879531124777,0.25186011810380604,0.34956133290139224,0.34614279318896757,0.22050170219557702,0.2423845401626596,0.2801900179144534,0.35119511880103277,0.3531776378028864,-0.0014428081610416976,-0.0015407036079046477,-0.0015607399015749035,-0.0015438801200135521,-0.0014840185620381141,-0.0014981002954843614,-0.0015979410855927467,-0.0015366763318526988,-0.0015370144202497271,-0.0015255455556894004,-0.0015178863744491067
2024-12-10,0.33932227547025673,0.26923338846013006,0.279911212064617,0.251680603080266,0.34932234809336377,0.34590181825542304,0.2203446901204384,0.24221121537594437,0.27997980913427317,0.3509712554314022,0.35294863525702636,-0.0014279997544004441,-0.0015239434434018428,-0.001543728605305772,-0.001526773800451131,-0.0014687378099469406,-0.0014826696888396995,-0.0015797320608792742,-0.001519556178801812,-0.0015205351743752815,-0.0015094556257756464,-0.0015019868084465426
2024-12-11,0.3391224345291044,0.26907480697160496,0.2797524884987332,0.2515397322077511,0.34911965752866175,0.34569748551658647,0.22022804440414684,0.24207642303846008,0.27980766896945863,0.35078498147872356,0.35275695312187955,-0.0014127687796572919,-0.0015067323195162574,-0.001526260494906173,-0.0015092156839576765,-0.001453022434708351,-0.0014668003363803583,-0.0015610555680336535,-0.0015019863646303644,-0.0015036059776797894,-0.0014929190236573353,-0.001485642780382268
2024-12-12,0.338957903923941,0.2689546092312044,0.2796326715824531,0.2514375471722191,0.34895332118668587,0.3455298554378027,0.2201517995640466,0.24198020303742823,0.27967364835905434,0.35063635206445615,0.352602648119273,-0.001397119743903108,-0.0014890753292964853,-0.0015083407394709258,-0.0014912109662622575,-0.001436877086754218,-0.0014504969341029295,-0.0015419171337303639,-0.0014839720885287677,-0.0014862318397845797,-0.0014759406427810595,-0.0014688591267179585
2024-12-13,0.3388287323420194,0.268872830807374,0.2795517967715299,0.2513740782118656,0.34882338828903536,0.345398977623509,0.22011597816221237,0.24192258384589474,0.279577786961915,0.35052541117043473,0.35248576591053987,-0.0013810572779394126,-0.0014709776977295252,-0.0014899746417440518,-0.0014727649752508398,-0.0014203065437530804,-0.0014337643064464278,-0.0015223224213402886,-0.0014655186812115861,-0.0014684179019769372,-0.0014585255073232273,-0.0014516408140062276
2024-12-14,0.3387349580072897,0.26882949589966465,0.27950988799812143,0.2513493441081775,0.3487298972849454,0.3453048908025561,0.22012059079877339,0.24190358251430574,0.2795201131449702,0.3504521916258551,0.352406341083006,-0.001364586134907697,-0.0014524447801962381,-0.0014711676365492532,-0.0014538831693884924,-0.0014033157091949966,-0.0014166074048646005,-0.0015022772292538344,-0.0014466316033385773,-0.0014501694356873762,-0.0014406787707020308,-0.0014339929374231897
2024-12-15,0.3386766086690855,0.2688246173315726,0.27950695766370787,0.2513633521803735,0.34867287583990786,0.3452476228167481,0.22016563610877626,0.24192320466546072,0.2795006439748303,0.35041671509755823,0.3523643971397559,-0.0013477111888847704,-0.0014334820608851717,-0.0014519252891819767,-0.0014345711361059554,-0.001385909610941538,-0.0013990313063607651,-0.0014817874891659144,-0.0014273164439002062,-0.0014314918409308874,-0.0014224057140543866,-0.0014159207192590006
2024-12-16,0.3386537015939149,0.26885819654674525,0.27954300663542225,0.25141609828324024,0.3486523408274859,0.34522719061260343,0.22025110076258894,0.24198144449284964,0.2795193852127359,0.3504189920836193,0.35235994649267716,-0.001330437433438525,-0.001414095151169359,-0.0014322532937625088,-0.0014148345901439097,-0.0013680933997370914,-0.0013810412119850124,-0.00146085926432038,-0.0014075789185626353,-0.0014123906447082724,-0.0014037117446719094,-0.0013974295073740373
2024-12-17,0.3386662435603502,0.2689302236085522,0.27961802424579413,0.251507566808357,0.3486682983243202,0.34524360023634015,0.2203769594698456,0.24207828476237053,0.27957633131285325,0.3504590219102422,0.3523929904587878,-0.0013127699801509518,-0.0013942897879478111,-0.0014121574715505458,-0.0013946793718641604,-0.0013498723476850216,-0.0013626424452956587,-0.0014394987477154564,-0.0013874248679772994,-0.0013928714993706737,-0.0013846023944003027,-0.001378524773615275
2024-12-18,0.3387142308570214,0.2690406772030269,0.27973198829590534,0.2516377306887154,0.3487207436083307,0.34529684683208606,0.22054317498692963,0.24221369681742952,0.2796714654239151,0.35053679273195665,0.3524635192598464,-0.0012811575856700452,-0.0013579603360440173,-0.0013752654702783862,-0.0013574286829950988,-0.0013172229036748084,-0.0013296700020142826,-0.001399575566719241,-0.0013500936240214145,-0.001357283037188517,-0.0013500029212388243,-0.0013443966476853197
2024-12-19,0.33879764928371564,0.2691895246451739,0.27988486506196025,0.25180655140672953,0.3488096611601137,0.34538691464331744,0.22074969812799558,0.24238764058742104,0.27980475939420757,0.35065228153512557,0.3525715120252464,-0.0012483091006027514,-0.0013203060348161433,-0.0013370312192337308,-0.0013188488045775548,-0.0012833018081429004,-0.0012954138155365502,-0.0013582740523236658,-0.0013114389090415624,-0.0013203741411560999,-0.0013140942421475676,-0.001308966454606264
2024-12-20,0.33891647415557824,0.2693767218886404,0.28007660930526407,0.25201397900563255,0.34893502466753545,0.34551377701751945,0.2209964677795232,0.24260006459958502,0.27997617377990036,0.3508054541447537,0.35271693679819055,-0.0012142342453444477,-0.0012813380267774899,-0.0012974660325468235,-0.0012789511530184594,-0.0012481190988867241,-0.0012598840228195685,-0.0013156064263115108,-0.0012714721615899038,-0.0012821557332096667,-0.0012768869830827034,-0.0012722446787428732
2024-12-21,0.33907067031041804,0.2696022135387505,0.2803071642856103,0.25225995210426105,0.3490967970335172,0.3456773964140748,0.22128341091840265,0.2428509059942388,0.28018565785671873,0.3509962652346022,0.3528997505451496,-0.0011789431031927755,-0.0012410678431886146,-0.0012565816181929201,-0.0012377475346746492,-0.0012116851870361267,-0.0012230911377004161,-0.0012715853147195755,-0.0012302052084698645,-0.0012426391227911004,-0.0012383921542702403,-0.001234242186658574
2024-12-22,0.33926019211911207,0.26986593286889676,0.2805764617780712,0.25254439791521754,0.3492949303870131,0.3458777244153717,0.22161044263354246,0.24314009054337798,0.2804331496349542,0.3512246583405992,0.3531198991685941,-0.0011424461173645262,-0.0011995074006449502,-0.001214390074527838,-0.0011952501423599382,-0.0011740108539718408,-0.0011850460477856872,-0.0012262237441031665,-0.00118765026123685,-0.0012018360035012665,-0.0011986211469497965,-0.0011949702239028026
2024-12-23,0.3394849834991078,0.2701678018402867,0.28088442209318587,0.25286723226641045,0.349529366097176,0.3461147017411311,0.22197746615099687,0.24346753267264196,0.28071857587780785,0.35149056587755023,0.3533773175230047,-0.0011047540879052797,-0.0011566689975499589,-0.0011709038867083743,-0.0011514715517361718,-0.0011351072481352587,-0.001145760011229957,-0.0011795351376807095,-0.0011438199125843873,-0.0011597584496394475,-0.0011575857300022419,-0.0011544404116808349
2024-12-24,0.33974497793101954,0.2705077311250353,0.2812309541005427,0.25322835962596124,0.3498000347907082,0.3463882582659504,0.22238437286260213,0.24383313548663654,0.2810418521230625,0.3517939091591371,0.3536719294341488,-0.0010658781684925733,-0.0011125653104761546,-0.0011261359229969847,-0.0011064247175928688,-0.0010949858817286273,-0.001105244653403059,-0.0011315333113620096,-0.0010987271326179104,-0.0011164189126307011,-0.0011152980464675943,-0.0011126647434164805
2024-12-25,0.3400400984783118,0.27088562013259765,0.28161595525574545,0.2536276731304743,0.3501068563723878,0.3466983130400526,0.2228310423581158,0.2442367907976072,0.28140288270807584,0.35213459842120254,0.3540036477216222,-0.0010258298631367624,-0.001067209390414714,-0.0010800994309543843,-0.0010601229700128445,-0.0010536586273106052,-0.0010635119634511692,-0.0010822324696597996,-0.001052385265016359,-0.0010718302173415295,-0.0010717706099516722,-0.001069655581201756
2024-12-26,0.340370257810067,0.27130135703953734,0.2820393116307583,0.25406505461665924,0.35044974004877305,0.3470447743132414,0.2233173424608478,0.2446783791574531,0.2818015607980894,0.3525125328483126,0.3543723742246467,-0.0009846210227751895,-0.0010206146589114007,-0.0010328080335191836,-0.001012580010428199,-0.0010111377142802414,-0.0010205742907490323,-0.0010316472014863798,-0.0010048080230840861,-0.0010260055582843597,-0.0010270163009233335,-0.0010254256521399219
2024-12-27,0.3407353582268265,0.2717548188226149,0.2825008979476186,0.25454037465629753,0.35082858435506736,0.34742753956205236,0.22384312926677416,0.24515776989307422,0.2822377684178425,0.3529276006035901,0.3547779998311177,-0.0009422638417674878,-0.000972794904097185,-0.0009842757249768908,-0.0009638099075656159,-0.0009674357252598131,-0.0009764443412445534,-0.0009797924758362664,-0.0009560094856922441,-0.0009789584957126118,-0.0009810483629025812,-0.0009799880445784948
2024-12-28,0.3411352916895037,0.27224587129519334,0.2830005776155092,0.25505349259454224,0.3512432771851458,0.34784649552009006,0.22440824718711974,0.24567482114503933,0.2827113764864823,0.3533796788618085,0.35522040450989245,-0.0008987708542841921,-0.0009237642766066201,-0.0009345168668182247,-0.0009138270932831372,-0.0009225655923708609,-0.0009311351736999707,-0.0009266836373571785,-0.0009060040931130331,-0.0009307029516092413,-0.0009338803985417532,-0.0009333562042366239
2024-12-29,0.34156993985135237,0.2727743691469454,0.28353820277117686,0.2556042565915403,0.3516936958247278,0.3483015182115464,0.22501252899440016,0.24622937990956423,0.28322224485576175,0.35386863384573763,0.35569945734630903,-0.0008541549306004814,-0.0008735372853916346,-0.0008835461834901248,-0.0008626463582995236,-0.0008765405934079151,-0.0008846601958266143,-0.0008723364018087543,-0.0008548066427469247,-0.000881253205566257,-0.0008855263656005197,-0.000885543930225996
2024-12-30,0.3420391740929884,0.27334015598685435,0.28411361432268906,0.2561925036673642,0.35217970698769163,0.34879247298788624,0.22565579587190646,0.24682128208378853,0.2837702223515111,0.3543943208657313,0.3562150165809258,-0.0008084292732860598,-0.0008221287934267463,-0.0008313787580374599,-0.0008102828478175894,-0.0008293743479084181,-0.0008370331603184122,-0.0008167668514125481,-0.0008024322847429988,-0.0008306238905590457,-0.0008360005728153541,-0.0008365653709677123
2024-12-31,0.3425428555604509,0.27394306438949145,0.28472664199650977,0.25681805975023975,0.352701166855515,0.3493192145676925,0.22633785746662077,0.2474503525143361,0.284355146818374,0.3549565843625432,0.3567669296514706,-0.0007616074132981709,-0.0007695540133119128,-0.0007780300276409857,-0.0007567520570429531,-0.0007810808131231695,-0.0007882681607813136,-0.0007599914300922272,-0.000748896517516473,-0.0007788299886158923,-0.0007853176756645319,-0.000786435020005749
2025-01-01,0.3426741410632144,0.27409957106749666,0.2848857554195357,0.25698025685230197,0.35283705282944405,0.34945647361655907,0.22651441113896523,0.247613406088226,0.2845071308550237,0.35510284605039544,0.3569105693026109,-0.0011203973490542807,-0.0011991733798342175,-0.001214864747400346,-0.001202552702353643,-0.0011525425702756387,-0.0011634930906615493,-0.0012461277451870645,-0.0011972141440819983,-0.0011956011391518473,-0.0011859045749960107,-0.001179631647092838
2025-01-02,0.3432206707745906,0.27474862925175636,0.2855455468464356,0.2576521875914687,0.3534026053572293,0.3500277282700161,0.22724468096286227,0.24828867377913186,0.2851379943535857,0.3557105949036519,0.3575076937432666,-0.0010970138860358913,-0.0011718602179808801,-0.0011871143120034122,-0.0011744122495166986,-0.0011283690392591694,-0.0011390781621744006,-0.0012157556221456256,-0.0011689732761916705,-0.0011689491462315016,-0.0011601104751510771,-0.0011542381848174132
2025-01-03,0.34380129808791665,0.2754343922088449,0.28624253066377303,0.2583609953937302,0.35400324471457223,0.35063440419502817,0.22801327532730598,0.2490006755015504,0.2858054000775198,0.3563545307270617,0.35814078949588085,-0.001072448823514316,-0.0011432772768225075,-0.0011580773037887515,-0.0011449967646384729,-0.0011029797416172715,-0.0011134358896830454,-0.0011840595609839688,-0.0011394625337021458,-0.0011410324504894653,-0.0011330633616062902,-0.001127598926341733
2025-01-04,0.34441585118622886,0.2761566570104709,0.2869765006228225,0.2591064705114542,0.35463879316262303,0.3512763218664287,0.2288199667928584,0.24974920056271674,0.2865091505307351,0.35703446296965496,0.3588096692172348,-0.0010467094306871316,-0.0011134330145107785,-0.001127762315274894,-0.001114314952234241,-0.0010763821904520854,-0.0010865738611482434,-0.0011510489410764546,-0.0011086906493171511,-0.0011118593129248455,-0.0011047712380374275,-0.0010997217546510618
2025-01-05,0.3450641482133785,0.2769152099268588,0.28774723953006526,0.2598883923465596,0.3553090626323714,0.3519532913304513,0.22966451664653662,0.25053402746202286,0.2872490374621501,0.35775019042854156,0.359514134975058,-0.001019803324254387,-0.0010823362624436395,-0.001096178317153751,-0.001082375891546028,-0.0010485842564066372,-0.0010585000254765276,-0.0011167335307965265,-0.0010766667289321408,-0.0010814383663386717,-0.0010752424765396174,-0.0010706149190484737
2025-01-06,0.3457459973278449,0.277709826489997,0.2885545193114584,0.26070652951579576,0.3560138547802975,0.35266511226094016,0.23054667497245127,0.2513549239565624,0.2880248419273179,0.3585015013084516,0.36025397830659867,-0.0009917384661661255,-0.001049996222650118,-0.00106333465563907,-0.0010491890338555354,-0.0010195941653367013,-0.0010292226901673085,-0.001081123484626273,-0.0010434002489405625,-0.0010497786127786068,-0.001044485815148266,-0.0010402870327154146
2025-01-07,0.3464611967595054,0.2785402715600603,0.2893981010799265,0.2615606399192114,0.3567529610470657,0.3534115740186298,0.23146618072576114,0.25221164712985594,0.2888363343532161,0.3592881732844086,0.36102898028031244,-0.0009625231612651608,-0.0010164224650681675,-0.0010292410496988147,-0.0010147641996881562,-0.0009894204958769692,-0.0009987505188553403,-0.0010442293401513036,-0.001008901053428768,-0.0010168894208747448,-0.0010125103552540704,-0.0010087470701609647
2025-01-08,0.3472095348693414,0.2794062993949919,0.29027773520605277,0.2624504708117972,0.35752616271924054,0.35419245571347685,0.23242276180992058,0.2531039434637329,0.2896832746061801,0.3601099735675182,0.36183891156064624,-0.0009321660548306521,-0.000981624924712876,-0.000993907588179077,-0.000979111575905911,-0.000958072176901581,-0.0009670925287462162,-0.001006062014942355,-0.0009731793512641196,-0.0009827805230682163,-0.0009793255589101713,-0.0009760043645678507
2025-01-09,0.347990790212067,0.2803076537232224,0.29119316139194695,0.26337575887827563,0.3583332309940077,0.3550075262700243,0.2334161351571967,0.25403154891335256,0.29056541206296305,0.3609666589738552,0.3626835324759038,-0.0009006761300182631,-0.0009456138987363194,-0.0009573447268199087,-0.0009422417126940807,-0.000925558484882294,-0.000934258087948836,-0.000966632803325207,-0.0009362457130727697,-0.0009474620127306599,-0.0009449412460319495,-0.0009420686050293225
2025-01-10,0.34880473160165687,0.2812440678195047,0.29214410874827323,0.2643362303110217,0.3591739270468804,0.3558565444957815,0.2344460068124342,0.2549941889853385,0.29148248568489926,0.36185797599642533,0.36356259308916794,-0.000868062705203787,-0.0009084000433803863,-0.0009195632851599633,-0.0009041655204380938,-0.0008918890411436231,-0.0009002569127021798,-0.0009259533730379133,-0.0008981110681125504,-0.0009109443411776108,-0.0009093675914902954,-0.0009069498336823911
2025-01-11,0.34965111817975875,0.2822152645838422,0.2931302958744094,0.2653316008910858,0.36004800210237053,0.3567392591525962,0.23551207202004137,0.25599157881900625,0.2924342240951497,0.3627836608801817,0.3644758332722602,-0.0008343354312241313,-0.0008699943708235236,-0.0008805744433357798,-0.0008648942664958859,-0.0008570738090161734,-0.0008650990645010515,-0.0008840357617782013,-0.0008587867010383388,-0.0008732383145755862,-0.0008726151221020717,-0.0008706584427367603
2025-01-12,0.3505296994869673,0.28322095662348723,0.2941514309417185,0.2663615760722994,0.3609551975076072,0.3576554090309995,0.23661401531417184,0.25702342327065736,0.29342034565900693,0.3637434397000741,0.3654229827827179,-0.0007995042885222126,-0.0008304082459223427,-0.0008403897387730397,-0.0008244395718634556,-0.0008211230908867773,-0.0008287949471185163,-0.0008408923736417662,-0.0008182842485630615,-0.0008343550907441988,-0.0008346947135144944,-0.0008332051713986766
2025-01-13,0.3514402155369387,0.28426084633798526,0.29520721177990594,0.26742585106843586,0.36189524480887436,0.3586047230275034,0.23775151061207647,0.258089417000918,0.2944405585672347,0.36473702844210837,0.36640376134376257,-0.0007635795841935411,-0.0007896533828480878,-0.0007990210627721317,-0.0007828134077353388,-0.0007840475251513213,-0.0007913553035268639,-0.0007965359754512069,-0.0007766156960140047,-0.0007943061758554082,-0.0007956175869864301,-0.0007946011026939148
2025-01-14,0.3523823968933247,0.2853346260072397,0.29629732596643554,0.2685241109434007,0.36286786583105174,0.359586920224823,0.2389242213105959,0.25918924456509296,0.2954945609224201,0.3657641330873907,0.3674178787272392,-0.0007265719489364386,-0.0007477418416201309,-0.0007564806569899662,-0.0007400280919638846,-0.0007458580830663752,-0.000752791212719095,-0.0007509796929783819,-0.0007337933737863733,-0.0007531034210271348,-0.0007553953060682184,-0.0007548576601871249
2025-01-15,0.3533559647495038,0.2864419778825709,0.2974214509189813,0.2696560307044283,0.3638727727599309,0.3606017099750057,0.24013180038576737,0.26032258050651175,0.2965820408283091,0.36682444969913186,0.3684650348394975,-0.0006884923339053328,-0.0007046860245378261,-0.00071278110981704,-0.0006960962854117847,-0.0007065660655022898,-0.0007131140864301555,-0.0007042370070602932,-0.0006898299536940433,-0.0007107590188173973,-0.0007140397731799641,-0.0007139866046032561
2025-01-16,0.3543606310110844,0.28758257428074313,0.2985792539908844,0.27082127539825,0.3649096682273843,0.36164879198543814,0.24137389049551447,0.26148908945283555,0.2977026764821013,0.36791766451258756,0.36954491981019805,-0.0006493520074707937,-0.0006604986725106121,-0.0006679353526524157,-0.0006510309882077903,-0.0006661830995988716,-0.0006723356657596935,-0.0006563217496096119,-0.0006447384452204497,-0.0006672854996161992,-0.0006715632260891891,-0.000672000030343789
2025-01-17,0.35539609838115577,0.2887560776809321,0.29977039256958854,0.27201950021021426,0.3659782453993607,0.3627278564077074,0.2426501240853905,0.2626884262152997,0.2988561362696776,0.36904345402790645,0.37065721408400326,-0.0006227190233213942,-0.0006313043571885002,-0.0006383349550221906,-0.0006215282984233794,-0.0006387500783390787,-0.0006446384664687832,-0.0006253847930745293,-0.0006152988236991508,-0.0006383528716961129,-0.0006430586310550157,-0.0006437258264252455
2025-01-18,0.3564620604482644,0.2899621408246015,0.3009945141780247,0.2732503505663213,0.3670781880666837,0.36383858392929025,0.2439601234973434,0.26392023589086083,0.3000420788637297,0.3702014851058587,0.3718015885151429,-0.0005959017665941868,-0.0006019232287505782,-0.0006085456638090236,-0.0005918416884162503,-0.0006111280406542186,-0.0006167505082845248,-0.0005942627751178431,-0.0005856771253567317,-0.0006092313448911035,-0.0006143637446260342,-0.0006152611336780467
2025-01-19,0.3575582017770849,0.29120040681826376,0.302251256578915,0.2745134622381488,0.3682091707386211,0.3649806458680436,0.24530350108147156,0.2651841539672181,0.3012601533247636,0.37139141506641743,0.37297770446481154,-0.0005689081729470247,-0.0005723639815450321,-0.0005785762941431516,-0.0005619799429312788,-0.0005833251603503675,-0.0005886800437021056,-0.0005629649052450447,-0.0005558821157301552,-0.0005799295367297508,-0.0005854870580809246,-0.0005866143752627506
2025-01-20,0.35868419800176277,0.29247050923908946,0.30354024788196354,0.2758084614506311,0.36937085873920483,0.36615370426946564,0.2466798593107348,0.26647980643067815,0.30250999920494964,0.37261289179016316,0.3741852139013778,-0.0005417462302187426,-0.0005426353626289404,-0.0005484357144435736,-0.0005319518985399951,-0.0005553496647466849,-0.0005604353792237338,-0.0005315004449996663,-0.0005259226116422488,-0.0005504561180882384,-0.0005564371164957227,-0.0005577940282159854
2025-01-21,0.35983971592189967,0.2937720722433382,0.30486110665390614,0.2771349649926666,0.3705629083062658,0.3673574120067023,0.24808879089858957,0.2678068098768321,0.3037912466547838,0.37386555382248154,0.37542375950337226,-0.0005144239760649372,-0.000512746169178846,-0.0005181328437925403,-0.0005017664410239542,-0.0005272098322423591,-0.0005320248729003829,-0.0004998787052216125,-0.0004958074785922362,-0.0005208198106252393,-0.0005272225162156752,-0.0005288086209424558
2025-01-22,0.3610244136011521,0.2951047106775769,0.30621344203138146,0.2784925803305162,0.37178496669315875,0.36859141288326863,0.24952987891951162,0.2691647716240103,0.3051035165325321,0.3751490304805239,0.3766929747652253,-0.0004869494955806464,-0.00048270524588805985,-0.00048767664929727506,-0.00047143250274500614,-0.0004989139898667894,-0.0005034569318576598,-0.00046810904329233627,-0.0004655456281328907,-0.0004910293842013691,-0.0004978519023108308,-0.0004996667306900737
2025-01-23,0.36223794046841745,0.29646803019265267,0.3075968538365944,0.27988090572395935,0.37303667227314624,0.3698553417384523,0.25100269693237065,0.270553289829485,0.30644642051642584,0.37646294196289815,0.37799248410572095,-0.0004593309189062089,-0.00045252148234919964,-0.0004570761434353754,-0.0004409590600040758,-0.00047047051081461344,-0.0004747400098086829,-0.0004362008603660539,-0.0004351460152319242,-0.00046109365428254057,-0.00046833396601825283,-0.0004703769810133207
2025-01-24,0.3634799374215715,0.29786162736038757,0.30901093269573504,0.28129953034517613,0.37431765464640865,0.37114882455537,0.2525068091066212,0.2719719536083796,0.3078195612195703,0.3778068994620579,0.37932190297913837,-0.0004315764188229654,-0.0004222038104231829,-0.00042634038138888997,-0.00041035513038278904,-0.0004418878119694103,-0.00044588260455324935,-0.0004041635985874148,-0.00040461763562432695,-0.0004310214793333822,-0.0004386774421702988,-0.00044094803922023473
2025-01-25,0.3647500369337343,0.2992850897929588,0.3104552601601181,0.28274803440031754,0.3756275347496532,0.3724714785716465,0.2540417703512724,0.2734203431552581,0.3092225323075403,0.37918050527935643,0.3806808379890446,-0.00040369420833386016,-0.0003917612015968963,-0.0003954784583647397,-0.0003796297700765505,-0.0004131743514111941,-0.0004168932554612925,-0.000372006738297348,-0.00037396952314866505,-0.0004008217581937812,-0.0004088911066098544,-0.0004113886138081835
2025-01-26,0.3660478631620262,0.3007379962649311,0.31192940883001047,0.2842259892537297,0.37696592496828285,0.37382291239267845,0.2556071264465962,0.2748980298683509,0.3106549186186189,0.38058335294273354,0.38206888700470715,-0.0003756925382337184,-0.0003612026643284305,-0.0003644995069016499,-0.00034879207121363276,-0.00038433862591530366,-0.00038778054094812386,-0.0003397397952287218,-0.0003432107470746626,-0.0003705034274474883,-0.0003789837735925783,-0.0003817074518865926
2025-01-27,0.3673730320587859,0.30221991683790433,0.31343294248110354,0.2857329575547933,0.37833242925109994,0.3752027261074559,0.25720241417854045,0.2764045764763863,0.31211629628665194,0.3820150273269962,0.3834856392800906,-0.00034757969466736593,-0.0003305372413804353,-0.0003334126941705873,-0.0003178511591653277,-0.0003553891684363042,-0.00035855307593413155,-0.0003073723176885701,-0.0003123504094186269,-0.00034007545877612344,-0.00034896429317909927,-0.0003519133365890714
2025-01-28,0.36872515148521734,0.3037304129877393,0.3149654161936007,0.2872684933673433,0.3797266432275017,0.37661051140690177,0.2588271614757991,0.27793953716798475,0.3136062328664759,0.3834751047766605,0.38493067557540345,-0.00031936399667720217,-0.0002997740071449262,-0.0003022272192590436,-0.0002868161898453292,-0.0003263345455849498,-0.00032921950929626353,-0.0002749138837346843,-0.00028139764225132424,-0.00030954685630535383,-0.0003188415486170548,-0.00032201508447338156
2025-01-29,0.37010382132742864,0.3052690377343238,0.3165263764838751,0.2888321423016284,0.3811481543271421,0.3780458517046968,0.2604808875495075,0.27950245772358234,0.31512428746188653,0.3849631532313184,0.3864035682811572,-0.0002910537937422797,-0.00026892206495765514,-0.0002709523104509892,-0.0002556963470002893,-0.00029718335509121285,-0.000299788521308908,-0.00024237409833960388,-0.00025036160499442017,-0.0002789266539394153,-0.00028862445371136136,-0.00029202154291363414
2025-01-30,0.37150863361483266,0.30683533577384114,0.3181153614386634,0.29042344164877226,0.3825965419020166,0.37950832226055425,0.26216310303551454,0.28109287564984187,0.31667001085610547,0.3864787323534924,0.38790388154470407,-0.0002626574633072809,-0.00023799054440487577,-0.00023959722249511373,-0.00022450083949232535,-0.00026794422326159584,-0.00027026882107505923,-0.00020976259054916735,-0.00021925148171081377,-0.00024822391268919386,-0.00025832195018593573,-0.00026194158748099605
2025-01-31,0.37293917264087234,0.3084288436135021,0.31973190085175335,0.2920419205176965,0.3840713773509398,0.380997490305908,0.26387331013919346,0.2827103203165116,0.3182429456447122,0.3880213936589362,0.38943117139921146,-0.00023418340830316797,-0.00020698859862100516,-0.00020817123386618341,-0.0001932388985740885,-0.00023862580242517417,-0.000240669143948824,-0.00017708901063367977,-0.000188076478386201,-0.00021744771798959395,-0.00022794300503975462,-0.00023178411931840115
2025-02-01,0.3743950150860347,0.3100490897086997,0.3213755163631247,0.29368709997446485,0.38557222424637433,0.3825129151719749,0.2656110027827478,0.28435431309569253,0.31984262637099664,0.38959068064935093,0.3909849858950397,-0.00020564005466100488,-0.00017592540158078984,-0.00017668364402029235,-0.00016191977515711553,-0.00020923676837492078,-0.00021099824895093322,-0.00014436302723086492,-0.00015684582020575322,-0.00018660717701196594,-0.00019749660789109003,-0.00020155806250587993
2025-02-02,0.37587573014311804,0.3116955946025475,0.3230457216005047,0.29535849318400786,0.3870986384635772,0.3840541484201563,0.26737566675496777,0.286024367503472,0.32146857966369546,0.3911861289474689,0.3925648652334809,-0.00017703584881822998,-0.00014481014538381132,-0.0001451437706415093,-0.0001305527370734083,-0.0001797858177987055,-0.00018126491617648233,-0.00011159432448554218,-0.00012556874882357905,-0.0001557114159685402,-0.00016699176831846962,-0.00017127236142000513
2025-02-03,0.37738087964471484,0.3133678710677574,0.3247420223232926,0.2970556055541846,0.38865016831202454,0.385620733974738,0.2691667798633929,0.28771998934388193,0.32312032437707056,0.39280726643446995,0.3941703419028212,-0.00014837925521921091,-0.00011365203753505027,-0.000113560946885638,-9.914706633451509e-05,-0.00015028166570646428,-0.00015147794419700933,-7.879259918436299e-05,-9.425451962863374e-05,-0.0001247695774117541,-0.0001364375131951978,-0.0001409359780866759
2025-02-04,0.3789100181928716,0.31506542425081896,0.32646391656881335,0.298777934882141,0.39022635466907224,0.3872122082578503,0.2709838120888383,0.28944067685513997,0.3247973717332868,0.3944536133896903,0.3958009408166844,-0.00011967875381158066,-8.246029821989964e-05,-8.1944518618704e-05,-6.771205638333999e-05,-0.00012073304285131758,-0.00012164614745691082,-4.596755788544016e-05,-6.291239900491075e-05,-9.379081752980412e-05,-0.0001058428840166048,-0.00011055788953018286
2025-02-05,0.3804626932908905,0.31678775181843444,0.32821089480085747,0.3005249715029189,0.3918267311158186,0.38882810032664855,0.27282622574223553,0.2911859208581283,0.3264992254670507,0.3961246826325787,0.3974561794546181,-9.094283753530163e-05,-5.1244157575791593e-05,-5.030384165027879e-05,-3.625700934556386e-05,-9.114869314663654e-05,-9.177835366475096e-05,-1.3128914046312001e-05,-3.155166159013456e-05,-6.278430343598096e-05,-7.52169342257969e-05,-8.014708511533408e-05
2025-02-06,0.3820384454772302,0.3185343441061668,0.32998244006045957,0.30229619844027544,0.3934508240751255,0.39046793201267255,0.2746934756237424,0.2929552049070683,0.3282253819724623,0.39781997966686106,0.39913556800487887,-6.218000981017546e-05,-2.0012852961270866e-05,-1.864827896591592e-05,-4.791233275347473e-06,-6.153737107733592e-05,-6.188340118107316e-05,1.9713614849314887e-05,-1.8158753095631752e-07,-3.175921045645014e-05,-4.456872653424426e-05,-4.971256388869305e-05
2025-02-07,0.383636808461467,0.3203046842692585,0.3317780281188763,0.30409109155966346,0.3950981529517575,0.39213121806334394,0.2765850091840782,0.29474800544234464,0.32997533045204014,0.39953900282687077,0.40083860950937633,-3.339878201985558e-05,1.1224373778595531e-05,1.3012802044409799e-05,2.6675960597966064e-05,-3.190783910966832e-05,-3.1970136403325355e-05,5.25503101692637e-05,3.118854026273876e-05,-7.247194158677139e-07,-1.390733023920454e-05,-1.926333191454299e-05
2025-02-08,0.38525730926227886,0.3220982484355731,0.3335971276327125,0.3059091197233319,0.3967682302745967,0.3938174662855605,0.2785002666880305,0.2965637919454356,0.3317485530678753,0.40128124342599775,0.40256480001072986,-4.607670992584634e-06,4.2458279045809455e-05,4.467003235708589e-05,5.813526062531382e-05,-2.2688650990754233e-06,-2.047411148009548e-06,8.53714550070328e-05,6.254943886568887e-05,3.030998608094526e-05,1.675818145840946e-05,1.119160038953737e-05
2025-02-09,0.38689946834740746,0.32391450586061793,0.3354392003011559,0.30774974494749785,0.3984605618408945,0.39552617769134446,0.28043868138009054,0.2984020270959018,0.33354452509486754,0.40304618590721925,0.4043136287013983,2.4184803518678688e-05,7.367962022492014e-05,7.631404408858788e-05,8.957735749376416e-05,2.7370780305235876e-05,2.7875919969388985e-05,0.00011816733705793947,9.389182808322571e-05,6.133572236532991e-05,4.741873414076947e-05,4.1643220918985424e-05
2025-02-10,0.38856279977555974,0.3257529190846003,0.3373037010252676,0.30961242256154453,0.40017464686251336,0.3972568466454999,0.28239967965216434,0.3002621669303878,0.33536271507599924,0.4048333079956596,0.406084578074836,5.297012135757617e-05,0.00010487915841922435,0.00010793547326665154,0.00012099294698081353,5.700232625532875e-05,5.77910021533623e-05,0.0001509282514924326,0.0001252064331984104,9.234330842239347e-05,7.806525485659632e-05,7.208251854917691e-05
2025-02-11,0.3902468113402055,0.32761294409147007,0.3391900780692864,0.3114966013691987,0.4019099781141184,0.39900896101523986,0.2843826812133141,0.30214366100358997,0.3372025849796034,0.4066420808531409,0.4078771240786318,8.173976448522247e-05,0.00013604766118308076,0.000139524962601556,0.0001523727327085722,8.661700429996033e-05,8.768898305006045e-05,0.00018364450382907238,0.00015648398771561656,0.00012332356860900173,0.00010868867480773314,0.00010250048580268123
2025-02-12,0.3919510047152298,0.32949403046990244,0.3410977732238962,0.3134017238116372,0.40366604208327317,0.4007820023217334,0.28638709926147465,0.3040459525511413,0.33906359035857503,0.40847196923467405,0.40969073626958374,0.00011048521950152157,0.0001671759052551125,0.00017107316425535313,0.00018370742889300962,0.00011620605097922843,0.00011756101536603003,0.00021630641280273588,0.00018771523610311425,0.00015426733536760828,0.0001392799320310556,0.00013288812151318607
2025-02-13,0.3936748756023951,0.33139562157617486,0.3430262219714088,0.3153272261324792,0.4054423191223975,0.40257544589353256,0.288412340657097,0.30596847865436844,0.34094518051148187,0.4103224316468471,0.4115248779706664,0.0001391979801638743,0.00019825467928741292,0.00020257074260754404,0.00021498776309375467,0.00014576071041877414,0.00014739825948617558,0.0002489043132284374,0.0002188909365324343,0.0001851654519400281,0.00016982997408188094,0.00016323643349069883
2025-02-14,0.39541791388057146,0.3333171546988847,0.34497485365281405,0.3172725385446094,0.4072382836025374,0.4043887610218304,0.29045780609866967,0.30791067040686665,0.342846798645525,0.4121929205080614,0.41337900642984166,0.00016786954990438696,0.0002292747865702549,0.00023400837701792465,0.0002462044789565132,0.0001752722369188775,0.00017719188608988912,0.00028142855886365004,0.0002500018636118484,0.00021600877507566008,0.00020032976071115982,0.00019353644118114133
2025-02-15,0.3971796037566897,0.335258061225467,0.34694309163664716,0.31923708539878826,0.4090534040689091,0.4062214111175074,0.29252289030006,0.3098719530828497,0.3447678820413053,0.4140828823105693,0.41525257298066875,0.00019649144434447097,0.000260227047755357,0.00026537676458487924,0.0002773483389531539,0.00020473189754416365,0.00020693307876384903,0.0003138695252605239,0.0002810388111179063,0.00024678817773993167,0.0002307702665412248,0.00022377917832516747
2025-02-16,0.3989594239183722,0.33721776681045373,0.34893035348962254,0.3212202853539948,0.4108871433981642,0.40807285386991543,0.2946069821696288,0.3118517463072195,0.3467078622193382,0.4159917577842669,0.41714502320466235,0.00022505519380461303,0.0002911023035700455,0.00029666662289756784,0.0003084101271140227,0.0002341309747072584,0.00023661303661048905,0.00034621761261527384,0.00031199259471803575,0.00027749455181158567,0.0002611424837365428,0.00025395569560998643
2025-02-17,0.4007568476881991,0.3391956915454344,0.3509360511489859,0.3232215515494555,0.4127389589573332,0.4099425414073572,0.29670946499106177,0.3138494642273094,0.34866616510827814,0.41791898206219086,0.4190557970953544,0.00025355234581236896,0.00032189141752997363,0.00032786869278345065,0.0003393806517561493,0.0002634607687482249,0.00026622297685263696,0.0003784632486080741,0.0003428540546899783,0.0003081188107811883,0.0002914374246696383,0.00028405706331857683
2025-02-18,0.4025713431795586,0.3411912501306577,0.3529595910965315,0.32524029177830643,0.4146083027643991,0.41182992045921035,0.2988297166058668,0.3158645156862467,0.35064221121479405,0.41986398484767123,0.4209843292240095,0.0002819744676014202,0.00035258527864073796,0.0003589737410484295,0.0003702507482037931,0.00029271260050889314,0.00029575413743315737,0.00041059689123701393,0.0003736140586312331,0.0003386518924374804,0.00032164612458002173,0.0003140743739722396
2025-02-19,0.40440237345404284,0.34320385204823267,0.3550003745342333,0.3272759086628349,0.4164946216504544,0.4137344325196483,0.30096710959747913,0.31789630439788524,0.35263541579505125,0.42182619058309156,0.42293004890694375,0.000310313148609187,0.00038317480409466587,0.000389972563208163,0.0004010112814978317,0.00032187781390174974,0.0003251977796062122,0.0004426090316397291,0.00040426350416156165,0.0003690847615502313,0.00035175964422728967,0.00034399874496565674
2025-02-20,0.4062493966803351,0.345232901736873,0.35705779756143874,0.3293277998312555,0.4183973574233933,0.41565551401291134,0.3031210114769254,0.3199442291232574,0.3546451890277474,0.42380501862020614,0.42489238037439914,0.0003385600029640057,0.0004136509419598311,0.0004208559862123873,0.00043165314910259545,0.00035094777847116676,0.0003545451905240804,0.00047449019690920524,0.0004347933216171107,0.000399408412544322,0.00038176907253673065,0.00037382132119617717
2025-02-21,0.4081118662945468,0.3472777987681307,0.35913125135357343,0.33139535809595894,0.4203159470330881,0.4175925964600786,0.30529078486998656,0.32200768384848844,0.3566709361886483,0.4257998833919623,0.4268707429409234,0.00036670667196686546,0.00044400467385596887,0.00045161487115935595,0.00046216728359549375,0.00037991389194663716,0.0003837876858159839,0.0005062309528957032,0.0004651944767334326,0.0004296138721632259,0.00041166552923538324,0.00040353327768327674
2025-02-22,0.4099892311619549,0.3493379380240754,0.3612201223423014,0.33347797163319126,0.4222498227380061,0.4195451066472897,0.3074757877058071,0.324086057964128,0.3587120578265779,0.42781019458577974,0.4288645511772046,0.0003947448265658182,0.00047422701762583896,0.000482240115999899,0.0004925446553535329,0.00040876758278912684,0.00041291661215731024,0.0005378219069985257,0.0004954579733199571,0.000459692202125217,0.00044144016748076664,0.0004331258221813572
2025-02-23,0.4118809357400913,0.35141270987635675,0.3633237923970908,0.33557502416410107,0.4241984122732134,0.42151246679536697,0.3096753734068947,0.326178736445837,0.3607679499408053,0.4298353573182337,0.4308732150833084,0.00042266616981978533,0.0005043090299915454,0.0005127226582318789,0.0005227762752240683,0.00043750031272760115,0.0004419233498299535,0.0005692537109464602,0.0005255748559210294,0.0004896345017690318,0.000471084176478731,0.0004625901977803881
2025-02-24,0.4137864202431366,0.3535015003666038,0.36544163900812754,0.3376858951371058,0.4261611390197165,0.4234940947307908,0.31188889108045265,0.3282851000363849,0.36283800415977796,0.4318747723110895,0.43289614026326856,0.00045046243935392694,0.000534241809201863,0.0005430534775804352,0.0005528531971840112,0.00046610357928461577,0.0004707993152733292,0.0006005170635630108,0.0005555362124664565,0.0005194319106864853,0.0005005887840895951,0.000491917685497556
2025-02-25,0.41570512080757005,0.3556036913881052,0.3675730354705263,0.3398099599115238,0.4281374221750941,0.4254894040579739,0.314115685710989,0.33040452542889726,0.3649216079211482,0.43392783606864005,0.4349327281009785,0.0004781254098050747,0.000564016497665687,0.0005732235986679046,0.0005827665209883204,0.0004945689182938029,0.000499535963624953,0.0006316027135190305,0.0005853331769091197,0.0005490756113446515,0.0005299452594257348,0.000521099606857367
2025-02-26,0.4176364696590259,0.3577186608687164,0.3697173510697831,0.34194658994241556,0.4301266769253651,0.4274978043327849,0.316355098354147,0.3325363854513019,0.3670181446530411,0.43599394105628897,0.43698237593733175,0.000505646895255174,0.0005936242845736017,0.0006032240936703626,0.00061250739480323,0.0005228879064031466,0.0005281247912482523,0.0006625014620705305,0.0006149569318475434,0.0005785568316957201,0.0005591449154336847,0.000550127326460037
2025-02-27,0.41957989528030626,0.3598457829549418,0.37187395126841327,0.34409515296658005,0.4321283146180448,0.4295187012372703,0.3186064663316968,0.33468004925192013,0.3691269939565074,0.4380724758803296,0.43904447724855733,0.0005330187516537355,0.0006230564085053514,0.0006330460849583996,0.0006420670178258758,0.0005510521635685994,0.0005565573382489974,0.0006932041657807808,0.0006443987111362515,0.0006078668477716986,0.0005881791114652479,0.0005789922545356152
2025-02-28,0.42153482258050357,0.36198442819713383,0.374042197893722,0.3462550131896509,0.4341417429363367,0.4315514967555231,0.3208691234276329,0.3368348824861446,0.3712475317891107,0.44016282546886726,0.4411184218257019,0.0005602328792285172,0.0006523041600217661,0.0006626807477253527,0.0006714366428878238,0.0005790533555331545,0.0005848251909792435,0.0007237017392257572,0.000673649802478582,0.0006369969862683456,0.0006170392558348392,0.000607685849488282
2025-03-01,0.4235006730651775,0.3641339637357577,0.37622144932664886,0.3484255314742396,0.4361663660744086,0.4335955893506449,0.3231424000853179,0.33900024750415403,0.3733791306495896,0.4422643712538282,0.4432035959551981,0.0005872812248808867,0.0006813588842425888,0.0006921193125974945,0.0007006075790448318,0.0006068831962938726,0.0006129199845265609,0.0007539851576829348,0.0007027015500066791,0.0006659386271081202,0.0006457168083613407,0.0006361996204213294
2025-03-02,0.42547686500754245,0.36629375348866494,0.3784110606916342,0.35060606552906554,0.4382015849137008,0.4356503741427505,0.3254256236056155,0.34117550353960185,0.3755211597635477,0.44437649135400425,0.4452993826004739,0.0006141557845704138,0.0007102119834074272,0.0007213530682298464,0.0007295711941475713,0.0006345334505529765,0.0006408334051895004,0.0007840454598015412,0.0007315453568407237,0.000694683205994584,0.0006742032828958022,0.0006645251296512056
2025-03-03,0.4274628136206085,0.3684631583393203,0.38061038404744757,0.35279597009902036,0.44024679720021526,0.4377152430879615,0.3277181183459521,0.3433600068992308,0.3776729852701078,0.4464985607590768,0.44740516158454297,0.0006408486056824203,0.0007388549194204952,0.0007503733638839494,0.0007583189173964167,0.0006619959361555128,0.0006685571929377354,0.0008138737502544346,0.0007601726876342307,0.0007232222169437086,0.0007024902498319885,0.0006926539952039623
2025-03-04,0.4294579312302305,0.3706415363259256,0.3828187685789244,0.3549945971561096,0.4423013977227319,0.4397895851583367,0.3300192059202517,0.3455531111533512,0.379833970409483,0.448629951514568,0.44952030977352536,0.0006673517893818759,0.0007672792163757047,0.0007791716119873726,0.0007868422418773058,0.000689262526509804,0.0006960831438567183,0.0008434612023706101,0.0007885750710993067,0.0007515472148034164,0.0007305693386012169,0.0007205778932959928
2025-03-05,0.43146162744900907,0.37282824283138827,0.38503556078955203,0.3572012960912144,0.44436477849190104,0.44187278652268436,0.33232820539968,0.34775416732713094,0.3820034757114037,0.45077003290766277,0.45164420126104243,0.0006936574929499173,0.0007954764630665467,0.0008077392906749581,0.0008151327270795594,0.0007163251529934689,0.0007234031125744611,0.0008727990607471647,0.0008167441025140887,0.0007796498177509159,0.000758432240149487,0.0007482885607963952
2025-03-06,0.43347330935099704,0.3750226307740724,0.3872601046948509,0.3594154139066181,0.4464363289201561,0.44396423072820523,0.3346444335141426,0.3499625240926364,0.38418085918434725,0.45291817165384585,0.4537762075534326,0.0007197579321061021,0.0008234383154739344,0.0008360679463111365,0.0008431820013939939,0.0007431758073396244,0.0007505090146726623,0.0009018786438393933,0.0008446714462085891,0.0008075217097740506,0.0007860707093956254,0.0007757777976727387
2025-03-07,0.43549238164715454,0.3772240507992813,0.38949174201648995,0.3616362954092366,0.4485154360023979,0.446063298882911,0.33696720485447634,0.35217752796157176,0.3863654765055132,0.45507373208430274,0.45591569775573354,0.0007456453833102894,0.0008511564992356724,0.000864149195991204,0.0008709817645884965,0.0007698065440080448,0.000777392829079071,0.0009306913465313982,0.0008723488380328326,0.0008351546431315526,0.0008134765676724998,0.0008030374694176223
2025-03-08,0.43751824686150576,0.3794318514714125,0.39172981237708193,0.36386328340450336,0.4506014844973907,0.4481693698387638,0.33929583207527164,0.35439852347865636,0.3885566812114889,0.45723607633402175,0.4580620387583736,0.0007713121860495331,0.0008786228120958306,0.0008919747300212832,0.0008985237902662813,0.0007962094825348931,0.0008040466004402558,0.0009592286426806096,0.0008997680878013448,0.0008625404407937021,0.0008406417051452508,0.000830059509456027
2025-03-09,0.4395503055079401,0.3816453794667265,0.39397365349560015,0.36609571889084136,0.4526938571098238,0.4502818203754843,0.3416296260982695,0.3566248534155839,0.39075382488954913,0.45940456453055095,0.46021459542451804,0.0007967507451034361,0.0009058291263299156,0.0009195363143781887,0.000925799928298443,0.0008223768098662987,0.0008304624414764428,0.0009874820876415447,0.0009269210817165474,0.0008896709988626683,0.000867558083212927,0.0008568359215308519
2025-03-10,0.44158795626761194,0.3838639797666778,0.39622260138335763,0.3683329412546739,0.454791934672978,0.45240002538497254,0.3439678963162719,0.3588558589655081,0.3929562573695307,0.4615785549833454,0.46237273077801855,0.0008219535327935179,0.0009327673911523893,0.0009468257931457003,0.0009528021072372495,0.0008483007826687872,0.0008566325353151494,0.0010154433207660851,0.0009537997847709478,0.0009165382889696483,0.0008942177368861937,0.0008833587820714084
2025-03-11,0.44363059616687855,0.38608699585174355,0.39847599054049226,0.37057428846591006,0.4568950963319477,0.454523358056288,0.346309950797502,0.36109087993799327,0.39516332691622874,0.4637574043736538,0.4645358061919028,0.0008469130912092115,0.0009594296350970977,0.0009738350909280213,0.0009795223367032868,0.0008739737296219463,0.0008825491378050554,0.0010431040678749448,0.0009803962431239044,0.0009431343606509657,0.0009206127771443917,0.0009096202425364353
2025-03-12,0.44567762075573103,0.388313769895699,0.4007331541528991,0.3728190972738506,0.4590027197273611,0.45665119006113164,0.3486550964903586,0.3633292549543757,0.39737438042225665,0.46594046794488714,0.4667031815773555,0.0008716220344157644,0.0009858079683766618,0.0010005562152394787,0.001005952709751179,0.0008993880536874443,0.0009082045798060046,0.001070456143708154,0.0010067025864555212,0.0009694513437016328,0.0009467353932705036,0.0009356125317374064
2025-03-13,0.44772842428665993,0.3905436429602797,0.40299342428955093,0.37506670340345316,0.46111418117954744,0.4587828917397801,0.3510026394285015,0.36557032164347586,0.399588763601309,0.4681270996934131,0.46887421557313025,0.0008960730506392123,0.001011894585218609,0.0010269812588695193,0.0010320854052078277,0.0009245362343582308,0.0009335912694605208,0.0010974914543464553,0.0010327110302954523,0.0009954814505024334,0.0009725778551625264,0.0009613279581376921
2025-03-14,0.44978239989390617,0.3927759551901702,0.40525613210015005,0.3773164417519038,0.4632288558730927,0.46091783228741057,0.35335188493620723,0.3678134168376053,0.4018058211817777,0.4703166525597173,0.47104826573533914,0.0009202589044305376,0.0010376817661728044,0.0010531024022226165,0.001057912689988505,0.000949410829882924,0.0009587016944381244,0.001124201999606611,0.0010584138783268915,0.001021216978326689,0.000998132515619754,0.0009867589121290155
2025-03-15,0.45183893977304246,0.39501004600826745,0.4075206080130516,0.3795676465854302,0.46534611804173315,0.4630553799407672,0.3557021378339338,0.37005787676880814,0.40402489710065514,0.47250847861988005,0.4732246887275619,0.000944172438806512,0.0010631618803976783,0.0010789119156319193,0.001083426921383801,0.0009740044794684377,0.0009835284241603848,0.0011505798754081198,0.0010838035246633626,0.0010466503116169923,0.0010233918126071884,0.0010118978682825408
2025-03-16,0.4538974353608319,0.39724525431115537,0.40978618193340133,0.3818196517363041,0.4674653411535296,0.46519490216510945,0.3580527026440374,0.3723030372652807,0.4062453346976757,0.4747019292773073,0.47540284051122,0.0009678065773676692,0.001088327387917587,0.0011044021616474775,0.001108620549322703,0.000998309905458128,0.0010080641119983302,0.0011766172761136229,0.0011088724561001961,0.0010717739242412372,0.0010483482714925274,0.0010367373875770913
2025-03-17,0.45595727751531195,0.3994809186647358,0.41205218344142663,0.3840717907999699,0.46958589809626844,0.46733576584138986,0.3604028837965735,0.3745482339479111,0.4084664769096309,0.47689635545465997,0.47758207653615753,0.000991154326391963,0.0011131708418538055,0.0011295655972953234,0.001133486118605087,0.001022319915485681,0.0010323014974476519,0.0012023064968372243,0.0011336132543371402,0.0010965803817179487,0.0010729945072577296,0.001061270119599056
2025-03-18,0.45801785669604955,0.4017163774999586,0.41431794199082445,0.3863233973322451,0.4717071613630338,0.46947733745360304,0.3627519858351283,0.3767928024268792,0.41068766646480537,0.47909110778592795,0.4797617519313742,0.0010142087769050012,0.0011376848906289316,0.0011543947763097417,0.001158016271108897,0.0010460274046027451,0.001056233408275431,0.001227639935725111,0.0011580185981742708,0.0011210623434173561,0.0010973232266859312,0.0010854888047185374
2025-03-19,0.4600785631445136,0.403950969308589,0.41658278710718794,0.3885738050465318,0.47382850323789716,0.4716189832762547,0.36509931362261533,0.37903607849826026,0.4129082460774746,0.48128553680858543,0.48194122169585313,0.0010369631067238538,0.001161862280141257,0.0011788823513376734,0.001182203747967181,0.0010694253573818036,0.001079852762644773,0.0012526100962053643,0.001182081265677315,0.0011452125647333777,0.0011213272305167221,0.0011093862762369122
2025-03-20,0.4621387870645125,0.40618403283895954,0.418846048586409,0.39082234801098226,0.4759492959816686,0.47376006956188993,0.36744417254697703,0.38127739834057417,0.41512755864240514,0.48347899315578025,0.4841198408894263,0.0010594105824764388,0.00118569585591205,0.0012030210761112548,0.0012060413917168722,0.0010925068499922364,0.0011031525712084655,0.001277209589205297,0.0012057941363161073,0.0011690238992266844,0.0011449994155799392,0.0011329554625076899
2025-03-21,0.4641979188026423,0.4084149072916457,0.4211070566930038,0.39306836084555713,0.4780689120176548,0.47589996272863,0.3697858687267329,0.3835160987112198,0.41734494742930417,0.4856708277484896,0.48629696482362417,0.0010815445615932617,0.001209178565203528,0.0012268038075938792,0.0012295221484152075,0.0011152650522488483,0.001126125939178213,0.0013014311353397034,0.0012291501930702387,0.001192489300740729,0.0011683327768945984,0.0011561893890298935
2025-03-22,0.4662553490286933,0.41064293251500494,0.42336514235829714,0.3953111789189243,0.4801867241173696,0.4780380295476594,0.37212370921630894,0.3857515171427408,0.4195597562771546,0.48786039198759423,0.48847194925244775,0.0011033584942737318,0.0012323034591034676,0.0012502235080922852,0.0012526390697288337,0.0011376932296336406,0.0011487660683650036,0.0013252675670630265,0.0012521425245075601,0.0012156018254849688,0.0011913204097437902,0.0011790811805103552
2025-03-23,0.46831046891596134,0.4128674492005286,0.42561963737841196,0.397550138545132,0.4823021055861404,0.48017363733060814,0.37445700221109196,0.3879829921388586,0.4217713297883862,0.4900470379458092,0.4906441505630124,0.0011248459254247778,0.0012550636945841687,0.0012732732473406672,0.0012753853149884975,0.0011597847452881616,0.0011710662591901122,0.0013487118307917156,0.0012747643268267161,0.0012383546340921647,0.0012139555117172685,0.0012016240628998642
2025-03-24,0.47036267032140755,0.41508779907793997,0.427869874612,0.3997845771800058,0.48441443044855736,0.48230615411677474,0.37678505725214584,0.3902098633702208,0.42397901352281575,0.49223011855941623,0.4928129259660033,0.0011460004965692105,0.001277452536525281,0.0012959462045499248,0.0012977541532147585,0.0011815330619774356,0.0011930199126686247,0.001371756988991002,0.001297008905872532,0.0012607409936398195,0.0012362313847246176,0.001223811365397065
2025-03-25,0.4724113459656196,0.4173033251099888,0.43011518817766137,0.4020138336172048,0.4865230736337095,0.4844349488601332,0.37910718543052907,0.3924314718698032,0.4261821541913082,0.4944089878197385,0.49497763368588604,0.0011668159477294937,0.0012994633597088745,0.0013182356704274922,0.0013197389651081748,0.0012029317440245824,0.0012146205323611547,0.0013943962222278117,0.0013188696791162635,0.0012827542796440272,0.0012581414369757793,0.001245636522421878
2025-03-26,0.47445588961251417,0.41951337168687775,0.4323549136509884,0.40423724818388374,0.4886274111601535,0.48655939161607015,0.3814226995911544,0.3946471602279086,0.4283800998490947,0.4965830009643076,0.49713763315081977,0.001187286119278541,0.0013210896507779846,0.0013401350491621389,0.0013413332450091242,0.0012239744592152935,0.0012358617262969718,0.001416622831188874,0.001340340177603483,0.0013043879780195167,0.0012796791849341016,0.0012670930755594445
2025-03-27,0.4764956962487325,0.42171728482026827,0.4345883882611795,0.4064541629359014,0.4907268203205601,0.48867885372779457,0.3837309145361284,0.39685627278670466,0.4305722000886933,0.4987515146676579,0.4992922851822116,0.001207404953763147,0.001342325010165124,0.001361637860374687,0.0013625306028229311,0.0012446549806717222,0.0012567372088645445,0.0014384302386627468,0.001361414047868048,0.00132563568700661,0.001300838255233916,0.001288174675470155
2025-03-28,0.4785301622626739,0.4239144123368067,0.43681495108716445,0.40866392185251565,0.49282067986598216,0.49079270801236935,0.3860311472275134,0.3990581558342439,0.4327578062323757,0.5009138872316958,0.5014409521838608,0.00122716649769683,0.0013631631539856581,0.0013827377410376984,0.0013833247659103542,0.0012649671886948988,0.0012772408026733295,0.0014598119914870367,0.0013820850538125429,0.0013464911190664286,0.0013216123865651963,0.001308875083769978
2025-03-29,0.4805586856231133,0.42610410407111254,0.43903394325318146,0.4108658710305116,0.4949083701896933,0.49290032894630254,0.38832271698944876,0.4012521577979083,0.4349362715241213,0.503069478775591,0.5035829983306325,0.001246564903320646,0.0013835979158978717,0.0014034284473573022,0.0014037095809439348,0.0012849050725754485,0.0012973664403794771,0.001480761762456817,0.0014023470785544112,0.001366948102741461,0.0013419954315287974,0.001329188174874707
2025-03-30,0.48258066605735267,0.4282857120581729,0.4412447081237481,0.4130593588777016,0.49698927351053895,0.4950010928506517,0.39060494570957416,0.40343762943721817,0.4371069513210014,0.5052176514251252,0.5057177897566095,0.0012655944303342492,0.001403623248926844,0.0014237038566202176,0.0014236790157292067,0.0013044627323728353,0.0013171081664833384,0.0015012733521980182,0.0014221941262340665,0.001387000584480269,0.0013619813584532237,0.0013491079378137316
2025-03-31,0.48459550522885064,0.4304585907250857,0.4434465914979714,0.4152437363057417,0.4990627740557482,0.49709437807557955,0.3928771580396938,0.4056139240359546,0.439269203283942,0.5073577695014511,0.5078446947426638,0.0012842494475943655,0.0014232332272542947,0.0014435579690066924,0.0014432271609887692,0.0013236343806610762,0.0013364601390907227,0.0015213406910011273,0.0014416203237906933,0.0014066426304318314,0.0013815642531819217,0.001368628478008893
2025-04-01,0.48660260691428087,0.43262209708209504,0.44563894180313607,0.41741835692220763,0.5011282582431499,0.4991795651843102,0.39513868159562265,0.4077803975935327,0.44142238756779956,0.5094891997091978,0.5099630839033912,0.0013025244347813492,0.001442422047972125,0.0014629849093655833,0.0014623482321121095,0.0013424143442404834,0.001355416631641293,0.0015409578406176405,0.0014606199227000793,0.0014258684281982514,0.0014007383208205493,0.001387744019018422
2025-04-02,0.4886013771799636,0.4347755909128626,0.44782111028751537,0.41958257722187287,0.5031851148627432,0.5012560371364307,0.3973888471561564,0.40993640901557166,0.4435658670107034,0.5116113113238765,0.5120723303733574,0.0013204139840324869,0.0014611840327997117,0.0014819789289526875,0.0014810365708665119,0.0013607970658185975,0.001373972034604043,0.001560118996017601,0.0014791873006752554,0.0014446722885570473,0.001419497887454657,0.001406448904246016
2025-04-03,0.49059122455762016,0.43691843496391725,0.4499924512123469,0.42173575677713193,0.5052327352575623,0.5033231794704833,0.39962698886110376,0.41208132030360484,0.44569900732260054,0.5137234763785181,0.5141718099925975,0.0013379128015424402,0.0014795136297636735,0.0015005344071317706,0.0014992866470724397,0.0013787771056515963,0.0013921208571365806,0.0015788184871067257,0.0014973169633303862,0.0014630486471426396,0.0014378374018260143,0.0014247375986151667
2025-04-04,0.49257156021939785,0.43904999513322945,0.45215232204291766,0.4238772584275129,0.5072705135037893,0.5053803804857941,0.4018524444083261,0.41421449674387356,0.4478211772729542,0.515825069849502,0.5162609014913149,0.0013550157091294923,0.0014974054148416127,0.0015186458530386804,0.0015170930602382282,0.0013963491431567832,0.0014098577287104952,0.001597050780404785,0.0015150035458064703,0.0014809920660955322,0.001455751436977848,0.0014426046902072942
2025-04-05,0.4945417981521135,0.4411696406578514,0.45430008363869967,0.42600644846822355,0.5092978465900563,0.5074270314234854,0.4040645552497228,0.4163353070951498,0.4499317488775336,0.5179154698415086,0.5183389866737245,0.0013717176457679336,0.0015148540935663313,0.0015363079072048813,0.0015344505411594156,0.0014135079784850513,0.0014271774006997529,0.0016148104806827934,0.0015322418143593475,0.001498497235669305,0.0014732346918586714,0.0014600448918619113
2025-04-06,0.4965013553306651,0.4432767443005707,0.4564351004424828,0.428122696837676,0.5113141345958867,0.5094625266466178,0.40626266678610645,0.4184431237755303,0.45203009758424484,0.5199940577715485,0.5204054506009881,0.0013880136690861966,0.001531854502593133,0.0015535153431445736,0.0015513539534786625,0.0014302485340614846,0.0014440747479355087,0.001632092332559676,0.001549026667908071,0.0015155589758023558,0.0014902819928919175,0.0014770530427435924
2025-04-07,0.4984496518905573,0.44537068253551937,0.4585567406684459,0.43022537730393057,0.5133187808692207,0.5114862638194064,0.4084461285609092,0.4205373230481472,0.4541156024579469,0.5220602185520126,0.5224596817731832,0.0014038989568289084,0.0015484016112274346,0.0015702630689007346,0.0015677982952043146,0.0014465658560862682,0.0014605447702202845,0.0016488912220575802,0.0015653531395440345,0.0015321722376516744,0.0015068882955071583,0.0014936241098664205
2025-04-08,0.5003861112994927,0.44745083573268546,0.4606643764891116,0.43231386765000823,0.5153111922029739,0.513497644085463,0.4106142944526636,0.42261728520574404,0.45618764636419473,0.5241133407726842,0.5245010723102564,0.0014193688082836942,0.0015644905229135198,0.0015865461285516358,0.0015837787001909964,0.0014624551160010713,0.0014765825938095611,0.0016652021781148885,0.0015812163980022387,0.0015483321050854815,0.0015230486856323555,0.0015097531895846839
2025-04-09,0.5023101605279778,0.4495165883412716,0.46275738422113244,0.43438754985801503,0.5172907790105786,0.5154960722450069,0.4127665228661996,0.42468239475405456,0.45824561615186055,0.5261528168816672,0.526529018131905,0.0014344186456726193,0.0015801164766837683,0.0016023597036779469,0.001599290439579626,0.0014779116119187918,0.0014921834728535144,0.0016810203740569851,0.0015966117490888165,0.0015640337961391193,0.001538758381148142,0.0015254355090444927
2025-04-10,0.5042212302188906,0.45156732907184605,0.4648351445098471,0.4364458102920233,0.5192569555004493,0.5174809569309939,0.4149021769225037,0.4267320405939388,0.46028890283457485,0.5281780433651683,0.5285429191363342,0.0014490440155067175,0.0015952748485669743,0.0016176991147884845,0.001614328923197017,0.0014929307700128902,0.0015073427908007808,0.0016963411290255581,0.0016115346370715877,0.001579272664429754,0.0015540127333026899,0.0015406664275956494
2025-04-11,0.5061187548559637,0.45360245107723307,0.466897042512558,0.43848803987965645,0.5212091398493299,0.5194517107841121,0.4170206246471811,0.42876561620221754,0.4623169017709344,0.5301884209260883,0.5305421793778361,0.0014632405899036582,0.0016099611529567515,0.001632559822704549,0.0016288897009141823,0.0015075081458733042,0.0015220560617655865,0.0017111599093624363,0.0016259806460282578,0.0015940442005306643,0.0015688072280874987,0.0015554414381637738
2025-04-12,0.5080021729311289,0.4556213521320897,0.4689424680804737,0.44051363429232304,0.5231467543744643,0.5214077506265896,0.41912123915746763,0.43078251981115134,0.46432901284342704,0.5321833546613634,0.5325262072431403,0.0014770041678691115,0.0016241710439395818,0.0016469374299037942,0.001642968463962391,0.001521639425819954,0.0015363189318539083,0.0017254723299521824,0.0016399455011525954,0.001608344033307063,0.0015831374875738824,0.0015697561685860117
2025-04-13,0.509870927110676,0.4576234348111129,0.4709708159392609,0.4425219941240479,0.5250692257045413,0.5233484976347677,0.4212033988477343,0.43278215458651303,0.46632464063601453,0.5341622542380061,0.5344944156264813,0.001490330676538254,0.001637900316580343,0.001660827681820909,0.001656561046209426,0.0015353204281797206,0.0015501271804535532,0.001739274155519388,0.0016534250700186992,0.0016221679312082293,0.0015969992712079328,0.0015836063829027802
2025-04-14,0.5117244644001782,0.45960810666582724,0.47298148586815514,0.4445125250688451,0.5269759849493642,0.5252733775103828,0.42326648757342983,0.43476392880420156,0.4683031946103264,0.5361245340677934,0.5364462221033329,0.0015032161723831372,0.0016511449081660357,0.0016742264681068875,0.0016696634253911546,0.0015485471045235677,0.0015634767214813827,0.0017525613018819497,0.0016664153638054624,0.0016355118035202842,0.001610388477063629,0.0015969879826129851
2025-04-15,0.5135622363081308,0.46157478039990074,0.47497388287757597,0.4464846380965839,0.5288664678681962,0.5271818206505113,0.4253098948334083,0.4367272560253424,0.47026408928040986,0.5380696134805545,0.5383810491027573,0.001515656842378088,0.0016639008994090432,0.0016871298238453902,0.001682271724303297,0.0015613155408658042,0.0015763636045932339,0.0017653298371590465,0.0016789125384760184,0.0016483717015768895,0.0016233011430607514,0.001609897007886052
2025-04-16,0.5153836990082599,0.4635228740429348,0.47694741738519325,0.44843774962729094,0.5307401150367262,0.5290732623161246,0.42733301595058615,0.43867155526982393,0.4722067443859843,0.5399969168959973,0.5402983240783169,0.0015276490051292502,0.0016761645156063154,0.0016995339307251944,0.0016943822119469543,0.0015736219588199374,0.0015887840163534284,0.001777575982935875,0.0016909128959153863,0.0016607438199273128,0.0016357334481330588,0.001622329638733766
2025-04-17,0.5171883135004472,0.4654518111226786,0.4789015053903956,0.4503712817038416,0.5325963720126135,0.530947142799203,0.4293352522508762,0.44059625118821905,0.47413058506414946,0.5419058739940342,0.5421974796775008,0.001539189111961936,0.0016879321277566417,0.0017114351181722887,0.001705991304633947,0.0015854627167194435,0.0016007342813620928,0.0017892961153809228,0.0017024128850248177,0.001672624497462416,0.001647681713361826,0.0016342821961407017
2025-04-18,0.5189755457702316,0.4673610208356163,0.4808355686471039,0.4522846621629871,0.5344346894995545,0.5328029075883636,0.4313160112403442,0.4425007742320398,0.4760350420194973,0.5437959198835478,0.5440779539096122,0.0015502737479734519,0.0016992002536339035,0.001722829864433617,0.0017170955670472443,0.0015968343106937954,0.0016122108633431775,0.0018004867663184987,0.0017134091027722342,0.0016840102184989547,0.0016591424030631963,0.001645751143152685
2025-04-19,0.52074486694683,0.4692499382158782,0.4827490348348844,0.45417732480466605,0.5362545235098287,0.5346400075329495,0.4332747067805376,0.444384560822277,0.47791955169257494,0.5456664952695507,0.5459391903120724,0.0015608996330408464,0.0017099655588188045,0.001733714797620356,0.0017276917132567626,0.0016077333757046341,0.0016232103661921737,0.0018111446242546902,0.0017238982952001436,0.001694897613818802,0.0016701121258337892,0.001656733085924067
2025-04-20,0.5224957534596416,0.4711180043024213,0.48464133772830714,0.4560487095595532,0.5380553355252745,0.5364578990055308,0.43521075926193414,0.44624705351617105,0.47978355642665116,0.5475170466186922,0.5477806381150848,0.0015710636227950214,0.0017202248576841384,0.0017440866967055602,0.0017377766076926981,0.001618156686543637,0.0016337295349789782,0.0018212665353583013,0.0017338773583874811,0.0017052834616662627,0.001680587635557007,0.0016672247747204771
2025-04-21,0.5242276871931774,0.47296466630443657,0.4865119173645024,0.45789826265479144,0.5398365926566444,0.5382560440627733,0.43712359577545606,0.4480877011721697,0.4816265046327364,0.549347026323056,0.549601752404619,0.001580762709546879,0.0017299751143383668,0.0017539424924779001,0.001747347266072119,0.0016281011587858663,0.0016437652569119,0.001830849504392662,0.0017433433393692077,0.0017151646887022531,0.0016905658323616013,0.0016772231048831632
2025-04-22,0.525940155640382,0.4747893777649273,0.4883602202088605,0.4597254367778634,0.5415977678012951,0.5400339106046256,0.43901265028200465,0.449905959113018,0.48344785095280607,0.5511558928622048,0.5514019942836579,0.0015899940231811627,0.001739213443523402,0.0017632792684483256,0.0017564008562833133,0.0016375638497011513,0.0016533145622599221,0.0018398906956031413,0.0017522934370092225,0.0017245383709125206,0.0017000437635368293,0.00168672511774548
2025-04-23,0.5276326520542904,0.4765915987224161,0.49018569931883355,0.46152969123855,0.5433383397991671,0.5417909725317747,0.44087736377995923,0.4517012892869382,0.4852470564211811,0.5529431109634287,0.553180831031666,0.0015987548320034461,0.001747937111469644,0.0017720942617147073,0.0017649346992233417,0.001646541959127723,0.0016623746252296678,0.0018483874335557537,0.0017607250028293109,0.0017334017344732278,0.0017090186244117511,0.001695728001508412
2025-04-24,0.5293046755979843,0.47837079587072595,0.49198781450578377,0.4633104921289286,0.5450577935870029,0.5435267099013277,0.4427171844705956,0.4534731604268479,0.48702358862401773,0.5547081517601379,0.5549377362622311,0.001607042543549153,0.0017561435367025036,0.0017803848637786834,0.0017729462695909581,0.0016550328302981088,0.0016709427648023967,0.0018563372039289705,0.0017686355417936839,0.0017417521565734062,0.0017174877591803472,0.0017042290920741276
2025-04-25,0.5309557314927973,0.48012644271679683,0.4937660324948343,0.4650673124813652,0.5467556203507634,0.5452406090806723,0.4445315679213716,0.45522104820757037,0.48877692185685506,0.5564504929483637,0.5566721900788296,0.0016148547053518314,0.0017638302908095094,0.0017881486213179865,0.0017804331966333464,0.0016630339506270575,0.0016790164455285916,0.0018637376542580686,0.0017760227130468875,0.0017495871661882823,0.0017254486616891107,0.0017122258738332397
2025-04-26,0.5325853311647265,0.48185801973648107,0.4955198270826733,0.46679963242445316,0.5484313176761937,0.5469321628994668,0.44631997722703326,0.4569444354009901,0.49050653728018107,0.5581696189413168,0.5583836792286723,0.0016221890056663524,0.0017709950991561252,0.0017953832369117517,0.001787393264848558,0.0016705429524542792,0.0016865932782756943,0.0018705865946305744,0.0017828843306056386,0.0017569044448124682,0.0017328989761788982,0.0017197159804090978
2025-04-27,0.5341929923890116,0.4835650145282801,0.49724867929326655,0.46850693933685084,0.5500843896974963,0.5486008707997218,0.4480818831684947,0.45864281202911,0.49221192307296513,0.5598650210219583,0.5600716972545848,0.0016290432741555838,0.001777635841560321,0.0018020865697208066,0.001793824414640155,0.0016775576137457726,0.001693671020936871,0.0018768819983350227,0.0017892183640070836,0.0017637018271454696,0.0017398364979825942,0.001726697195359006
2025-04-28,0.5357782394328313,0.4852469219649724,0.4989520775314299,0.47018872799897515,0.5517143472440639,0.5502462389839228,0.4498167643694412,0.4603156755149619,0.49389257458411434,0.5615361974935353,0.5617357446448751,0.0016354154825310996,0.0017837505529197384,0.0018082566361208863,0.0017997247429277774,0.001684075858749745,0.0017002475790947047,0.0018826220024600326,0.001795022938909041,0.001769977301732728,0.0017462591741745914,0.0017331674528285879
2025-04-29,0.5373406031960815,0.48690324434308774,0.5006295177342202,0.47184450074250334,0.5533207079852358,0.5518677805611523,0.4515241074506138,0.4619625308313263,0.4955479944818072,0.5631826538280444,0.5633753289811488,0.0016413037451541435,0.001789337423792503,0.0018138916102904412,0.0018050925037089716,0.0016900957586132304,0.0017063210066390333,0.0018878049084459225,0.0018002963376442804,0.0017757290115600899,0.0017521651041829678,0.0017391248381647406
2025-04-30,0.5388796213501887,0.4885334915301871,0.5022805035200936,0.47347376759764204,0.5549029965730242,0.5534650156911701,0.4532034071817263,0.46358289064721947,0.497177692900663,0.5648039028125661,0.564989965084023,0.001646706319593405,0.0017943948009341293,0.001818989824749817,0.0018099261085773866,0.0016956155319503008,0.0017118895063457096,0.001892429182587585,0.0018050369997289484,0.0017809552546043106,0.0017575525403467074,0.00174456758848196
2025-05-01,0.5403948384749203,0.4901371811098995,0.5039045463357942,0.47507604643811613,0.55646074478278,0.555037471726404,0.45485416663097095,0.4651762754721033,0.4987811875867002,0.566399464693443,0.5665791751566968,0.0016516216071393863,0.0017989211877850741,0.0018235497708550819,0.0018142241271911774,0.0017006335453721988,0.0017169514304059552,0.0018964934564877356,0.00180924352232531,0.001785654484335708,0.0017624198884378384,0.0017494940931819247
2025-05-02,0.5418858061931516,0.49171383852467737,0.5055011656009252,0.4766508631238388,0.5579934916517455,0.5565846833518149,0.4564758973120688,0.46674221379777264,0.5003580040400437,0.5679688673182447,0.5681424889263422,0.0016560481532795768,0.0018029152449145491,0.0018275700992455013,0.001817985287697832,0.0017051483139670642,0.00172150528091497,0.001899996527462644,0.001812914660655418,0.0017898253101769623,0.001766765708129392,0.0017539028944330015
2025-05-03,0.5433520833035479,0.4932629972162259,0.5070698888501581,0.4781977516412161,0.5595007836154628,0.55810619272259,0.45806811932881975,0.4682802422378836,0.5019076756553362,0.569511646275485,0.569679443783264,0.001659984648128332,0.0018063757904170363,0.001831049620240388,0.0018212084771091486,0.0017091585017424693,0.0017255497103146888,0.0019029373588968501,0.0018160493283705392,0.001793466497913454,0.0017705887134235043,0.0017577926876004568
2025-05-04,0.5447932359111214,0.4947841987635644,0.5086102518730455,0.47971625424104875,0.5609821746419902,0.5596015495996279,0.45963036151711323,0.46978990566507617,0.5034297438598148,0.5710273450320495,0.5711895849177919,0.0016634299268127872,0.001809301800261176,0.0018339873041940402,0.0018238927416315276,0.0017126629220196588,0.001729083521793462,0.001905315080551695,0.001818646597871898,0.0017965769700588607,0.0017738877730312241,0.001761162321631149
2025-05-05,0.5462088375556303,0.4962769930186816,0.5101217988513868,0.4812059215739874,0.5624372263638899,0.5610703114827713,0.4611621615843509,0.4712707573456541,0.5049237582490104,0.5725155150682906,0.5726724654548694,0.001666382969820135,0.0018116924085939123,0.0018363822817981656,0.0018260372869482455,0.0017156605377844913,0.001732105669640216,0.001907128988820117,0.0018207057005857896,0.0017991558061749569,0.0017766619107072446,0.001764010799396698
2025-05-06,0.5475984693377727,0.4977409382397405,0.5116040824941127,0.48266631282350164,0.563865508207947,0.5625120437417488,0.46266306624624914,0.4727223590717805,0.5063892767200282,0.5739757160107527,0.5741276465862873,0.001668842903297163,0.0018135469079956779,0.0018382338443407864,0.0018276414784536565,0.0017181504619934174,0.001734615259552763,0.0019083785469381498,0.0018222260271904545,0.0018012022431419528,0.0017789103055405597,0.0017663372779864739
2025-05-07,0.5489617200431469,0.49917560122179744,0.5130566641696459,0.4840969958363252,0.5652665975225855,0.5639263197447891,0.464132631360971,0.47414428129115066,0.5078258656023757,0.5754075157624846,0.5755546977005379,0.0016708089993094921,0.0018148647496900039,0.0018395414439146274,0.001828704841441653,0.0017201319578383778,0.001736611548902145,0.0019090633851411853,0.0018232071277969886,0.0018027156753871454,0.001780632292194828,0.0017681410689581734
2025-05-08,0.5502981862639377,0.5005805574249946,0.5144791140356982,0.4854975472503371,0.5666400797029361,0.56531272098487,0.4655704220605565,0.4755361032341033,0.5092330997862894,0.5768104906309037,0.5769531965102371,0.001672280676058957,0.0018156455437066121,0.001840304693579542,0.001829227061245997,0.0017216044389630758,0.0017380939469552326,0.0019091833007751635,0.0018236487120817935,0.0018036956550608885,0.00178182736110577,0.00176942163854088
2025-05-09,0.5516074725182879,0.5019553911001882,0.5158710111664697,0.4868675526198414,0.5679855483135237,0.5666708372035588,0.4669760128796051,0.4768974130381331,0.5106105628485345,0.5781842254531755,0.5783227291770872,0.0016732574980515835,0.0018158890589961008,0.0018405233674780863,0.0018292079833334696,0.0017225674696358384,0.0017390620150457003,0.0019087382583543033,0.0018235506493729514,0.0018041418921718178,0.0017824951586339344,0.0017701786077929382
2025-05-10,0.5528891913673305,0.5032996954119741,0.5172319436772057,0.4882066065382079,0.5693026052085404,0.5680002665124172,0.46834898788118007,0.47822780786976776,0.5119578471756289,0.5795283137190642,0.579662890434339,0.001673739176230593,0.0018155952234978345,0.0018401974009010225,0.001828647613349721,0.001723020764881067,0.0017395154667075863,0.0019077283895741481,0.0018229129686888612,0.0018040542546705618,0.0017826354871669503,0.0017704117527160834
2025-05-11,0.5541429635298374,0.5046130725590795,0.5185615088460813,0.48951431275783885,0.5705908606496618,0.5693006155119238,0.46968894077988926,0.4795268940437727,0.513274554084465,0.580842357691228,0.5809732837067152,0.0016737255680594476,0.0018147641241632595,0.0018393268903071913,0.0018275461171169405,0.0017229641905615045,0.001739454167756338,0.0019061539932711535,0.001821735858729523,0.0018034327684909313,0.00178224830517959,0.0017701210043183924
2025-05-12,0.555368417994454,0.5058951338920755,0.5198593132333721,0.49079028430742466,0.5718499334213759,0.5705714994078891,0.47099547506211215,0.4807942871396487,0.5145602939402851,0.5821259685229141,0.5822535212277641,0.001673216677564815,0.0018133960069270927,0.0018379120932945359,0.0018259038205854505,0.001722397763417538,0.0017388781363318895,0.0019040155353343136,0.0018200196678206937,0.0018022776175411481,0.0017813337272447605,0.0017693064486370425
2025-05-13,0.5565651921294891,0.5071455000283882,0.5211249727978804,0.492034143606456,0.5730794509437941,0.5718125421253221,0.4722682041033347,0.4820296121153883,0.5158146862719795,0.583378766373027,0.5835032241546062,0.001672212655335903,0.0018114912766381552,0.001835953428524384,0.0018237212097379496,0.0017213216510650886,0.0017377875428913336,0.0019013136485681592,0.001817764903810859,0.0018005891436480015,0.0017798920240016392,0.0017679683267117774
2025-05-14,0.5577329317902215,0.5083638009645609,0.5223581130105781,0.49324552257695387,0.5742790493828999,0.5730233764197155,0.4735067512825573,0.4832325034184566,0.5170373598846767,0.5846003805185265,0.5847220226800397,0.001670713798478829,0.0018090504969363597,0.0018334514755967701,0.001820998930443407,0.001719736171942543,0.001736182710158185,0.0018980491325041315,0.001814972233920853,0.001798367846459037,0.0017779236220726302,0.0017661070345150742
2025-05-15,0.5588712914236993,0.5095496761857459,0.5235583689654378,0.494424062752392,0.5754483737582157,0.5742036439857214,0.47471075009374303,0.4844026050939645,0.518227952969583,0.5857904494641337,0.5859095561419727,0.001668720550530245,0.0018060743900875087,0.0018304069748806828,0.00181773778826827,0.0017176417952190492,0.001734064113028344,0.0018942229531649368,0.0018116424845467938,0.001795614383290789,0.0017754291039401293,0.0017637231228330164
2025-05-16,0.5599799341709912,0.5107027747723865,0.5247253854874113,0.49556941538377164,0.576587078047846,0.5753529955631789,0.4758798442542737,0.48553957089000094,0.5193861132110507,0.5869486210493005,0.5870654731301476,0.001666233501323,0.0018025638367697994,0.0018268208272917974,0.0018139387482370983,0.0017150391406539622,0.0017314323784295427,0.0018898362427791082,0.001807776641015002,0.0017923295689381558,0.0017724092077716636,0.00176081729710309
2025-05-17,0.5610585319668728,0.5118227555040595,0.5258588172375347,0.49668124154282184,0.5776948252908719,0.5764710910404645,0.4770136878103778,0.4866430643600952,0.5205114978908307,0.5880745525524218,0.588189431590131,0.0016632533868157218,0.0017985198758124765,0.0018226940940294645,0.001809602934546628,0.0017119289784151004,0.0017282882851336057,0.0018848902994442196,0.0018033758472910666,0.0017885143754303723,0.001768864827203065,0.0017573904172061283
2025-05-18,0.5621067656369033,0.5129092869604472,0.5269583288151184,0.4977592122222951,0.5787712876870614,0.5775575995551381,0.4781119452395055,0.4877127589627756,0.5216037739894908,0.589167910792252,0.5892810989245318,0.0016597810888723252,0.00179394370388819,0.0018180279962608514,0.001804731630234313,0.0017083122288485963,0.001724632763528966,0.0018793865867448023,0.0017984414056402276,0.0017841699317443505,0.0017647970110740152,0.0017534434972109603
2025-05-19,0.563124324991875,0.5139620476194116,0.5280235948569961,0.49880300843332415,0.5798161466938739,0.5786121995918497,0.47917429154961433,0.48874833815819946,0.5226626182849603,0.5902283722264967,0.590340152091423,0.0016558176350012221,0.0017888366751602769,0.0018128239147583436,0.0017993262767971863,0.001704189962210001,0.001720466895342443,0.0018733267333179704,0.001792974776243128,0.0017792975234710573,0.0017602069631165174,0.0017489777050750943
2025-05-20,0.5641109089196037,0.5149807259521357,0.5290543001338085,0.4998123212998173,0.5808290931207186,0.5796345790774824,0.4802004123753395,0.48974949550182223,0.5236877174481769,0.5912556230475567,0.5913662776999328,0.0016513641980522298,0.0017832003008803055,0.0018070833894942018,0.0017933884737664774,0.001699563398343762,0.0017157919133227173,0.0018667125323718614,0.0017869775767636598,0.0017738985924342643,0.0017550960415997352,0.0017439943622974408
2025-05-21,0.565066225474033,0.5159650205153128,0.530050139643281,0.5007868521498587,0.5818098272204509,0.5806244354734967,0.4811900040710202,0.4907159347350789,0.5246787681358062,0.592249359275387,0.5923591721029862,0.0016464220958694042,0.0017770362489426539,0.0018008081191817071,0.0017869199782333811,0.0016944339063243996,0.0017106092008707385,0.0018595459411550608,0.0017804515818697353,0.0017679747362647769,0.0017494657589270934,0.0017384949435302888
2025-05-22,0.5659899919616247,0.5169146400403453,0.531010818700482,0.5017263126040916,0.5827580587780726,0.5815814758654606,0.4821427738005522,0.49164736987305147,0.525635477080005,0.5932092868474501,0.5933185414871543,0.001640992790899909,0.0017703463433891287,0.0017939999607747836,0.0017799227043301946,0.0016888030040513868,0.0017049202916351591,0.0018518290803767323,0.0017733987227077086,0.0017615277079268132,0.00174331778119019,0.001732481076139547
2025-05-23,0.5668819350250129,0.517829303519538,0.5319360530250216,0.5026304246610529,0.5836735071966103,0.5825054170497248,0.48305843962404443,0.4925435252890975,0.5265575611752048,0.5941351217057343,0.5942441019596021,0.0016350778897625817,0.0017631325638706175,0.0017866609289163282,0.0017723987226625493,0.0016826723577996194,0.0016987268690562551,0.0018435642335805635,0.0017658210863324975,0.0017545594151997523,0.0017366539276750803,0.0017259545397253495
2025-05-24,0.5677417907238954,0.5187087402892515,0.5328255688251787,0.503498920779439,0.5845559015801481,0.5833959856172274,0.48393673058124775,0.4934041357964116,0.5274447475618872,0.5950265898808089,0.5951355796320945,0.0016286791427715386,0.0017553970450598921,0.0017787931953450187,0.0017643502596975669,0.001676043781725367,0.0016920307658663258,0.0018347538464675295,0.0017577209150884676,0.0017470719201138074,0.0017294761703222639,0.0017189172655949214
2025-05-25,0.5685693046131376,0.5195526901099978,0.5336791028789165,0.5043315439572759,0.585404980813992,0.584252918034402,0.484777386771738,0.4942289467264989,0.5282967737073265,0.5958834275728994,0.5959927107020461,0.0016217984434198085,0.0017471420760225564,0.0017703990882488307,0.0017557796971049422,0.0016689192373307016,0.0016848339635506804,0.0018254005261731931,0.0017491006059466851,0.0017390674383388482,0.0017217866331463716,0.0017113713361909255
2025-05-26,0.5693642318180653,0.5203609032434461,0.5344964026117767,0.5051280478079695,0.5862204936419365,0.5850759607211595,0.4855801594318231,0.49501771400453526,0.529113387483279,0.5967053812299467,0.5968152415305832,0.0016144378278160065,0.001738370099535702,0.0017614810915795864,0.0017466895710521735,0.0016613008328838497,0.0016771385917589976,0.0018155070404952123,0.001739962709795484,0.0017305483385301468,0.0017135875916047816,0.0017033189844751773
2025-05-27,0.5701263371069301,0.5211331405263276,0.535277226171619,0.5058881966332165,0.5870021987406151,0.5858648701259277,0.4863448110081578,0.49577020422159274,0.5298943472405898,0.59749220762264,0.5976029287176003,0.0016065994740853684,0.0017290837113685953,0.001752041844315877,0.0017370825714543292,0.001653190822792694,0.0016689469276756075,0.001805076317075216,0.0017303099306849035,0.001721517141626161,0.0017048814719256011,0.0016947625932682842
2025-05-28,0.5708553949605156,0.5218691734412066,0.5360213425001898,0.5066117654927489,0.587749864790913,0.5866194127977211,0.4870711152280384,0.49648619470370997,0.5306394218807025,0.5982436739163909,0.5983555391737861,0.0015982857017224905,0.0017192856595132922,0.001742084139682576,0.0017269615411760197,0.0016445916069397493,0.0016602613953454748,0.0017941114425321092,0.0017201451250279387,0.0017119765201032422,0.0016956708503900186,0.0016857046945434329
2025-05-29,0.5715511896388735,0.5225687841841018,0.5367285314014958,0.5072985402709009,0.5884632705464169,0.5873393654552239,0.48775885716636147,0.49716547357778396,0.531348390924044,0.5989595577402332,0.5990728501895988,0.0015894989709064333,0.0017089788433708453,0.0017316109243249445,0.0017163294751939562,0.0016355057299712872,0.001651084564957661,0.0017826156615487476,0.0017094713007538287,0.0017019292971850453,0.0016859584525691362,0.0016761479686797642
2025-05-30,0.5722135152451647,0.523231765728938,0.5373985836069641,0.5079483177399661,0.589142204898886,0.5880245150528609,0.48840783330922233,0.49780783983426763,0.5320210445752682,0.5996396472526264,0.5997546495011677,0.0015802418817725261,0.0016981663128932123,0.001720625297436218,0.0017051895197069955,0.0016259358805446045,0.0016414191520829347,0.0017705923759114284,0.001698291616419323,0.0016913784460065306,0.001675747152517948,0.0016660952436653442
2025-05-31,0.5728421757865864,0.5238579218888111,0.5380313008373657,0.5085609056203375,0.5897864669407235,0.5886746588438446,0.48901785161413963,0.49841310338665046,0.5326571837853379,0.6002837412041414,0.6004007353531078,0.0015705171736424273,0.0016868512676835312,0.0017091305098390075,0.001693544971207328,0.0016158848905325485,0.0016312680168739657,0.0017580451435040834,0.0016866093802723747,0.0016803270887342237,0.0016650399719239095,0.0016555494942632754
2025-06-01,0.5734369852323691,0.5244470673740379,0.5386264958614946,0.5091361226374057,0.5903958660244244,0.5892896044401664,0.4895887315668826,0.49898108512771006,0.5332566203104258,0.6008916489970159,0.6010109165582211,0.0015603277242126623,0.0016750370560441041,0.0016971299630276215,0.0016813992755040363,0.0016053557341838554,0.0016206341632137855,0.0017449776772545667,0.0016744280492749786,0.0016687784956421758,0.0016538400792143193,0.0016445138411310678
2025-06-02,0.5739977675688298,0.5249990278469923,0.5391839925515656,0.5096737985752009,0.5909702218189965,0.5898691698695312,0.49012030423488845,0.49951161698251123,0.5338191767676208,0.6014631907415535,0.6015850125540717,0.0015496765487067465,0.0016627271739916294,0.0016846272081553204,0.0016687560267037993,0.00159435152724563,0.0016095207378312715,0.0017313938440363108,0.0016617512280789892,0.0016567360841455159,0.0016421507886174025,0.0016329915498951575
2025-06-03,0.574524356851452,0.5255136399736894,0.5397036259353393,0.5101737743267631,0.5915093643633194,0.5904131836292044,0.4906124123172528,0.5000045419581426,0.5343446866874159,0.601998197309357,0.602122853456418,0.0015385667989777918,0.0016499252642174778,0.0016716259449889304,0.0016556189661478538,0.0015828755260396399,0.001597931029368005,0.0017172976635240755,0.0016485826679595306,0.001644203417786927,0.0016299755591825393,0.0016209860301870105
2025-06-04,0.5750165972539956,0.5259907514721217,0.5401852422449382,0.5106359019412234,0.5920131341164404,0.5909214847367615,0.49106491019127685,0.5004597141901734,0.5348329945629717,0.6024965103833754,0.6026242801094848,0.001527001762580138,0.0016366351150127745,0.0016581300208121652,0.0016419919813034367,0.0015709311264998638,0.0015858684674046053,0.0017026933070048433,0.0016349262657055497,0.0016311842051847103,0.0016173179937559734,0.0016085008346339302
2025-06-05,0.5754743431146054,0.5264302211573209,0.5406286989623472,0.5110600446675856,0.592481382004785,0.5913939227777273,0.4914776639555594,0.5008769989858173,0.535283955896132,0.6029579825047532,0.6030891441330574,0.001514984861793467,0.00162286065914663,0.0016441434292853163,0.0016278791046144825,0.0015585218631660736,0.0015733366214473188,0.0016875850961421412,0.001620786062466073,0.0016176822989331097,0.0016041818379148864,0.001595539657805345
2025-06-06,0.5758974589789174,0.5268319189831369,0.5410338648615889,0.5114460769951931,0.5929139694662694,0.5918303579500853,0.49185055146962137,0.5012562728637895,0.5356974372401816,0.603382477116465,0.6035173079663929,0.0015025196526126106,0.0016086059727022928,0.0016296703092657516,0.001613284512308244,0.0015456514081388928,0.001560339199871863,0.0016719775016990068,0.001606166242554552,0.001603701694462334,0.0015905709788592848,0.0015821063351222353
2025-06-07,0.5762858196401401,0.52719572608072,0.5414006200475552,0.5117938846908702,0.5933107684913036,0.5922306611056455,0.4921834623900476,0.501597423590848,0.5360733162393402,0.6037698686037261,0.6039086449089242,0.0014896098236936162,0.0015938752738704487,0.0016147149435827846,0.0015982125231601696,0.0015323235699923332,0.001546880048823418,0.0016558751422132145,0.0015910711322113524,0.0015892465288599444,0.0015764894442612531,0.0015682048417209327
2025-06-08,0.5766393101761056,0.5275215347936972,0.5417288559914868,0.5121033648327233,0.5936716616606726,0.5925947137882642,0.4924762982031415,0.5019003502150038,0.5364114816649638,0.6041200423311623,0.604263039157754,0.0014762591952623971,0.0015786729217022177,0.0015992817577701324,0.001582667597213483,0.0015185422926489167,0.0015329631510814234,0.001639282782632756,0.001575505198322169,0.0015743210796409501,0.0015619414010730193,0.0015538392912771704
2025-06-09,0.5769578259832763,0.5278092487100287,0.5420184755630861,0.5123744258405996,0.5939965421802818,0.5929224082688959,0.49272897225407414,0.5021649630953952,0.5367118334484623,0.6044328946767347,0.6045803858419228,0.0014624717179836377,0.001563003414818076,0.0015833753187550759,0.0015666543344619033,0.0015043116542102775,0.0015185926248800774,0.0016222053329032482,0.0015594730470973595,0.0015589297634858168,0.0015469311542952724,0.0015390139347882803
2025-06-10,0.577241272807702,0.5280587826905375,0.542269393059263,0.5126069875031859,0.5942853139127579,0.5932136475774715,0.49294140977252887,0.5023911839288139,0.5369742827109112,0.6047083330624005,0.6048605910534406,0.001448251471795503,0.0015468713900771425,0.0015670003335092053,0.001550177473487846,0.0014896358657510156,0.0015037727226896447,0.0016046478465169822,0.0015429794227084237,0.0015430771349330685,0.001531463145701295,0.0015237331593155323
2025-06-11,0.5774895667729059,0.5282700628941044,0.5424815342294937,0.5128009810017445,0.5945378914058992,0.5934683455315939,0.4931135478948262,0.5025789457728755,0.5371987517893513,0.6049462759815097,0.6051035718750774,0.0014336026646960542,0.0015302816212052761,0.0015501616476543134,0.0015332418900592115,0.0014745192700725829,0.0014885078299569088,0.001586615519016621,0.001526029205884183,0.0015267678850305888,0.0015155419525233471,0.0015080014866861724
2025-06-12,0.5777026344047094,0.5284430267995176,0.542654836297792,0.5129563489304788,0.5947541999179631,0.5936864267620406,0.4932453356825263,0.5027281930658297,0.5373851742597704,0.605146653022925,0.6053092564048991,0.0014185296315037954,0.0015132390173816512,0.0015328642440277651,0.0015158525956882052,0.001458966340420309,0.0014728024638093196,0.0015681136864580392,0.001508627412466379,0.0015100068399472866,0.001499172286099193,0.001491823572155937
2025-06-13,0.5778804126529729,0.528577623223975,0.5427892479812886,0.5130730453135186,0.5949341754397798,0.5938678267350672,0.4933367341375027,0.5028388816430015,0.5375334949567607,0.6053094048918559,0.6054775837775439,0.0014030368325721465,0.0014957486217869187,0.0015151132412103419,0.0014980147361463025,0.0014429816791547978,0.0014566612717175076,0.001549147823831143,0.0014907791919260838,0.0014927989595464597,0.001482358990476218,0.0014752042030292678
2025-06-14,0.5780228489102519,0.5286738123382294,0.5428847295054032,0.5131510356185267,0.5950777647136971,0.5940124917715032,0.49338771621348154,0.5029109787498597,0.5376436699898417,0.6054344834274058,0.6056085041822343,0.001387128852468833,0.0014778156101111772,0.0014969138920087888,0.001479733589943355,0.0014265700163953454,0.0014400890301200509,0.0015297235434396095,0.0014724898258382524,0.0014751493359166368,0.001465107040979019,0.001458148297245332
2025-06-15,0.5781299010273664,0.528731565678374,0.5429412526156172,0.5131902967669167,0.595184925249339,0.5941203790626369,0.4933982668240471,0.5029444630517106,0.5377156667564489,0.6055218516168237,0.6057019788775166,0.0013708103986213027,0.0014594452890203113,0.0014782715819037229,0.0014610145667641738,0.0014097362086168408,0.0014230906430098278,0.0015098465932408822,0.0014537647263208608,0.0014570631918658927,0.0014474215427370263,0.0014406609019210759
2025-06-16,0.5782015373258726,0.5287508661542663,0.5429588005858325,0.5131908171406836,0.5952556253361785,0.5941914566828836,0.49336838284710327,0.5029393246400105,0.5377494639515797,0.6055714836064567,0.6057579802027238,0.0013540862999225078,0.0014406430945882454,0.0014591918274541316,0.0014418632058691427,0.00139248523721347,0.001405671140483622,0.0014895228551438655,0.001434609434431966,0.0014385458793741979,0.0014293077291736012,0.0014227471918576429
2025-06-17,0.5782377366074374,0.528731708054585,0.5429373682233228,0.5131525965858407,0.5952898440529227,0.594225703599231,0.4932980731258002,0.5028955650352984,0.5377450515741012,0.6055833647094006,0.6057764915861634,0.0013369615053021588,0.001421414590686787,0.0014396802746671211,0.0014222851744545295,0.0013748222070255611,0.0013878356772513145,0.0014687583432702045,0.0014150296185310163,0.0014196028780130154,0.001410770960457719,0.0014044124680105963
2025-06-18,0.5782384881601114,0.5286740970485203,0.5428769618702686,0.5130756464124648,0.5952875712737028,0.5942231096774657,0.49318735846591516,0.5028131971867453,0.5377024309297065,0.6055574914098465,0.6057575075500188,0.0013194410822634506,0.0014017654673394997,0.0014197426973242555,0.001402286265974606,0.001356752344827905,0.0013695895311137685,0.0014475592021725436,0.0013950310726003057,0.0014002397933208233,0.0013918167219181266,0.0013856621559191762
2025-06-19,0.5782037917614973,0.5285780501840955,0.5427775994018821,0.5129599893913499,0.5952488076710706,0.5941836756851715,0.4930362716296975,0.5026922454683225,0.53762161463053,0.6054938713641193,0.6057010337119719,0.0013015302153803754,0.0013817015390383824,0.0013993849952760318,0.001381872398427464,0.0013382809977831034,0.0013509381013996347,0.0014259317050180353,0.0013746197145313443,0.001380462355146106,0.0013724506224179756,0.0013665018041026933
2025-06-20,0.578133657678818,0.5284435958831234,0.5426393102211158,0.5128056597472697,0.5951735647157997,0.5941074132915009,0.4928448573261728,0.5025327456715895,0.5375026265914155,0.6053925233984139,0.6056070867835402,0.0012832342047669476,0.00136122874302258,0.0013786131926937228,0.001361049612605636,0.0013194136318601668,0.0013318869073667416,0.0014038822517310479,0.0013538015843731488,0.001360276415951378,0.0013526783926979258,0.0013469370824176208
2025-06-21,0.5780281066658766,0.528270773932794,0.542462135249963,0.5126127031488485,0.5950618646734916,0.5939943450637232,0.49261317219791256,0.5023347449951023,0.5373455020228372,0.6052534775032247,0.6054756945651313,0.001264558464506793,0.001340353137521122,0.0013574334362876916,0.0013398240703061948,0.0013001558302166982,0.0013124415865702899,0.0013814173670990693,0.001332582842545782,0.0013396879490801261,0.0013325058836792802,0.0013269737803798254
2025-06-22,0.5778871699569166,0.5280596354739037,0.5422461269173485,0.5123811766950482,0.594913740597986,0.5938445044605457,0.4923412848042744,0.5020983020304469,0.5371502874204834,0.6050767748244684,0.605306895937816,0.0012455085210525407,0.001319080899962466,0.0013358519934888458,0.0013182020525084326,0.0012805132915455486,0.0012926078931929652,0.001358543698843695,0.0013109697680161458,0.001318703046991554,0.0013119390647313711,0.0013066178054512712
2025-06-23,0.5777108892573772,0.5278102429857189,0.5419913491436136,0.5121111488982719,0.5947292363215785,0.5936579358222136,0.49202927560111204,0.5018234867449001,0.5369170405514954,0.604862467651311,0.6051007408518239,0.0012260900115885764,0.0012974183251434068,0.0013138752505936768,0.001296189957516014,0.0012604918283893873,0.0012723916963436332,0.00133526801565087,0.0012889687564405783,0.00129732791945536,0.0012909840219075264,0.0012858751812924174
2025-06-24,0.5774993167315535,0.5275226702674894,0.5416978773215998,0.5118026996640885,0.5945084064420543,0.5934346943573892,0.49167723691696835,0.5015103804607264,0.5366458304373742,0.6046106194006925,0.6048572903117624,0.0012063086823640434,0.0012753718233686762,0.0012915097108734397,0.0012737942990612705,0.001240097365422077,0.0012517989783209504,0.0013115972051698788,0.001266586318272589,0.0012755688917157615,0.0012696469561415125,0.0012647520459800887
2025-06-25,0.5772525149871602,0.5271970024166089,0.541365798294341,0.5114559202675887,0.5942513163065272,0.5931748461268128,0.49128527292575386,0.5011590758311126,0.5363367373335559,0.6043213045985621,0.6045766163585623,0.0011861703869929796,0.0012529479185523495,0.0012687619926513571,0.00125102170437974,0.0012193359376933,0.001230835832840671,0.0012875382719743644,0.0012438290768354565,0.0012534324026188814,0.001247934181414223,0.0012432546501893738
2025-06-26,0.5769705570568034,0.5268333358034343,0.540995210329364,0.5110709133263758,0.5939580419921046,0.5928784680237572,0.4908534996159195,0.5007696768127506,0.5359898527056633,0.6039946088578247,0.6042588020481621,0.0011656810847205934,0.0012301532462890563,0.0012456388273434094,0.0012278789122494027,0.0011982136888433192,0.0012095084632356423,0.001263098335489543,0.0012207037663632403,0.001230925002708716,0.0012258521228853958,0.0012213893553452149
2025-06-27,0.5766535263763718,0.526431778042767,0.5405862230896098,0.5106477927701969,0.5936286702833743,0.5925456477512707,0.49038204475613434,0.5003422986350746,0.5356052792024381,0.603630628853006,0.6039039414269297,0.0011448468386614508,0.0012069945518889957,0.0012221470574659277,0.0012043727709938334,0.001176736869285655,0.0011878231806170536,0.0012382846278858883,0.0011972172300070416,0.0012080533522863535,0.001203407314991356,0.0011991626317410242
2025-06-28,0.5763015167603436,0.5259924479620088,0.5401389576009823,0.510186683807233,0.5932632986467237,0.5921764837962266,0.4898710478574763,0.49987706776616353,0.5351831306253672,0.6032294722916454,0.6035121395038315,0.0011236738140038005,0.0011834786883822002,0.001198293634611436,0.0011805102364593756,0.0011549118343560094,0.0011657864020089281,0.0012131044919388434,0.0011733764178113448,0.0011848242194414382,0.0011806063995122296,0.0011765810566209955
2025-06-29,0.5759146323740276,0.5255154755659988,0.5396535462165364,0.5096877228870437,0.5928620352014985,0.5917710854001791,0.48932066013214887,0.4993741218753164,0.5347235318950064,0.6027912578824228,0.6030835122193606,0.001102168276186588,0.0011596126144910457,0.0011740856173922953,0.0011562983699529017,0.0011327450424336583,0.0011434046484493088,0.0011875653788555596,0.001149188384655886,0.0011612444780479958,0.0011574561236051828,0.0011536513122369918
2025-06-30,0.5754929877027385,0.5250010019985432,0.539130132577309,0.5091510576601933,0.5924249986880085,0.5913295725270348,0.48873104444873505,0.4988336097923137,0.5342266190140139,0.6023161153000326,0.6026181864112266,0.0010803365890441619,0.0011354033925713436,0.0011495301693492666,0.0011317443361557045,0.001110243053029758,0.001120684543058137,0.0011616748460707704,0.0011246602881687662,0.0011373211057306154,0.0011339633378092406,0.0011303801838696836
2025-07-01,0.5750367075179176,0.5244491795006468,0.5385688715698178,0.5085768469345566,0.5919523184323884,0.5908520758275567,0.4881023752840013,0.498255691463377,0.5336925390269062,0.601804185146809,0.6021162997768216,0.001058185212924112,0.001110858186520458,0.0011246345568353133,0.0011068554010014164,0.0010874125248440114,0.0010976328090805954,0.0011354405550094704,0.0010997993866084244,0.0011130611818004343,0.0011101349940180194,0.0011067745578194899
2025-07-02,0.5745459268402123,0.5238601713654655,0.5379699292802244,0.5079652606283256,0.591444134308331,0.5903387366007002,0.487434838671268,0.49764053790383733,0.5331214499765438,0.6012556189111207,0.6015780008324764,0.0010357207027745785,0.0010859842596605551,0.001099406146862214,0.0010816389295266182,0.0010642602137974633,0.0010742562678955903,0.00110887026882045,0.0010746130367152995,0.001088471885159259,0.0010859781434217064,0.0010828414193717606
2025-07-03,0.5740207908995217,0.5232341518899822,0.5373334829451882,0.5073164797197273,0.5909005966956942,0.5897897067518019,0.4867286321453582,0.49698833114752994,0.5325135208573649,0.6006705789225427,0.6010034488695083,0.0010129497062064674,0.001060788972586213,0.0010738524049225262,0.0010561023836903605,0.0010407929710313235,0.0010505618369981429,0.0010819718500788,0.0010491086915357384,0.001063560492175708,0.001061499934421506,0.0010585878507267665
2025-07-04,0.5734614550920193,0.5225713063234317,0.5366597208994195,0.506630696193471,0.5903218664360026,0.5892051487476264,0.4859839646841448,0.4962992641929271,0.5318689315653758,0.600049238303819,0.6003928139070865,0.0009898789615235826,0.0010352797809884962,0.0010479808927796874,0.0010302533201679287,0.001017017740880255,0.001026556527951028,0.0010547532584593289,0.0010232938982158157,0.001038334374530936,0.001036707610512222,0.0010340210289052632
2025-07-05,0.5728680849341684,0.5218718308124811,0.535948842519947,0.505908112983935,0.5897081147848504,0.5885852355682922,0.48520105664671026,0.49557354094602685,0.5311878728449193,0.5993917809196357,0.599746276641921,0.0009665152957298861,0.001009464233447499,0.001021799266230139,0.0010040993881129667,0.0009929415588169066,0.0010022474443117657,0.0010272225483815012,0.0009971762957683983,0.001012800997039931,0.0010116085081419701,0.0010091482236254112
2025-07-06,0.5722408560137463,0.5211359323431877,0.5352010581671202,0.5051489439151161,0.5890595233612268,0.5879301506560822,0.4843801397081384,0.4948113761600134,0.5304705462322272,0.5986984013222107,0.599064028394791,0.0009428656225108911,0.000983349969199021,0.0009953152728382486,0.000977648326894398,0.0009685715493725766,0.0009776417795288594,0.0009993878666249567,0.0009707636128118979,0.0009869679154391742,0.0009862100545392494,0.0009839767951512757
2025-07-07,0.571579953937881,0.5203638286797476,0.5344165891223606,0.5043534136373562,0.5883762840937673,0.5872400878611614,0.48352145679095904,0.49401299537170923,0.5297171639957854,0.5979693046937214,0.598346271053928,0.0009189369401847447,0.0009569447158739308,0.0009685367496446995,0.0009509079638073681,0.000943914924023237,0.00095274681481472,0.0009712574499204374,0.0009440636652843781,0.0009608427741535364,0.0009605197655144782,0.0009585141921122364
2025-07-08,0.57088557427813,0.5195557483000579,0.5335956675226784,0.5035217575608626,0.5876585991639642,0.5865152513842129,0.4826252619932619,0.49317863483483415,0.528927949073518,0.5972047067855912,0.5975932170152776,0.0008947363296341049,0.0009302562872122166,0.0009414716208442364,0.0009238862117548763,0.0009189789790619018,0.0009275699169899454,0.0009428396225102387,0.000917084354129738,0.0009344333040323116,0.0009345452432382162,0.0009327679493028596
2025-07-09,0.5701579225126056,0.5187119303281025,0.5327385362919829,0.5026542217860488,0.5869066809463347,0.5857558557160114,0.481691820513506,0.4923085414500944,0.5281031350068183,0.5964048338546416,0.5968050891196445,0.0008702709522079299,0.0009032925807482828,0.0009141278954445387,0.0008965910669085364,0.0008937710934358023,0.0009021185363031758,0.0009141427936869562,0.0008898336629599712,0.000907747320063157,0.0009082941739889661,0.0009067456854503497
2025-07-10,0.5693972139651723,0.5178326244631952,0.5318454490691946,0.501751063030708,0.5861207519455763,0.5849621255739529,0.48072140857204304,0.4914029726921215,0.5272429658714384,0.5955699225961416,0.5959821205867538,0.0008455480476059485,0.0008760615754769274,0.0008865136648934513,0.0008690306063409148,0.0008682987265636877,0.0008764002042278562,0.0008851754553039215,0.0008623196556936108,0.0008807927190578324,0.0008817743258803246,0.0008804551009619077
2025-07-11,0.5686036737417279,0.516918090906089,0.530916670133192,0.5008125485540459,0.5853010447307248,0.5841342958355569,0.47971431332937875,0.49046219653327994,0.5263476962052642,0.5947002200737653,0.5951245549462336,0.0008205749317330424,0.0008485713294915653,0.0008586371006866766,0.0008412129856351647,0.0008425694161287023,0.0008504225312327973,0.0008559461792624901,0.0008345504741677501,0.0008535774773164029,0.0008549935465627101,0.0008539039756433331
2025-07-12,0.5677775366635914,0.5159686002819761,0.5299524743246039,0.4998389560775958,0.5844478018663326,0.5832726114689605,0.4786708328011981,0.48948649136437034,0.5254175909329932,0.5937959836464811,0.5942326459655548,0.0007953589945359774,0.0008208299775973593,0.000830506451947155,0.0008131464364733998,0.0008165907758477253,0.0008241932045283118,0.000826463614975792,0.0008065343357296917,0.0008261096482665709,0.0008279597608987777,0.0008271001664007516
2025-07-13,0.5669190471980158,0.5149844335604079,0.5289531469644836,0.4988305737030351,0.5835612758406914,0.5823773274604309,0.4775912757701774,0.4884761459122503,0.5244529252877398,0.5928574808923959,0.5933066575749336,0.0007699076978167074,0.0007928457289066992,0.00080213004298757,0.0007848392641988666,0.0007903704932187283,0.0007977199857942541,0.0007967364868089466,0.0007782795308059476,0.0007983973600809158,0.0008006809686212923,0.0008000516049120332
2025-07-14,0.5660284593858455,0.5139658819721515,0.5279189837698732,0.4977876998269314,0.5826417289911144,0.5814487087389111,0.47647596169461054,0.4874314591543938,0.5234539847295877,0.591884989529573,0.5923468637892324,0.0007442285730230314,0.0007646268644093679,0.0007735162708425447,0.0007562998453591319,0.000763916327244929,0.0007710107088829687,0.000766773591497405,0.000749794420447758,0.0007704488132711518,0.0007731652419631363,0.0007727662952815573
2025-07-15,0.5651060367663416,0.5129132469230084,0.526850290766301,0.496710643052443,0.5816894334263087,0.5804870300976201,0.4753252206138761,0.4863527402304198,0.5224210648611205,0.5908787973338531,0.5913535486268747,0.000718329219020819,0.0007361817345209465,0.0007446736027884038,0.0007275366252273985,0.0007372361061396271,0.0007440732774985914,0.0007365837955439214,0.0007210874338574591,0.0007422722782626234,0.0007454207232709953,0.0007452523116721066
2025-07-16,0.5641520522991984,0.5118268399046254,0.5257473841972204,0.4955997220979979,0.5807046709458529,0.5794925761127399,0.47413939305077335,0.48524030835061294,0.5213544713399448,0.5898392020536947,0.5903270060257972,0.0006922172998458098,0.0007075187566135677,0.0007156105738348462,0.0006985581153035048,0.0007103377250095022,0.0007169156628602513,0.0007061760325947075,0.0006921670658943668,0.0007138760929450427,0.0007174556225941764,0.0007175177959133361
2025-07-17,0.5631667882837679,0.5107069824023174,0.5246105904304292,0.4944552657029792,0.5796877329568081,0.5784656410592034,0.4729188299107565,0.48409449270146376,0.5202545197882431,0.5887665113220669,0.5892675397564718,0.0006659005424353159,0.0006786464125230207,0.000686335784199521,0.0006693728907944951,0.0006832291435183713,0.0006895459013429583,0.000675559300796047,0.000663041874560566,0.0006852686602060176,0.0006892782152558841,0.0006895709550955864
2025-07-18,0.5621505362755231,0.5095540057999363,0.523440245861492,0.49327761253044683,0.5786389203874867,0.5774065288236151,0.47166389237809603,0.48291563234825724,0.5191215356993766,0.5876610425654153,0.5881754633320121,0.000639386734340941,0.0006495732460407577,0.0006568578967633965,0.0006399895880778717,0.0006559183835316285,0.0006619720920997274,0.0006447426601320361,0.0006337204784688244,0.0006564584454455957,0.0006608968394045123,0.0006614200591377184
2025-07-19,0.5611035969997836,0.5083682512818081,0.5222366968141957,0.4920671110669209,0.5775585435984009,0.5763155528143253,0.4703749518089973,0.48170407613473787,0.517955854341565,0.5865231229097297,0.5870510999154023,0.0006126837214250891,0.0006203078603841394,0.0006271856345076987,0.0006104169021455275,0.0006284135267423663,0.000634202394664718,0.0006137352297417298,0.0006042115542918003,0.0006274539740700469,0.0006323198935452856,0.0006330734383434011
2025-07-20,0.5600262802627246,0.5071500697317722,0.5210002994380672,0.4908241195192601,0.5764469222904245,0.5751930358686868,0.469052389621712,0.4804601825798812,0.5167578206586764,0.5853530890837441,0.5858947822238658,0.0005857994055391558,0.0005908589156522481,0.0005973277779327546,0.0005806635840313601,0.0006007227122800662,0.0006062450265374997,0.0005825461852229097,0.0005745238341949843,0.0005982638289689923,0.0006035558340564684,0.0006045394809326421
2025-07-21,0.5589189048597009,0.5058998216293475,0.519731419602981,0.4895490057086609,0.5753043854101875,0.5740393101575236,0.46769659718366907,0.47918431977180276,0.515527789168151,0.5841512873192911,0.5847068524304121,0.0005587417421843988,0.0005612351262610504,0.0005672931624576272,0.0005507384382207325,0.0005728541343030802,0.0005781082607535515,0.0005511847559154792,0.0005446661032526001,0.0005688966479753255,0.0005746131726859227,0.0005758266305639914
2025-07-22,0.55778179848091,0.504617876943062,0.5184304327908953,0.4882421469618144,0.5741312710527334,0.5728547170868352,0.466307975695664,0.47787686525883394,0.514266123856097,0.582918073248849,0.5834876620625784,0.0005315187381585984,0.0005314452583664586,0.0005370906758093152,0.0005206503200456125,0.0005448160395711277,0.0005498004234342213,0.0005196602221712587,0.0005146471968474065,0.0005393611213109217,0.0005455004740337888,0.000546943383831211
2025-07-23,0.5566152976144239,0.503304615020973,0.517097723984738,0.4869039299992493,0.5729279263614747,0.5716396071967698,0.4648869360731356,0.4765382059377999,0.5129731980695784,0.5816538118003005,0.5822375718984099,0.0005041384491868417,0.0005014981272696284,0.0005067292553884162,0.0004904081330645016,0.0005166167250076903,0.0005213298913243625,0.00048798191260679413,0.00048447599805667707,0.0005096659890132527,0.000516226353014404,0.000517898287751839
2025-07-24,0.5554197474466166,0.5019604244784119,0.5157336875544869,0.4855347508208945,0.5716947074254657,0.5703943400578925,0.46343389882457037,0.47516873793953085,0.5116493944061364,0.5803588770889485,0.5809569518596973,0.0004766089775376514,0.000471402594808934,0.00047621788562901557,0.0004600208264267658,0.0004882645352439763,0.0004927050893119844,0.0004561592013432869,0.00045416143502374773,0.00047982003834967646,0.00048679947231156095,0.0004886999372365475
2025-07-25,0.5541955017600165,0.5005857030829858,0.5143387271404664,0.4841350145888968,0.5704319791740297,0.5691192841647846,0.46194929392706763,0.4737688665116402,0.5102951046005733,0.5790336523068085,0.5796461809025135,0.00044893846962390516,0.0004411675667361781,0.00044556559533548423,0.0004294973922253087,0.00045976786014889637,0.0004639344879371343,0.0004242015052333681,0.00042371247831551884,0.00044983210121729567,0.00045722853981366995,0.00045935697254706476
2025-07-26,0.552942922828619,0.49918085763687303,0.512913255533906,0.4827051355077272,0.5691401152687718,0.5678148168269984,0.4604335606991013,0.47233900589860495,0.508910729409031,0.5776785296092131,0.5783056469050745,0.0004211351135942065,0.0004108019900828652,0.00041478145501394614,0.00039884686283586657,0.0004311351323469381,0.0004350266008832371,0.00039211828107332813,0.00039313813826796773,0.00041971105152927013,0.000427522306034378,0.00042987807674021994
2025-07-27,0.5516623813106819,0.4977463038564424,0.5114576945547874,0.48124553670160997,0.5678194979930058,0.5664813240574058,0.45888714767051936,0.47087957921918483,0.5074966784904004,0.5762939099987717,0.576935746552955,0.0003932071369090462,0.0003803148505111542,0.0003838745741864269,0.00036807830824264753,0.00040237482472293973,0.0004059899824588875,0.00035991902280535504,0.0003624474623201701,0.00038946580258814034,0.0003976895615271925,0.0004002719730935578
2025-07-28,0.5503542561390423,0.49628246624923794,0.509972474927022,0.47975665008931484,0.56647051813863,0.5651192004579717,0.45731051244981635,0.46939101834121444,0.506053370285099,0.574880203206702,0.57553688522171,0.0003651628039059718,0.0003497151696568723,0.0003528540986962314,0.00033720083335642137,0.0003734954479147623,0.00037683322506743,0.0003276132587078928,0.0003316495323373303,0.00035910530445038,0.00036773913427978755,0.0003705474225302874
2025-07-29,0.5490189344089835,0.49478977798835777,0.5084580361509937,0.47823891625634385,0.5650935748904864,0.5637288491029828,0.4557041215887198,0.467873763753806,0.5045812318912449,0.573437827571589,0.5741094768569132,0.0003370104133537666,0.0003190120024572085,0.0003217292080022194,0.0003062235753183429,0.00034450554779463793,0.00034756495666143916,0.00029521054857645224,0.0003007534619220986,0.0003286385412754056,0.00033767988710631247,0.00034071322102369184
2025-07-30,0.5476568112636898,0.4932686807842742,0.5069148263734994,0.47669278432455664,0.5636890757082355,0.5623106814197747,0.45406845044412986,0.46632826443700215,0.5030806989382736,0.5719672099155886,0.5726539438516637,0.00030875829599896765,0.00028821443447396566,0.00029050911245853683,0.0002751557007978356,0.00031541370294052573,0.00031819383819364777,0.0002627204808942629,0.00026976839371867234,0.0002980745286689235,0.0003075207150218251,0.00031077819699310005
2025-07-31,0.5462682897773139,0.49171962475412123,0.5053433022551417,0.47511871181926624,0.5622574362057808,0.5608651170669804,0.4524039830374534,0.46475497772891544,0.5015522154580271,0.5704687854181251,0.5711707169215955,0.0002804148120967298,0.0002573315792023245,0.00025920305059512483,0.00024400640327842948,0.0002862285220971428,0.00028872856104977807,0.00023015266999482087,0.00023870349670729318,0.00026742231101395397,0.0002772705426099531,0.00028075120869408554
2025-08-01,0.5448537808357027,0.49014306828850057,0.5037439288351899,0.4735171645338518,0.5607990800282843,0.5593925838103485,0.45071121191137503,0.4631543691903947,0.49999623375335794,0.5689429974871144,0.5696602349774199,0.00025198834894013533,0.0002263725753764434,0.00022782028637891028,0.0002127849003387694,0.0002569586416288905,0.0002591778444791526,0.0001975167532177191,0.00020756796349097328,0.00023669095879469415,0.0002469383213837828,0.0002506411415956755
2025-08-02,0.5434137030148094,0.48853947791583446,0.5021171793939705,0.4718886163919214,0.5593144387268015,0.5578935173961608,0.4489906379841047,0.4615269124672579,0.498413214264286,0.5673902976277533,0.5681229449950455,0.00022348731837718017,0.00019534658426340057,0.00019637010647444164,0.00018150043092390877,0.00022761272296456525,0.00022955043301464695,0.000164822388055319,0.0001763710075751157,0.00020588956591277574,0.0002165330271355348,0.00022045690575056565
2025-08-03,0.5419484824568296,0.4869093281643138,0.500463535312815,0.47023354930707056,0.557803951630579,0.5563683614222869,0.44724277040114935,0.45987308915013225,0.4968036254317463,0.5658111453089105,0.5665593018833107,0.00019492015432087673,0.00016426278695341745,0.000164861817496198,0.00015016225261105243,0.00019819945003329842,0.0001998550938839827,0.0001320792492968681,0.00014512186064025157,0.00017502724699569594,0.00018606365728079943,0.0001902074331606718
2025-08-04,0.5404585527440995,0.48525310142147654,0.4987834859316115,0.46855245304027787,0.5562680657170508,0.554817567206917,0.4454681263846469,0.45819338863194503,0.49516794355897015,0.564206007827163,0.5649697683493692,0.00016629531025491584,0.00013313038164214364,0.00013330474325362607,0.00011877963887202414,0.00016872752669683244,0.0001701006144159134,9.929702616351399e-05,0.00011382976981200166,0.00014411313470030773,0.000155539228196222,0.00015990167513124653
2025-08-05,0.5389443547707921,0.4835712877914618,0.4970775284040017,0.4668458250549744,0.5547072354795676,0.5532415936550091,0.4436672310803132,0.4564883079631034,0.4935066526705396,0.5625753601685165,0.5633548147617662,0.00013762125673133507,0.00010195858090894516,0.00010170822199317975,8.736187632674142e-05,0.00013920567417002871,0.00014029579943930504,6.648541944254127e-05,8.250399492382154e-05,0.00011315637700987091,0.00012496877255196992,0.00012954859962333032
2025-08-06,0.5374063366124486,0.4818643849499806,0.49534616755026367,0.46511417036983826,0.5531219227929085,0.551640907122492,0.4418406174020424,0.45475835170440937,0.49182024436915583,0.5609196848678469,0.5617149190112513,0.00010890647886374616,7.075660899119596e-05,7.008160363314309e-05,5.591826199685679e-05,0.00010964262844470607,0.00011044946867821981,3.3654138616279194e-05,5.115380577608297e-05,8.216613452688426e-05,9.436133663698332e-05,9.915718860087352e-05
2025-08-07,0.5358449533933866,0.48013289799704517,0.49358991570792976,0.46335800140935035,0.5515125967766028,0.5500159812782636,0.4399888258742094,0.4530040317777517,0.49010921769016724,0.5592394718661137,0.560050566369359,8.01594738168987e-05,3.953369905468351e-05,3.843424699956355e-05,2.445810055351494e-05,8.004713770159988e-05,8.05704541424479e-05,8.128989890665572e-07,1.978847939387851e-05,5.115157776303114e-05,6.372597768444788e-05,6.873643537053109e-05
2025-08-08,0.5342606671520205,0.4783773393075018,0.49180929258017475,0.4615778378521602,0.5498797336561103,0.5483672969640238,0.4381124044717196,0.4512258673146217,0.48837407895389556,0.5575352183653758,0.5583622493448145,5.138874829213602e-05,8.299090460461844e-06,6.7755170536920595e-06,-7.009298435112221e-06,5.042795972287628e-05,5.066759751326533e-05,-3.20285811880594e-05,-1.1582702717449767e-05,2.01218844241291e-05,3.307176119005106e-05,3.829534192356654e-05
2025-08-09,0.5326539467041382,0.47659822837941096,0.49000482508202975,0.45977420647730416,0.5482238166218983,0.5466953420519853,0.43621190845785485,0.4494243845024917,0.48661534161580877,0.5558074286816632,0.5566504675377866,2.2602816010186544e-05,-2.2937973968240044e-05,-2.488521787674669e-05,-3.84746232598987e-05,2.0793859299206296e-05,2.074974752652725e-05,-6.486058359272961e-05,-4.295045732061187e-05,-1.0913763304032376e-05,2.4077582297943323e-06,7.842916268319122e-06
2025-08-10,0.5310252675041697,0.47479609168031967,0.4881770471844589,0.4579476410083243,0.5465453356864584,0.5450006113005065,0.43428790021996144,0.44760011642910874,0.4848335261145804,0.5540566140957401,0.5549157274920526,-6.189804808820476e-06,-5.416825068121911e-05,-5.6538588870669315e-05,-6.992856282417304e-05,-8.846394362049814e-06,-9.174242644238717e-06,-9.767339270738695e-05,-7.430550219261756e-05,-4.194618147412843e-05,-2.8256957225414325e-05,-2.2611830231444863e-05
2025-08-11,0.5293751115044931,0.47297146249147015,0.4863264997563479,0.45609868195532877,0.5448447875393044,0.543283606207682,0.4323409491030315,0.44575360292474536,0.48302915971808413,0.5522832927018105,0.553158542545101,-3.498059396500608e-05,-8.538249813760945e-05,-8.817522918663778e-05,-0.0001013618094020674,-3.84840302320999e-05,-3.909551800895805e-05,-0.00013045729869359812,-0.00010563855887107954,-7.296618709418112e-05,-5.891331099261432e-05,-5.305988552728458e-05
2025-08-12,0.5277039670128173,0.4711248807499956,0.4844537304044533,0.4542278764550487,0.543122675399991,0.5415448348629428,0.43037163124122413,0.4438853904024551,0.48120277636736597,0.5504879892542057,0.5513794326762281,-6.376103180061321e-05,-0.00011657147953886282,-0.0001197857770335875,-0.00013276506138970579,-6.811027805908587e-05,-6.900522438091361e-05,-0.0001632026002660325,-0.0001369403554004056,-0.00010396460084560744,-8.955223136264401e-05,-8.34922395490656e-05
2025-08-13,0.5260123285476836,0.4692568928891415,0.4825592933113561,0.45233577810892994,0.5413795088692073,0.539784811796704,0.4283805293873774,0.44199603169638024,0.47935491651864326,0.548671235012099,0.5495789243526672,-9.252260172099014e-05,-0.00014772596556389406,-0.00015136087834199952,-0.00016412902605961177,-9.771637095878916e-05,-9.889451099676094e-05,-0.00019589960756377645,-0.0001682016290752708,-0.00013493224979899132,-0.00012016465178665836,-0.00011389988687404706
2025-08-14,0.5243006966921292,0.46736805167656903,0.48064374907147095,0.45042294681931394,0.5396158037779738,0.5380040578281072,0.4263682327405641,0.4400860858981584,0.47748612698337434,0.5468335675822991,0.5477575503737985,-0.00012125679271546286,-0.000178836737099064,-0.0001828911895312979,-0.00019544442231012038,-0.00012729354801244153,-0.0001287545331354334,-0.00022853864501565235,-0.00019941312918203558,-0.00016585997012874554,-0.00015074151355731757,-0.00014427382939019573
2025-08-15,0.5225695779455585,0.4654589160507815,0.4787076645251562,0.4484899486237539,0.5378320820350031,0.5362030999109005,0.4243353367717365,0.43815611819147965,0.47559696076644853,0.5449755307601637,0.5459158497134856,-0.00014995510187354455,-0.00020989458796655258,-0.00021436738027552638,-0.00022670198341168124,-0.00015683305685687543,-0.0001585764547367141,-0.00026111005420581535,-0.00023056561973550105,-0.00019673860982505342,-0.00018127376848886545,-0.00017460507895894484
2025-08-16,0.5208194845738588,0.46353005095572564,0.47675161259097826,0.4465373555275145,0.5360288714722553,0.5343824709775069,0.42228244304751805,0.4362066996848381,0.47368797690254344,0.5430976743686818,0.5440543673605841,-0.00017860903690469776,-0.00024089032764856855,-0.00024578013626269657,-0.000257892459749276,-0.00018632615627722782,-0.0001883514510138129,-0.000293604196729913,-0.0002616498822129443,-0.0002275590314013698,-0.0002117523815958755,-0.00020488466007573258
2025-08-17,0.5190509344578156,0.46158202717361546,0.47477617209617395,0.4445657453343077,0.534206705688748,0.5325427097813187,0.4202101590521896,0.4342384072425334,0.4717597402906966,0.5412005540957716,0.5421736541576704,-0.0002072101186483266,-0.0002718147840070628,-0.0002771201619534147,-0.00028900662155867396,-0.00021576411878954094,-0.00021807071106616505,-0.0003260114570486361,-0.0002926567182806039,-0.0002583121145993683,-0.0002421683337661129,-0.00023510361252510048
2025-08-18,0.5172644509398613,0.4596154211560288,0.47278192760536764,0.4425757014753095,0.5323661238926513,0.5306843607372727,0.4181190980079252,0.43225182331396605,0.4698128215271442,0.539284731329843,0.540274266638039,-0.0002357498835841021,-0.00030265880599794626,-0.00030837818332979383,-0.0003200352616590796,-0.0002451382332282481,-0.0002477254404866791,-0.000358322245332221,-0.00032357695251672425,-0.00028898875908667243,-0.00027251262443050983,-0.00026525299403346025
2025-08-19,0.5154605626692104,0.4576308148533261,0.47076946924758833,0.44056781283651425,0.5305076707417311,0.5288079737607492,0.4160098786933298,0.4302475357612814,0.46784779673647103,0.5373507729936753,0.5383567668610152,-0.0002642198863366252,-0.0003334132663788125,-0.00033954495064031365,-0.0003509691981769536,-0.0002744398073198928,-0.0002773068639637666,-0.00039052700029845733,-0.00035440143512682765,-0.00031957988715086705,-0.00030277627422503617,-0.000295323882913201
2025-08-20,0.5136398034454246,0.45562879554244123,0.46873939254164143,0.4385426735844745,0.5286318961821749,0.5269141041048423,0.41388312526033266,0.4282261376854122,0.46586524740112706,0.5353992513766543,0.5364217222456332,-0.0002926117021735397,-0.0003640690644101108,-0.00037061124113718646,-0.0003817992772622847,-0.00030366017025684755,-0.0003068062278785977,-0.00042261619204231327,-0.0003851210446505493,-0.00035007644638479496,-0.0003329503276491286,-0.0003253073807041318
2025-08-21,0.5118027120604506,0.45360995565309814,0.466692298219885,0.4365008829904761,0.5267393552858525,0.5250033121960532,0.41173946704949044,0.42618822725057015,0.4638657601893566,0.5334307439654244,0.5344697054027253,-0.0003209169295005365,-0.000394617128547714,-0.0004015678618054519,-0.0004125163757989214,-0.00033279067526437167,-0.00033621480289425243,-0.0004545803248560687,-0.00041572669066131107,-0.00038046941236613563,-0.00036302585571390544,-0.000355194614808263
2025-08-22,0.5099498321391859,0.45157489259249967,0.4646287920504634,0.43444304525320493,0.5248306080860633,0.523076163468449,0.4095795384037565,0.42413440750724013,0.4618499267815943,0.5314458332729977,0.5325012939654813,-0.00034912719234470035,-0.0004250484191284376,-0.00043240565208274573,-0.0004431114041033579,-0.0003618227021568998,-0.00036552388654065293,-0.00048640994003790183,-0.00044620931645555917,-0.0004107497913272695,-0.00039299395858816144,-0.00038497674111104274
2025-08-23,0.5080817119786086,0.4495242085685467,0.4625494846580511,0.432369769319955,0.5229062194118131,0.521133228196343,0.40740397848076665,0.42206528621372635,0.45981834369537733,0.5294451066663827,0.5305170704185139,-0.00037723414283596934,-0.0004553539310433452,-0.0004631154865707421,-0.0004735753086141936,-0.0003907476598904447,-0.00039472480578850444,-0.0005180956186929819,-0.00047655990173467444,-0.0004409086228165382,-0.0004228457682271536,-0.0004146449466022606
2025-08-24,0.5061989043855297,0.4474585104116341,0.46045499134315804,0.43028166870643053,0.5209667587206702,0.5191750813255411,0.4052134310637037,0.41998147565630906,0.45777161210882555,0.5274291561927711,0.5285176219254936,-0.00040522946367516077,-0.00048552469640433804,-0.0004936882777354934,-0.0005038990745723226,-0.00041955698910522976,-0.0004238089196156869,-0.0005496279845188523,-0.000506769465271617,-0.00047093698235112225,-0.0004525724510002771,-0.00044419045198307305
2025-08-25,0.5043019665130076,0.44537840939508055,0.45834593190005335,0.42817936131519774,0.5190127999302567,0.5172023023032064,0.40300854437079064,0.41788359246805756,0.45571033768274455,0.5253985784043415,0.5265035401553976,-0.00043310487059633473,-0.0005155517871960891,-0.000524114978596113,-0.0005340737286871344,-0.0004482421646567758,-0.00045276762156498673,-0.0005809977065817096,-0.0005368290675704102,-0.0005008259840558194,-0.00048216521030375326,-0.0004736045142625933
2025-08-26,0.502391459695477,0.44328452105424226,0.45622293043335754,0.42606346925283645,0.5170449212484145,0.5152154749063899,0.40078997086347323,0.4157722574463583,0.4536351303813996,0.5233539741817297,0.5244754211074252,-0.00046085211481861066,-0.0005454263179197616,-0.0005543865854025776,-0.0005640903417932219,-0.0004767946981402149,-0.00048159234229072645,-0.0006121955020758074,-0.0005667298135116905,-0.0005305667832942729,-0.0005116152891647685,-0.0005028784293468203
2025-08-27,0.5004679492826429,0.44117746500436683,0.4540866151733609,0.4239346186458492,0.5150637050021059,0.5132151870692835,0.3985583670533456,0.41364809536921315,0.451546604292018,0.5212959485562206,0.522433864934632,-0.0004884629854856604,-0.0005751394482209071,-0.0005844941402989301,-0.0005939400314918797,-0.000505206140401615,-0.000510274552094514,-0.0006432121390715917,-0.0005964628549829931,-0.000560150579285601,-0.0005409139728301815,-0.0005320035346132457
2025-08-28,0.49853200447218254,0.4390578647572388,0.4519376182901184,0.4217934394553805,0.5130697374650925,0.51120203070924,0.39631439330787843,0.41151173481035447,0.4494453774430707,0.5192251105307069,0.5203794757663346,-0.0005159293120965969,-0.0006046823855060945,-0.0006144287339757137,-0.0006236139647797234,-0.0005334680840382022,-0.0005388057634485577,-0.0006740384392470156,-0.0006260193934997105,-0.0005895686177085913,-0.0005700525913485688,-0.0005609712114748033
2025-08-29,0.4965841981413117,0.4369263475366721,0.44977657570638213,0.41964056529080135,0.5110636086844488,0.5091766015516143,0.3940587136550048,0.409363807953243,0.447332071621388,0.5171420728994766,0.5183128615293405,-0.0005432429669234295,-0.0006340463875451618,-0.0006441815083048086,-0.000653103360662266,-0.0005615721658859263,-0.0005671775335091,-0.0007046652806042553,-0.0006553906828057898,-0.0006188121932922952,-0.0005990225221341738,-0.0005897728879296071
2025-08-30,0.49462510667726073,0.43478354409290537,0.44760412690942014,0.4174766332222132,0.5090459123059562,0.507139498953481,0.39179199558662464,0.4072049504039919,0.44520731218816223,0.515047452066878,0.5162346337680506,-0.0005703958674167509,-0.0006632227650572586,-0.0006737436589618895,-0.0006823994927530053,-0.0005895100694950361,-0.0005953814666119772,-0.0007350836001677741,-0.0006845680314650493,-0.0006478726523921896,-0.0006278151925179776,-0.0006184000410984769
2025-08-31,0.4926553098067127,0.43263008851595186,0.4454209147617831,0.4153022835919294,0.507017245398435,0.5050913257262721,0.3895149098610822,0.4050358010032831,0.44307172789389343,0.5129418678649144,0.5141454074634952,-0.000597379978595991,-0.0006922028842829553,-0.0007031064380307317,-0.0007114936918551917,-0.000617273527590112,-0.0006234092167604066,-0.0007652843966677869,-0.0007135428054299564,-0.0006767413955512946,-0.0006564220822858902,-0.0006468441997458108
2025-09-01,0.4906753904242528,0.4304666180479627,0.44322758531106976,0.4131181598249878,0.5049782082770609,0.5030326879573975,0.38722813030467856,0.4028570016373227,0.44092595069233326,0.5108259433698271,0.51204580085135,-0.0006241873154285704,-0.0007209781695386441,-0.0007322611565926951,-0.0007403773485269993,-0.000644854324517552,-0.0006512524900919026,-0.0007952587332025751,-0.0007423064305988603,-0.0007054098800434172,-0.0006848347261987353,-0.000675096946787912
2025-09-02,0.48868593441987973,0.42829377289465603,0.44102478759875224,0.4109249082387499,0.5029294043257233,0.5009641948308936,0.3849323336122753,0.4006691970478963,0.4387706155534773,0.5087003047177161,0.509936435238991,-0.0006508099451923988,-0.0007495401057546758,-0.000761199187297279,-0.0007690419156299866,-0.0006722442986756283,-0.0006789030473338675,-0.0008249977398835373,-0.0007708503953524071,-0.0007338696224031827,-0.0007130447164979126,-0.0007031499217822201
2025-09-03,0.4866875305056328,0.42611219603587064,0.4388131734681126,0.40872317785164625,0.5008714398184736,0.4988864584471552,0.3826281991470493,0.39847303464158,0.4366063602756694,0.5065655809192563,0.5078179348216394,-0.0006772399898227754,-0.0007778802409944552,-0.0007899119669161347,-0.0007974789108574076,-0.0006994353449301105,-0.0007063527062416974,-0.0008544926164604782,-0.0007991662530724697,-0.0007621122009348058,-0.0007410437053941843,-0.0007309948234021091
2025-09-04,0.48468077004138127,0.42392253303529726,0.43659339737135416,0.406513620191121,0.4988049237401185,0.49680009364180594,0.38031640873945893,0.39626916429816356,0.43443382529686564,0.5044224036735648,0.5056909264976521,-0.0007034696282445796,-0.0008059901889559407,-0.000818390998875318,-0.0008256799192446485,-0.000726419417013624,-0.0007335933440195119,-0.0008837346349246378,-0.000827245624640538,-0.0007901292582051522,-0.0007688234075353684,-0.0007586234118931445
2025-09-05,0.4826662468598324,0.42172543184944594,0.4343661161759366,0.4042968891008338,0.49673046760601297,0.494705717803758,0.37799764648547884,0.39405823817833774,0.43225365350511924,0.5022714071812686,0.5035560396830122,-0.0007294910986854752,-0.0008338616314534364,-0.0008466278557711648,-0.0008536365956601788,-0.0007531885299044694,-0.0007606168997245089,-0.0009127151420925128,-0.0008550802009192893,-0.0008179125035157053,-0.0007963756024611524,-0.0007860275115116888
2025-09-06,0.4806445570908058,0.41952154263590546,0.4321319889701986,0.4020736405471783,0.4946486852811019,0.4926039506925172,0.3756725985441652,0.391840910530712,0.43006649004833836,0.5001132279568357,0.5014139061250761,-0.0007552967009741285,-0.0008614863208786239,-0.0008746141818639086,-0.0008813406672733004,-0.0007797347621917305,-0.0007874153766516678,-0.0009414255621656986,-0.000882661745209623,-0.0008454537153581021,-0.0008236921370341488,-0.0008131990129429667
2025-09-07,0.47861629898483043,0.41731151756095153,0.42989167686832475,0.3998445324251704,0.4925601927982679,0.490495414254786,0.3733419529346105,0.38961783749821055,0.4278729821433788,0.4979485046402213,0.4992651597156259,-0.0007808787988171084,-0.0008888560826414982,-0.0009023416955487584,-0.0009087839360034655,-0.0008060502584180118,-0.0008139808447004682,-0.0009698573992688586,-0.0009099820956890436,-0.0008727447438435232,-0.0008507649278510776,-0.00084012987570381
2025-09-08,0.476582072736111,0.4150960106065594,0.42764584281470874,0.3976102243637659,0.49046560817603707,0.488380732440419,0.3710063993323469,0.38738967692390963,0.4256737788845193,0.4957778778078805,0.497110436303295,-0.0008062298220606334,-0.0009159628175892109,-0.0009298021918086596,-0.0009359582809461142,-0.0008321272314048556,-0.0008403054427219003,-0.000998002239964102,-0.0009370331678260624,-0.0008997775131182051,-0.000877585963639127,-0.0008668121305178134
2025-09-09,0.47454248030492224,0.41287567737688124,0.425395151387779,0.395371377530667,0.48836555123569786,0.4862605310177875,0.3686666288652609,0.38515708815637095,0.42346953105138585,0.4936019897832163,0.494950373505407,-0.0008313422689287253,-0.0009427985044026532,-0.0009569875446410192,-0.0009628556607752525,-0.0008579579645562885,-0.0008663813808435505,-0.0010258517557401592,-0.0009638069567731722,-0.0009265440237509193,-0.0009041473076210615,-0.0008932378816766673
2025-09-10,0.47249812523947854,0.41065117490424147,0.42314026860333914,0.3931286544366709,0.4862606434178856,0.4841354373886031,0.3663233339090769,0.38292073185452924,0.42126089091637536,0.4914214844465011,0.49278561051929576,-0.000856208708244266,-0.0009693552019703344,-0.0009838897094622823,-0.000989468116123604,-0.0008835348141426613,-0.000892200942775645,-0.0010533977054773547,-0.000990295539735897,-0.0009530363551003007,-0.0009304410998685619,-0.0009193993093757902
2025-09-11,0.4704496124973338,0.40842316145470997,0.42088186171748243,0.39088271873962355,0.48415150759868836,0.4820060804022599,0.3639772078824723,0.3806812697921943,0.4190485120516374,0.48923700704434514,0.49061678793315683,-0.0008808217816284047,-0.0009956250517388354,-0.0010105007254894716,-0.0010157877719371156,-0.0009088502115628949,-0.0009177564880949451,-0.0010806319378861562,-0.0010164910783159176,-0.0009792466676592504,-0.0009564595596252001,-0.0009452886720273113
2025-09-12,0.4683975482663664,0.40619229633331244,0.41862059902914095,0.3886342350480306,0.48203876790532735,0.47987309016974855,0.3616289450418842,0.3784393646622198,0.4168330491356719,0.48704920399875684,0.4884445475364864,-0.0009051742056759848,-0.0010216002800361168,-0.0010368127180943043,-0.0010418068398069802,-0.0009338966655837444,-0.0009430404545039961,-0.0011075463939186903,-0.0010423858208318815,-0.0010051672053746352,-0.0009821949876100966,-0.0009708983085525147
2025-09-13,0.4663425397853967,0.40395923968892905,0.4163571496823238,0.3863838687243917,0.4799230495314692,0.4777370978771952,0.3592792402760668,0.37619567988040226,0.41461515775959873,0.48485872271585556,0.48626953213016544,-0.0009292587741132063,-0.0010472732003746765,-0.0010628179011355487,-0.0010675176202715742,-0.0009586667645560265,-0.0009680453600704464,-0.0011341331091546114,-0.0010679721046131796,-0.0010307902979425076,-0.001007639768296098,-0.0009962206406483598
2025-09-14,0.4642851951644959,0.40172465231894766,0.4140921834681088,0.38413228568830676,0.4778049785522191,0.47559873559908417,0.3569287889004636,0.37395087938916566,0.41239549423315885,0.48266621139429433,0.484092385336246,-0.0009530683599288658,-0.00107263621572401,-0.001088508579260461,-0.0010929125050974653,-0.0009831531786090864,-0.0009927638054404997,-0.00116038421615694,-0.0010932423582670214,-0.0010561083630772905,-0.0010327863721633634,-0.0010212481750285218
2025-09-15,0.46222612320503687,0.39948919547372164,0.4118263706264382,0.38188015221942034,0.4756851817388562,0.47345863611121625,0.3545782864514517,0.37170562746109154,0.4101747153905006,0.4804723188334471,0.48191375140749065,-0.0009765959174835581,-0.001097681820760421,-0.0011138771501843503,-0.0011179839795301127,-0.0010073486618193406,-0.0010171884760285521,-0.0011862919468010324,-0.0011181891039181435,-0.0010811139087561483,-0.0010576273579274709,-0.0010459735056436714
2025-09-16,0.4601659332195397,0.39725353066089697,0.40956038164778513,0.37962813476025964,0.4735642863733617,0.4713174327034609,0.3522284284805216,0.36946058850234736,0.4079534783958121,0.47827769424141925,0.4797342750367302,-0.0009998344845943974,-0.0011224026040857482,-0.001138916106939114,-0.001142724624516367,-0.0010312460543540625,-0.001041312144181572,-0.0012118486345724655,-0.00114280495942376,-0.0011057995354363803,-0.001082155374740823,-0.0010703893158703348
2025-09-17,0.4581052348513666,0.39501831944966,0.40729488707474504,0.37737689971902194,0.4714429200627965,0.4691757589923552,0.3498799103484528,0.3672164268560806,0.40573244054885677,0.47608298704293595,0.47755460116608706,-0.0010227771845952027,-0.001146791250422885,-0.0011636180400942386,-0.0011671271189017673,-0.001054838284589965,-0.0010651276713180002,-0.0012370467168359989,-0.001167082640555872,-0.0011301579382431703,-0.0011063631643681293,-0.0010944883806774386
2025-09-18,0.45604463789431793,0.39278422327496904,0.4050305573036101,0.37512711327237525,0.4693217105535812,0.4670342487336062,0.3475334270195442,0.3649738066058276,0.40351225909046656,0.47388884668716635,0.4753753747961271,-0.0010454172283722585,-0.0011708405427789392,-0.0011879756399505448,-0.0011911842415952,-0.0010781183712067488,-0.0010886280100403933,-0.001261878737074007,-0.001191014963157766,-0.0011541819091335226,-0.0011302435633354646,-0.0011182635687640996
2025-09-19,0.4539847521121849,0.39055190324182537,0.402768062385989,0.3728794411683242,0.46720128554573653,0.4648935356345536,0.3451896728559642,0.36273339137900024,0.40129359100805395,0.4716959224555418,0.47319724079499353,-0.0010677479163725412,-0.001194543364581635,-0.0012119816987025134,-0.0012148888737074093,-0.0011010794252523382,-0.001111806206220034,-0.0012863373470921036,-0.0012145948452707556,-0.0011778643390281118,-0.0011537895050488522,-0.0011417078446697149
2025-09-20,0.4519261870583114,0.38832201992964166,0.40050807183052844,0.3706345485292065,0.46508227250713696,0.46275425316664376,0.34284934141227746,0.3604958441505092,0.3990770928411997,0.4695048632696237,0.47102084370758013,-0.0010897626405856897,-0.001217892701784129,-0.0012356291125705798,-0.00123823400065598,-0.0011237146521811403,-0.0011346554010560617,-0.001310415309193902,-0.001237815309228063,-0.001201198219914712,-0.0011769940218847585,-0.0011648142708556852
2025-09-21,0.4498695518952155,0.3860952331967652,0.3982512544047929,0.3683930996548704,0.4629652984878319,0.46061703437797663,0.34051312523021005,0.3582618270465782,0.39686342048737155,0.4673163174990756,0.4688468275647998,-0.0011114548865009954,-0.0012408816449420712,-0.0012589108839053398,-0.001261212714242732,-0.0011460173538656582,-0.0011571688331041274,-0.001334105498323357,-0.0012606694837207777,-0.0012241766469225368,-0.0011998502472536088,-0.0011875760097590504
2025-09-22,0.44781545521433025,0.38387220198521566,0.39599827793736786,0.3661557578260996,0.4608509899344925,0.45848251170597654,0.33818171563371685,0.35603200114880984,0.3946532290078333,0.4651309327698013,0.4666758356930059,-0.0011328182350337501,-0.0012635033912577476,-0.001281820123255284,-0.0012838182146961974,-0.0011679809305775724,-0.0011793398402774047,-0.001357400904171857,-0.0012831506058311737,-0.0012467928203654943,-0.0012223514176307182,-0.0012099863258148158
2025-09-23,0.4457645048559106,0.3816535841256939,0.3937498091202369,0.36392318510833654,0.4587399725050361,0.4563513167902432,0.33585580252440594,0.35380702629856214,0.3924471724338023,0.462949355772302,0.4645085105236214,-0.0011538463644256147,-0.0012857512465918597,-0.0013043500514081652,-0.001306043812685287,-0.001189598882940901,-0.0012011618618182895,-0.001380294633254453,-0.0013052520230331655,-0.001269040047754022,-0.0012444908745573025,-0.0012320385874496353
2025-09-24,0.4437173077291645,0.37944003614291844,0.391506513311497,0.36169604215576684,0.45663287088348264,0.4542240802856399,0.3335360741773867,0.35158756090168924,0.3902459035729111,0.460772232070309,0.4623454934030325,-0.0011745330521144015,-0.001307618627446494,-0.0013264940013960613,-0.0013278829312981522,-0.0012108648138560718,-0.0012226284402392373,-0.001402779910948282,-0.0013269671951622874,-0.0012909117457753916,-0.0012662620666124558,-0.0012537262690450746
2025-09-25,0.44167446963265766,0.37723221306135035,0.3892690543384696,0.3594749880158217,0.4545303085951021,0.45210143167567207,0.3312232170375978,0.34937426173371033,0.3880500738160306,0.4586002059097526,0.4601874244028048,-0.0011948721765769332,-0.001329099062911454,-0.0013482454204675753,-0.0013493291079880176,-0.0012317724303919086,-0.0012437332232347331,-0.0014248500834979638,-0.001348289696349314,-0.001312401442242317,-0.001287658551349713,-0.001275042952866956
2025-09-26,0.4396365950750493,0.37503076821135944,0.3870380943012616,0.3572606799341544,0.45243290782190226,0.44998399908621395,0.3289179155166774,0.3471677837454572,0.38586033294451305,0.4564339200281179,0.4580349421302755,-0.0012148577191385956,-0.0013501861965807826,-0.001369597872028172,-0.001370375996486095,-0.0012523155456484192,-0.0012644699655594005,-0.0014464986199841934,-0.0013692132169234594,-0.0013335027780081998,-0.0013086739972055228,-0.0012959823309657281
2025-09-27,0.43760428709620697,0.37283635303589485,0.3848142933768409,0.35505377316015097,0.45034128921851624,0.4478724090996345,0.32662085179043415,0.3449687798692659,0.3836773289379121,0.45427401546424984,0.45588868353957923,-0.001234483765755967,-0.001370873788432092,-0.0013905450375437112,-0.0013910173686796923,-0.0012724880805871086,-0.0012848325308781328,-0.0014677191142568602,-0.0013897315652781073,-0.0013542095088479589,-0.0013293021853706954,-0.001316538207042417
2025-09-28,0.4355781470887585,0.37064961689771186,0.38259830962367886,0.35285492075303165,0.4482560717285399,0.4457672865693832,0.32433270559698074,0.34277790082576176,0.3815017077822344,0.4521211313686582,0.4537492837431628,-0.001253744508766086,-0.0013911557166741972,-0.0014110807184108398,-0.0014112471164545726,-0.0012922840658301515,-0.0013048148935799753,-0.0014885052868304771,-0.0014098386697039,-0.0013745155073070503,-0.0013495370116329286,-0.0013367044982825482
2025-09-29,0.43355877462012954,0.3684712068872148,0.3803907987870194,0.3506647733885999,0.4461778724013758,0.44366925443508487,0.3220541540355887,0.34059579493130154,0.37933411327878247,0.4499759048143836,0.451617375823846,-0.0012726342486051312,-0.001411025979558278,-0.0014311988377911922,-0.0014310592535028421,-0.001311697643427534,-0.0013244111405624204,-0.001508850986741972,-0.0014295285801852464,-0.001394414764513574,-0.001369372488181364,-0.0013564752371559297
2025-09-30,0.43154676725512187,0.3663017676309731,0.37819241410483473,0.3484839791666968,0.44410730620964034,0.4415789335382023,0.31978587136632364,0.3384231079061263,0.377175186853643,0.4478389706084766,0.44949359064748096,-0.0012911473954955732,-0.001430478697153681,-0.0014508934424097286,-0.0014504479170945328,-0.001330723068588835,-0.0013436154729803973,-0.001528750193371009,-0.0014487954701608574,-0.0014139013919573507,-0.0013888027453795582,-0.001375844573183016
2025-10-01,0.4295427203790851,0.36414194110096576,0.3760038061145209,0.3463131834194185,0.44204498586718166,0.43949694243831866,0.3175285288105202,0.3362604826832817,0.3750255673678789,0.4457109611041489,0.4473785566762694,-0.0013092784710990735,-0.0014495081130883047,-0.001470158704315938,-0.001469407369811937,-0.0013493547113850313,-0.0013624222079633985,-0.0015481970182227855,-0.0014676336382479782,-0.0014329696232316946,-0.001407822033501649,-0.0013948067746661352
2025-10-02,0.4275472270217319,0.36199236642461097,0.3738256224603933,0.344153028520151,0.43999152164776867,0.43742389723009656,0.3152827943521577,0.33410855921836474,0.37288589092848007,0.4435925060136489,0.4452728997827917,-0.0013270221101385204,-0.0014681085962520712,-0.0014889889226091246,-0.0014879320012481934,-0.0013675870584131111,-0.001380825780295858,-0.001567185706668972,-0.0014860375099294831,-0.0014516138157403824,-0.001426424724434494,-0.001413356230384022
2025-10-03,0.425560877681651,0.35985367969563903,0.371658507702039,0.3420041536934827,0.43794752120450114,0.43536041136096515,0.3130493325401931,0.3319679743001495,0.3707567907001291,0.441484232221921,0.4431772430647993,-0.0013443730619859817,-0.0014862746424624262,-0.0015073785251246696,-0.0015060163296668483,-0.0013854147144279905,-0.0013988207440644995,-0.0015857106396507392,-0.001504001639204,-0.0014698284523667615,-0.0014446053133422843,-0.0014314874512545428
2025-10-04,0.42358426015156925,0.35772651378586107,0.36950310312358065,0.33986719482604666,0.43591358938999475,0.4333070954495913,0.31082880429190934,0.32983936136215236,0.3686388967178376,0.4393867636010987,0.4410922066608304,-0.0013613261922157394,-0.0015040008760944246,-0.001525322070083046,-0.0015236550036243357,-0.001402832403939902,-0.0014164017742702706,-0.0016037663353428155,-0.0015215207101962336,-0.0014876081431066113,-0.0014623584202964057,-0.0014491950719581204
2025-10-05,0.4216179593444151,0.3556114981578928,0.3673600465439101,0.33774278427835264,0.4338903280773964,0.43126455710518813,0.3086218666973401,0.3277233502951877,0.3665328357005083,0.43730072082589205,0.4390184075667026,-0.001377876484123186,-0.0015212820516698478,-0.0015428142477006968,-0.0015408428035526,-0.0014198349727740367,-0.0014335636684031372,-0.0016213474507739134,-0.001538589538731261,-0.0015049476266637551,-0.0014796787918668897,-0.0014664738525242416
2025-10-06,0.4196625571202315,0.35350925867888555,0.3652299721279474,0.3356315506976599,0.4318783359822794,0.42923340074771293,0.30642917282482546,0.3256205672609732,0.36443923086547964,0.43522672118991945,0.43695645945293166,-0.0013940190402113584,-0.0015381130554112943,-0.0015598498817612771,-0.001557574643305526,-0.001436417389596878,-0.0014503013479826299,-0.001638448783409574,-0.0015552030738685274,-0.0015218417720059274,-0.0014965613026769464,-0.0014833186798842712
2025-10-07,0.41771863211399624,0.35142041743532293,0.36311351019898225,0.3335341188319513,0.429878208485475,0.4272142274290099,0.30425137152775983,0.3235316345068396,0.36235870174410517,0.4331653784230405,0.43490697248313787,-0.00140974908363789,-0.0015544889067539702,-0.0015764239311459871,-0.0015738455716626243,-0.0014525747474042894,-0.0014666098600603639,-0.0016550652726898263,-0.0015713563993952073,-0.0015382855798835582,-0.0015130009569204739,-0.0014997245693827987
2025-10-08,0.4157867595643936,0.34934559254893544,0.36101128705214974,0.33145110934506056,0.42789053745688804,0.4252076346549496,0.302089107252584,0.3214571701815963,0.36029186399842433,0.43111730250974406,0.4328705531334891,-0.0014250619596297143,-0.0015704047598197324,-0.0015925314913274313,-0.001589650773794249,-0.0014683022649742417,-0.0014824843786848119,-0.0016711920015288206,-0.0015870447352828165,-0.0015542741843095897,-0.001528992889838654,-0.0015156866662528468
2025-10-09,0.41386751114359155,0.3472853979937878,0.3589239247691007,0.3293831386330069,0.4259159110803546,0.42321421620861666,0.29994301984808486,0.3193977881526124,0.35823932923897844,0.4290830995086425,0.4308478040132336,-0.0014399531368607388,-0.0015858559048513854,-0.0016081677958192375,-0.0016049855726871787,-0.0014835952882813475,-0.0014979202063308827,-0.0016868241977673337,-0.0016022634390999158,-0.001569802853998492,-0.0015445323691620771,-0.001531200247053388
2025-10-10,0.41196145478807555,0.34524044341459365,0.356852041033917,0.3273308186415951,0.42395491367958804,0.4212345619746006,0.29781374437605246,0.3173540978241622,0.3562017048438248,0.427063371373132,0.4288393236863789,-0.001454418208792052,-0.0016008377696071774,-0.0016233282175873165,-0.0016198454305270116,-0.0014984492918739822,-0.0015129127752885885,-0.0017019572355875257,-0.001617008007387566,-0.0015848669937672533,-0.0015596147965079021,-0.0015462607210659507
2025-10-11,0.4100691545305868,0.3432113339463136,0.3547962489503295,0.3252947566853285,0.422008125545269,0.4192692577644386,0.29570191092335557,0.3153267039570937,0.35417959377880404,0.42505871577326143,0.4268457064945671,-0.0014684528949760467,-0.0016153459207117749,-0.001638008270418767,-0.001634225950043533,-0.0015128598802132132,-0.0015274576490157399,-0.0017165866368798466,-0.001631274076990763,-0.0015994621458945701,-0.0015742357087439318,-0.0015608636316543634
2025-10-12,0.4081911703332158,0.3411986700350844,0.3527571568602901,0.32327555526769763,0.42007612276332695,0.41731888514326515,0.2936081444154892,0.3133162064898699,0.3521735944191132,0.42306972591887504,0.4248675423811994,-0.0014820530423231282,-0.0016293760649699895,-0.001652203610250147,-0.001648122875809066,-0.001526822788974369,-0.0015415505234502302,-0.0017307080725690316,-0.0016450574263499607,-0.0016135839914399042,-0.0015883907793065033,-0.0015750046575822574
2025-10-13,0.4063280579217003,0.33920304726053796,0.3507353681639539,0.32127381190288756,0.418159477044468,0.41538402125771773,0.2915330644316485,0.3113232003610374,0.3501843003722361,0.42109699038407017,0.4229054167168626,-0.001495214626331065,-0.0016429240506365406,-0.0016659100364519452,-0.0016615320954999624,-0.0015403338863080873,-0.00155518722828335,-0.001744317363895187,-0.00165835397674996,-0.0016272283515221808,-0.0016020758194830176,-0.0015886796142924875
2025-10-14,0.4044803686209772,0.33722505615955994,0.3487314811411239,0.319290118938965,0.4162587555549963,0.4134652386651485,0.28947728502138553,0.30934827533317377,0.34821230030228584,0.4191410929330303,0.42095991012610845,-0.001507933752275592,-0.0016559858686443496,-0.0016791234930719212,-0.0016744496411122967,-0.00155338917406328,-0.00156836372819541,-0.0017574104836498572,-0.0016711597935281097,-0.0016403911885556899,-0.0016152867796492276,-0.0016018844551454747
2025-10-15,0.40264864919203747,0.3352652820515397,0.3467460887742094,0.3173250633825927,0.41437452074898035,0.41156310516419725,0.28744141452290184,0.3073920158183682,0.3462581777558096,0.4172026123472779,0.4190315983156369,-0.0015202066563623218,-0.0016685576537913138,-0.001691840070035866,-0.0016868716901362601,-0.0015659847889700762,-0.001581076124047509,-0.0017699835573686262,-0.0016834710872370984,-0.001653068607445185,-0.001628019750470222,-0.0016146152726165819
2025-10-16,0.40083344167012963,0.33332430486516557,0.34477977857275377,0.3153792267253241,0.4125073302018135,0.40967818362676905,0.2854260553830323,0.30545500070528475,0.3443225109891078,0.4152821222544059,0.4171210519039368,-0.0015320297068414646,-0.0016806356858842797,-0.0017040560043039554,-0.0016987945666880888,-0.0015781170037836856,-0.0015933206540375555,-0.0017820328644762573,-0.001695284214766557,-0.0016652568567381842,-0.0016402709640546131,-0.0016268682994516892
2025-10-17,0.399035283204363,0.3314026989668147,0.3428331323995805,0.3134531847715314,0.4106577364452188,0.40781103183147255,0.28343180397897,0.30353780318785856,0.3424058727971182,0.41338019095833056,0.4152288362524288,-0.001543399405082635,-0.0016922163908386079,-0.0017157676809847477,-0.001710214742597027,-0.0015897822283864604,-0.001605093694811932,-0.0017935548393893663,-0.001706595680422529,-0.0016769523297363031,-0.001652036795071199,-0.0016386399097831905
2025-10-18,0.3972547058987574,0.3295010329905876,0.34090672629861096,0.3115475074680164,0.40882628680374605,0.4059622022985633,0.2814592504417902,0.3016409905956798,0.34050883034391816,0.4114973812711211,0.413355511298167,-0.0015543123866088027,-0.001703296341737881,-0.001726971634404495,-0.0017211288384486045,-0.0016009770108508792,-0.0016163917625385271,-0.001804546072569746,-0.001717402136960311,-0.0016881515655601254,-0.0016633137618216054,-0.0016499266202022467
2025-10-19,0.395492236654784,0.3276198696700415,0.33900113032440277,0.3096627587353523,0.40701352323280954,0.40413224212644505,0.27950897848181966,0.29976512422611123,0.3386319449948896,0.40963425034645606,0.4115016313881445,-0.0015647654220935503,-0.0017138722598464273,-0.001737664549133655,-0.0017315336245865565,-0.0016116980384601742,-0.0016272115139373544,-0.0018150033115350017,-0.0017277003865754925,-0.0016988512501760478,-0.001674098527269463,-0.001660725090789572
2025-10-20,0.393748397015448,0.3257597656716684,0.3371169083734632,0.30779949630101183,0.4052199821583142,0.4023216928297739,0.2775815652159083,0.2979107591781918,0.3367757721506035,0.40779134951475027,0.40966774511525245,-0.0015747554183149215,-0.0017239410155793222,-0.0017478432609662753,-0.0017414260220673938,-0.0016219421386903243,-0.001637549747269873,-0.0018249234618197274,-0.0017374873818499226,-0.0017090482173753307,-0.0016843879000297823,-0.0016710321261040328
2025-10-21,0.39202370301095396,0.3239212714301673,0.33525461801738193,0.3059582715343263,0.4034461943179193,0.4005310901792155,0.2756775809966507,0.29607844418837254,0.33494086108246784,0.40596922412000985,0.40785439515594346,-0.0015842794190727982,-0.001733499629430424,-0.0017575047578575198,-0.0017508031035713412,-0.0016317062801471938,-0.001647403403286729,-0.0018343035878917724,-0.0017467602266548754,-0.0017187394497107933,-0.0016941788353110332,-0.0016808446761281681
2025-10-22,0.39031866500600554,0.3221049309855629,0.3334148103378359,0.3041396292833266,0.4016926846039846,0.3987609640429026,0.273797589243609,0.2942687214681383,0.33312775477018813,0.40416841335845377,0.40606211810964465,-0.0015933346060619802,-0.00174254527285167,-0.0017666461808160117,-0.0017596620942693098,-0.0016409875734638701,-0.001656769566132088,-0.001843140914021546,-0.0017555161770060335,-0.0017279220793914307,-0.0017034684358184227,-0.001690159837170302
2025-10-23,0.38863378754878,0.3203112818222147,0.33159802976351804,0.3023441077135138,0.3999599719082452,0.3970118382296372,0.27194214627658964,0.29248212654355776,0.3313369897410924,0.40238945011895916,0.40429144433996883,-0.001601918299706906,-0.0017510752690920173,-0.0017752648247466585,-0.0017680003726435745,-0.0016497832721569239,-0.0016656454642081098,-0.0018514328251011958,-0.0017637526418767813,-0.0017365933891291263,-0.0017122539526091551,-0.0016989748527245774
2025-10-24,0.38696956922162384,0.3185408547097672,0.329804813909029,0.300572238148608,0.398248568968265,0.3952842303338883,0.2701118011510177,0.2907191880968125,0.32956909591136335,0.40063286082536875,0.40254289781777164,-0.0016100279599545186,-0.0017590870939881986,-0.0017833581392545095,-0.001775815471262765,-0.0016580907734370376,-0.0016740284709935715,-0.0018591768674212084,-0.0017714671839647589,-0.0017447508129439515,-0.0017205327859081687,-0.0017072871142863044
2025-10-25,0.38532650249351486,0.31679417354608663,0.32803569341579036,0.2988245449133196,0.3965589822157073,0.3935786515826266,0.26830709549546283,0.2889804278097518,0.3278245964292278,0.39889916528071584,0.4008169959661009,-0.0016176611870258872,-0.0017665783767121246,-0.0017909237293973757,-0.0017831050775142243,-0.0016659076189813327,-0.0016819161058220788,-0.001866370749395052,-0.0017786575204128963,-0.0017523919369230034,-0.0017283024858749108,-0.0017150941621231208
2025-10-26,0.3837050735743324,0.3150717552022306,0.3262911917950185,0.2971015451781949,0.39489171162647535,0.39189560668404505,0.26652856335136405,0.2872663602095188,0.32610400752014923,0.3971888765134044,0.39911424950708146,-0.0016248157221261939,-0.0017735469004728777,-0.0017979593563955398,-0.001789867034285686,-0.0016732314956591776,-0.0016893060346153121,-0.0018730123422369127,-0.0017853215234848174,-0.0017595144999343337,-0.0017355607533303674,-0.0017223936860039646
2025-10-27,0.3821057622709794,0.31337410936949783,0.32457182527280914,0.295403748806576,0.39324725057275994,0.39023559367820654,0.26477673101499616,0.2855774925162927,0.324407838334067,0.39550250062539655,0.3974351623107849,-0.0016314894481140874,-0.0017799906031723545,-0.0018044629382937272,-0.0017960993406054837,-0.0016800602362179728,-0.0016961960705745849,-0.001879099680592966,-0.0017914572211949475,-0.0017661163942973568,-0.0017423054404364646,-0.0017291835258825827
2025-10-28,0.38052904184540154,0.31170173840860327,0.32287810263737826,0.29373165820372393,0.39162608567704416,0.3885991037896664,0.26305211688173197,0.28391432449319554,0.32273659079473216,0.3938405366424486,0.39578023124612655,-0.0016376803901257952,-0.0017859075780147782,-0.001810432550577612,-0.0018018001522340232,-0.0016863918199230832,-0.0017025841748274928,-0.0018846309631216362,-0.0017970627978916576,-0.0017721956664052407,-0.0017485345513318373,-0.0017354616725361316
2025-10-29,0.3789753788745395,0.3100551372010196,0.3212105250885031,0.2920857681681495,0.39002869666810236,0.3869866212821115,0.2613552312926398,0.2822773482984032,0.32109075945117915,0.39220347636644187,0.39414994603383374,-0.001643386716162487,-0.0017912960740725237,-0.0018158664267426405,-0.00180696778220929,-0.0016922243731573583,-0.0017084684570310427,-0.0018896045530275574,-0.0018021365947942791,-0.0017777505173037778,-0.001754246242722024,-0.0017412262681599233
2025-10-30,0.3774452331122627,0.30843479300253573,0.3195695860892092,0.29046656574519425,0.388455556239042,0.38539862331505814,0.2596865763834658,0.28066704833950784,0.319470831331382,0.3905918042298493,0.3925447891015298,-0.001648606737630065,-0.0017961544968027598,-0.0018207629588174457,-0.0018116007013464497,-0.0016975561699742459,-0.0017138471759313711,-0.0018940189785454642,-0.0018066771104849888,-0.0017827793032226813,-0.0017594388244261405,-0.0017464756069170972
2025-10-31,0.37593905735331945,0.3068411852990687,0.3179557712197465,0.2888745300829053,0.3869071299074252,0.38383557980265287,0.2580466459360436,0.27908390113017467,0.3178772857981329,0.38900599715238593,0.3909652354409753,-0.0016533389098405404,-0.001800481408520016,-0.0018251206978395218,-0.001815697538690264,-0.0017023856326094378,-0.00171871873987961,-0.0018978729333757327,-0.0018106830013521757,-0.0017872805360638067,-0.0017641107598753147,-0.0017512081354441045
2025-11-01,0.374457297299349,0.30527478566477667,0.3163695580338987,0.2873101322902487,0.38538387587751566,0.3822979532746184,0.2564359252321765,0.2775283751491334,0.31631059440719317,0.387446524399879,0.38941175246751086,-0.0016575818324680025,-0.001804275528821564,-0.0018289383542836601,-0.0018192570819206,-0.0017067113319470528,-0.0017230817073008442,-0.0019011652770712373,-0.0018141530819880125,-0.001791252883839578,-0.0017682606665687661,-0.0017554224533097296
2025-11-02,0.3730003914269907,0.3037360576225122,0.31481141591766715,0.28577383529769984,0.3838862449046871,0.38078619873938213,0.2548548909100349,0.27600093070154774,0.31477122076775077,0.38591384744540524,0.38788479988174157,-0.0016613342499631756,-0.0018075357349662258,-0.0018322147984440318,-0.0018222782777114754,-0.0017105319879433534,-0.0017269347871234353,-0.00190389503537447,-0.0018170863255401182,-0.0017946951710687276,-0.00177188731648259,-0.0017591173134294258
2025-11-03,0.3715687708581313,0.30222545650665916,0.31328180595037197,0.28426609372025574,0.3824146801620393,0.37930076354943293,0.25330401082311105,0.274502019782804,0.3132596204052319,0.3844084198327341,0.3863848295335039,-0.001664595051925677,-0.0018102610622062199,-0.0018349490607681984,-0.0018247602320422551,-0.0017138464700046652,-0.0017302768391586065,-0.0019060614005059762,-0.0018194818640142607,-0.0017976063791227959,-0.0017749896364325224,-0.0017622916224345198
2025-11-04,0.3701628592323299,0.30074342932839065,0.31178118076821204,0.28278735372290636,0.3809696171092547,0.3778420872689418,0.251783743901774,0.2730320859447581,0.3117762406265034,0.3829306870421162,0.384912285288156,-0.001667363273431366,-0.0018124507040737092,-0.0018371403321436053,-0.0018267022104627162,-0.0017166537973222762,-0.0017331068744397826,-0.0019076637314034417,-0.0018213389885322617,-0.0017999856465285013,-0.0017775667083920754,-0.0017649444409960635
2025-11-05,0.3687830725814554,0.2992904146433924,0.3103099844303211,0.28133805288860747,0.3795514833637395,0.37641060154368816,0.25029454001746443,0.2715915641644817,0.31032152038750666,0.38148108635845873,0.3834676028952312,-0.0016696380953192813,-0.0018141040126183339,-0.0018387879641379445,-0.0018281036383102633,-0.0017189531391630375,-0.0017354240555136347,-0.0019087015539114294,-0.001822657149541107,-0.0018018322692224253,-0.001779617769764319,-0.0017670749841022237
2025-11-06,0.36742981920657636,0.29786684242208605,0.30886865228736476,0.2799186200887928,0.3781606985740845,0.3750067299733285,0.24883683984957072,0.27018088071554547,0.3088958901633647,0.3800600467419256,0.3820512098594922,-0.001671418844432948,-0.0018152204985996678,-0.0018398914691906132,-0.0018289641008799595,-0.0017207438151145005,-0.0017372276966889921,-0.001909174560921545,-0.0018234359569755387,-0.0018031457007592344,-0.0017811422136072563,-0.0017686826212910955
2025-11-07,0.36610349955713833,0.29647313392239555,0.3074576108527131,0.27852947535646444,0.3767976742958847,0.3736308879860463,0.24741107475502466,0.2688004530418778,0.30749977182099714,0.378667988701002,0.3806635253144256,-0.001672704993819829,-0.0018157998316312152,-0.001840450520756598,-0.0018292833435470945,-0.0017220252952870885,-0.0017385172642398472,-0.0019090826124635307,-0.0018236751803739626,-0.0018039255524734399,-0.0017821395888132363,-0.0017697668768371089
2025-11-08,0.36480450611246407,0.2951097015650883,0.30607727767622833,0.2771710297618977,0.375462813869953,0.3722834827156209,0.24601766664065614,0.26745068963423574,0.3061335784942828,0.37730532416805784,0.3793049598982144,-0.0016734961628878109,-0.0018158418402791643,-0.0018404649534031203,-0.0018290612718425692,-0.0017227972004698056,-0.0017392923765622847,-0.0019084257357462053,-0.0018233747489465602,-0.0018041715935941394,-0.00178260960024329,-0.0017703274298911942
2025-11-09,0.3635332232656122,0.2937769488117343,0.30472806122070434,0.27584368529099973,0.3741565123029648,0.3709649128809497,0.24465702783834395,0.2661319899093276,0.3047977144618069,0.3759724563774522,0.3779759156322222,-0.001673792117517392,-0.00181534651211257,-0.001839934762859985,-0.0018282979514807063,-0.0017230593022440899,-0.0017395528042877806,-0.0019072041251501082,-0.0018225347515956059,-0.0018038837513141837,-0.001782552108812785,-0.0017703641145770388
2025-11-10,0.36229002720963066,0.2924752700453153,0.30341036074099736,0.274547834726354,0.3728791561505707,0.36967556866806023,0.2433295609830003,0.2648447440916178,0.30349257502722904,0.37466977974620747,0.37667678580202957,-0.001673592770130572,-0.0018143139937066843,-0.0018388601060188026,-0.0018269936083406546,-0.0017228115230492613,-0.0017392984703518133,-0.0019054181421693794,-0.0018211554368899874,-0.0018030621108102163,-0.0017819671315352226,-0.001769876920039104
2025-11-11,0.36107528582623316,0.2912050504535202,0.30212456616587896,0.27328386153099105,0.3716311234030066,0.3684158316146487,0.24203565889342454,0.2635893330978536,0.302218546402305,0.37339767975729743,0.3754079548410544,-0.001672898179717608,-0.0018127445906007678,-0.0018372413008878596,-0.001825148628398332,-0.001722053936207557,-0.0017385294500159576,-0.0019030683153051509,-0.0018192372129908763,-0.0018017069152194698,-0.001780854841513968,-0.0017688659904459003
2025-11-12,0.35988935857693843,0.2899666659147621,0.3008710579826506,0.2720521397349144,0.3704127833732416,0.36718607449717694,0.24077570445606183,0.2623661284243456,0.3009760055926025,0.3721565328455745,0.37416979821679164,-0.0016717085518189179,-0.001810638767206274,-0.0018350788264975826,-0.001822763557613294,-0.0017207867659006504,-0.001737245970845236,-0.0019001553399090598,-0.0018167806475317683,-0.001799818565565603,-0.0017792155678940658,-0.0017673316249475768
2025-11-13,0.35873259639669935,0.2887604828869497,0.2996502071245506,0.27085303382442055,0.3692244965876913,0.36598666122055995,0.23955007051170094,0.2611754920370361,0.29976532028593744,0.37094670628637794,0.3729626823197061,-0.001670024238464407,-0.001807997146670015,-0.0018323733227588734,-0.0018198391017656967,-0.0017190103871053686,-0.0017354484126425596,-0.001896680077977303,-0.0018137864674499515,-0.0017973976206419606,-0.0017770497957630416,-0.0017652742775879915
2025-11-14,0.3576053415900556,0.2875868582990466,0.2984623748609895,0.2696868986342396,0.3680666146795337,0.3648179467104838,0.23835911974514454,0.26001777626438777,0.2985868487435701,0.36976855808685155,0.3717869643548126,-0.001667845738069662,-0.0018048205106903081,-0.0018291255902738723,-0.0018163761262498523,-0.0017167253254800063,-0.0017331373073337097,-0.0018926435578958678,-0.0018102555587713454,-0.0017944447968451516,-0.0017743581660069618,-0.0017626945571690977
2025-11-15,0.35650792772983997,0.28644613944545017,0.2973079126906444,0.26855407924253605,0.36693948028465373,0.36368027680837445,0.23720320457788516,0.2588933236931236,0.29744093969418994,0.36862243688000135,0.37064299223597225,-0.0016651736952880691,-0.001801109799284717,-0.001825336590098925,-0.0018123756558153792,-0.001713932257211559,-0.0017303133388121283,-0.0018880469741358319,-0.001806188966348543,-0.0017909609679629956,-0.0017711414751232502,-0.001759593227071865
2025-11-16,0.35544067955846975,0.28533866388322143,0.29618716223744496,0.2674549108687932,0.3658434269402529,0.36257398816905945,0.2360826670638175,0.2578024670668497,0.29632793223072035,0.3675086818215322,0.3695311044829403,-0.0016620089008198558,-0.0017968661105124406,-0.0018210074434601986,-0.0018078388742660545,-0.0017106320088134397,-0.001726977342735414,-0.0018828916869003676,-0.00180158789355217,-0.001786947164916619,-0.0017674006749821003,-0.0017559712050291276
2025-11-17,0.3544039128918488,0.2842647593321971,0.29510045514948136,0.2663897187746166,0.36477877898614924,0.36149940816114534,0.23499783878801977,0.2567455291875927,0.2952481557099763,0.3664276224894843,0.36845163012119053,-0.001658352291178944,-0.0017920907001491848,-0.0018161394314218926,-0.0018027671241084287,-0.001706825556882674,-0.0017231303062788528,-0.001877179221721953,-0.0017964537019130034,-0.0017824045754549211,-0.0017631368725464225,-0.0017518295628565772
2025-11-18,0.3533979345259141,0.2832247435780109,0.29404811300086464,0.2653588181674841,0.36374585146880134,0.3604568547701453,0.2339490407686318,0.255722822820275,0.29420192965520237,0.36537957878670674,0.3674048885845543,-0.001654204948414617,-0.0017867849813160142,-0.001810733994506819,-0.0017971619061552535,-0.0017025140278092987,-0.0017187733678419304,-0.001870911269011094,-0.0017907879107215141,-0.001777334543803244,-0.0017583513295438835,-0.0017471695261317977
2025-11-19,0.3524230421458488,0.2822189243780572,0.293030447196567,0.26436251410747125,0.3627449500480794,0.35944663650438036,0.23293658336186135,0.25473465060016476,0.2931895636615202,0.3643648608461924,0.3663911896206926,-0.0016495680997923867,-0.0017809505240600765,-0.001804792732270799,-0.001791024879080283,-0.0016976986974445718,-0.001713907816713156,-0.001864089683555531,-0.0017845921965759515,-0.0017717385702654687,-0.0017530454620940383,-0.0017419924738350523
2025-11-20,0.35147952423799234,0.281247599370419,0.2920477588802727,0.26340110141697815,0.36177637090681697,0.35846905230368836,0.2319607661701438,0.2537813049433198,0.29221135730431447,0.36338376893930524,0.3654108331994377,-0.0016444431174305052,-0.0017745890548914178,-0.0017983174028290416,-0.0017843578589289422,-0.0016923809907217202,-0.0017085350926872578,-0.0018567164839722594,-0.0017778683928883487,-0.0017656183107805368,-0.0017472208402880551,-0.001736299937939334
2025-11-21,0.3505676600044738,0.28031105598579337,0.2911003388452642,0.2624748645934877,0.36084040066316503,0.3575243914509621,0.23102187795348567,0.25286306796005814,0.2912676000505849,0.36243659338692485,0.364464109424027,-0.0016388315178935686,-0.0017677024562708366,-0.001791309922335671,-0.0017771628185794808,-0.001686562481235776,-0.0017026567856398556,-0.0018487938521096758,-0.001770618489339959,-0.0017589755764308435,-0.0017408791877253083,-0.001730093602957672
2025-11-22,0.34968771928058995,0.27940957136243527,0.2901884674483726,0.26158407772537756,0.3599373162857765,0.35661293348654605,0.23012019654401528,0.2519802113714759,0.2903585711732858,0.36152361447353554,0.3635512984452572,-0.0016327349617442644,-0.0017602927660538836,-0.0017837723644168468,-0.001769441887160328,-0.0016802448907777268,-0.0016962746350564495,-0.0018403241324021768,-0.0017628446312942248,-0.0017518123329091084,-0.0017340223810028976,-0.001723375305444086
2025-11-23,0.3488399624549582,0.2785434122641481,0.2893124145270147,0.2607290044108134,0.35906738501184843,0.3557349481255159,0.2292559887637686,0.2511329964290415,0.2894845396686868,0.3606451023642864,0.3626726703785821,-0.0016261552530515977,-0.0017523621768872344,-0.0017757069595573105,-0.001761197349419208,-0.001673430088823813,-0.0016893905295178868,-0.0018313098311758258,-0.0017545491191605644,-0.001744130699934232,-0.0017266524491601487,-0.0017161470334516316
2025-11-24,0.3480246403924621,0.2777128350013443,0.28847243931934435,0.25990989767974615,0.3582308642680404,0.3548906951778652,0.22842951034573153,0.250321673837287,0.28864576417677235,0.35980131702504414,0.3618284852241831,-0.0016190943388573742,-0.0017439130355596522,-0.001767116094440191,-0.0017524316450472366,-0.001666120091983636,-0.0016820065061421974,-0.001821753615907501,-0.0017457344077145276,-0.0017359329506246857,-0.0017187715730787034,-0.0017084109259413727
2025-11-25,0.34724199436001746,0.2769180853551987,0.2876687903875396,0.2591269999190354,0.3574280015942987,0.354080424471624,0.22764100585816463,0.24954648367961987,0.2878424929047048,0.3589925081454663,0.36101899279002836,-0.0016115543085993278,-0.0017349478423079878,-0.001758002311240181,-0.0017431473679576093,-0.0016583170634031363,-0.0016741247499803547,-0.001811658314435055,-0.001736403105371126,-0.0017272215108266598,-0.001710382084836204,-0.0017001692721527184
2025-11-26,0.3464922559551768,0.27615939850491816,0.28690170554424843,0.258380542800724,0.3566590345706054,0.3533043757789304,0.2268907086322317,0.24880765534727958,0.28707496355337686,0.35821891506511255,0.36024443261795297,-0.0016035373934939479,-0.0017254692500768831,-0.0017483683068730826,-0.0017333472655174376,-0.0016500233121238828,-0.0016657475933709032,-0.0018010269141205404,-0.00172655797341284,-0.0017179989583954725,-0.0017014864670174545,-0.001691424510923356
2025-11-27,0.3457756470375959,0.27543699895814716,0.28617141178221756,0.2576707472134829,0.3559241907466745,0.3525627787450778,0.2261788406929529,0.24810540747145626,0.28634340324707225,0.3574807667026212,0.3595050339127734,-0.0015950459658756189,-0.0017154800637348977,-0.0017382169321952246,-0.0017230342377343444,-0.0016412412924000086,-0.0016568775152493997,-0.0017898625609664431,-0.001716201925172467,-0.0017082680224323465,-0.0016920873519789548,-0.001682179229968661
2025-11-28,0.345092379663383,0.2747511004845343,0.2854781252071202,0.2569978231972457,0.35522368757461564,0.3518558528205598,0.22550561269350444,0.24743994785859436,0.28564802846625514,0.3567782814879687,0.3588010154744621,-0.0015860825384940713,-0.001704983239242508,-0.0017275511911620245,-0.0017122113363994274,-0.001631973602972847,-0.0016475171404142785,-0.0017781685586844287,-0.0017053380251715322,-0.001698031582477999,-0.0016821875210697446,-0.0016724361651162534
2025-11-29,0.3444426560223467,0.2741019060524731,0.28482205097360785,0.25636196988105503,0.35455773234458765,0.3511838071961306,0.2248712238528825,0.24681147342889967,0.2849890449835107,0.3561116672978318,0.3581325856334016,-0.0015766497637717536,-0.0016939818827789166,-0.0017163742399377568,-0.0017008817641833707,-0.0016222229863006588,-0.0016376692387515823,-0.0017659483677178456,-0.0016939694882126544,-0.0016872926676596012,-0.0016717899038093398,-0.0016621981994956458
2025-11-30,0.34382666837816545,0.2734896077690401,0.28420338322460165,0.2557633754241374,0.35392652212345754,0.350546840740903,0.22427586189695142,0.24622017015806702,0.28436664780265347,0.355481121394074,0.35749994218873593,-0.00156675043301846,-0.0016824792498228436,-0.001704689385961966,-0.0016890488736884812,-0.0016119923277475023,-0.0016273367244133974,-0.00175320560421785,-0.0016820996784288333,-0.0016760544557950507,-0.0016608975770198153,-0.0016514683626855375
2025-12-01,0.34324459901149346,0.27291438682314856,0.28362230503384167,0.25520221696022277,0.3533302436964844,0.3499451419434986,0.22371970300289215,0.24566621302224745,0.28378102110102255,0.3548868303653728,0.3569032723498385,-0.0015563874756054918,-0.0016704787441881863,-0.0016925000869711937,-0.00167671616645787,-0.0016012846547303061,-0.0016165226549571532,-0.0017399440389734566,-0.0016697321082878303,-0.0016643202724520023,-0.0016495137639161994,-0.001640249829817475
2025-12-02,0.34269662016602087,0.2723764134319307,0.28307898835171363,0.25467866054512894,0.35276907351204834,0.34937888885627194,0.22320291174706958,0.24514976594626972,0.28323233817498106,0.35432897007200503,0.35634275268091414,-0.001545563958098517,-0.001657983917017769,-0.0016798099499745756,-0.0016638872919377268,-0.0015901031358215856,-0.0016052302304401245,-0.0017261675962946255,-0.0016568704375525822,-0.0016520935899637657,-0.0016376418331514597,-0.0016285459206356045
2025-12-03,0.34218289399750423,0.27187584679036814,0.28257359395436416,0.25419286110762224,0.3522431776294352,0.3488482490426219,0.22272564105633033,0.24467098175513258,0.28272076138863417,0.3538077055938063,0.355818549048751,-0.0015342830833506849,-0.0016449984657319061,-0.0016666227301888048,-0.0016505660463985161,-0.0015784510798126372,-0.001593462792472078,-0.001711880352852857,-0.0016435184721983187,-0.001639378026402738,-0.001625285297821355,-0.0016163600985150683
2025-12-04,0.3417035725257819,0.2714128350241836,0.2821062713961272,0.2537449624035721,0.35175271166969735,0.34835337952740636,0.2222880321627505,0.24423000212878096,0.28224644212578326,0.3533231911813224,0.35533081657363724,-0.0015225481895542736,-0.0016315262329344438,-0.0016529423299234125,-0.0016367563718111544,-0.0015663319347344329,-0.0015812238232274511,-0.0016970865364731302,-0.0016296801632864344,-0.0016261773445085947,-0.0016124478144231569,-0.0016036959694365471
2025-12-05,0.34125879758978883,0.27098751514600766,0.28167715896526585,0.2533350969734108,0.3512978207696035,0.3478944267504767,0.2218902145618422,0.24382695756018094,0.2818095207451295,0.3528755702101628,0.354879699583459,-0.0015103627492530913,-0.0016175712052760582,-0.0016387727974294108,-0.0016224623546805539,-0.0015537492868366587,-0.0015685169444140112,-0.0016817905248837361,-0.0016153596057952857,-0.0016124954505755684,-0.0015991331817748478,-0.0015905572809198354
2025-12-06,0.3408487008055843,0.27060001301483516,0.2812863836430522,0.25296338610291347,0.3508786395386891,0.3474715265233433,0.22153230597423365,0.24346196731670489,0.28141012653873865,0.35246497513857433,0.35446533157099175,-0.00149773036831502,-0.0016031375122737557,-0.0016241183256993086,-0.0016076882248362567,-0.001540706859527674,-0.0015553459162017114,-0.0016659968444206474,-0.0016005610374080215,-0.0015983363932961514,-0.001585345339890687,-0.0015769479209140624
2025-12-07,0.34047340352740474,0.27025044329878084,0.2809340610661912,0.25262993978730697,0.35049529201942436,0.3470848039889871,0.22121441231083425,0.2431351394048378,0.2810483776937821,0.3520915274682448,0.3540878351543969,-0.001484654784864814,-0.0015882294250896267,-0.0016089832512269364,-0.0015924383541809362,-0.0015272085122713386,-0.0015417146361098033,-0.0016497101686879512,-0.001585288837259391,-0.0015837043625631653,-0.0015710883688145327,-0.001562871916647779
2025-12-08,0.3401330168117524,0.269938909441148,0.28062029549260137,0.2523348566987207,0.3501478916505081,0.34673437358482806,0.22093662764149338,0.24284657053821704,0.28072438125756316,0.35175533770834777,0.35374732204093723,-0.0014711398681780952,-0.0015728513552663026,-0.0015933720527246953,-0.0015767172553966535,-0.0015132582394456473,-0.0015276271378531492,-0.0016329353171750938,-0.0015695475246388924,-0.0015686036882299192,-0.0015563664874138072,-0.0015483334334371324
2025-12-09,0.33982764138453314,0.26966550362981684,0.280345179770564,0.2520782241569876,0.34983654123329794,0.34642033900886043,0.22069903416716383,0.24259634610901284,0.28043823310583954,0.35145650534284223,0.35344389299392154,-0.0014571896175357701,-0.001557007853422443,-0.001577289349797284,-0.0015605295806098707,-0.0014988601691612868,-0.0015130875901492868,-0.0016156772538304387,-0.0015533417576542585,-0.0015530388388290683,-0.0015411840521297182,-0.0015333367734532977
2025-12-10,0.3395573676112487,0.269430306769966,0.28010879531124777,0.25186011810380604,0.34956133290139224,0.34614279318896757,0.22050170219557702,0.2423845401626596,0.2801900179144534,0.35119511880103277,0.3531776378028864,-0.0014428081610416976,-0.0015407036079046477,-0.001560739901574848,-0.0015438801200135521,-0.0014840185620381141,-0.0014981002954843614,-0.0015979410855927467,-0.0015366763318526988,-0.0015370144202497271,-0.0015255455556894004,-0.0015178863744491067
2025-12-11,0.33932227547025673,0.26923338846013006,0.279911212064617,0.251680603080266,0.34932234809336377,0.34590181825542304,0.2203446901204384,0.24221121537594437,0.27997980913427317,0.3509712554314022,0.35294863525702636,-0.0014279997544004441,-0.0015239434434018428,-0.001543728605305772,-0.001526773800451131,-0.0014687378099469406,-0.001482669688839755,-0.0015797320608792742,-0.001519556178801812,-0.001520535174375226,-0.0015094556257756464,-0.0015019868084464871
2025-12-12,0.3391224345291044,0.26907480697160496,0.2797524884987332,0.2515397322077511,0.34911965752866175,0.34569748551658647,0.22022804440414684,0.24207642303846008,0.27980766896945863,0.35078498147872356,0.35275695312187955,-0.0014127687796572919,-0.0015067323195162574,-0.0015262604949061176,-0.0015092156839576765,-0.001453022434708351,-0.0014668003363803583,-0.0015610555680336535,-0.0015019863646303644,-0.0015036059776797894,-0.0014929190236572798,-0.0014856427803823236
2025-12-13,0.338957903923941,0.2689546092312044,0.2796326715824531,0.2514375471722191,0.34895332118668587,0.3455298554378027,0.2201517995640466,0.24198020303742823,0.27967364835905434,0.35063635206445615,0.352602648119273,-0.0013971197439030525,-0.0014890753292964853,-0.0015083407394709258,-0.0014912109662622575,-0.001436877086754218,-0.0014504969341029295,-0.0015419171337303916,-0.0014839720885287955,-0.0014862318397846352,-0.0014759406427810595,-0.0014688591267179585
2025-12-14,0.3388287323420194,0.268872830807374,0.2795517967715299,0.2513740782118656,0.34882338828903536,0.345398977623509,0.22011597816221237,0.24192258384589474,0.279577786961915,0.35052541117043473,0.35248576591053987,-0.0013810572779394126,-0.0014709776977295252,-0.0014899746417440518,-0.0014727649752508398,-0.001420306543753136,-0.0014337643064464278,-0.0015223224213402886,-0.0014655186812115861,-0.0014684179019768817,-0.0014585255073232273,-0.0014516408140062276
2025-12-15,0.3387349580072897,0.26882949589966465,0.27950988799812143,0.2513493441081775,0.3487298972849454,0.3453048908025561,0.22012059079877339,0.24190358251430574,0.2795201131449702,0.3504521916258551,0.352406341083006,-0.001364586134907697,-0.0014524447801962381,-0.0014711676365492532,-0.0014538831693884924,-0.0014033157091949966,-0.0014166074048646005,-0.0015022772292538344,-0.0014466316033385773,-0.0014501694356873762,-0.0014406787707020863,-0.0014339929374231897
2025-12-16,0.3386766086690855,0.2688246173315726,0.27950695766370787,0.2513633521803735,0.34867287583990786,0.3452476228167481,0.22016563610877626,0.24192320466546072,0.2795006439748303,0.35041671509755823,0.3523643971397559,-0.0013477111888847704,-0.0014334820608851717,-0.0014519252891819767,-0.0014345711361059554,-0.001385909610941649,-0.0013990313063607651,-0.0014817874891659144,-0.0014273164439001784,-0.0014314918409308874,-0.0014224057140543866,-0.0014159207192590006
2025-12-17,0.3386537015939149,0.26885819654674525,0.27954300663542225,0.25141609828324024,0.3486523408274859,0.34522719061260343,0.22025110076258894,0.24198144449284964,0.2795193852127359,0.3504189920836193,0.35235994649267716,-0.0013304374334385805,-0.0014140951511694144,-0.0014322532937625088,-0.0014148345901439097,-0.0013680933997370914,-0.0013810412119850124,-0.0014608592643204077,-0.0014075789185626353,-0.0014123906447082724,-0.0014037117446719094,-0.0013974295073739817
2025-12-18,0.3386662435603502,0.2689302236085522,0.27961802424579413,0.251507566808357,0.3486682983243202,0.34524360023634015,0.2203769594698456,0.24207828476237053,0.27957633131285325,0.3504590219102422,0.3523929904587878,-0.001224361634635407,-0.00126951216749982,-0.0012846933239931135,-0.0012596513177255964,-0.0012573552379088193,-0.0012690916906040184,-0.001283588428782373,-0.0012500233892190349,-0.0012761148095034591,-0.0012772589441279458,-0.0012752346212335786
2025-12-19,0.3387142308570214,0.2690406772030269,0.27973198829590534,0.2516377306887154,0.3487207436083307,0.34529684683208606,0.22054317498692963,0.24221369681742952,0.2796714654239151,0.35053679273195665,0.3524635192598464,-0.0010945068807313718,-0.0010991974653710157,-0.0011110551172898164,-0.001078571616597912,-0.0011221412372123818,-0.0011324323407267967,-0.0010793338703518063,-0.0010666587054620758,-0.0011142551532174472,-0.0011255086674335502,-0.001127908535577482
2025-12-20,0.33879764928371564,0.2691895246451739,0.27988486506196025,0.25180655140672953,0.3488096611601137,0.34538691464331744,0.22074969812799558,0.24238764058742104,0.27980475939420757,0.35065228153512557,0.3525715120252464,-0.0009409093878138819,-0.0009032033433800102,-0.0009113921296448613,-0.0008716523764260575,-0.0009624893586088756,-0.0009711015533993561,-0.0008481617179721956,-0.0008575428389561435,-0.0009268603848267554,-0.000948505427896762,-0.0009554939635770254
2025-12-21,0.33891647415557824,0.2693767218886404,0.28007660930526407,0.25201397900563255,0.34893502466753545,0.34551377701751945,0.2209964677795232,0.24260006459958502,0.27997617377990036,0.3508054541447537,0.35271693679819055,-0.0007636137883259009,-0.0006815912092422161,-0.0006857670488925605,-0.0006389596548209142,-0.0007784462261531955,-0.0007851464655911911,-0.0005901476542955475,-0.0006227428985689509,-0.000713988269668786,-0.0007463026933786088,-0.0007580425139160907
2025-12-22,0.33907067031041804,0.2696022135387505,0.2803071642856103,0.25225995210426105,0.3490967970335172,0.3456773964140748,0.22128341091840265,0.2428509059942388,0.28018565785671873,0.3509962652346022,0.3528997505451496,-0.0005626731190189194,-0.0004344315624540407,-0.0004342517769904686,-0.0003805686584940071,-0.0005700671143714642,-0.0005746229474264952,-0.0003053768937995027,-0.00036233511117314543,-0.00047570561328363903,-0.000518962871512485,-0.0005356146766016812
2025-12-23,0.33926019211911207,0.26986593286889676,0.2805764617780712,0.25254439791521754,0.3492949303870131,0.3458777244153717,0.22161044263354246,0.24314009054337798,0.2804331496349542,0.3512246583405992,0.3531198991685941,-0.00033814880624288834,-0.00016180397407544733,-0.00015692740938000327,-9.656372151450876e-05,-0.00033741593289493554,-0.0003395955866510314,6.055842116658994e-06,-7.640479955789425e-05,-0.00021208824239066226,-0.0002665572920934056,-0.00028827980596363156
2025-12-24,0.3394849834991078,0.2701678018402867,0.28088442209318587,0.25286723226641045,0.349529366097176,0.3461147017411311,0.22197746615099687,0.24346753267264196,0.28071857587780785,0.35149056587755023,0.3533773175230047,-9.011064857772366e-05,0.00013620293636562586,0.00014611578856732477,0.00021296171933005148,-8.056520835814096e-05,-8.013767033482333e-05,0.0003440463530522686,0.00023495364254441653,7.677901699421064e-05,1.0833813364363731e-05,-1.6116100840790626e-05
2025-12-25,0.33974497793101954,0.2705077311250353,0.2812309541005427,0.25322835962596124,0.3498000347907082,0.3463882582659504,0.22238437286260213,0.24383313548663654,0.2810418521230625,0.3517939091591371,0.3536719294341488,0.00018136320319078747,0.00045949152683671945,0.0004747784080125772,0.0005479051520584366,0.00020040393643605547,0.00020366883618416765,0.0007084809905310852,0.0005716367783078491,0.00039080236429545057,0.00031312133489019844,0.0002807894180339998
2025-12-26,0.3400400984783118,0.27088562013259765,0.28161595525574545,0.2536276731304743,0.3501068563723878,0.3466983130400526,0.2228310423581158,0.2442367907976072,0.28140288270807584,0.35213459842120254,0.3540036477216222,0.00047618626874113,0.0008079551616261282,0.0008289519260114009,0.0009081550199002142,0.0005054018060737797,0.0005117333131055002,0.0010992366919260477,0.0009335321585323964,0.0007298790519605913,0.0006402073101359207,0.0006023409334489083
2025-12-27,0.340370257810067,0.27130135703953734,0.2820393116307583,0.25406505461665924,0.35044974004877305,0.3470447743132414,0.2233173424608478,0.2446783791574531,0.2818015607980894,0.3525125328483126,0.3543723742246467,0.0007942637635306449,0.0011814782430237258,0.0012085187377683382,0.0012935907545697511,0.0008343301588115137,0.0008439565127180693,0.0015161810173704715,0.0013205183552217337,0.0010938974158820058,0.0009919849532626923,0.000948433859915998
2025-12-28,0.3407353582268265,0.2717548188226149,0.2825008979476186,0.25454037465629753,0.35082858435506736,0.34742753956205236,0.22384312926677416,0.24515776989307422,0.2822377684178425,0.3529276006035901,0.3547779998311177,0.0011354926267410637,0.0015799362458429056,0.0016133521917730542,0.001704082812400809,0.0011870822355637412,0.001200230588690232,0.0019591721896478342,0.0017324649980128004,0.0014827369086483633,0.0013683386866283342,0.001318954874657996
2025-12-29,0.3411352916895037,0.27224587129519334,0.2830005776155092,0.25505349259454224,0.3512432771851458,0.34784649552009006,0.22440824718711974,0.24567482114503933,0.2827113764864823,0.3533796788618085,0.35522040450989245,0.0014997615518546614,0.0020031957547787527,0.002043316627808489,0.0021394927133300268,0.0015635427915967615,0.0015804391280858088,0.0024280591370445526,0.0021692328134427508,0.0018962681356137767,0.001769144175263082,0.001713781951366844
2025-12-30,0.34156993985135237,0.2727743691469454,0.28353820277117686,0.2556042565915403,0.3516936958247278,0.3483015182115464,0.22501252899440016,0.24622937990956423,0.28322224485576175,0.35386863384573763,0.35569945734630903,0.0018869510198428197,0.002451114504587293,0.002498267417819111,0.002599673082719467,0.0019635881309132963,0.0019844571861012406,0.002922681539156591,0.0026306736670440034,0.0023343528937782576,0.0021942683641268945,0.0021327843967254845
2025-12-31,0.3420391740929884,0.27334015598685435,0.28411361432268906,0.2561925036673642,0.35217970698769163,0.34879247298788624,0.22565579587190646,0.24682128208378853,0.2837702223515111,0.3543943208657313,0.3562150165809258,0.0022969333349650567,0.00292354142307788,0.0029780510096290014,0.003084467696003179,0.0023870861433227253,0.002412151323510525,0.0034428698756334697,0.0031166306082549,0.002796844213464267,0.0026435695181358243,0.0025758228896811675
