timestamp,H_obs,H_pred_t6h,H_pred_t12h,H_pred_t24h
2021-06-14 00:00:00,0.426,0.4283114769069812,0.4422494528222907,0.4547904559472251
2021-06-14 01:00:00,0.426,0.4270818442345005,0.4366970456596636,0.459803958088354
2021-06-14 02:00:00,0.425,0.4263982837786853,0.4260617065718102,0.44812433081222086
2021-06-14 03:00:00,0.424,0.4245647108072534,0.42106457535740327,0.41989527964429013
2021-06-14 04:00:00,0.422,0.422717618269929,0.41977447415500274,0.4162493416809555
2021-06-14 05:00:00,0.422,0.4231320511190272,0.4199116453276004,0.41749974093349096
2021-06-14 06:00:00,0.423,0.4212481969639485,0.4178889805101328,0.4182518885342798
2021-06-14 07:00:00,0.428,0.42280099086892087,0.42163888018871515,0.41915166380230556
2021-06-14 08:00:00,0.433,0.4313183443506972,0.42644767676950923,0.42305853351365613
2021-06-14 09:00:00,0.434,0.43121819325748373,0.43603720036985494,0.4879981215102724
2021-06-14 10:00:00,0.432,0.4347934860045308,0.4773923674080218,0.49928365806288794
2021-06-14 11:00:00,0.429,0.42734814589462683,0.4379237915672307,0.4730220191934039
2021-06-14 12:00:00,0.426,0.41690905758141367,0.41129860963487763,0.4737510824202714
2021-06-14 13:00:00,0.423,0.41843852322243397,0.4318648722988514,0.47189837446135513
2021-06-14 14:00:00,0.42,0.422248078931438,0.43365367728309245,0.47517733001769286
2021-06-14 15:00:00,0.419,0.42304216671562456,0.43591536615398346,0.47287881292739825
2021-06-14 16:00:00,0.418,0.4253161187600173,0.43685305690046117,0.4413289720202069
2021-06-14 17:00:00,0.418,0.42435261215271963,0.4424368601473418,0.4516896353670096
2021-06-14 18:00:00,0.419,0.4227642683099028,0.44134800625240483,0.4531229301409823
2021-06-14 19:00:00,0.424,0.42286302420841426,0.44047712351796886,0.4234656307792588
2021-06-14 20:00:00,0.429,0.4324525577464789,0.4459796048174063,0.4238939324706835
2021-06-14 21:00:00,0.432,0.4304989053324491,0.4346791336437206,0.42188463258546866
2021-06-14 22:00:00,0.433,0.4238057706069418,0.4189479869216801,0.41454997794772336
2021-06-14 23:00:00,0.434,0.42614554608098026,0.4179957229588764,0.4147457900868928
2021-06-15 00:00:00,0.435,0.4272347964260448,0.41944866827651606,0.4157832118126063
2021-06-15 01:00:00,0.435,0.4321719177384648,0.42468172382425196,0.4226463343287954
2021-06-15 02:00:00,0.434,0.4302112751422688,0.42598720229391535,0.42562912476679926
2021-06-15 03:00:00,0.435,0.43191870967278584,0.42133195368692916,0.42821713992111693
2021-06-15 04:00:00,0.434,0.43338305926674553,0.42269995506091235,0.42889970526221055
2021-06-15 05:00:00,0.432,0.43227004352823517,0.41881665938943746,0.42800649618207254
2021-06-15 06:00:00,0.43,0.4325905819517046,0.41698763832327534,0.4266053728172057
2021-06-15 07:00:00,0.426,0.42709017803170873,0.4140495956327135,0.41228309198988283
2021-06-15 08:00:00,0.423,0.42335708893904545,0.4162598368116403,0.42574002447906006
2021-06-15 09:00:00,0.419,0.42226506859276636,0.4180133931011726,0.4553152201983325
2021-06-15 10:00:00,0.415,0.4208644965173298,0.42142376603024956,0.46786960684265816
2021-06-15 11:00:00,0.414,0.41948261211497245,0.43050127197572413,0.46873473605041005
2021-06-15 12:00:00,0.413,0.4176386521760119,0.4366049667829963,0.46309883169890415
2021-06-15 13:00:00,0.412,0.41075431152488495,0.4401303238844443,0.4617445221183589
2021-06-15 14:00:00,0.411,0.41845453662766957,0.43653112191971916,0.45244735484765375
2021-06-15 15:00:00,0.41,0.41602330728902664,0.43266776636021775,0.4545208520172362
2021-06-15 16:00:00,0.41,0.41513742691920097,0.43579252290877313,0.41100933926175987
2021-06-15 17:00:00,0.41,0.41375782944641265,0.4312898697942355,0.41464342832125095
2021-06-15 18:00:00,0.411,0.41194762039395355,0.42873360784775627,0.40991628957760595
2021-06-15 19:00:00,0.414,0.41175411394632555,0.4293050368229848,0.41083244223289195
2021-06-15 20:00:00,0.42,0.4223306718972911,0.4351433386047107,0.4155626256885689
2021-06-15 21:00:00,0.425,0.4231892850787517,0.42768285827880453,0.41278797975589215
2021-06-15 22:00:00,0.427,0.4172265600843858,0.4110705619436484,0.4067055406264538
2021-06-15 23:00:00,0.427,0.4171569259705506,0.4110908133066156,0.4067429623521673
2021-06-16 00:00:00,0.427,0.41943350974249133,0.4099994264158225,0.40852504956406527
2021-06-16 01:00:00,0.426,0.4223249325268676,0.4109262085483832,0.4096396499345709
2021-06-16 02:00:00,0.427,0.4207557463922689,0.4120445049639943,0.4148779378757948
2021-06-16 03:00:00,0.425,0.42326574345277207,0.40929979067131655,0.4164108833561414
2021-06-16 04:00:00,0.425,0.424950841926381,0.4093041635130513,0.41856416396658935
2021-06-16 05:00:00,0.424,0.42299935036554803,0.41390485963791984,0.41917637718457756
2021-06-16 06:00:00,0.421,0.4223222232776306,0.41219539706978703,0.4204332067585996
2021-06-16 07:00:00,0.417,0.41730463966388937,0.40764096300013253,0.4101273404256751
2021-06-16 08:00:00,0.414,0.41608930724889764,0.40505965917071896,0.40532371293990965
2021-06-16 09:00:00,0.411,0.41310696271460007,0.40862419102680353,0.44625377835818575
2021-06-16 10:00:00,0.408,0.4143838966786498,0.41372515093862694,0.45734398932831544
2021-06-16 11:00:00,0.405,0.41203943997215675,0.42265904773458074,0.4559584491139512
2021-06-16 12:00:00,0.404,0.41058158462368244,0.41853636517356124,0.456448519806714
2021-06-16 13:00:00,0.403,0.4105495040162538,0.4228008019906311,0.450264199766625
2021-06-16 14:00:00,0.402,0.41010056198849165,0.4243160052992119,0.4553365241484649
2021-06-16 15:00:00,0.402,0.4079082762349977,0.4259152562953524,0.43802360313755606
2021-06-16 16:00:00,0.401,0.40727456341944857,0.4242476414332262,0.41167170490962923
2021-06-16 17:00:00,0.401,0.4049945852516516,0.4221611522150029,0.4137535739589101
2021-06-16 18:00:00,0.401,0.40572960550911835,0.4219341750940845,0.403875192282432
2021-06-16 19:00:00,0.403,0.4050101017858799,0.41631197605373904,0.4028683160764001
2021-06-16 20:00:00,0.409,0.4087365095245345,0.41204649931306897,0.4034583265709307
2021-06-16 21:00:00,0.415,0.40925972562126867,0.4032429566214286,0.3987457900868928
2021-06-16 22:00:00,0.418,0.4076390080637106,0.4030117680052888,0.40110761779661736
2021-06-16 23:00:00,0.42,0.4081144048533744,0.4022194590594796,0.39774296235216733
2021-06-17 00:00:00,0.42,0.40949550974897553,0.40177887525055217,0.39774296235216733
2021-06-17 01:00:00,0.421,0.41129494445475834,0.40418267372166655,0.3997116507081966
2021-06-17 02:00:00,0.42,0.4153253165534815,0.40965156338370656,0.4079760057905266
2021-06-17 03:00:00,0.418,0.4151744001068396,0.40841344210495634,0.4128026801114287
2021-06-17 04:00:00,0.417,0.41232803372037835,0.4016394117405233,0.40160867347282514
2021-06-17 05:00:00,0.413,0.41040257302098754,0.3984525550816157,0.39640390162084477
2021-06-17 06:00:00,0.409,0.4099577755306727,0.39947826348131243,0.4081029742023633
2021-06-17 07:00:00,0.405,0.40999210569537003,0.3998330840133701,0.3958030277854508
2021-06-17 08:00:00,0.401,0.40811871606789163,0.4023667820182479,0.4052703141631465
2021-06-17 09:00:00,0.399,0.4064039462494616,0.4045371374097903,0.40817042164729694
2021-06-17 10:00:00,0.397,0.4079118715977077,0.41246443029855556,0.455906099260714
2021-06-17 11:00:00,0.397,0.4080207284922437,0.42428778074425116,0.45213051347540734
2021-06-17 12:00:00,0.396,0.4047777586188063,0.4277150883534514,0.4500695883532418
2021-06-17 13:00:00,0.396,0.4022021822570558,0.42375919050845207,0.43663986041395414
2021-06-17 14:00:00,0.395,0.398563319027517,0.4187780434122241,0.43194099524549984
2021-06-17 15:00:00,0.396,0.3991243631844501,0.41734587973586135,0.42494012030721784
2021-06-17 16:00:00,0.395,0.39695228485835743,0.41674399494708264,0.40239850078421274
2021-06-17 17:00:00,0.395,0.3968269463445928,0.41415927571344124,0.39715050055328127
2021-06-17 18:00:00,0.395,0.3974401172543962,0.41378963947797825,0.39591430965697944
2021-06-17 19:00:00,0.396,0.39819864102847974,0.41042962823870716,0.39728177321538827
2021-06-17 20:00:00,0.4,0.3955324781471057,0.4025236279938838,0.39801706423040933
2021-06-17 21:00:00,0.406,0.40524649707322924,0.4003561920108072,0.39920783640755536
2021-06-17 22:00:00,0.411,0.4016951391564456,0.39600528713474864,0.39178321181260634
2021-06-17 23:00:00,0.414,0.40159222555101415,0.39635328346668647,0.3941555278641031
2021-06-18 00:00:00,0.415,0.40376938890669134,0.3961370374426129,0.3916842825704795
2021-06-18 01:00:00,0.415,0.4043602083853907,0.3948164734196619,0.39633616957100465
2021-06-18 02:00:00,0.415,0.40800632984851504,0.39517505892760574,0.3956216135716103
2021-06-18 03:00:00,0.414,0.40677922028026614,0.3982392438666412,0.4063276406425089
2021-06-18 04:00:00,0.413,0.40746219908490783,0.3993371576400087,0.4019061144802284
2021-06-18 05:00:00,0.409,0.40715975468746707,0.39424158082514305,0.39449352083687905
2021-06-18 06:00:00,0.405,0.40833157010951715,0.3993779765274432,0.4027582203261646
2021-06-18 07:00:00,0.402,0.4056865858804838,0.3938370633293738,0.3947392546259698
2021-06-18 08:00:00,0.399,0.40335381070263165,0.3934901846280827,0.3914153078974824
2021-06-18 09:00:00,0.396,0.40308504544931534,0.3995194213065225,0.4074065971089775
2021-06-18 10:00:00,0.393,0.40351942928939505,0.4091236745117299,0.45219296167819095
2021-06-18 11:00:00,0.392,0.40340810713825775,0.42959581942213804,0.4500768272531809
2021-06-18 12:00:00,0.39,0.3997041282482698,0.42715014923194233,0.44828678978399716
2021-06-18 13:00:00,0.39,0.39950426133931266,0.4224848275165065,0.4499096603129161
2021-06-18 14:00:00,0.39,0.4001071976674185,0.43548298989577355,0.4381825403869959
2021-06-18 15:00:00,0.39,0.3976771405532118,0.4350598166728021,0.4265948183716564
2021-06-18 16:00:00,0.389,0.393610861706372,0.43062876254875826,0.4095689676840567
2021-06-18 17:00:00,0.389,0.393034323675279,0.41898387411276605,0.39272523118677016
2021-06-18 18:00:00,0.389,0.39167102096988615,0.41246454474696687,0.3893215806730071
2021-06-18 19:00:00,0.389,0.3902078888077437,0.4082679495621173,0.3886042825648049
2021-06-18 20:00:00,0.392,0.38964715296844854,0.407025637714866,0.38936018537678074
2021-06-18 21:00:00,0.399,0.39561552374107173,0.39177524538614084,0.38831973580698115
2021-06-18 22:00:00,0.406,0.39640769619031724,0.3901310014204629,0.38578321181260633
2021-06-18 23:00:00,0.41,0.39837965797067965,0.39001893859875303,0.38578321181260633
2021-06-19 00:00:00,0.412,0.39970656009380034,0.390428478747517,0.3858910487077537
2021-06-19 01:00:00,0.412,0.3975656077135719,0.38981689706234,0.3857041743850525
2021-06-19 02:00:00,0.411,0.40026442161006237,0.3877583909485275,0.38583006826105387
2021-06-19 03:00:00,0.409,0.4007304572743033,0.39018497724097273,0.39184717712470973
2021-06-19 04:00:00,0.406,0.4011606559796466,0.3882624049748871,0.3851018246866879
2021-06-19 05:00:00,0.402,0.4010903145184431,0.38786410720900927,0.3909135930053429
2021-06-19 06:00:00,0.397,0.40132209455310053,0.39105707916745214,0.3919028207780514
2021-06-19 07:00:00,0.393,0.4003958172602256,0.3907487432074527,0.3902383811509515
2021-06-19 08:00:00,0.389,0.4011998395745525,0.3940775908046863,0.4231597953108159
2021-06-19 09:00:00,0.386,0.398155466420761,0.3968537277046774,0.42584817349065857
2021-06-19 10:00:00,0.384,0.40056949077423953,0.40483863997627334,0.44499956341315294
2021-06-19 11:00:00,0.383,0.3976558226312695,0.4042386080522419,0.44318017837157275
2021-06-19 12:00:00,0.384,0.3955346497280518,0.43257028143145165,0.43175084674240216
2021-06-19 13:00:00,0.383,0.3917113697267625,0.42941456293120456,0.42429036431311673
2021-06-19 14:00:00,0.391,0.38800053303175197,0.42629688240580654,0.4241328092677713
2021-06-19 15:00:00,0.407,0.3869170124830859,0.42158050443392414,0.419319218137637
2021-06-19 16:00:00,0.409,0.3825687394047961,0.40099947387916157,0.38110612952734313
2021-06-19 17:00:00,0.409,0.3820960484422393,0.38846728469163355,0.382947176366364
2021-06-19 18:00:00,0.41,0.3882051670807968,0.3860602777391745,0.3868592316834133
2021-06-19 19:00:00,0.412,0.3867536855902419,0.3884859173519273,0.387158283387883
2021-06-19 20:00:00,0.417,0.3984791272984057,0.43793866159419853,0.4182987703077664
2021-06-19 21:00:00,0.428,0.4351178497274682,0.5014272594777996,0.5559672358802553
2021-06-19 22:00:00,0.44,0.5135171323078971,0.6422780903774586,0.6412172055283851
2021-06-19 23:00:00,0.443,0.4982844077126577,0.6282684305871847,0.5614388488177042
2021-06-20 00:00:00,0.436,0.4586348363955864,0.609889944524477,0.5366671130008914
2021-06-20 01:00:00,0.43,0.45098472082547075,0.5931809337816738,0.5332245375690787
2021-06-20 02:00:00,0.43,0.4511426946109446,0.574067973639325,0.5341367999735189
2021-06-20 03:00:00,0.477,0.479378287771574,0.5842507862400212,0.5375460384581637
2021-06-20 04:00:00,0.569,0.502881852923326,0.5586370176251577,0.5327423847674473
2021-06-20 05:00:00,0.602,0.6340617307465898,0.5735113039624722,0.5197798900826824
2021-06-20 06:00:00,0.598,0.6478444373496872,0.5857765651478152,0.5113761716975895
2021-06-20 07:00:00,0.587,0.5457038665392496,0.5474561801804038,0.5015938858448902
2021-06-20 08:00:00,0.576,0.5285896692102987,0.5167406565679332,0.4913061290326939
2021-06-20 09:00:00,0.564,0.5343179659794056,0.5417463054711792,0.4615630273483098
2021-06-20 10:00:00,0.555,0.5314586704639723,0.5073763617826117,0.5130455128634275
2021-06-20 11:00:00,0.547,0.5518518686159849,0.5325639622640528,0.5162721605679083
2021-06-20 12:00:00,0.541,0.5471852853281687,0.524473319782952,0.505084860359526
2021-06-20 13:00:00,0.535,0.5429343059949322,0.5154924842414913,0.498480290412567
2021-06-20 14:00:00,0.529,0.5345342178974687,0.5060896722643377,0.49151987355889926
2021-06-20 15:00:00,0.525,0.5232120728371225,0.4982328029144589,0.4900088890188549
2021-06-20 16:00:00,0.519,0.5161052899652221,0.4981030402558958,0.5009924631010987
2021-06-20 17:00:00,0.515,0.5085297811443316,0.5004737335265578,0.4961659355007783
2021-06-20 18:00:00,0.508,0.5026933140273039,0.5069754679199325,0.4947833327574313
2021-06-20 19:00:00,0.501,0.49720370393773405,0.4948753371788028,0.48806417791025486
2021-06-20 20:00:00,0.494,0.4912162485112615,0.4892126731179206,0.48266952065811464
2021-06-20 21:00:00,0.488,0.490697943053161,0.491215708389598,0.4858049972446585
2021-06-20 22:00:00,0.486,0.48630866729135813,0.4789380350100937,0.4727716354964493
2021-06-20 23:00:00,0.499,0.49020626974588416,0.4843158737994234,0.47705752052026046
2021-06-21 00:00:00,0.522,0.49133385840655097,0.48517585753947845,0.4743982797841054
2021-06-21 01:00:00,0.533,0.5127065536158646,0.49967412420906215,0.49026629125363713
2021-06-21 02:00:00,0.532,0.5208089523546681,0.4972424123557928,0.5052523863404
2021-06-21 03:00:00,0.531,0.5155235944306996,0.4907879450344603,0.4988704145916533
2021-06-21 04:00:00,0.526,0.509657971340496,0.4897596891211527,0.48520686549667064
2021-06-21 05:00:00,0.52,0.4940248945736239,0.47943239544189303,0.47975393812856454
2021-06-21 06:00:00,0.514,0.5145912504667522,0.49918574187311787,0.5004924966057644
2021-06-21 07:00:00,0.512,0.5178625704649314,0.5050381943952584,0.5173613304198525
2021-06-21 08:00:00,0.511,0.5090158168374516,0.5048641772254813,0.5358168884663341
2021-06-21 09:00:00,0.509,0.5143333300082669,0.5165666813091724,0.5479165590248817
2021-06-21 10:00:00,0.508,0.5197496467019407,0.5260573874440092,0.5504313707497841
2021-06-21 11:00:00,0.512,0.5166691688236735,0.5257795539414387,0.5563588471832367
2021-06-21 12:00:00,0.522,0.513104013861582,0.5270927127640672,0.5438076952751525
2021-06-21 13:00:00,0.534,0.5206700008090551,0.5567364156591186,0.5781576352867389
2021-06-21 14:00:00,0.54,0.5353948875915949,0.5607064736244755,0.574815625550922
2021-06-21 15:00:00,0.543,0.5471547398527228,0.5613733023805191,0.5619125626998493
2021-06-21 16:00:00,0.544,0.5406139965709492,0.5391164568803557,0.5515481938488546
2021-06-21 17:00:00,0.546,0.5387722386210794,0.5372116708200882,0.5549554578331344
2021-06-21 18:00:00,0.549,0.5387434386664965,0.5427705741888472,0.5271869742383299
2021-06-21 19:00:00,0.549,0.5505980276016195,0.5563623847167818,0.5394847833930636
2021-06-21 20:00:00,0.546,0.5590184165182065,0.562868477959965,0.5453152797400184
2021-06-21 21:00:00,0.543,0.555085072804173,0.559930545199592,0.5472448239031746
2021-06-21 22:00:00,0.54,0.5464567661406937,0.5549023031073391,0.5475506608750351
2021-06-21 23:00:00,0.535,0.5320232264766493,0.5261738051100986,0.5263437881553161
2021-06-22 00:00:00,0.537,0.533553184100314,0.5227733518810509,0.511587326770942
2021-06-22 01:00:00,0.538,0.5311286184846256,0.5216406750971757,0.5091131632433292
2021-06-22 02:00:00,0.532,0.5246702615282692,0.5167924712059664,0.5054101930082332
2021-06-22 03:00:00,0.533,0.5252178806974366,0.5166398530400846,0.5092062905016405
2021-06-22 04:00:00,0.534,0.5286576340749761,0.5117922913734964,0.5087701036981346
2021-06-22 05:00:00,0.533,0.529047856702015,0.5140894863046778,0.5209734198404732
2021-06-22 06:00:00,0.535,0.5355401871420402,0.5434681099850807,0.5408305129284703
2021-06-22 07:00:00,0.538,0.5357311013563167,0.5435219546592905,0.5373820373007606
2021-06-22 08:00:00,0.537,0.5371739380485079,0.5423964504063299,0.5618749795394875
2021-06-22 09:00:00,0.538,0.5409198027924461,0.5414179476352479,0.5658154823960772
2021-06-22 10:00:00,0.539,0.5396091653590701,0.5333240035235155,0.5589533254798454
2021-06-22 11:00:00,0.541,0.5349163606325308,0.53124287832053,0.5446962385553019
2021-06-22 12:00:00,0.544,0.5397072968637423,0.5352709314549493,0.55913602013165
2021-06-22 13:00:00,0.552,0.5431401313054202,0.5394945017609042,0.536201690032629
2021-06-22 14:00:00,0.564,0.5446600350769286,0.5551476608134763,0.5570117506900625
2021-06-22 15:00:00,0.575,0.5551414963696557,0.5867234642379628,0.6040307896569919
2021-06-22 16:00:00,0.581,0.5713781381349126,0.5769750948300804,0.5695028314459507
2021-06-22 17:00:00,0.585,0.5799870102744085,0.5853406965294415,0.5786461722766154
2021-06-22 18:00:00,0.588,0.579801705903646,0.5825560963222264,0.5850075843084914
2021-06-22 19:00:00,0.591,0.583178449713655,0.5704752883521512,0.5879979317703157
2021-06-22 20:00:00,0.592,0.5957394469334443,0.6435184527274063,0.6682843695166857
2021-06-22 21:00:00,0.594,0.6069088439875201,0.67270640603366,0.6987624917490487
2021-06-22 22:00:00,0.593,0.6093138994893772,0.6290849593937896,0.6667429690280882
2021-06-22 23:00:00,0.591,0.6083969491522266,0.6297232242131495,0.6465318726213466
2021-06-23 00:00:00,0.589,0.6021558737662815,0.6148629336416519,0.6311669694985267
2021-06-23 01:00:00,0.59,0.5983092169900405,0.6069539784889422,0.632126785842644
2021-06-23 02:00:00,0.595,0.5927040276013242,0.5876701451437036,0.5754428956426922
2021-06-23 03:00:00,0.6,0.5941571352568669,0.5866818143377979,0.5676825839397114
2021-06-23 04:00:00,0.602,0.5949135981452713,0.595374145602874,0.5874739058927199
2021-06-23 05:00:00,0.6,0.6008705056022475,0.5935880443665164,0.5844749580534945
2021-06-23 06:00:00,0.595,0.5978210135085545,0.5903056094456814,0.5821375033073888
2021-06-23 07:00:00,0.589,0.5969480356527985,0.5911455334390603,0.5826368259389841
2021-06-23 08:00:00,0.582,0.5952775777771085,0.574689402913406,0.5626594613946989
2021-06-23 09:00:00,0.576,0.5810539519966917,0.5621831055809278,0.5594431639510327
2021-06-23 10:00:00,0.57,0.5703364875879811,0.5539070746350926,0.5552061439540625
2021-06-23 11:00:00,0.565,0.5667290613814137,0.5545745672097705,0.5526759337897781
2021-06-23 12:00:00,0.56,0.5603843508782247,0.5475677964245529,0.5472109696355173
2021-06-23 13:00:00,0.557,0.556359594178247,0.5417879318158798,0.5412107297936036
2021-06-23 14:00:00,0.554,0.5571717016141774,0.54479801037171,0.5374615202676581
2021-06-23 15:00:00,0.551,0.5527209519902969,0.5417828422252643,0.5355342254960286
2021-06-23 16:00:00,0.547,0.5481399196223067,0.5381455224184862,0.531489521537215
2021-06-23 17:00:00,0.544,0.5444658718488583,0.5348930479729767,0.5324983286912666
2021-06-23 18:00:00,0.541,0.5398660527224987,0.5333579065010677,0.5291532257062317
2021-06-23 19:00:00,0.538,0.5363314519221875,0.5293506203272793,0.5275843962264957
2021-06-23 20:00:00,0.535,0.5348710914055815,0.528151544130939,0.5191066225569669
2021-06-23 21:00:00,0.533,0.5371634115659847,0.54679085341624,0.5450065355360768
2021-06-23 22:00:00,0.53,0.5337642509977646,0.5422649921407175,0.5388202098809627
2021-06-23 23:00:00,0.528,0.5307240893391718,0.5449285306106229,0.5341299847488634
2021-06-24 00:00:00,0.525,0.5287517384377651,0.5430600193919299,0.5318112069466479
2021-06-24 01:00:00,0.524,0.525567134567675,0.5408218205106216,0.528735750645113
2021-06-24 02:00:00,0.521,0.522344832638617,0.5265312907532332,0.526636997000509
2021-06-24 03:00:00,0.519,0.519476450030537,0.5148214892991491,0.5061487391522915
2021-06-24 04:00:00,0.518,0.5155470114157035,0.5114987806856045,0.500706342458046
2021-06-24 05:00:00,0.521,0.5134359754651036,0.5076181856665443,0.49750145329873724
2021-06-24 06:00:00,0.523,0.5152416946447088,0.5090898715607898,0.496525466795785
2021-06-24 07:00:00,0.522,0.5210645408716563,0.5206958379110305,0.5145332608840039
2021-06-24 08:00:00,0.518,0.5229132030680699,0.5207314095891191,0.5138435137994729
2021-06-24 09:00:00,0.514,0.5175410197842522,0.5108212930579143,0.5102847951216608
2021-06-24 10:00:00,0.508,0.5131479695288964,0.5113488039679431,0.5226707668583792
2021-06-24 11:00:00,0.504,0.5070906202085181,0.5087469453595467,0.5358767810418301
2021-06-24 12:00:00,0.499,0.5074940110521065,0.5114625046164699,0.5323315861866045
2021-06-24 13:00:00,0.496,0.5081596033581367,0.5198386486049058,0.5187534227563527
2021-06-24 14:00:00,0.494,0.5059213788060015,0.5193563313428958,0.5147846646186113
2021-06-24 15:00:00,0.492,0.5012823958240593,0.5159205014870151,0.5098047493349825
2021-06-24 16:00:00,0.489,0.4951297884022903,0.5107284306562713,0.5035895682829892
2021-06-24 17:00:00,0.488,0.49139412517438785,0.5100253350541497,0.4925865445391401
2021-06-24 18:00:00,0.49,0.485836552445549,0.505826638996351,0.48363555847728223
2021-06-24 19:00:00,0.494,0.4865493677572357,0.49702831680435666,0.4788487537417505
2021-06-24 20:00:00,0.496,0.49676115690672334,0.49430296733819995,0.49308835400977535
2021-06-24 21:00:00,0.495,0.49668705884588454,0.4942236284216506,0.4917743546286633
2021-06-24 22:00:00,0.494,0.4924028007091353,0.487193602253857,0.48249568300939494
2021-06-24 23:00:00,0.493,0.49110474074734417,0.4826445716128061,0.480450624655004
2021-06-25 00:00:00,0.491,0.4926106535056228,0.4752214883200139,0.4666690370089317
2021-06-25 01:00:00,0.49,0.4968278519078126,0.47910183864359035,0.4713098253660066
2021-06-25 02:00:00,0.486,0.489394807929199,0.4687696797291935,0.4730144531464485
2021-06-25 03:00:00,0.482,0.4844729764949606,0.46698634746287,0.4708166077799691
2021-06-25 04:00:00,0.477,0.47835987944897274,0.46818280681398605,0.46897670518208545
2021-06-25 05:00:00,0.474,0.47549654566385113,0.46573053937598846,0.4669053556197904
2021-06-25 06:00:00,0.471,0.4705134542939344,0.46267024667921874,0.4613812299041623
2021-06-25 07:00:00,0.469,0.47112421204572896,0.46628332639734976,0.4641847353960624
2021-06-25 08:00:00,0.468,0.4731237525266015,0.4652018968565955,0.46044675587526324
2021-06-25 09:00:00,0.466,0.4742077520425089,0.4667780587144478,0.4669596808431111
2021-06-25 10:00:00,0.464,0.4662491411930278,0.4609940998286384,0.45306938021688165
2021-06-25 11:00:00,0.464,0.46684929961774047,0.4698880091519137,0.4737124601263856
2021-06-25 12:00:00,0.462,0.4660307961776033,0.4710813917904462,0.47755290661730976
2021-06-25 13:00:00,0.46,0.46432294283779746,0.4767277591475697,0.47266979494574307
2021-06-25 14:00:00,0.459,0.46267126916558543,0.4759175496943758,0.4708466275482975
2021-06-25 15:00:00,0.459,0.45911964792233106,0.46111007072476334,0.4672420510669489
2021-06-25 16:00:00,0.457,0.46013809391036753,0.4611564255928923,0.4698313465954338
2021-06-25 17:00:00,0.456,0.4586965627383894,0.45725700294051397,0.45655412344781576
2021-06-25 18:00:00,0.455,0.456151497309382,0.4541017590081965,0.4512784941747443
2021-06-25 19:00:00,0.454,0.4531147129014384,0.45118867693456005,0.43661039082716363
2021-06-25 20:00:00,0.457,0.4521483815187743,0.4506449787780779,0.4351842522323006
2021-06-25 21:00:00,0.46,0.4556841708604427,0.45562859943375494,0.45213405403742124
2021-06-25 22:00:00,0.461,0.460982756726256,0.4618585737918846,0.4615255758774639
2021-06-25 23:00:00,0.457,0.4593600877229013,0.4555184309934215,0.4560678526045411
2021-06-26 00:00:00,0.453,0.45350882277408555,0.44785225327844047,0.4489615660740972
2021-06-26 01:00:00,0.45,0.4434555138712797,0.43088771915092117,0.4303571542889555
2021-06-26 02:00:00,0.447,0.4454198205771138,0.4340646170929646,0.433393030561141
2021-06-26 03:00:00,0.445,0.4475897003076429,0.43678439621726495,0.43601461170654227
2021-06-26 04:00:00,0.443,0.4477230408731255,0.4402842483599381,0.4354633234287464
2021-06-26 05:00:00,0.44,0.4449457707639018,0.43914444338876196,0.43317586705307676
2021-06-26 06:00:00,0.439,0.44072919636627256,0.4353681516266119,0.4314408639844684
2021-06-26 07:00:00,0.438,0.44100112376117273,0.43610948432070135,0.43098303115501974
2021-06-26 08:00:00,0.437,0.44108653960190736,0.4364983679299901,0.436756458281553
2021-06-26 09:00:00,0.437,0.44024374592662113,0.44075171086753334,0.4348254661221891
2021-06-26 10:00:00,0.436,0.44037510028425236,0.444963094185511,0.4629178936261209
2021-06-26 11:00:00,0.435,0.4372195058840616,0.450847394641265,0.45135111693246405
2021-06-26 12:00:00,0.434,0.43861894175939353,0.4507251710103775,0.4514719800031664
2021-06-26 13:00:00,0.433,0.43586349302588573,0.4421228798693526,0.44716885446719373
2021-06-26 14:00:00,0.431,0.4323973769217829,0.43850497389716986,0.44402206477561346
2021-06-26 15:00:00,0.431,0.4334192642989472,0.43745760102933445,0.4481260126521765
2021-06-26 16:00:00,0.431,0.43187580787117624,0.43195065893186946,0.4313526041276471
2021-06-26 17:00:00,0.43,0.4309772548140533,0.43160212717467,0.4322301629714262
2021-06-26 18:00:00,0.43,0.42959897755433163,0.42779765877561676,0.4259049345657949
2021-06-26 19:00:00,0.432,0.4298836501865165,0.42727528608496534,0.42615170197216995
2021-06-26 20:00:00,0.436,0.4304811897028779,0.43010649800438133,0.42658972973592
2021-06-26 21:00:00,0.438,0.4360042605130714,0.4327193141497261,0.42629619471758123
2021-06-26 22:00:00,0.436,0.4348864282537424,0.42971851012253437,0.4257105615934223
2021-06-26 23:00:00,0.434,0.4305704514444154,0.42662329628572676,0.4245956550771461
2021-06-27 00:00:00,0.431,0.4293344457387224,0.4088330566540518,0.40975433690217
2021-06-27 01:00:00,0.429,0.4267169398242715,0.41216391771147765,0.4113510084347481
2021-06-27 02:00:00,0.427,0.4295548485429877,0.4248021210812455,0.41685557800681805
2021-06-27 03:00:00,0.425,0.42688673114110914,0.42354090571438674,0.41716074801343017
2021-06-27 04:00:00,0.423,0.4295796248169853,0.4234432677655263,0.4241970197503128
2021-06-27 05:00:00,0.422,0.4278474165298893,0.42308448293486967,0.42295811021389645
2021-06-27 06:00:00,0.421,0.42568517212391543,0.42269868945698275,0.421646683237979
2021-06-27 07:00:00,0.42,0.4244980671418528,0.4246347067825454,0.4207616939934653
2021-06-27 08:00:00,0.42,0.4229382282919479,0.4229322452215267,0.42083520628596605
2021-06-27 09:00:00,0.42,0.42054868497691617,0.420326845843765,0.4199540470824324
2021-06-27 10:00:00,0.419,0.41980411088905134,0.4272829839408266,0.46402369724556963
2021-06-27 11:00:00,0.418,0.41934767966183073,0.4285779116402679,0.4633137572522371
2021-06-27 12:00:00,0.421,0.42085055702628454,0.4331869783001159,0.4542103707146538
2021-06-27 13:00:00,0.425,0.4228462454668339,0.4364857618340079,0.4527817282879001
2021-06-27 14:00:00,0.424,0.42095291993827205,0.43499287968362854,0.45284092303121565
2021-06-27 15:00:00,0.424,0.42144542195589874,0.43500955135430397,0.44988743713394236
2021-06-27 16:00:00,0.424,0.42107283662728906,0.43362592039025877,0.4424019147510605
2021-06-27 17:00:00,0.426,0.4203381228998979,0.4356942944771079,0.4207024838927976
2021-06-27 18:00:00,0.428,0.4276904440629387,0.44407025834746444,0.42639000364172824
2021-06-27 19:00:00,0.435,0.4361271802571972,0.44987903806739254,0.43097530827627817
2021-06-27 20:00:00,0.446,0.44840091683447025,0.4853000348182853,0.520057080584055
2021-06-27 21:00:00,0.451,0.463951992063492,0.5362040574161138,0.5371603311231079
2021-06-27 22:00:00,0.452,0.4514157992219259,0.49075090496900375,0.5225685935986908
2021-06-27 23:00:00,0.453,0.43953343832877284,0.5141459491360876,0.5332447976674216
2021-06-28 00:00:00,0.454,0.42965769134113724,0.4832242411328255,0.5252817523823438
2021-06-28 01:00:00,0.454,0.44764320068090463,0.4670625445981622,0.49732412636050555
2021-06-28 02:00:00,0.454,0.4536570072293483,0.4670919576550865,0.4977181983506508
2021-06-28 03:00:00,0.459,0.4472871872618154,0.46136463070376077,0.4517874211380846
2021-06-28 04:00:00,0.478,0.4554931529448269,0.4616149968744794,0.45271372979969005
2021-06-28 05:00:00,0.5,0.4703190667867732,0.4698711185953838,0.45739243867759927
2021-06-28 06:00:00,0.505,0.4857632542462429,0.5043165423203539,0.4905792949757121
2021-06-28 07:00:00,0.501,0.48741829371148593,0.5028703040109522,0.49553303110510194
2021-06-28 08:00:00,0.497,0.47584742580181066,0.45416847146958367,0.44780885039135615
2021-06-28 09:00:00,0.497,0.4762907548523206,0.4707590518162861,0.4694478753674448
2021-06-28 10:00:00,0.493,0.4713214124791641,0.46416966122787734,0.5530598890774274
2021-06-28 11:00:00,0.489,0.48964321491761154,0.48456784332551733,0.5835770199291932
2021-06-28 12:00:00,0.484,0.47873761932919073,0.4769625027079072,0.5513984179073036
2021-06-28 13:00:00,0.48,0.48020903493801437,0.4772911902635469,0.5254093454430114
2021-06-28 14:00:00,0.478,0.48228763280319276,0.490318700812086,0.5195963158258903
2021-06-28 15:00:00,0.478,0.4849736421523131,0.48674189158399334,0.5196427684236762
2021-06-28 16:00:00,0.485,0.48187035188124,0.4831855259174849,0.5136625327043595
2021-06-28 17:00:00,0.508,0.48390460275602293,0.5006235174062407,0.4881256702330205
2021-06-28 18:00:00,0.529,0.49874709754188934,0.507603096282147,0.48799484612253907
2021-06-28 19:00:00,0.544,0.5346024720930628,0.5222169522181348,0.48976684869291154
2021-06-28 20:00:00,0.568,0.5384986393198022,0.5210992497540055,0.5002384783125133
2021-06-28 21:00:00,0.594,0.521176299292832,0.5167077989140724,0.48697339252510813
2021-06-28 22:00:00,0.616,0.5165840574063922,0.5056656332574516,0.49486054251084644
2021-06-28 23:00:00,0.622,0.5420861990460847,0.507479080422475,0.5112607441678431
2021-06-29 00:00:00,0.618,0.5628324584978812,0.5293906653211301,0.5333998643500878
2021-06-29 01:00:00,0.628,0.5783246806976216,0.5446001296851279,0.5472020405997396
2021-06-29 02:00:00,0.641,0.5913401997576406,0.5734619594838615,0.5659008048576668
2021-06-29 03:00:00,0.651,0.6217744835511909,0.5972414376529089,0.6087851449596036
2021-06-29 04:00:00,0.648,0.6263079927406769,0.6232389669471866,0.6250060373884343
2021-06-29 05:00:00,0.634,0.6440188075397401,0.6468957101895086,0.6380781088973164
2021-06-29 06:00:00,0.624,0.6329187975979306,0.6122463811259415,0.6102098339585641
2021-06-29 07:00:00,0.632,0.6287817208695915,0.6198197875433126,0.6441641115662544
2021-06-29 08:00:00,0.652,0.6013159378255998,0.6143838209997501,0.6156609858351574
2021-06-29 09:00:00,0.669,0.6129934282407409,0.6125576338001489,0.6004563610856407
2021-06-29 10:00:00,0.68,0.6623494958007589,0.6744316582039459,0.757798529897935
2021-06-29 11:00:00,0.683,0.6613343241666642,0.6783610863911496,0.699042559655851
2021-06-29 12:00:00,0.68,0.6662678566492675,0.6705931722386979,0.6766321349361512
2021-06-29 13:00:00,0.682,0.6715730012285713,0.6732248597927868,0.6618770839214184
2021-06-29 14:00:00,0.685,0.6847993787009289,0.6758116392117152,0.6830071674956757
2021-06-29 15:00:00,0.686,0.6974008264911753,0.7338771959983877,0.737870591526727
2021-06-29 16:00:00,0.684,0.6722079404363822,0.7610296309431797,0.7749679643025562
2021-06-29 17:00:00,0.681,0.6961390156240821,0.8087654570467928,0.7776129117401616
2021-06-29 18:00:00,0.683,0.7110088826457899,0.8132717678551247,0.7714744514243667
2021-06-29 19:00:00,0.689,0.713393058691966,0.8183386632715903,0.7741886166589411
2021-06-29 20:00:00,0.701,0.7318318190282481,0.8519079165862319,0.8209568240159983
2021-06-29 21:00:00,0.727,0.7562636610402894,0.8744110808471701,0.8410082950513542
2021-06-29 22:00:00,0.763,0.7625766303424844,0.8742353479584803,0.8455805516705935
2021-06-29 23:00:00,0.797,0.781632842716852,0.8280192513437123,0.8236368337960392
2021-06-30 00:00:00,0.82,0.7933569963068193,0.8202742056217751,0.7843564994420995
2021-06-30 01:00:00,0.836,0.8107403520963187,0.8158840413695081,0.7881371842118423
2021-06-30 02:00:00,0.849,0.8190784149615401,0.8180923690945523,0.7651214387011784
2021-06-30 03:00:00,0.858,0.8369431907817247,0.8252328878137103,0.7849540139954349
2021-06-30 04:00:00,0.867,0.842639650240796,0.8169785217266103,0.8140627882608844
2021-06-30 05:00:00,0.88,0.8589981765059472,0.839184157933406,0.837904128714889
2021-06-30 06:00:00,0.894,0.8528423390841452,0.807490798583146,0.8345670247453302
2021-06-30 07:00:00,0.904,0.8587996165990547,0.8278441003338033,0.833233181694723
2021-06-30 08:00:00,0.909,0.8702656348952914,0.8344830562641611,0.8429439325811748
2021-06-30 09:00:00,0.914,0.8784077298545881,0.844598595925122,0.8584889636364031
2021-06-30 10:00:00,0.919,0.8875619736786136,0.8548140807570478,0.8720252490463859
2021-06-30 11:00:00,0.927,0.899435796250786,0.8643317644601706,0.9116804520925157
2021-06-30 12:00:00,0.933,0.9124334737948459,0.8725310454955494,0.8898933564582733
2021-06-30 13:00:00,0.938,0.920995295222246,0.8806830047439953,0.8980239839845614
2021-06-30 14:00:00,0.942,0.9251487688858299,0.8862482274801204,0.9083257007502112
2021-06-30 15:00:00,0.946,0.9294069304862276,0.8928063587850411,0.9184221217105389
2021-06-30 16:00:00,0.953,0.9332946954597954,0.8979901369117415,0.9261433911049946
2021-06-30 17:00:00,0.953,0.9421397603539267,0.9112174280047644,0.9447436396463154
2021-06-30 18:00:00,0.95,0.9474544712625135,0.9096769272993392,0.9452890644689864
2021-06-30 19:00:00,0.947,0.9537326382654491,0.9129982736890209,0.9118717800560086
2021-06-30 20:00:00,0.94,0.9572775824853804,0.9191499825599575,0.9132041864495348
2021-06-30 21:00:00,0.931,0.9452163004403883,0.9235685491385642,0.9152183595685124
2021-06-30 22:00:00,0.92,0.9417569813505168,0.9206480612496358,0.9164566992790787
2021-06-30 23:00:00,0.907,0.9242937080525695,0.8995419229773853,0.9077100478296037
2021-07-01 00:00:00,0.895,0.918008804070064,0.899464529450521,0.9071734136243189
2021-07-01 01:00:00,0.888,0.9140429741017501,0.90006063526702,0.91401297694783
2021-07-01 02:00:00,0.886,0.9004854088239814,0.8870486252141292,0.9049776214203831
2021-07-01 03:00:00,0.887,0.8899303116381576,0.8774482528189033,0.8901651305947195
2021-07-01 04:00:00,0.89,0.8815060361038769,0.8770846124200816,0.8918180115583555
2021-07-01 05:00:00,0.89,0.8744618534065209,0.868148254556832,0.8883633987206921
2021-07-01 06:00:00,0.886,0.88137749164127,0.8816980683126863,0.8832690262096808
2021-07-01 07:00:00,0.884,0.8857277348638687,0.8939696962593744,0.890530307282441
2021-07-01 08:00:00,0.879,0.8884513148080416,0.8799573919433253,0.8823038812063475
2021-07-01 09:00:00,0.875,0.8848676135010932,0.8868503985745615,0.9039363352323326
2021-07-01 10:00:00,0.87,0.8869967157108639,0.8873457305358203,0.8902748225137158
2021-07-01 11:00:00,0.865,0.8779174798856763,0.8668448377475264,0.8630225773642497
2021-07-01 12:00:00,0.858,0.8718104035206388,0.8624157051011201,0.851808907858075
2021-07-01 13:00:00,0.852,0.8702856358945326,0.8590421926196772,0.8423420174564985
2021-07-01 14:00:00,0.845,0.8616391352644703,0.848349146033966,0.8382942943542548
2021-07-01 15:00:00,0.837,0.8583186684565204,0.8438971830504881,0.8355792148305915
2021-07-01 16:00:00,0.83,0.8516704782993715,0.8393927559678726,0.8205687332465497
2021-07-01 17:00:00,0.823,0.8442948128710768,0.8168522620870554,0.81034886866799
2021-07-01 18:00:00,0.816,0.8223531047328119,0.8041262403951862,0.80341779310771
2021-07-01 19:00:00,0.81,0.8151807581513062,0.7964823886259167,0.797351214654646
2021-07-01 20:00:00,0.802,0.8069433981363348,0.7883853751078002,0.7914449508366064
2021-07-01 21:00:00,0.796,0.798938359173504,0.7812971401938912,0.7852875427872315
2021-07-01 22:00:00,0.791,0.7934222501246029,0.7753197267727413,0.7789352633563115
2021-07-01 23:00:00,0.786,0.7881948399204478,0.7692294611770965,0.7739747893326938
2021-07-02 00:00:00,0.781,0.7817018332826172,0.7628928752267234,0.766330752590548
2021-07-02 01:00:00,0.776,0.7762526349285325,0.7570471975916327,0.7598685005057896
2021-07-02 02:00:00,0.771,0.7685981553636484,0.7501425315031359,0.75482642001123
2021-07-02 03:00:00,0.768,0.771054433662887,0.7537433207355416,0.7471929409427477
2021-07-02 04:00:00,0.763,0.7671227957963228,0.7556922086971865,0.7460578954685824
2021-07-02 05:00:00,0.759,0.7628432385864297,0.7503334028871785,0.7438127182600733
2021-07-02 06:00:00,0.755,0.7582822784911382,0.7470233174452989,0.7388647672067076
2021-07-02 07:00:00,0.751,0.7530175322058997,0.7414347663510469,0.7356602858862212
2021-07-02 08:00:00,0.747,0.749122675661626,0.7419116187191834,0.7319037657560241
2021-07-02 09:00:00,0.743,0.7474843580423122,0.7412877157290044,0.7300354745474535
2021-07-02 10:00:00,0.738,0.7411644862012854,0.732585311860637,0.724914944935935
2021-07-02 11:00:00,0.734,0.7370713323623783,0.7294538003663823,0.7206249902114268
2021-07-02 12:00:00,0.729,0.7328510089577933,0.7251849123501668,0.7169099527421771
2021-07-02 13:00:00,0.724,0.7283594753543313,0.7197236237567888,0.7123176524240419
2021-07-02 14:00:00,0.719,0.7233973103515973,0.7125843476369006,0.7064671746023692
2021-07-02 15:00:00,0.714,0.7184662192351222,0.703428597151862,0.6960114897297681
2021-07-02 16:00:00,0.71,0.712865523506322,0.6968168695045114,0.6937543400794769
2021-07-02 17:00:00,0.704,0.7083988745883485,0.6936523669580728,0.6822530494472574
2021-07-02 18:00:00,0.7,0.7022306919251089,0.6861313127772491,0.6776047910765467
2021-07-02 19:00:00,0.695,0.698549755776313,0.6835390242724825,0.67526441731539
2021-07-02 20:00:00,0.691,0.6936532573782895,0.6815464003696784,0.6773835253752631
2021-07-02 21:00:00,0.687,0.688688622734166,0.6774990225803584,0.6731697312759479
2021-07-02 22:00:00,0.683,0.6847682214814942,0.6750452380679028,0.6688898236567967
2021-07-02 23:00:00,0.679,0.6787753858253299,0.6710009946819694,0.6653984106439531
2021-07-03 00:00:00,0.675,0.6772104832243014,0.6727256089116165,0.667349297926504
2021-07-03 01:00:00,0.672,0.6730507950430911,0.6646957865595835,0.6566089515401051
2021-07-03 02:00:00,0.67,0.6682855977681075,0.6595089100510478,0.6561798573165193
2021-07-03 03:00:00,0.667,0.6703613647029484,0.6719263144032053,0.6553757829496254
2021-07-03 04:00:00,0.666,0.6662633816322288,0.6636260504402279,0.6517941602555891
2021-07-03 05:00:00,0.663,0.6632322427901906,0.663990287521143,0.650862683473116
2021-07-03 06:00:00,0.661,0.6612226611786914,0.6588625206024349,0.649886240546121
2021-07-03 07:00:00,0.659,0.6586618085097958,0.6562999859264711,0.6523519911104082
2021-07-03 08:00:00,0.656,0.6567198815926019,0.6524061853380261,0.6407506859119582
2021-07-03 09:00:00,0.654,0.6534684791999584,0.6505469724664837,0.6443209008287248
2021-07-03 10:00:00,0.65,0.652662753166928,0.6518997528224667,0.6483553864709076
2021-07-03 11:00:00,0.648,0.6496283472109198,0.6436923824697537,0.6356397426864719
2021-07-03 12:00:00,0.646,0.6458194455516802,0.637680456672528,0.622087713139993
2021-07-03 13:00:00,0.643,0.6437587492428485,0.6350342961616091,0.6193058033086873
2021-07-03 14:00:00,0.64,0.6403615223541221,0.6323309263236728,0.6163770971731152
2021-07-03 15:00:00,0.637,0.6374305045974227,0.6288351682932761,0.6152959939729985
2021-07-03 16:00:00,0.634,0.6326319085795417,0.623558155665435,0.6111653311449506
2021-07-03 17:00:00,0.629,0.6302231254966016,0.6218532715641424,0.6154105775671774
2021-07-03 18:00:00,0.623,0.6306330510943061,0.625994983291557,0.6152123914738643
2021-07-03 19:00:00,0.617,0.6277259726960398,0.6291278284970448,0.630752296680297
2021-07-03 20:00:00,0.611,0.6236493409476604,0.6258778809745092,0.6247730141287748
2021-07-03 21:00:00,0.607,0.6207508437248355,0.6226076376770234,0.6207716463586171
2021-07-03 22:00:00,0.606,0.6178802585247751,0.6189738226835132,0.6170017166896989
2021-07-03 23:00:00,0.605,0.6123062856840122,0.6153688836380576,0.6133095421374172
2021-07-04 00:00:00,0.607,0.6151060789556287,0.6239240330736184,0.6121245273099297
2021-07-04 01:00:00,0.609,0.6052107150920524,0.6146999202586874,0.6026883769297824
2021-07-04 02:00:00,0.61,0.6049049907705639,0.6068804170914371,0.6013524785560354
2021-07-04 03:00:00,0.609,0.6075975261953213,0.6051479251618583,0.6006038119317166
2021-07-04 04:00:00,0.608,0.6095695600303989,0.6060262910107775,0.5977341225873475
2021-07-04 05:00:00,0.634,0.609134716267376,0.6070785987120269,0.5978837036515378
2021-07-04 06:00:00,0.652,0.606130642788159,0.5995174930465205,0.5985228734881224
2021-07-04 07:00:00,0.649,0.6071547766925492,0.5928775129405465,0.5853747543464385
2021-07-04 08:00:00,0.646,0.6080633714550054,0.5939371748067068,0.5865766111891175
2021-07-04 09:00:00,0.637,0.6013422951952673,0.6040473996927008,0.6163578305325006
2021-07-04 10:00:00,0.627,0.5953075492249161,0.5985688964755939,0.6066910117378685
2021-07-04 11:00:00,0.622,0.6433503098007317,0.6706640297429437,0.7079178000053548
2021-07-04 12:00:00,0.621,0.6528449284312966,0.6845843130195703,0.6935282187389947
2021-07-04 13:00:00,0.623,0.6534968286005002,0.6552413756839573,0.6785879753250449
2021-07-04 14:00:00,0.629,0.6550725394724078,0.6542439625099129,0.6796796207205663
2021-07-04 15:00:00,0.635,0.6485828617414031,0.6853240621365082,0.7074391736025392
2021-07-04 16:00:00,0.635,0.6475598058779816,0.649688563919103,0.6306011471412194
2021-07-04 17:00:00,0.631,0.638420707149779,0.6380426140500125,0.6249975250284501
2021-07-04 18:00:00,0.628,0.6405990066232069,0.6224704817081866,0.6230700503730077
2021-07-04 19:00:00,0.63,0.6365985223586615,0.6228269302974213,0.6239072415621103
2021-07-04 20:00:00,0.634,0.6320292166803363,0.615771558485221,0.6118788357862502
2021-07-04 21:00:00,0.633,0.6202824675043614,0.6101394118817886,0.6026421796020688
2021-07-04 22:00:00,0.63,0.6201300312068122,0.6118652794032443,0.6100337583736564
2021-07-04 23:00:00,0.623,0.6202159329279763,0.6122602632589882,0.6068741517256538
2021-07-05 00:00:00,0.616,0.6150275430186347,0.6116377921621433,0.6146639442672367
2021-07-05 01:00:00,0.612,0.6147280885740658,0.6131309350863307,0.6491076210597486
2021-07-05 02:00:00,0.608,0.6235826159064409,0.6320797702646037,0.6590060803165492
2021-07-05 03:00:00,0.605,0.6219759683063334,0.6289384523574435,0.6370378789019815
2021-07-05 04:00:00,0.603,0.6191826786328541,0.6312894385160862,0.6234882859047471
2021-07-05 05:00:00,0.602,0.6150856065718864,0.6359957745374843,0.6279725977352371
2021-07-05 06:00:00,0.601,0.6159395487596054,0.6336531553091534,0.6187313400756539
2021-07-05 07:00:00,0.606,0.6215457420612238,0.6809610073301205,0.6302837177900732
2021-07-05 08:00:00,0.614,0.6230795844383414,0.6635389842834413,0.6318805478899898
2021-07-05 09:00:00,0.623,0.6223523142902379,0.6539437202351447,0.6300056961803502
2021-07-05 10:00:00,0.629,0.6274292977215056,0.6496221271638939,0.6336006673205031
2021-07-05 11:00:00,0.632,0.6282573375892374,0.642535540724013,0.6066563404861517
2021-07-05 12:00:00,0.631,0.6497409756522147,0.6429286565634875,0.605015236314665
2021-07-05 13:00:00,0.634,0.634819812159954,0.6238485206271659,0.6093817523024297
2021-07-05 14:00:00,0.632,0.6341179368733905,0.6198981133692942,0.6177248562117998
2021-07-05 15:00:00,0.63,0.6447269961041266,0.6256253171401135,0.6267067550108001
2021-07-05 16:00:00,0.628,0.6343520382407433,0.6315663929013756,0.6334251396454005
2021-07-05 17:00:00,0.627,0.6351721916731065,0.6244300029953063,0.6230980226704619
2021-07-05 18:00:00,0.625,0.6159487956225105,0.6049975105920529,0.6074308604536073
2021-07-05 19:00:00,0.624,0.6268695644390779,0.620101666072533,0.6119650035895652
2021-07-05 20:00:00,0.624,0.6241176781675413,0.6177099274168237,0.6063826568835353
2021-07-05 21:00:00,0.623,0.6214923496994151,0.6146183507663722,0.6035755194514195
2021-07-05 22:00:00,0.622,0.6225535132991509,0.6148556527237422,0.6137178293412395
2021-07-05 23:00:00,0.622,0.6225923157887658,0.617408559043923,0.6141445517039497
2021-07-06 00:00:00,0.62,0.620456946408654,0.6152636272768394,0.611326453072335
2021-07-06 01:00:00,0.619,0.6177263889995572,0.6126715726400147,0.6010341357089068
2021-07-06 02:00:00,0.619,0.6166247745651003,0.6128705364878583,0.6035704037569788
2021-07-06 03:00:00,0.62,0.6145694859832365,0.6135543571278887,0.6137423339825311
2021-07-06 04:00:00,0.619,0.614546683079518,0.6178587166979295,0.6210007270427413
2021-07-06 05:00:00,0.616,0.6174185685877073,0.6187131969844087,0.6245441197499871
2021-07-06 06:00:00,0.616,0.6163008172181508,0.6159747227498739,0.628950834321766
2021-07-06 07:00:00,0.615,0.616466516837982,0.6297763177190423,0.6436773565752353
2021-07-06 08:00:00,0.617,0.6164003125749856,0.6380151832080089,0.640718082158356
2021-07-06 09:00:00,0.619,0.6215194266530277,0.6347558204084043,0.6474180555865457
2021-07-06 10:00:00,0.621,0.6236660158776703,0.6342564292076905,0.6418655254433112
2021-07-06 11:00:00,0.621,0.6239780292763071,0.6289282419440699,0.637618008267205
2021-07-06 12:00:00,0.624,0.6246635322068379,0.6292102596344299,0.6387467545473478
2021-07-06 13:00:00,0.625,0.62142775960782,0.6240178946695458,0.6239760377218705
2021-07-06 14:00:00,0.625,0.6235873108781429,0.6216119910269082,0.6253087526367418
2021-07-06 15:00:00,0.624,0.6265630286422389,0.6223583635402666,0.6225764305154863
2021-07-06 16:00:00,0.622,0.6281055954850847,0.6236723221659021,0.6246333291142104
2021-07-06 17:00:00,0.619,0.6233560082692758,0.6228726449499788,0.6220107311818222
2021-07-06 18:00:00,0.616,0.6248546503671876,0.6169070053953223,0.6180812804289414
2021-07-06 19:00:00,0.613,0.6221914766392649,0.6097589387805359,0.5976350627680903
2021-07-06 20:00:00,0.611,0.6154963463281319,0.6056982721950219,0.5945711013056849
2021-07-06 21:00:00,0.607,0.6074346292785967,0.6002928321981048,0.5899976457057786
2021-07-06 22:00:00,0.604,0.6058363861166042,0.5988715030307408,0.5870586965468632
2021-07-06 23:00:00,0.601,0.6022814752499456,0.5934306826628158,0.5822393812876858
2021-07-07 00:00:00,0.598,0.5987979164456687,0.5889701962877718,0.5785791717280456
2021-07-07 01:00:00,0.596,0.5938694370520593,0.5823264375627709,0.5743692307933543
2021-07-07 02:00:00,0.595,0.5942698993177623,0.5781507442016066,0.5731462366133213
2021-07-07 03:00:00,0.592,0.5902938091551269,0.5743810003903904,0.5690678182330337
2021-07-07 04:00:00,0.59,0.5870016282844074,0.5708408052305662,0.5663094712357447
2021-07-07 05:00:00,0.587,0.5850653748255454,0.5651591064496773,0.5672782624411249
2021-07-07 06:00:00,0.583,0.5835997934938307,0.5589708436268642,0.5650313666322933
2021-07-07 07:00:00,0.577,0.5805123188762141,0.5610176654978555,0.5631142086008607
2021-07-07 08:00:00,0.57,0.5768556218642144,0.5696139750167473,0.5633145596626311
2021-07-07 09:00:00,0.566,0.5649904425198907,0.5610342897750142,0.5521558998875525
2021-07-07 10:00:00,0.563,0.5601543851602627,0.5615800221512259,0.5582297324097102
2021-07-07 11:00:00,0.562,0.5617151991862576,0.5614797537814757,0.5746711965556198
2021-07-07 12:00:00,0.56,0.5680264348634351,0.5800497444617575,0.570994977262431
2021-07-07 13:00:00,0.559,0.5632064183689404,0.5768647990069413,0.5650469589371141
2021-07-07 14:00:00,0.556,0.5611339614267877,0.5709491731712683,0.5620318169536674
2021-07-07 15:00:00,0.555,0.5567639480377344,0.5679051864582825,0.5574163101231818
2021-07-07 16:00:00,0.554,0.5575490316340354,0.5688835162747483,0.5573557852384636
2021-07-07 17:00:00,0.556,0.5508084252543614,0.5656152359923575,0.5466392318629355
2021-07-07 18:00:00,0.559,0.5506874558001299,0.5643732644806273,0.5450733983920513
2021-07-07 19:00:00,0.56,0.5567805811265795,0.5717022409531225,0.555104875472275
2021-07-07 20:00:00,0.558,0.5658393712341692,0.5748767735524498,0.5566218790786028
2021-07-07 21:00:00,0.556,0.5629960051380465,0.5679363486570566,0.5550501653166755
2021-07-07 22:00:00,0.554,0.55643989505074,0.5654567489053806,0.5541585397191329
2021-07-07 23:00:00,0.552,0.5547265807231383,0.5468322278400528,0.5295534225646789
2021-07-08 00:00:00,0.55,0.5570756939901096,0.5405173704297573,0.533044992525042
2021-07-08 01:00:00,0.548,0.5527083610628434,0.5343195996172675,0.5333566160128339
2021-07-08 02:00:00,0.546,0.5447139955872002,0.5334083254972035,0.5259587388059875
2021-07-08 03:00:00,0.544,0.5429233288555613,0.5347350813394515,0.5274688779051429
2021-07-08 04:00:00,0.543,0.5434150965352241,0.5263416451929266,0.5236837817826091
2021-07-08 05:00:00,0.541,0.5391007504583996,0.522661037017939,0.5212766550488266
2021-07-08 06:00:00,0.536,0.5403955680305552,0.5215782663219813,0.5207006966813521
2021-07-08 07:00:00,0.532,0.5361914891464276,0.5204031297922386,0.5215148390843455
2021-07-08 08:00:00,0.528,0.5309989461839167,0.5245138107990431,0.5222416308097727
2021-07-08 09:00:00,0.524,0.5260849661823785,0.5159852921664805,0.5167006624073078
2021-07-08 10:00:00,0.523,0.522525971501243,0.5152820073902711,0.515113289405545
2021-07-08 11:00:00,0.521,0.5211792746253252,0.5163207318337099,0.5229294951557754
2021-07-08 12:00:00,0.519,0.5218720888354128,0.5139720274588351,0.5106600991355738
2021-07-08 13:00:00,0.518,0.5189749058121806,0.5156585358942322,0.5073349644256947
2021-07-08 14:00:00,0.518,0.515859383124234,0.5122617310829759,0.5055008774020229
2021-07-08 15:00:00,0.517,0.514937947658588,0.5085299735891455,0.5029228017602547
2021-07-08 16:00:00,0.515,0.5147397334746108,0.509030599523386,0.5024720295948014
2021-07-08 17:00:00,0.513,0.513688239210384,0.5079429185992692,0.5080766411546626
2021-07-08 18:00:00,0.509,0.5113476607144357,0.5072138239657377,0.5010748922140349
2021-07-08 19:00:00,0.504,0.5070584885998002,0.5038069924627601,0.4997270652415006
2021-07-08 20:00:00,0.499,0.5036263429516675,0.5035920798350607,0.49894905643566556
2021-07-08 21:00:00,0.496,0.5015795859102823,0.5014332504868465,0.49250048646922745
2021-07-08 22:00:00,0.493,0.4991150020132674,0.49955403614839705,0.4897975393688341
2021-07-08 23:00:00,0.492,0.4973680111355927,0.4987676477086694,0.4988312592825423
2021-07-09 00:00:00,0.491,0.4952639648926189,0.49083478701074207,0.48472075978685336
2021-07-09 01:00:00,0.491,0.496259681450702,0.4889021038887384,0.48859353902446456
2021-07-09 02:00:00,0.491,0.49224133757439803,0.48563099541157234,0.48840619278179537
2021-07-09 03:00:00,0.494,0.4896093369138034,0.4851223001458232,0.4844668197879805
2021-07-09 04:00:00,0.492,0.48804882827680623,0.48885349559111313,0.4864853455774182
2021-07-09 05:00:00,0.49,0.4884800035931414,0.48836536813340625,0.4854239052562746
2021-07-09 06:00:00,0.495,0.4883716462461314,0.4878015311478909,0.48336754515956526
2021-07-09 07:00:00,0.494,0.5090860306047401,0.49263601565351384,0.48854361390196377
2021-07-09 08:00:00,0.493,0.49506313012482905,0.49211123593385164,0.4852319968058223
2021-07-09 09:00:00,0.494,0.4907068865558314,0.48918881791803004,0.48649606541833024
2021-07-09 10:00:00,0.493,0.4889492681739615,0.48051048150699893,0.4780016426812125
2021-07-09 11:00:00,0.492,0.47724357568648884,0.4788835695650077,0.47660474146470655
2021-07-09 12:00:00,0.491,0.49232512264744743,0.4897284073343142,0.48829458187814184
2021-07-09 13:00:00,0.49,0.48357900126837106,0.48378200048402914,0.4780964306925703
2021-07-09 14:00:00,0.49,0.48695163581347456,0.48705767179834736,0.4823873925657617
2021-07-09 15:00:00,0.489,0.4910269636499884,0.4883301636543694,0.4853411238166897
2021-07-09 16:00:00,0.489,0.48669744767702283,0.47990601509046,0.4820036553995191
2021-07-09 17:00:00,0.488,0.48882801116169644,0.4867894334783084,0.4834035214647781
2021-07-09 18:00:00,0.487,0.4876343011135039,0.48404398600565623,0.48062906839132175
2021-07-09 19:00:00,0.486,0.487215608243344,0.4919728419456512,0.4992305308812821
2021-07-09 20:00:00,0.485,0.4870858083599704,0.49300769236651765,0.5046800595667
2021-07-09 21:00:00,0.483,0.48626834459682355,0.500976001041671,0.5032564902664688
2021-07-09 22:00:00,0.482,0.4859195569283656,0.4982808967904339,0.4996494264194068
2021-07-09 23:00:00,0.481,0.48521990451070685,0.49753872191020926,0.5005675617965367
2021-07-10 00:00:00,0.48,0.48404019974843016,0.49533618139324814,0.5022151215031463
2021-07-10 01:00:00,0.479,0.4816092385522115,0.49320186299066665,0.494639182918716
2021-07-10 02:00:00,0.478,0.47998572482478497,0.4946332350679474,0.4709569309862439
2021-07-10 03:00:00,0.479,0.4774438212813182,0.48679826283219313,0.4668042176142505
2021-07-10 04:00:00,0.483,0.4777970628242,0.48489170475591914,0.4765715961243935
2021-07-10 05:00:00,0.488,0.4789106885062661,0.48399308691115084,0.480097003044547
2021-07-10 06:00:00,0.491,0.4889427066842148,0.4828594111415477,0.4832245630174379
2021-07-10 07:00:00,0.492,0.4860430715979559,0.47968451092113046,0.479802408367396
2021-07-10 08:00:00,0.492,0.4853577965799844,0.47469270578012746,0.47621889944736195
2021-07-10 09:00:00,0.492,0.4867342624223936,0.4769056167620622,0.47937232954836334
2021-07-10 10:00:00,0.501,0.49038204055714757,0.4794721074685434,0.4813691020156668
2021-07-10 11:00:00,0.511,0.4937463420920514,0.4805164864987643,0.4886700882781474
2021-07-10 12:00:00,0.504,0.4885509937350066,0.47872915993623677,0.47234591192194
2021-07-10 13:00:00,0.502,0.4784929649642731,0.4670849978631176,0.46983200865771907
2021-07-10 14:00:00,0.503,0.47613530355982797,0.4695369581262835,0.4747817984644209
2021-07-10 15:00:00,0.503,0.4791086400488523,0.4711643794474951,0.4675518948188054
2021-07-10 16:00:00,0.501,0.504414394903481,0.5010015403366223,0.4999001118474439
2021-07-10 17:00:00,0.502,0.5115676007178327,0.5093116565687942,0.5114691067609636
2021-07-10 18:00:00,0.502,0.510289856662156,0.5490148274539429,0.5879230428792013
2021-07-10 19:00:00,0.502,0.5187642198883704,0.5569805871533394,0.6051156619433866
2021-07-10 20:00:00,0.509,0.5211895693499861,0.5637079238760511,0.582397916949567
2021-07-10 21:00:00,0.517,0.5202987471923061,0.5584661820486038,0.5888806287295689
2021-07-10 22:00:00,0.52,0.5304160804936678,0.5688662825424429,0.5804694203870397
2021-07-10 23:00:00,0.518,0.5347403883032514,0.5541619847543684,0.5509914330207868
2021-07-11 00:00:00,0.514,0.5287975023556775,0.5263700743460829,0.5335866317853061
2021-07-11 01:00:00,0.511,0.5062353995264455,0.5152609595445976,0.505293767122204
2021-07-11 02:00:00,0.51,0.5091090174454086,0.510525405385175,0.49138240349899187
2021-07-11 03:00:00,0.518,0.514916483823158,0.5127327596964089,0.49800338587550125
2021-07-11 04:00:00,0.527,0.5123523193418023,0.5178610475166847,0.5005666711204466
2021-07-11 05:00:00,0.529,0.5308283748654494,0.539141069494274,0.522642046775835
2021-07-11 06:00:00,0.527,0.5298712027339472,0.5326597903858968,0.5198199220264152
2021-07-11 07:00:00,0.522,0.5214120547168326,0.5091496129947529,0.5075963357372809
2021-07-11 08:00:00,0.517,0.5147873250300949,0.49906105661368716,0.5012174103350672
2021-07-11 09:00:00,0.513,0.5101739543942899,0.48920753245461174,0.4856914098950614
2021-07-11 10:00:00,0.51,0.5012718970808779,0.4938408633428281,0.4959475683614661
2021-07-11 11:00:00,0.507,0.5086480604236471,0.5007306801776051,0.49497458804188776
2021-07-11 12:00:00,0.505,0.5063736685707148,0.5006258722017927,0.49907122419544103
2021-07-11 13:00:00,0.504,0.5077862138490841,0.4976900077445023,0.49464841168617596
2021-07-11 14:00:00,0.502,0.5059865005929025,0.5007229075991501,0.48961572470288595
2021-07-11 15:00:00,0.5,0.5049273711886955,0.4985273951318591,0.4874276856196089
2021-07-11 16:00:00,0.498,0.5006855403325212,0.4943439045666137,0.48310611900035483
2021-07-11 17:00:00,0.496,0.49604428806000495,0.5029970531913188,0.5050266249468541
2021-07-11 18:00:00,0.494,0.4950178360199314,0.5038967499232657,0.5036425589179331
2021-07-11 19:00:00,0.492,0.49298557093947415,0.5073457957888745,0.49755293398645617
2021-07-11 20:00:00,0.491,0.4906472967429376,0.5051761620233849,0.49587457503923565
2021-07-11 21:00:00,0.49,0.49122533947495156,0.5055229946998693,0.49706065516877734
2021-07-11 22:00:00,0.488,0.48787700923757976,0.5025942783804559,0.49484028349215237
2021-07-11 23:00:00,0.487,0.4884242638012308,0.5012417376493934,0.4953001684258829
2021-07-12 00:00:00,0.486,0.48397298440422154,0.4992883804696401,0.47687604052929655
2021-07-12 01:00:00,0.49,0.48472317463227993,0.48381401339408436,0.47441496772901637
2021-07-12 02:00:00,0.499,0.485232338280697,0.48127760371045764,0.4811752442936484
2021-07-12 03:00:00,0.506,0.4970260146697644,0.4909237601978091,0.4899703924927948
2021-07-12 04:00:00,0.509,0.5000744297766845,0.4896578785478597,0.4895605785471875
2021-07-12 05:00:00,0.509,0.5021617514544992,0.4861078443644462,0.49177297635611045
2021-07-12 06:00:00,0.508,0.5027725770821287,0.4822781676830933,0.48756092241362864
2021-07-12 07:00:00,0.507,0.5008716922515292,0.4876538666782234,0.4947642442023436
2021-07-12 08:00:00,0.503,0.5071885942351017,0.4939350889927185,0.4974608028946903
2021-07-12 09:00:00,0.499,0.5101113748218079,0.4940723607542271,0.49055750609140886
2021-07-12 10:00:00,0.494,0.4954082208145772,0.4843641180080112,0.4883015417300578
2021-07-12 11:00:00,0.489,0.49148210421587435,0.48595948097599817,0.48562877156020867
2021-07-12 12:00:00,0.485,0.4874144832968885,0.4838411945139457,0.49087490979970655
2021-07-12 13:00:00,0.483,0.4870603735052138,0.4829133690853005,0.4834805146672124
2021-07-12 14:00:00,0.48,0.4861257759463274,0.48168280165538735,0.48054386538076926
2021-07-12 15:00:00,0.478,0.48540979901376746,0.477914432393101,0.4748913810228218
2021-07-12 16:00:00,0.477,0.4805288410128619,0.4733826526532476,0.4706281730943086
2021-07-12 17:00:00,0.476,0.47576627643514574,0.4703398448293346,0.4642201813956038
2021-07-12 18:00:00,0.474,0.47778841438200537,0.48514846967161473,0.48866130625144893
2021-07-12 19:00:00,0.473,0.4748781869921857,0.4821699043510928,0.4828412343449293
2021-07-12 20:00:00,0.471,0.47204459628963363,0.48465446779459836,0.4764404258678268
2021-07-12 21:00:00,0.469,0.4726714232646172,0.485149093910142,0.48156756853058386
2021-07-12 22:00:00,0.468,0.4672870537644107,0.4829122261296812,0.4722513816733931
2021-07-12 23:00:00,0.467,0.4667372602503872,0.4815184247503389,0.47520015402143057
2021-07-13 00:00:00,0.467,0.4672920825116833,0.48123336800837485,0.475631659735278
2021-07-13 01:00:00,0.467,0.4690448816462097,0.4863808759285993,0.474728268850319
2021-07-13 02:00:00,0.467,0.4682631722886843,0.48551015585556545,0.4787043921272673
2021-07-13 03:00:00,0.469,0.46503078547467713,0.48376665004691316,0.4651689913800696
2021-07-13 04:00:00,0.474,0.4697820837078326,0.4843493792200279,0.46770631908294374
2021-07-13 05:00:00,0.48,0.4786050059665218,0.4920132002678358,0.4740132125773433
2021-07-13 06:00:00,0.483,0.4810891805850473,0.4938952601715099,0.47074734814440977
2021-07-13 07:00:00,0.485,0.4785481929577189,0.4698556544692784,0.47400975689920716
2021-07-13 08:00:00,0.486,0.4764969527556675,0.4695258670968913,0.4701500934163874
2021-07-13 09:00:00,0.488,0.4766500215322058,0.470916838372705,0.4723412068742712
2021-07-13 10:00:00,0.492,0.4814313164034323,0.48476890275745,0.49657056688254253
2021-07-13 11:00:00,0.502,0.49773022193343613,0.5352214357442279,0.5929890480204879
2021-07-13 12:00:00,0.514,0.5130104034159064,0.5566636105897202,0.626877696262696
2021-07-13 13:00:00,0.518,0.5175723383602223,0.54402825902349,0.5783382615576859
2021-07-13 14:00:00,0.542,0.5085794083161788,0.5246962930378806,0.5568370214276516
2021-07-13 15:00:00,0.581,0.49844171385483216,0.5203778380989492,0.5478644264949399
2021-07-13 16:00:00,0.624,0.5010554365333818,0.5012576369348487,0.5441785538270034
2021-07-13 17:00:00,0.71,0.5130591852731973,0.5247811815756902,0.5481166638360355
2021-07-13 18:00:00,0.749,0.5312091795002039,0.5449013342481086,0.5526101416187511
2021-07-13 19:00:00,0.773,0.5381826890520091,0.5506219221001747,0.5507859587056725
2021-07-13 20:00:00,0.793,0.5849547023848293,0.5964805223154392,0.5709454835295853
2021-07-13 21:00:00,0.825,0.6450064865608237,0.6495989342308945,0.7369037664924085
2021-07-13 22:00:00,0.876,0.7142905083157582,0.8906735367140171,0.8744903690165993
2021-07-13 23:00:00,0.939,0.8242589653832005,1.0295493128908129,0.9974826490427762
2021-07-14 00:00:00,1.02,0.9841357053415372,1.1625874588256546,1.2161172378261402
2021-07-14 01:00:00,1.124,1.1559898817941319,1.2570937772967772,1.2170836764904667
2021-07-14 02:00:00,1.221,1.1118454303751806,1.2348686610981612,1.1748131784986329
2021-07-14 03:00:00,1.286,1.0141738704265242,1.2370140937530278,1.1586437130131906
2021-07-14 04:00:00,1.342,1.1161957420546935,1.31555080357638,1.2749597516926157
2021-07-14 05:00:00,1.41,1.1688642326160152,1.2696401418880296,1.33607287020202
2021-07-14 06:00:00,1.506,1.2467377748238075,1.3294109495569504,1.3879873438498715
2021-07-14 07:00:00,1.6,1.4279296162818664,1.4437919692795131,1.5234319540442987
2021-07-14 08:00:00,1.646,1.472255681753432,1.5800190603909443,1.620976424437002
2021-07-14 09:00:00,1.738,1.6977242177729677,1.6908780978835982,1.6966167315184815
2021-07-14 10:00:00,1.793,1.789323902116402,1.764657990740741,1.776095346995597
2021-07-14 11:00:00,1.834,1.875393203463203,1.8236105908998412,1.8312141027676025
2021-07-14 12:00:00,1.892,1.9517468439153438,1.9190251424871427,1.901555464017464
2021-07-14 13:00:00,1.965,1.9900268012265512,2.0122395121452628,1.984479706080956
2021-07-14 14:00:00,2.071,2.110625116522366,2.0569355994468497,2.027204957403707
2021-07-14 15:00:00,2.203,2.2428178178210674,2.1251706340788843,2.102985048257298
2021-07-14 16:00:00,2.322,2.3050033065175564,2.15943803006253,2.1498174014319016
2021-07-14 17:00:00,2.427,2.332340301226551,2.194480384559885,2.1840537009842014
2021-07-14 18:00:00,2.537,2.3280013547378546,2.2681994187109185,2.238308255633256
2021-07-14 19:00:00,2.657,2.2735363777056277,2.349802178811929,2.31525869021719
2021-07-14 20:00:00,2.782,2.3852020099807603,2.4669952673160176,2.445949780765531
2021-07-14 21:00:00,2.901,2.7046258322510823,2.6156016867484366,2.5906024990194987
2021-08-09 23:00:00,0.519,0.5086023532239868,0.5020781570132288,0.5016540727048853
2021-08-10 15:00:00,0.489,0.4996195378485083,0.5031630076387374,0.501320091208697
2021-08-10 16:00:00,0.493,0.5000532849030652,0.497859753278824,0.5026154785847481
2021-08-10 17:00:00,0.498,0.5006025026772569,0.4941217924292149,0.504777349168179
2021-08-10 18:00:00,0.499,0.5087427434129155,0.49981372854483724,0.5091136813254438
2021-08-10 19:00:00,0.5,0.5037228336733998,0.49337057847722765,0.4931844876787517
2021-08-10 20:00:00,0.5,0.4891971418455278,0.4851849155021197,0.4888438242498137
2021-08-10 21:00:00,0.502,0.49521472600201194,0.4864168508792686,0.4901691409491035
2021-08-10 22:00:00,0.503,0.5028088434223812,0.49374447188263093,0.49425442011673
2021-08-10 23:00:00,0.502,0.503193059381525,0.4991566757236995,0.6015553109349632
2021-08-11 00:00:00,0.499,0.5027279002668151,0.5008516510764602,0.7212851850961163
2021-08-11 01:00:00,0.497,0.49848771880333026,0.4986481358926629,0.7305077871834111
2021-08-11 02:00:00,0.494,0.49664849556021945,0.4898787925542142,0.68727755614368
2021-08-11 03:00:00,0.493,0.4937739760882858,0.4890098767015693,0.595292149959644
2021-08-11 04:00:00,0.492,0.4953082951193504,0.4876697326228319,0.47957504501153325
2021-08-11 05:00:00,0.492,0.4935781285455364,0.49334378574456084,0.49940490855917224
2021-08-11 06:00:00,0.491,0.49258268868553373,0.48538034341370523,0.4865817407211178
2021-08-11 07:00:00,0.489,0.49189446719360735,0.4898786888067581,0.49108242875867353
2021-08-11 08:00:00,0.489,0.4889981235492014,0.4847847200666303,0.4836788183228265
2021-08-11 09:00:00,0.488,0.48886629650362357,0.4870834294291992,0.48708073491126735
2021-08-11 10:00:00,0.488,0.48741839353612165,0.48547969360140564,0.48353729284673824
2021-08-11 11:00:00,0.486,0.4886712757970963,0.48738060163091973,0.4890439476790449
2021-08-11 12:00:00,0.484,0.48602446659929516,0.48359489713759957,0.48101893339125446
2021-08-11 13:00:00,0.482,0.4844316426099655,0.4849399874920664,0.49436377967344913
2021-08-11 14:00:00,0.479,0.481687690857567,0.4837467213841867,0.48909169747297127
2021-08-11 15:00:00,0.476,0.4791607226442556,0.4912703287963035,0.4886822594201717
2021-08-11 16:00:00,0.474,0.47777228422913925,0.49005509602342173,0.48580245877042877
2021-08-11 17:00:00,0.471,0.47456625951023995,0.48833415249100404,0.48062551464532177
2021-08-11 18:00:00,0.469,0.47240343071937024,0.4856921004944023,0.47739356778778513
2021-08-11 19:00:00,0.469,0.46992415178572305,0.4845947322462474,0.46615683223243887
2021-08-11 20:00:00,0.47,0.4676637596260416,0.4629051778051552,0.4586512772522901
2021-08-11 21:00:00,0.475,0.4691197650768909,0.46277896464836904,0.46526823486816693
2021-08-11 22:00:00,0.484,0.4749260499508558,0.4699635371206125,0.4663848513522897
2021-08-11 23:00:00,0.492,0.47532323335706106,0.4721247007399271,0.46620454964374414
2021-08-12 00:00:00,0.495,0.4878392812847019,0.47067216282885804,0.46601075173924034
2021-08-12 01:00:00,0.496,0.4923478415106316,0.4708379631680788,0.4679215608774658
2021-08-12 02:00:00,0.492,0.49272715192009203,0.4707911177977453,0.46696904211694634
2021-08-12 03:00:00,0.489,0.4870206974657521,0.47860788396316345,0.4781410456836801
2021-08-12 04:00:00,0.484,0.4899035333764743,0.4704359497550288,0.4614501166273238
2021-08-12 05:00:00,0.479,0.4793452061898873,0.4701526939580751,0.4723162111681671
2021-08-12 06:00:00,0.472,0.4767461515628054,0.47052948940942335,0.4845989072410858
2021-08-12 07:00:00,0.468,0.4676989028399221,0.4677996140869097,0.4712485407316046
2021-08-12 08:00:00,0.467,0.47023280601029194,0.4741238539002181,0.4756026080603292
2021-08-12 09:00:00,0.468,0.47636787955642385,0.47290477885883686,0.47031551470874433
2021-08-12 10:00:00,0.47,0.47797961272128553,0.4733382029808254,0.4761617185840857
2021-08-12 11:00:00,0.471,0.47674873450415467,0.4748334449380993,0.47177520483985336
2021-08-12 12:00:00,0.471,0.4738510486757671,0.4688561898241188,0.4696590989383016
2021-08-12 13:00:00,0.471,0.4669306941502922,0.46778087329782914,0.46320943331920794
2021-08-12 14:00:00,0.471,0.46769160276306315,0.4681814176628357,0.46985808218957953
2021-08-12 15:00:00,0.471,0.46888922629984187,0.4643969284979005,0.4621067092801449
2021-08-12 16:00:00,0.471,0.4724963068619785,0.47358668806673565,0.4976941692983132
2021-08-12 17:00:00,0.471,0.4735786915379647,0.47808711070035015,0.513932031143396
2021-08-12 18:00:00,0.471,0.47183066158483417,0.48852845655763893,0.4920456048642442
2021-08-12 19:00:00,0.47,0.47182890582747367,0.48577182031078764,0.4956351902883551
2021-08-12 20:00:00,0.47,0.47226634716236604,0.47730899718780007,0.4936728725198408
2021-08-12 21:00:00,0.469,0.4714671274312129,0.4709135613079859,0.4903925568623475
2021-08-12 22:00:00,0.469,0.46902206153929515,0.4638977455733356,0.46529644513082385
2021-08-12 23:00:00,0.468,0.4689791122819287,0.4632386288376471,0.4649260450823778
2021-08-13 00:00:00,0.467,0.46802946180855,0.4630383820995547,0.4630912062802244
2021-08-13 01:00:00,0.469,0.4667945621821201,0.461846136175384,0.4620021160955904
2021-08-13 02:00:00,0.473,0.467049066781044,0.46243140457455123,0.46074388606201555
2021-08-13 03:00:00,0.475,0.47370544989594365,0.47713020922416166,0.48171718504620126
2021-08-13 04:00:00,0.475,0.4766155740781582,0.46862943432888565,0.46608935009970387
2021-08-13 05:00:00,0.471,0.4742961746483146,0.4650920899843053,0.4710256804069195
2021-08-13 06:00:00,0.462,0.46672214792253824,0.4604073567529166,0.46056782371773675
2021-08-13 07:00:00,0.461,0.45781551135659826,0.4489055201533345,0.4521658073687635
2021-08-13 08:00:00,0.463,0.4619315683611469,0.45856398557691364,0.4644166209631268
2021-08-13 09:00:00,0.463,0.46429511993454703,0.4618282941566355,0.4597428354711654
2021-08-13 10:00:00,0.462,0.46473740282472087,0.46314274316095844,0.4683629797391498
2021-08-13 11:00:00,0.461,0.4619779998205559,0.4577096428102021,0.45481633520103376
2021-08-13 12:00:00,0.462,0.45674655685160886,0.4516895025659485,0.4594765213652015
2021-08-13 13:00:00,0.461,0.4561414793013454,0.45306498864360567,0.4578861320134158
2021-08-13 14:00:00,0.461,0.45919371310476237,0.4590430814553229,0.4634572699260135
2021-08-13 15:00:00,0.461,0.45799176072699477,0.45529500282532626,0.4560209276244652
2021-08-13 16:00:00,0.461,0.46246258501922743,0.4685704635780792,0.49020231705812395
2021-08-13 17:00:00,0.461,0.46449062616850995,0.4718811016130847,0.4959599147189776
2021-08-13 18:00:00,0.461,0.4648172571934889,0.48179163821758825,0.49161817622087856
2021-08-13 19:00:00,0.46,0.4615321921229685,0.47472497271773345,0.4771340492996638
2021-08-13 20:00:00,0.459,0.46036161337732545,0.46793430242126116,0.4755089499405226
2021-08-13 21:00:00,0.458,0.4586321409826476,0.45672725200317527,0.47095817664167244
2021-08-13 22:00:00,0.458,0.45800894309201445,0.45291619214777973,0.4550169226746911
2021-08-13 23:00:00,0.457,0.4580097997013813,0.45291825487160264,0.45435939146762355
2021-08-14 00:00:00,0.457,0.4568803072044997,0.452609465427537,0.45157389077086996
2021-08-14 01:00:00,0.458,0.4562866329967586,0.45316378605619867,0.45761121272177796
2021-08-14 02:00:00,0.463,0.4545897822024999,0.450173546745757,0.4491956487770882
2021-08-14 03:00:00,0.466,0.4607357464341478,0.46935738183852027,0.4717099357717279
2021-08-14 04:00:00,0.465,0.4662664123141112,0.45757840014085155,0.45505192837399044
2021-08-14 05:00:00,0.463,0.46460754182987357,0.45983850207426896,0.4650517149751386
2021-08-14 06:00:00,0.461,0.4596985475228588,0.4530148409381636,0.4599670572540789
2021-08-14 07:00:00,0.457,0.4504449734426477,0.4411111261512634,0.4454261379893635
2021-08-14 08:00:00,0.456,0.45381746119974437,0.4589276536285524,0.5037288911665855
2021-08-14 09:00:00,0.453,0.45934438841739617,0.4689824387801928,0.49318647411331584
2021-08-14 10:00:00,0.452,0.4560152003210992,0.46374051907868363,0.4762615387885862
2021-08-14 11:00:00,0.452,0.455940611322152,0.463538818470636,0.4719432000804557
2021-08-14 12:00:00,0.452,0.45616092151718035,0.46811040703501283,0.4726866826340769
2021-08-14 13:00:00,0.451,0.45321614526606785,0.4690498942342603,0.46706936053649345
2021-08-14 14:00:00,0.451,0.452888613564207,0.46971580744682734,0.4615765092752228
2021-08-14 15:00:00,0.451,0.4521286707835381,0.46546656426502536,0.4494753751888505
2021-08-14 16:00:00,0.451,0.45119000799808545,0.4588568127108512,0.44975589268249827
2021-08-14 17:00:00,0.455,0.45001038767756496,0.4574843670970134,0.4497088652759238
2021-08-14 18:00:00,0.46,0.4528018949643458,0.45887685914323206,0.4528125350924213
2021-08-14 19:00:00,0.464,0.4561061779363418,0.4524631068611237,0.4481786366603966
2021-08-14 20:00:00,0.465,0.45768180241088186,0.4494773281938911,0.44801021875169644
2021-08-14 21:00:00,0.465,0.45722257884912476,0.44899613563619206,0.4479699692912575
2021-08-14 22:00:00,0.465,0.4583504266159729,0.4495000478004521,0.4479699692912575
2021-08-14 23:00:00,0.465,0.4619842802081548,0.4527234836648241,0.45184784808371486
2021-08-15 00:00:00,0.463,0.46581226743280046,0.45192097141646437,0.45557447877021345
2021-08-15 01:00:00,0.46,0.4636904698169398,0.45082786346420134,0.4571480948091858
2021-08-15 02:00:00,0.456,0.45731274444007913,0.446662953567465,0.4454642605254916
2021-08-15 03:00:00,0.453,0.45029057980802456,0.44366747281700686,0.44450618217054944
2021-08-15 04:00:00,0.451,0.4488710273902061,0.4436311922864218,0.4471352982177363
2021-08-15 05:00:00,0.449,0.44981025089944804,0.4440215003997962,0.4460508792167043
2021-08-15 06:00:00,0.448,0.4506541674977612,0.44701297785439414,0.4473297612956569
2021-08-15 07:00:00,0.447,0.44959557383674664,0.45222930712977705,0.4593146224462828
2021-08-15 08:00:00,0.445,0.44709765671711177,0.4490341755302677,0.4549489174570122
2021-08-15 09:00:00,0.445,0.4469012904698513,0.45527122214108423,0.4550679902113232
2021-08-15 10:00:00,0.444,0.44676808029915305,0.45999986216603,0.4548142391636406
2021-08-15 11:00:00,0.444,0.4453768093369498,0.4617233443929923,0.4532728933923054
2021-08-15 12:00:00,0.443,0.44468023857733235,0.4612020780000129,0.4540070626686655
2021-08-15 13:00:00,0.442,0.44405488033591434,0.46040775058390665,0.4531829044450609
2021-08-15 14:00:00,0.443,0.4440581143896545,0.4591860283197801,0.4515883717213104
2021-08-15 15:00:00,0.443,0.4442934085052784,0.45963078128490176,0.45120652026804786
2021-08-15 16:00:00,0.443,0.44370146248219217,0.45902848125327955,0.4424096377063098
2021-08-15 17:00:00,0.446,0.4443621291609852,0.45466103105187194,0.4432994985870001
2021-08-15 18:00:00,0.451,0.4452741051035341,0.45268721967264913,0.44407608188559705
2021-08-15 19:00:00,0.457,0.45000010482897973,0.44464640770316716,0.4441425514472444
2021-08-15 20:00:00,0.46,0.4518734849933575,0.4416090733456139,0.4400782638516059
2021-08-15 21:00:00,0.46,0.45288326066746126,0.4417572570861059,0.4400782638516059
2021-08-15 22:00:00,0.461,0.4509259157686087,0.4417666145481947,0.44003801439116697
2021-08-15 23:00:00,0.46,0.45365389307672754,0.4442459658391498,0.4431250333717191
2021-08-16 00:00:00,0.46,0.45836116078588507,0.44901470594667403,0.44784784808371486
2021-08-16 01:00:00,0.459,0.46088139092478353,0.4473201303175678,0.45253849797418133
2021-08-16 02:00:00,0.456,0.45865347126970996,0.44401648188281206,0.45370182109972296
2021-08-16 03:00:00,0.452,0.45271038697913313,0.4424822959585334,0.4418178824370324
2021-08-16 04:00:00,0.449,0.44952291430631447,0.441610933840739,0.44040058085440154
2021-08-16 05:00:00,0.447,0.4437954843335358,0.43828220173962945,0.4372549079906213
2021-08-16 06:00:00,0.444,0.44325760945846343,0.4372446734297585,0.43890921122916693
2021-08-16 07:00:00,0.442,0.44384865779734,0.4410953625239307,0.43843461334554934
2021-08-16 08:00:00,0.44,0.44363291114069925,0.4392396126003843,0.4369840880372949
2021-08-16 09:00:00,0.438,0.44160346275543577,0.43893389849173625,0.4375877017481817
2021-08-16 10:00:00,0.44,0.44152776311217085,0.43759004402192825,0.4423999903108411
2021-08-16 11:00:00,0.443,0.44274308165271964,0.4429256630150332,0.4509263976032355
2021-08-16 12:00:00,0.442,0.44025419554224,0.4409337823731628,0.4470502277382261
2021-08-16 13:00:00,0.442,0.4390316427399499,0.43867947317253503,0.4437883939711263
2021-08-16 14:00:00,0.442,0.4386776576301344,0.4390347911608271,0.44353687321670227
2021-08-16 15:00:00,0.443,0.43851333169302875,0.442975992700116,0.46428653740953885
2021-08-16 16:00:00,0.443,0.44415067598279334,0.45247566051745414,0.4821940797800457
2021-08-16 17:00:00,0.443,0.45066522283122046,0.4734990585847132,0.4986429905118068
2021-08-16 18:00:00,0.444,0.449159569470582,0.4685136801228329,0.4904673779203008
2021-08-16 19:00:00,0.445,0.452158506115177,0.46633046692658026,0.48153586714184515
2021-08-16 20:00:00,0.444,0.4468889156353109,0.4579780726740338,0.4712249976810455
2021-08-16 21:00:00,0.445,0.44821893973311305,0.4574872504184979,0.47752506846217735
2021-08-16 22:00:00,0.445,0.4470382236578809,0.4500086438167229,0.4454205695902694
2021-08-16 23:00:00,0.445,0.4463740274946035,0.45007099132581,0.44578652285519044
2021-08-17 00:00:00,0.446,0.44708634393505714,0.4512411586142315,0.4467163502180746
2021-08-17 01:00:00,0.451,0.4476042909981922,0.45341243077881,0.4481256772276972
2021-08-17 02:00:00,0.457,0.448421228238636,0.4550093009681948,0.44795654146168945
2021-08-17 03:00:00,0.462,0.4588341183592508,0.4610949601926206,0.44892537865837784
2021-08-17 04:00:00,0.463,0.45756405957610286,0.44413082388620945,0.4420893500997039
2021-08-17 05:00:00,0.461,0.4553864663972397,0.4433056314113665,0.44174993125235945
2021-08-17 06:00:00,0.46,0.45267699062182404,0.4447802019530019,0.4426488173077963
2021-08-17 07:00:00,0.459,0.4573451845424125,0.444488731401019,0.4310893769358523
2021-08-17 08:00:00,0.46,0.4622827700831654,0.4514462217440042,0.4382566797257894
2021-08-17 09:00:00,0.46,0.4605205545283123,0.4544981407994652,0.45503433130698945
2021-08-17 10:00:00,0.461,0.458098825698436,0.45420223871528037,0.45301479033152425
2021-08-17 11:00:00,0.461,0.45641312624730024,0.45646212958741333,0.4534890719324203
2021-08-17 12:00:00,0.461,0.45585070889840573,0.45158992835093803,0.4517566913355414
2021-08-17 13:00:00,0.461,0.45754305098141235,0.464548818179766,0.4723661383790033
2021-08-17 14:00:00,0.462,0.4605023408764239,0.4662735668903226,0.49800430461318135
2021-08-17 15:00:00,0.463,0.4636636604730291,0.47851917731514115,0.5054382594054465
2021-08-17 16:00:00,0.463,0.4655050892315811,0.48239188760791185,0.5135864482108478
2021-08-17 17:00:00,0.463,0.46947576685403364,0.49466878653033464,0.5299729979402633
2021-08-17 18:00:00,0.463,0.46753484786411387,0.494512788806291,0.5327031231205865
2021-08-17 19:00:00,0.463,0.4651619031064639,0.49424750721625244,0.5152503069944595
2021-08-17 20:00:00,0.463,0.4683558542967458,0.5301038217019267,0.5266833854768905
2021-08-17 21:00:00,0.464,0.47220266672475036,0.5178623212492641,0.516519515440989
2021-08-17 22:00:00,0.467,0.46714094870428036,0.484444142180334,0.501927203356215
2021-08-17 23:00:00,0.474,0.4672548221099688,0.4800810637701005,0.4713784597130016
2021-08-18 00:00:00,0.483,0.4743051610442462,0.4835458559839359,0.4661284916060224
2021-08-18 01:00:00,0.491,0.47887485947600145,0.48065724108528857,0.4652863357771904
2021-08-18 02:00:00,0.499,0.4827953131210726,0.4647558631517435,0.4598786885268494
2021-08-18 03:00:00,0.506,0.48844678002636915,0.4657850899486557,0.4609224659645887
2021-08-18 04:00:00,0.511,0.49238104725944626,0.4682479361109048,0.4640838566890136
2021-08-18 05:00:00,0.512,0.5003374871562947,0.4749217591274773,0.47098023398268346
2021-08-18 06:00:00,0.511,0.5074955566868534,0.4842348981696346,0.4810734041987596
2021-08-18 07:00:00,0.509,0.5121069942992175,0.504249581203211,0.5096812068316258
2021-08-18 08:00:00,0.507,0.5074579057939496,0.5116952043641927,0.5139344831429314
2021-08-18 09:00:00,0.505,0.5108352019600745,0.5163970106187376,0.5338658546573298
2021-08-18 10:00:00,0.504,0.5100141884609215,0.5057483390087164,0.5387100321081394
2021-08-18 11:00:00,0.503,0.5080378741413456,0.5304895866020852,0.5540719033097967
2021-08-18 12:00:00,0.502,0.5075480693677785,0.5081076420710602,0.5448160342365945
2021-08-18 13:00:00,0.502,0.5079729626862828,0.5122256365252846,0.5388940451409334
2021-08-18 14:00:00,0.501,0.5044413196239337,0.516878363360404,0.534811647469389
2021-08-18 15:00:00,0.501,0.5025522362052525,0.515504301186682,0.5323132499102847
2021-08-18 16:00:00,0.502,0.5045601168194893,0.5150469238487456,0.5253013814365545
2021-08-18 17:00:00,0.503,0.5042303592271131,0.5161274218968096,0.5033496597312527
2021-08-18 18:00:00,0.508,0.504197454466841,0.5165333817693756,0.5009715420343397
2021-08-18 19:00:00,0.513,0.5085152860725025,0.5202475855275426,0.5037764720750574
2021-08-18 20:00:00,0.516,0.5148819106484022,0.5222873912302276,0.504770433285709
2021-08-18 21:00:00,0.516,0.5165312962892181,0.5212586384950139,0.5050132554016777
2021-08-18 22:00:00,0.515,0.5147318438530089,0.5170910333791625,0.5052865206881133
2021-08-18 23:00:00,0.515,0.5094669970651758,0.504352899212208,0.49982543798843154
2021-08-19 00:00:00,0.514,0.5135002985081651,0.5027258906106558,0.5031857563511889
2021-08-19 01:00:00,0.513,0.5177070658798625,0.5070171480728496,0.5057046270094406
2021-08-19 02:00:00,0.511,0.5159261318686386,0.5092596173008088,0.507785534055653
2021-08-19 03:00:00,0.507,0.5118910897841404,0.5071268411558381,0.5076811680918166
2021-08-19 04:00:00,0.512,0.5127540134709584,0.5100556511102297,0.5082572167670052
2021-08-19 05:00:00,0.517,0.513186926883524,0.5106758479318827,0.5100275398138466
2021-08-19 06:00:00,0.515,0.513972443856846,0.5120097704088343,0.5094121961913104
2021-08-19 07:00:00,0.508,0.5125648225693312,0.5114231857057827,0.5083096240824067
2021-08-19 08:00:00,0.509,0.5101493601379435,0.5033038365871835,0.5049612803566526
2021-08-19 09:00:00,0.508,0.5028593014176452,0.4966814462059515,0.4872355615683891
2021-08-19 10:00:00,0.505,0.5050915644905553,0.5003084771441252,0.49144110466298746
2021-08-19 11:00:00,0.505,0.5083642405175453,0.5006526182436674,0.4944503899983237
2021-08-19 12:00:00,0.503,0.504798549937246,0.4984474891753125,0.4920625881393375
2021-08-19 13:00:00,0.502,0.49988120757404775,0.492964175431116,0.48021361215488745
2021-08-19 14:00:00,0.503,0.49997652502286766,0.48810556954721884,0.4819340275213125
2021-08-19 15:00:00,0.502,0.5018287719264904,0.4843787844691897,0.4914254586924934
2021-08-19 16:00:00,0.501,0.5001858628943752,0.48084737208561484,0.49233475580470026
2021-08-19 17:00:00,0.501,0.49956941906317737,0.48747560623012076,0.49409105702305034
2021-08-19 18:00:00,0.5,0.4990390693271102,0.48598948639654205,0.49243839299311337
2021-08-19 19:00:00,0.5,0.4966644034586771,0.47796098991870806,0.4879369328972627
2021-08-19 20:00:00,0.498,0.49930626599976474,0.4815632653272069,0.49319137220470327
2021-08-19 21:00:00,0.495,0.49816941606797477,0.4791774510896577,0.48864725476006976
2021-08-19 22:00:00,0.491,0.4940221866242136,0.4772902791232509,0.47905926765370854
2021-08-19 23:00:00,0.486,0.48853075365403587,0.4772465447400939,0.47663711977427675
2021-08-20 00:00:00,0.477,0.4829723562779226,0.4761309128564501,0.4750314165705547
2021-08-20 01:00:00,0.469,0.4814050810972514,0.4774208585001855,0.4748388636104174
2021-08-20 02:00:00,0.476,0.4786386655360269,0.4748595446711029,0.4731035263486044
2021-08-20 03:00:00,0.479,0.4810433204752986,0.47281763793422765,0.47080635444491303
2021-08-20 04:00:00,0.476,0.4797865981289269,0.47467732984280075,0.4686198238842822
2021-08-20 05:00:00,0.476,0.4774077673843926,0.47050012064528357,0.46425780221168983
2021-08-20 06:00:00,0.475,0.46930025081609195,0.46164284029355324,0.46180499486434734
2021-08-20 07:00:00,0.473,0.4625400582474182,0.45559395448380724,0.4554670522863502
2021-08-20 08:00:00,0.475,0.4711837436173948,0.46706367172495344,0.4647893589461339
2021-08-20 09:00:00,0.474,0.47353321366884743,0.47070033853580456,0.46872382169369603
2021-08-20 10:00:00,0.473,0.471490102830571,0.4700791447660653,0.471244148853337
2021-08-20 11:00:00,0.473,0.4729279894949565,0.4757279461117636,0.47943845048543987
2021-08-20 12:00:00,0.472,0.47222661766538343,0.47540803280001054,0.4794275972519849
2021-08-20 13:00:00,0.471,0.4706215798906776,0.4713434214221529,0.4853085833022152
2021-08-20 14:00:00,0.471,0.4726018982820611,0.47213772662583453,0.4852581291369207
2021-08-20 15:00:00,0.471,0.4716439968147374,0.4697210509087073,0.4835387470063691
2021-08-20 16:00:00,0.471,0.46991322545887015,0.4683764020256202,0.47784817018050973
2021-08-20 17:00:00,0.471,0.470393003573863,0.46988073620530874,0.477200998842047
2021-08-20 18:00:00,0.471,0.46953991839880316,0.47035207320169203,0.47523271207467266
2021-08-20 19:00:00,0.47,0.46858273040228526,0.4682367632203745,0.4708273015071568
2021-08-20 20:00:00,0.47,0.4690013173903137,0.4684969173588442,0.4709998608644702
2021-08-20 21:00:00,0.47,0.469933479242392,0.4698978870137005,0.4711589176640299
2021-08-20 22:00:00,0.471,0.47029079227790715,0.47059920837165664,0.47215866549067365
2021-08-20 23:00:00,0.47,0.47017152955665265,0.4698274635334325,0.4678548808311969
2021-08-21 00:00:00,0.469,0.47025428760580235,0.4697474932866271,0.4685199203690426
2021-08-21 01:00:00,0.469,0.46885898117220015,0.46761059002590544,0.4655070965786905
2021-08-21 02:00:00,0.468,0.4679666916223206,0.46365719810083195,0.4642646628943795
2021-08-21 03:00:00,0.467,0.4675093131951343,0.4641454322444252,0.46387624487888157
2021-08-21 04:00:00,0.466,0.4682685551415042,0.46455457891209273,0.4642205984050421
2021-08-21 05:00:00,0.465,0.46562316261326825,0.4629165060666491,0.4596047442237743
2021-08-21 06:00:00,0.465,0.46429360723680096,0.46109208997940115,0.4581924553312544
2021-08-21 07:00:00,0.464,0.4658257906633053,0.46564286512995656,0.4818918805229071
2021-08-21 08:00:00,0.464,0.46491359531128784,0.4657375272179596,0.4843113842158357
2021-08-21 09:00:00,0.463,0.46384141503443277,0.4752610525547114,0.47710420987507435
2021-08-21 10:00:00,0.463,0.46294451583947455,0.47753135646624756,0.4757232595153663
2021-08-21 11:00:00,0.462,0.4619049821946007,0.47700704084402323,0.472938178648663
2021-08-21 12:00:00,0.461,0.4618947530338745,0.47798478327964306,0.47354140104771925
2021-08-21 13:00:00,0.461,0.46093438360374756,0.4758290136686428,0.47322211542420706
2021-08-21 14:00:00,0.461,0.46073480523373034,0.4763956901632952,0.46442083597503203
2021-08-21 15:00:00,0.464,0.45953866429428264,0.47303782565980684,0.4588241806811712
2021-08-21 16:00:00,0.469,0.4592586820494166,0.4761029861242441,0.459717143026722
2021-08-21 17:00:00,0.475,0.4623222021107169,0.47662000970828633,0.46211171330513184
2021-08-21 18:00:00,0.478,0.4721309822128927,0.4824275472975872,0.46427951913244125
2021-08-21 19:00:00,0.48,0.4672246446913197,0.46134329223530596,0.45805192837399045
2021-08-21 20:00:00,0.48,0.46820432067685047,0.4579301339965307,0.45801021875169645
2021-08-21 21:00:00,0.48,0.4718800341359465,0.46097149725440845,0.46101021875169645
2021-08-21 22:00:00,0.479,0.4772487461664972,0.46624946039442783,0.4660102187516964
2021-08-21 23:00:00,0.48,0.4819703271708596,0.4718626673598747,0.47191506099199954
2021-08-22 00:00:00,0.48,0.4810305873431777,0.46720194908020846,0.4750627069574287
2021-08-22 01:00:00,0.478,0.4805629474326952,0.4694202293439502,0.47793843685373905
2021-08-22 02:00:00,0.477,0.4779661815654441,0.4737916927523808,0.478757137319199
2021-08-22 03:00:00,0.474,0.47681584787732423,0.47488735888788786,0.5030282652984203
2021-08-22 04:00:00,0.47,0.47379556315786553,0.4767430063982257,0.5065121119717763
2021-08-22 05:00:00,0.468,0.470632913272198,0.47346983695199935,0.5065752341066019
2021-08-22 06:00:00,0.466,0.4686779344215444,0.4659357866764311,0.48521395915935867
2021-08-22 07:00:00,0.464,0.46893529726602073,0.46678596903157504,0.4804627224062209
2021-08-22 08:00:00,0.463,0.4667385088861111,0.46584346369902674,0.4749612929227578
2021-08-22 09:00:00,0.465,0.46517286160020527,0.4779471618542373,0.4817127101653853
2021-08-22 10:00:00,0.469,0.46640131844160126,0.48880355618588855,0.4962560777913876
2021-08-22 11:00:00,0.474,0.475492601801875,0.5081362121487121,0.49806952891665107
2021-08-22 12:00:00,0.479,0.4824209046313373,0.5109167668771873,0.5148890045872424
2021-08-22 13:00:00,0.484,0.48140655527339166,0.4951197067246203,0.4989609745930132
2021-08-22 14:00:00,0.493,0.48057035619756017,0.4867281580096575,0.4668212826748284
2021-08-22 15:00:00,0.502,0.4847814041375787,0.48755246185981266,0.47086306183987464
2021-08-22 16:00:00,0.507,0.49513260576515183,0.49993242558600504,0.473241171090638
2021-08-22 17:00:00,0.512,0.5043304250105815,0.507817629982791,0.4797151674585757
2021-08-22 18:00:00,0.513,0.5030712794216015,0.49799468027402405,0.48319590247669314
2021-08-22 19:00:00,0.512,0.5027128184879778,0.48584302621583614,0.4832017874706096
2021-08-22 20:00:00,0.515,0.49940410604506164,0.49011925472078954,0.47583898616294573
2021-08-22 21:00:00,0.526,0.5082912776695057,0.49746717004357305,0.49550634359073775
2021-08-22 22:00:00,0.542,0.5152938864493403,0.5063259065011942,0.5034659089809056
2021-08-22 23:00:00,0.554,0.5257938449758383,0.5135341809894366,0.513171278042784
2021-08-23 00:00:00,0.562,0.5465972640991574,0.5465758440941936,0.5982687955949014
2021-08-23 01:00:00,0.565,0.5549441437240401,0.5814225651957418,0.6370611364557762
2021-08-23 02:00:00,0.567,0.5556310576393515,0.5890253030729702,0.6409029218552726
2021-08-23 03:00:00,0.569,0.5644447838252387,0.6180187419769058,0.6368492280362099
2021-08-23 04:00:00,0.574,0.5854095981414272,0.6902842863846262,0.6722541417147717
2021-08-23 05:00:00,0.574,0.6188129646803833,0.7337209069223534,0.685989155960108
2021-08-23 06:00:00,0.581,0.618493968432031,0.759518595604074,0.6886303066685828
2021-08-23 07:00:00,0.592,0.6239268239515113,0.7397510162878762,0.6696470737637833
2021-08-23 08:00:00,0.609,0.6351047633065914,0.714932113100085,0.6653686219585159
2021-08-23 09:00:00,0.633,0.6485714090717805,0.6992199309125836,0.636919177020676
2021-08-23 10:00:00,0.654,0.6674334683029947,0.6957561844110709,0.6340183495147791
2021-08-23 11:00:00,0.661,0.6695342761090306,0.670665829992745,0.61807946031424
2021-08-23 12:00:00,0.661,0.6855834003360375,0.6680293597239707,0.6255498366553818
2021-08-23 13:00:00,0.658,0.6784540426845121,0.666179171793254,0.6300400799962829
2021-08-23 14:00:00,0.655,0.6560251307628387,0.6211925166515668,0.6203727728542292
2021-08-23 15:00:00,0.652,0.6461758063832002,0.6251676881794967,0.6319668459109005
2021-08-23 16:00:00,0.648,0.636165532362133,0.6118750981333834,0.6153035076551991
2021-08-23 17:00:00,0.643,0.6458567018976485,0.6257418302183683,0.6220453806378059
2021-08-23 18:00:00,0.639,0.6426345551984368,0.6244748677726094,0.613476765614759
2021-08-23 19:00:00,0.633,0.6368606550449946,0.6170483744199076,0.58616778622145
2021-08-23 20:00:00,0.629,0.6329375305705942,0.6041700558038874,0.574331140791931
2021-08-23 21:00:00,0.625,0.6305775607658248,0.6005811687120425,0.5705503253717661
2021-08-23 22:00:00,0.621,0.6243528151435481,0.5984419078272519,0.5711200546963037
2021-08-23 23:00:00,0.618,0.6184835801946972,0.5921984731558642,0.5665121746581061
2021-08-24 00:00:00,0.614,0.6163146011885186,0.5926898273862089,0.567345917653529
2021-08-24 01:00:00,0.609,0.6097376378915399,0.5941040387618965,0.5665662234150294
2021-08-24 02:00:00,0.602,0.6109149409495925,0.5909094146358684,0.576295608425409
2021-08-24 03:00:00,0.596,0.6021803115143715,0.5910748785263623,0.5747839288986509
2021-08-24 04:00:00,0.593,0.5951834930246382,0.5866293070339872,0.5699879309485382
2021-08-24 05:00:00,0.589,0.5881006164984695,0.5812571432971808,0.5697999652751218
2021-08-24 06:00:00,0.586,0.5871626467179799,0.5881771633138926,0.6022522895613692
2021-08-24 07:00:00,0.583,0.5875318677329313,0.5907108476155498,0.5974379831762431
2021-08-24 08:00:00,0.579,0.5843283292836063,0.5865874862725055,0.58514994615324
2021-08-24 09:00:00,0.576,0.5812293298219605,0.5853256735328023,0.5806339174766403
2021-08-24 10:00:00,0.571,0.579045532057682,0.5774834739691019,0.5785252564616525
2021-08-24 11:00:00,0.568,0.5678037544025177,0.5622972032209074,0.5533160191084356
2021-08-24 12:00:00,0.567,0.5655092539761921,0.5552393890829143,0.5467009334724109
2021-08-24 13:00:00,0.568,0.5619590541589959,0.5496338931247887,0.5440282493625097
2021-08-24 14:00:00,0.569,0.5576372267894504,0.545331378836221,0.5406633758482011
2021-08-24 15:00:00,0.567,0.5683225325455408,0.560660542101399,0.5589667391743973
2021-08-24 16:00:00,0.564,0.5659697015654777,0.5637065464510113,0.5571084704605915
2021-08-24 17:00:00,0.557,0.5633156898227738,0.5609111312268765,0.5545366070381262
2021-08-24 18:00:00,0.551,0.5569314547221161,0.5447761014493063,0.5361456894508793
2021-08-24 19:00:00,0.545,0.5506842441383891,0.5408818225993942,0.5302541908134892
2021-08-24 20:00:00,0.54,0.5418323796121798,0.5348495558909853,0.5303254486966603
2021-08-24 21:00:00,0.536,0.5374086750799485,0.5327046685355992,0.5279475174525913
2021-08-24 22:00:00,0.532,0.5344867308014776,0.5309544353588254,0.5252997005400892
2021-08-24 23:00:00,0.529,0.5322167432581931,0.5260856397525552,0.5184278244853936
2021-08-25 00:00:00,0.526,0.5281851157880724,0.523467534331227,0.5137202907306527
2021-08-25 01:00:00,0.525,0.5243602892097062,0.518227791547007,0.5114291188928963
2021-08-25 02:00:00,0.522,0.5237089932640877,0.5159348281327203,0.5109747755600919
2021-08-25 03:00:00,0.518,0.5203327178740506,0.5131640199273484,0.5074250356562496
2021-08-25 04:00:00,0.516,0.515544937575542,0.5093921260947446,0.5038916708581644
2021-08-25 05:00:00,0.513,0.510230009813104,0.5041793402667082,0.5011246852978879
2021-08-25 06:00:00,0.511,0.5073184739135332,0.5012533508281585,0.49826292496131674
2021-08-25 07:00:00,0.502,0.5135105935034145,0.5187404371613769,0.5164977533196569
2021-08-25 08:00:00,0.51,0.5121687323741293,0.5200519012184294,0.5152404104523959
2021-08-25 09:00:00,0.514,0.5137472828018816,0.5301962111208554,0.5263550146622978
2021-08-25 10:00:00,0.513,0.5168420523430706,0.5310410779326933,0.5270403143541021
2021-08-25 11:00:00,0.511,0.5154122129738445,0.5251502640701138,0.5215454063915522
2021-08-25 12:00:00,0.509,0.5099156388384187,0.5133212690896085,0.5215686640259066
2021-08-25 13:00:00,0.506,0.4968323527931556,0.4868735042803925,0.4806699013336412
2021-08-25 14:00:00,0.505,0.502407713788704,0.49559256447332345,0.489210802269497
2021-08-25 15:00:00,0.507,0.5030032589415284,0.4968030603229036,0.49196463737348417
2021-08-25 16:00:00,0.509,0.5021213892457232,0.4950389589762695,0.49275169519016065
2021-08-25 17:00:00,0.51,0.5068450851736199,0.5062219068280456,0.5013626349248372
2021-08-25 18:00:00,0.508,0.510067228335567,0.5055281076735821,0.5034657991783369
2021-08-25 19:00:00,0.506,0.5071628151530414,0.4990859779205968,0.5020731601486172
2021-08-25 20:00:00,0.503,0.5050472547836736,0.5089220890829496,0.5293378688081671
2021-08-25 21:00:00,0.501,0.5044796809685174,0.5042542678456519,0.5252812077366924
2021-08-25 22:00:00,0.498,0.49803284588972335,0.4993491301342564,0.5202682030658147
2021-08-25 23:00:00,0.498,0.49899579929974486,0.5130570462047532,0.5222768682470004
2021-08-26 00:00:00,0.496,0.49829402274602813,0.5101919389406318,0.5084197460773704
2021-08-26 01:00:00,0.495,0.4988754633766631,0.5087527506316598,0.5065789776738582
2021-08-26 02:00:00,0.494,0.49719279346179795,0.5082399919289226,0.5073179002252617
2021-08-26 03:00:00,0.493,0.495817582627166,0.5086088464814571,0.49977134283522934
2021-08-26 04:00:00,0.494,0.49232664581513186,0.5046165913497092,0.5013618407438521
2021-08-26 05:00:00,0.494,0.4914312895017567,0.504196528504004,0.4996254809754487
2021-08-26 06:00:00,0.494,0.49769941153306646,0.5132167419381369,0.506880688706229
2021-08-26 07:00:00,0.494,0.5011863330796221,0.5125592190549865,0.5030444112241621
2021-08-26 08:00:00,0.495,0.497544494740762,0.5065958544271005,0.5093593200690649
2021-08-26 09:00:00,0.496,0.49191357818488524,0.49374920878558487,0.5007963527925108
2021-08-26 10:00:00,0.5,0.493889222051558,0.4935825946090613,0.5021555560139176
2021-08-26 11:00:00,0.503,0.49851820184907175,0.49647226983783954,0.5049962259343836
2021-08-26 12:00:00,0.506,0.5009270626448957,0.49902683997011577,0.5096883832886157
2021-08-26 13:00:00,0.507,0.5021380820010214,0.4972605990815245,0.5070226838156524
2021-08-26 14:00:00,0.508,0.5038316441525547,0.4980133733156604,0.49887158164487655
2021-08-26 15:00:00,0.508,0.5048252029493308,0.4987836632036866,0.4996891075423501
2021-08-26 16:00:00,0.507,0.506298287852941,0.5023809442421224,0.5053311586063672
2021-08-26 17:00:00,0.506,0.5080153696403681,0.5015944509842305,0.5050887717191757
2021-08-26 18:00:00,0.504,0.5061000466923149,0.5022239266910862,0.505168775520855
2021-08-26 19:00:00,0.503,0.504617726026842,0.5021960753118967,0.49820396585735355
2021-08-26 20:00:00,0.502,0.502500311816896,0.5016150145558839,0.4956704278234061
2021-08-26 21:00:00,0.501,0.5031579595337503,0.5008879109368928,0.49639929105800246
2021-08-26 22:00:00,0.501,0.502050633780006,0.49895693238840916,0.499557541951524
2021-08-26 23:00:00,0.5,0.5021414118984208,0.5003833637769078,0.5024886712886726
2021-08-27 00:00:00,0.501,0.5009597377376939,0.5021783908964187,0.5115857917795558
2021-08-27 01:00:00,0.501,0.49963246314839194,0.49919491533323523,0.5013682025564573
2021-08-27 02:00:00,0.501,0.49957356005029924,0.49726881846323345,0.5039112355508679
2021-08-27 03:00:00,0.501,0.4989319154054411,0.49837584297773274,0.506965706588801
2021-08-27 04:00:00,0.501,0.49873064561770364,0.4968975031434172,0.5041912593275703
2021-08-27 05:00:00,0.499,0.49744137394874266,0.4952114844702903,0.5016767799427577
2021-08-27 06:00:00,0.5,0.49822215005686005,0.49529639036043727,0.49904192012545434
2021-08-27 07:00:00,0.492,0.49829864461439577,0.4959683166087143,0.5009687469171866
2021-08-27 08:00:00,0.497,0.49843959506612695,0.49613500567554836,0.49987949125386233
2021-08-27 09:00:00,0.5,0.4987342590158934,0.4978849887337146,0.5009903463979529
2021-08-27 10:00:00,0.499,0.4989876732519538,0.4973323520168948,0.4962784743071146
2021-08-27 11:00:00,0.499,0.49683662445606613,0.49173819655191287,0.4930174613700288
2021-08-27 12:00:00,0.499,0.4988594655151334,0.4900390919996388,0.49543479030202614
2021-08-27 13:00:00,0.498,0.49090376455986584,0.4834553396461601,0.4883890160591526
2021-08-27 14:00:00,0.498,0.4962886203005225,0.48886355760818323,0.49383794057333835
2021-08-27 15:00:00,0.497,0.49801371571315817,0.48593271958043094,0.4956028558600871
2021-08-27 16:00:00,0.497,0.4964574470291374,0.4783663898060614,0.49312162885522076
2021-08-27 17:00:00,0.496,0.4969728683117231,0.4800389402251696,0.4936082145887027
2021-08-27 18:00:00,0.495,0.49729048322633185,0.5079157110870065,0.5382276432815364
2021-08-27 19:00:00,0.492,0.4964611198176035,0.5328867645413764,0.550232573305144
2021-08-27 20:00:00,0.488,0.493698637955416,0.5172760427209232,0.5154202390221938
2021-08-27 21:00:00,0.484,0.48885108448687453,0.49487199689277334,0.5025180297048624
2021-08-27 22:00:00,0.482,0.48574493410940583,0.4966393640258072,0.49534532343358945
2021-08-27 23:00:00,0.48,0.48546019922913825,0.4960093315873775,0.49338224290725247
2021-08-28 00:00:00,0.479,0.48518115631815184,0.49674196261399806,0.4775413428567165
2021-08-28 01:00:00,0.479,0.4794021290121617,0.49101133200773905,0.47345009344480915
2021-08-28 02:00:00,0.481,0.47789124664608473,0.4875314461813723,0.4699452489273924
2021-08-28 03:00:00,0.487,0.47735977849178196,0.48461386524330774,0.47486238899911326
2021-08-28 04:00:00,0.493,0.4843459834433983,0.491018081612702,0.48018735103225757
2021-08-28 05:00:00,0.5,0.49183506251267284,0.49548038341151873,0.48138101120375776
2021-08-28 06:00:00,0.503,0.49003507678225,0.47810983785639105,0.4760216110763617
2021-08-28 07:00:00,0.5,0.492841199689262,0.47713669855151947,0.47759159510180066
2021-08-28 08:00:00,0.495,0.48936403468512363,0.48003258720910125,0.4849804964089731
2021-08-28 09:00:00,0.492,0.4927458510179149,0.48653252219386683,0.487776534191152
2021-08-28 10:00:00,0.49,0.48141399587980155,0.47611211399442466,0.5159137545142488
2021-08-28 11:00:00,0.487,0.48559512028543095,0.5004316296282141,0.5379439827836021
2021-08-28 12:00:00,0.486,0.494263521430394,0.5046296928436211,0.5488202088392974
2021-08-28 13:00:00,0.486,0.49480864986783074,0.5036047926033641,0.5349245555521204
2021-08-28 14:00:00,0.486,0.49390696742276646,0.5343624538364992,0.543734602030748
2021-08-28 15:00:00,0.487,0.5076438065474909,0.6048950200838465,0.587765876080466
2021-08-28 16:00:00,0.488,0.5150616312384719,0.6007602201237467,0.5955651839933409
2021-08-28 17:00:00,0.49,0.5252749934104813,0.6377405675373475,0.6065276294653057
2021-08-28 18:00:00,0.499,0.6219025857753357,0.679839767163392,0.6711312390049198
2021-08-28 19:00:00,0.512,0.6231491418951419,0.6812832036713286,0.6750298397681339
2021-08-28 20:00:00,0.524,0.6265342117321675,0.6982356991538239,0.666258287957559
2021-08-28 21:00:00,0.546,0.6176489384134383,0.6831339302852387,0.6529891524713012
2021-08-28 22:00:00,0.59,0.573074962455767,0.6438377452893456,0.595491388567556
2021-08-28 23:00:00,0.619,0.5853808472928586,0.5680785320707915,0.5440594721909527
2021-08-29 00:00:00,0.624,0.6142717252668821,0.5952988728016297,0.5537703684624653
2021-08-29 01:00:00,0.621,0.6329195677401248,0.6189522328284222,0.5675509573695334
2021-08-29 02:00:00,0.614,0.6161191356983944,0.5838343946826577,0.5745222171485352
2021-08-29 03:00:00,0.607,0.5922388626066649,0.5670875427761242,0.557118404652896
2021-08-29 04:00:00,0.599,0.5983117081787004,0.5769890834410755,0.5566667888894741
2021-08-29 05:00:00,0.593,0.5779238764320233,0.5508253340275818,0.5632137126625992
2021-08-29 06:00:00,0.587,0.5782715897326525,0.5553747358679921,0.5432934421741586
2021-08-29 07:00:00,0.582,0.5778284828203143,0.5603016157459466,0.5375191378067631
2021-08-29 08:00:00,0.577,0.5739932652902011,0.5549567491235052,0.5307696109110759
2021-08-29 09:00:00,0.572,0.5678891305406814,0.5501582316621741,0.5300535383197957
2021-08-29 10:00:00,0.567,0.5697166663835795,0.5529332783869861,0.5342162087311211
2021-08-29 11:00:00,0.563,0.5565436455550801,0.5430163931104021,0.5358029696741307
2021-08-29 12:00:00,0.56,0.5597707908855669,0.542812681546121,0.540455337697413
2021-08-29 13:00:00,0.557,0.5568174921702504,0.5435586920539344,0.5376389795647549
2021-08-29 14:00:00,0.557,0.5543377899699908,0.5447299633055566,0.5425674164986573
2021-08-29 15:00:00,0.557,0.5512830032178212,0.547569873591138,0.5480831923491397
2021-08-29 16:00:00,0.563,0.552318930325902,0.5622149425189792,0.5568315864250571
2021-08-29 17:00:00,0.564,0.554165256394762,0.6584841500220131,0.5594120645888446
2021-08-29 18:00:00,0.568,0.5564834804989556,0.7199447829927427,0.5988970299527374
2021-08-29 19:00:00,0.572,0.5554198219639129,0.6905190896054513,0.6161758941457814
2021-08-29 20:00:00,0.577,0.5722196896063328,0.6898627085414187,0.6478564118745177
2021-08-29 21:00:00,0.587,0.5828136518829403,0.6193135783936307,0.6251984058848917
2021-08-29 22:00:00,0.602,0.5949157044791153,0.6033185729633912,0.6051178502117813
2021-08-29 23:00:00,0.616,0.6078333182422984,0.6042940677975112,0.6104543907278474
2021-08-30 00:00:00,0.628,0.6157039010797389,0.6172436360245571,0.7371889568023784
2021-08-30 01:00:00,0.634,0.6247331402648748,0.6269728647994788,0.8203654463199975
2021-08-30 02:00:00,0.634,0.625330392205404,0.6214047948442376,0.7842095017391579
2021-08-30 03:00:00,0.633,0.6323108103683748,0.6197148311696578,0.8268624908454678
2021-08-30 04:00:00,0.633,0.6299819564089965,0.6889897707949084,0.6548351720722032
2021-08-30 05:00:00,0.633,0.6378578160874417,0.6322090908156157,0.6369067692400878
2021-08-30 06:00:00,0.634,0.6314977516696189,0.6399981337015053,0.6570149052090553
2021-08-30 07:00:00,0.633,0.6354524382938556,0.635954141010501,0.634537943487263
2021-08-30 08:00:00,0.633,0.6354070444218523,0.6280762286710512,0.6366693547849129
2021-08-30 09:00:00,0.634,0.6313081957629403,0.6189756745380406,0.631559322806202
2021-08-30 10:00:00,0.634,0.6290256898012263,0.6224122631868781,0.6290721524781889
2021-08-30 11:00:00,0.63,0.6324444521647437,0.6328581866268038,0.628794191273563
2021-08-30 12:00:00,0.625,0.631940196434066,0.6285943428545857,0.6290590630182451
2021-08-30 13:00:00,0.62,0.6280793816419782,0.6170476650004154,0.6180456379232996
2021-08-30 14:00:00,0.616,0.6156766762880195,0.6056357746543853,0.6020816752983903
2021-08-30 15:00:00,0.612,0.6158576560344433,0.6077635360416063,0.6013114158413156
2021-08-30 16:00:00,0.607,0.6154652220131948,0.6059553110513728,0.6069320764689322
2021-08-30 17:00:00,0.603,0.6086549047355218,0.5999736269943833,0.6037826796114174
2021-08-30 18:00:00,0.6,0.6011101586857054,0.5914751787320134,0.5982114845459994
2021-08-30 19:00:00,0.596,0.5964361465248792,0.5868308530767751,0.5889911232487198
2021-08-30 20:00:00,0.594,0.5926769631644481,0.5835125061983699,0.5837450853043288
2021-08-30 21:00:00,0.592,0.5888376613046877,0.580230397911956,0.5789344400718838
2021-08-30 22:00:00,0.589,0.5869362258694473,0.5785363798210252,0.591446032212345
2021-08-30 23:00:00,0.586,0.5865840783618553,0.5779995133241965,0.5731177905336937
2021-08-31 00:00:00,0.583,0.5828910473618896,0.5674020147667886,0.5696761971667242
2021-08-31 01:00:00,0.581,0.5784224267478181,0.5647762927106037,0.5652585547532073
2021-08-31 02:00:00,0.578,0.5764535445326555,0.561415008319851,0.5596506525622376
2021-08-31 03:00:00,0.579,0.5751346224789293,0.5589316765647709,0.5565857006467838
2021-08-31 04:00:00,0.576,0.5725083746192052,0.5552104083163596,0.555214765721477
2021-08-31 05:00:00,0.571,0.5705700409390376,0.5523089635355836,0.5519103393055288
2021-08-31 06:00:00,0.565,0.5726149304056438,0.5487541262799127,0.5502290766226575
2021-08-31 07:00:00,0.561,0.5645347521996925,0.5505196517779538,0.5460019728161261
2021-08-31 08:00:00,0.557,0.557605777918263,0.547284487890341,0.5399736159648677
2021-08-31 09:00:00,0.555,0.5578805627659342,0.5539257685420562,0.58102532819187
2021-08-31 10:00:00,0.552,0.5558550383104269,0.5554715181193712,0.5662908276159984
2021-08-31 11:00:00,0.55,0.5543928241041647,0.5499900853598632,0.5559115928354873
2021-08-31 12:00:00,0.548,0.5521091334071409,0.5627509205182442,0.55345020341675
2021-08-31 13:00:00,0.546,0.548164529112746,0.5588344733356709,0.5484935812892674
2021-08-31 14:00:00,0.544,0.5450394063656532,0.5576199021298794,0.5463396021660164
2021-08-31 15:00:00,0.546,0.5418053692419073,0.5517870710087405,0.535953063790072
2021-08-31 16:00:00,0.549,0.5391265248639916,0.5529212532252883,0.5364015735226468
2021-08-31 17:00:00,0.549,0.5464676740775333,0.557999998785198,0.5436283270172338
2021-08-31 18:00:00,0.549,0.5521139858389186,0.5564775860021277,0.5450622028004186
2021-08-31 19:00:00,0.549,0.5514012239443721,0.5669559289630185,0.5480618789787292
2021-08-31 20:00:00,0.548,0.5476626266988324,0.5522903894280693,0.5429574820952867
2021-08-31 21:00:00,0.546,0.5480278786486272,0.5452960373183187,0.5384860175910922
2021-08-31 22:00:00,0.545,0.5520133409511245,0.5449852725284625,0.5431151327213954
2021-08-31 23:00:00,0.542,0.5468024751873275,0.5398067489142592,0.5375423999740179
2021-09-01 00:00:00,0.538,0.5412841458832858,0.5355894364334847,0.5283712463946906
2021-09-01 01:00:00,0.536,0.5382321495703308,0.5272964909776113,0.5197297340854264
2021-09-01 02:00:00,0.535,0.5349071813952577,0.5245626569615376,0.5178204220182983
2021-09-01 03:00:00,0.533,0.5327752450915003,0.5241213625601552,0.515982992053433
2021-09-01 04:00:00,0.532,0.5320277004484968,0.5203361664572683,0.5152199940836821
2021-09-01 05:00:00,0.532,0.5330666601871293,0.5183473760388604,0.5130914476632549
2021-09-01 06:00:00,0.53,0.5301653201063842,0.5169226207364782,0.5187126608358652
2021-09-01 07:00:00,0.527,0.5293934276909309,0.5120216828871306,0.5190736896163408
2021-09-01 08:00:00,0.523,0.5278165460261367,0.5139834256690874,0.5161299633006345
2021-09-01 09:00:00,0.519,0.5208281542963785,0.5234749647968473,0.5299561432871102
2021-09-01 10:00:00,0.515,0.5169468963581106,0.5132264894336754,0.5240891753776481
2021-09-01 11:00:00,0.513,0.5164746029956928,0.5183486103696727,0.5220789545643647
2021-09-01 12:00:00,0.511,0.5144017541415168,0.5182623186631558,0.5196413970078995
2021-09-01 13:00:00,0.51,0.5147975379178062,0.5268604787274328,0.5166745869218936
2021-09-01 14:00:00,0.509,0.5118087430790519,0.5239018310231133,0.5133662297484556
2021-09-01 15:00:00,0.509,0.5107417443393533,0.5208466379665471,0.5124488944964051
2021-09-01 16:00:00,0.512,0.5089786369993199,0.5177196706199646,0.5070305002483451
2021-09-01 17:00:00,0.516,0.5078754939338456,0.52283322323376,0.5087718583919193
2021-09-01 18:00:00,0.518,0.5175783794501192,0.5280887323544664,0.5144565632573544
2021-09-01 19:00:00,0.519,0.5237043495556549,0.5280961584659958,0.5094956015042504
2021-09-01 20:00:00,0.518,0.5222138168284075,0.5244167643861036,0.5089593045699518
2021-09-01 21:00:00,0.516,0.5179007158544102,0.5240702716026179,0.5302662981454667
2021-09-01 22:00:00,0.516,0.515934192199904,0.5069702400588747,0.5062865844886499
2021-09-01 23:00:00,0.515,0.5188719973869996,0.5092090249522203,0.4976866725257381
2021-09-02 00:00:00,0.515,0.5177614627142323,0.5125523640618215,0.5018977905642005
2021-09-02 01:00:00,0.515,0.5140809722745988,0.5082422491612263,0.5065066665601612
2021-09-02 02:00:00,0.512,0.5135751120422595,0.5104643956994535,0.5069421885364516
2021-09-02 03:00:00,0.511,0.511594909298818,0.501962573112428,0.5047951666416528
2021-09-02 04:00:00,0.512,0.5114732323554239,0.49354913123715594,0.5035006550004125
2021-09-02 05:00:00,0.511,0.512493705077646,0.49234933462607816,0.5008291313627181
2021-09-02 06:00:00,0.511,0.5129345167673971,0.49504245428334265,0.5064286343440645
2021-09-02 07:00:00,0.511,0.5100949103510608,0.49152445063692335,0.4997648257261788
2021-09-02 08:00:00,0.509,0.5071550393247064,0.4976519055757951,0.5014663132829298
2021-09-02 09:00:00,0.505,0.5073851015628068,0.5192062594063196,0.5202805765073896
2021-09-02 10:00:00,0.501,0.5066701212580439,0.5185984769063853,0.5203653215701628
2021-09-02 11:00:00,0.496,0.5002217788702229,0.499323665335786,0.5063158820783825
2021-09-02 12:00:00,0.494,0.49686572471025736,0.5004516734630644,0.5067851131488815
2021-09-02 13:00:00,0.491,0.4979482611531422,0.5019357123821361,0.5054551152566901
2021-09-02 14:00:00,0.49,0.49737609745298766,0.5087314649643904,0.5014215536337383
2021-09-02 15:00:00,0.491,0.49334049019707665,0.5077066457694098,0.4928289228810109
2021-09-02 16:00:00,0.494,0.4935961828515706,0.5037584417059738,0.4899080386832106
2021-09-02 17:00:00,0.498,0.4910864912732089,0.5066191016985753,0.49265596339867435
2021-09-02 18:00:00,0.5,0.5045058658125349,0.5104888958533114,0.4941608433256811
2021-09-02 19:00:00,0.501,0.5037722911856939,0.5083234330655214,0.4914018601998675
2021-09-02 20:00:00,0.501,0.501843429635021,0.5072849495289088,0.49341479992357173
2021-09-02 21:00:00,0.501,0.4964447654253354,0.4920452280596238,0.48558122857464614
2021-09-02 22:00:00,0.499,0.4994610913911729,0.49470986008188045,0.4923041781369095
2021-09-02 23:00:00,0.499,0.5028292227919181,0.4945285731293316,0.4938382135947962
2021-09-03 00:00:00,0.498,0.49984049412439097,0.4950054449791477,0.4950127594445392
2021-09-03 01:00:00,0.497,0.49902848478452677,0.49530163316203285,0.4970701016747607
2021-09-03 02:00:00,0.495,0.49688545090731784,0.49423304613977104,0.4929006512603817
2021-09-03 03:00:00,0.495,0.496430745040125,0.49311176814993396,0.49179648850755125
2021-09-03 04:00:00,0.496,0.4939993999893905,0.49070246198901496,0.4888328331630507
2021-09-03 05:00:00,0.496,0.49479077902710866,0.4925046083898768,0.49109728965179444
2021-09-03 06:00:00,0.496,0.493847198152829,0.49119424884449925,0.4898239672593368
2021-09-03 07:00:00,0.495,0.4929413094311151,0.4925336265454757,0.490800544541707
2021-09-03 08:00:00,0.494,0.4918057622815818,0.4907439493842556,0.48827947368791236
2021-09-03 09:00:00,0.494,0.4919730958739756,0.4891458284296616,0.48908012085062197
2021-09-03 10:00:00,0.493,0.49298244011613934,0.49043347150655725,0.49480992672809176
2021-09-03 11:00:00,0.492,0.4932408474837142,0.4907009199595216,0.4974066876701635
2021-09-03 12:00:00,0.492,0.49163156763287097,0.4891936657207645,0.48761801349229683
2021-09-03 13:00:00,0.491,0.4910463478296923,0.48867714674063445,0.48830729303226533
2021-09-03 14:00:00,0.49,0.4896136704456816,0.486799281670394,0.4856092157870138
2021-09-03 15:00:00,0.49,0.48937704220086997,0.486244309054342,0.48507713922896734
2021-09-03 16:00:00,0.49,0.4898852116382454,0.486125865011367,0.48570858003624817
2021-09-03 17:00:00,0.491,0.488633388245734,0.4833281571921713,0.4825034088772278
2021-09-03 18:00:00,0.49,0.4886743450457113,0.48540712318451645,0.48329985029531375
2021-09-03 19:00:00,0.489,0.4902226141538989,0.4899413932296631,0.48633385104675125
2021-09-03 20:00:00,0.487,0.4874815388701221,0.48639376504745363,0.4835823285132341
2021-09-03 21:00:00,0.487,0.48654776563491614,0.48235576430081917,0.4803486978204597
2021-09-03 22:00:00,0.486,0.48564465946298246,0.48252154681353,0.4738999563251211
2021-09-03 23:00:00,0.485,0.4875720515597999,0.48359821824677285,0.4816035882567438
2021-09-04 00:00:00,0.485,0.4866657481158109,0.48338224461568086,0.48164848438722646
2021-09-04 01:00:00,0.484,0.4843533249654861,0.48090403550300354,0.47929835796904685
2021-09-04 02:00:00,0.483,0.4824653220287724,0.48000554541929996,0.4777755448895312
2021-09-04 03:00:00,0.494,0.48282019564793294,0.48066944602124784,0.4781502251513267
2021-09-04 04:00:00,0.494,0.4807430574146874,0.47910156492349415,0.47273795964288756
2021-09-04 05:00:00,0.493,0.480026289548029,0.47821829320068215,0.4727915224113013
2021-09-04 06:00:00,0.486,0.4799227128303944,0.47770510951294515,0.47668628560153403
2021-09-04 07:00:00,0.481,0.47840308319715963,0.4742834678515211,0.4713733856313651
2021-09-04 08:00:00,0.481,0.47821340112022265,0.47641327476085027,0.4755165933360674
2021-09-04 09:00:00,0.481,0.49076142465224964,0.4895864651531612,0.48782172057687057
2021-09-04 10:00:00,0.481,0.49107005434162115,0.49014048009612654,0.4906638109809897
2021-09-04 11:00:00,0.481,0.490470856973188,0.48996371380826365,0.496303887528325
2021-09-04 12:00:00,0.482,0.4834548569991038,0.48229307667774707,0.4815584895547686
2021-09-04 13:00:00,0.481,0.4798445384087638,0.47955524139677036,0.4773357532240356
2021-09-04 14:00:00,0.481,0.4794940464254829,0.4787771016822982,0.4770344233568784
2021-09-04 15:00:00,0.481,0.4794972549906126,0.4788612147585529,0.4767761455988259
2021-09-04 16:00:00,0.481,0.47962841124721284,0.47884121569260857,0.4768270200923209
2021-09-04 17:00:00,0.48,0.47889522720090505,0.477180897022082,0.47620193429319824
2021-09-04 18:00:00,0.48,0.4814513118612338,0.47966334324301974,0.4778136760351511
2021-09-04 19:00:00,0.48,0.4796183128060743,0.47609526462887536,0.4761346953105897
2021-09-04 20:00:00,0.479,0.47957265480670536,0.4771808737153203,0.47663105301223885
2021-09-04 21:00:00,0.478,0.47953786667084675,0.4771589750970377,0.476542065328949
2021-09-04 22:00:00,0.478,0.4780954466396208,0.474547040103545,0.4734269979750986
2021-09-04 23:00:00,0.477,0.4772354131369945,0.4735763541942032,0.4725536373105561
2021-09-05 00:00:00,0.477,0.4771748505576492,0.47393481025803486,0.47312448738347185
2021-09-05 01:00:00,0.477,0.47678988921481763,0.47359269517559194,0.4724730958935087
2021-09-05 02:00:00,0.476,0.4757345265713475,0.46939280738684974,0.4692283441859297
2021-09-05 03:00:00,0.475,0.47325179563066544,0.4597949745586548,0.46719875960813817
2021-09-05 04:00:00,0.475,0.47458758128250833,0.4573354442739995,0.46756302206051464
2021-09-05 05:00:00,0.474,0.47361184461336986,0.45621583612621924,0.46660677218313296
2021-09-05 06:00:00,0.474,0.47248129438646524,0.4559491637685827,0.46659195764793765
2021-09-05 07:00:00,0.473,0.47362433692160605,0.4549922153069505,0.4665311959235571
2021-09-05 08:00:00,0.473,0.471437382872368,0.45345154585008196,0.4652667645879147
2021-09-05 09:00:00,0.472,0.47249844292004967,0.4767351515269323,0.48831051797520975
2021-09-05 10:00:00,0.471,0.4725764259073323,0.506233614298672,0.4953364487435164
2021-09-05 11:00:00,0.468,0.47138100271154076,0.5021099694940135,0.4926530052693251
2021-09-05 12:00:00,0.464,0.467727445407154,0.47595912150425135,0.4763466154625244
2021-09-05 13:00:00,0.46,0.46246188048255243,0.462457261946711,0.47167339103271966
2021-09-05 14:00:00,0.457,0.4609601912939731,0.47235942207496695,0.4688044518567874
2021-09-05 15:00:00,0.455,0.4603807569681577,0.4726071687208659,0.4681199490991192
2021-09-05 16:00:00,0.454,0.45937367207111934,0.4717109107131923,0.4721569356084685
2021-09-05 17:00:00,0.454,0.45739588519025587,0.47152902143560266,0.45769597298313863
2021-09-05 18:00:00,0.458,0.45686455360407796,0.46759134577070505,0.46216566613487764
2021-09-05 19:00:00,0.463,0.4568530287155316,0.4764558922591726,0.4568039208409308
2021-09-05 20:00:00,0.466,0.46913083179039156,0.47676551103187415,0.45876034677430916
2021-09-05 21:00:00,0.467,0.46422954894182156,0.46756509893959464,0.4567668710960404
2021-09-05 22:00:00,0.467,0.4602572699871311,0.4553227819814568,0.45114492003114554
2021-09-05 23:00:00,0.466,0.46109573304440393,0.45466987754067134,0.450942792650334
2021-09-06 00:00:00,0.466,0.46479841737370625,0.4555212117564954,0.4551491627091573
2021-09-06 01:00:00,0.467,0.4684708948096546,0.4583039319524322,0.4587669920313649
2021-09-06 02:00:00,0.465,0.46669758063697353,0.4562158761245324,0.4616010497172777
2021-09-06 03:00:00,0.465,0.4654075425627216,0.45221401827476815,0.4621420682525156
2021-09-06 04:00:00,0.465,0.4651168149913398,0.4479161594497899,0.4606591243758969
2021-09-06 05:00:00,0.464,0.46360703697389355,0.44376949199736465,0.4570980975493136
2021-09-06 06:00:00,0.464,0.463985278883117,0.4466862399615476,0.4600995534755504
2021-09-06 07:00:00,0.464,0.4646891432754673,0.44357466198282675,0.45815826427849665
2021-09-06 08:00:00,0.463,0.4621195853737049,0.44986316128460063,0.45959909426875617
2021-09-06 09:00:00,0.462,0.461733128078141,0.4431821631595714,0.45489297981543114
2021-09-06 10:00:00,0.459,0.46232519643499026,0.46477306263185636,0.47995099517454964
2021-09-06 11:00:00,0.455,0.45907422866395986,0.480989671782689,0.4700807417364974
2021-09-06 12:00:00,0.452,0.45535407855435395,0.45657227898761016,0.4630890700477851
2021-09-06 13:00:00,0.449,0.4514346798419646,0.4620332050420677,0.46196972632601296
2021-09-06 14:00:00,0.446,0.45086806845581223,0.4626749210969192,0.4585937861437992
2021-09-06 15:00:00,0.444,0.4496043385332841,0.4617631022838544,0.4574163205830164
2021-09-06 16:00:00,0.443,0.4484856335675524,0.46032200146077223,0.4550998315850629
2021-09-06 17:00:00,0.443,0.44776580299580915,0.4602770136871759,0.4438645793621364
2021-09-06 18:00:00,0.444,0.4463187545712184,0.4638141687785362,0.4469634328387755
2021-09-06 19:00:00,0.446,0.4451297926319436,0.4643413079651248,0.4464849180830218
2021-09-06 20:00:00,0.451,0.4467038232882643,0.460141959005681,0.44595539035072507
2021-09-06 21:00:00,0.455,0.45712489812500423,0.462908608685007,0.4457346529799392
2021-09-06 22:00:00,0.457,0.4545681862432802,0.4589699746448223,0.4447820066030854
2021-09-06 23:00:00,0.457,0.45009580601328886,0.44435400628156674,0.44149970447111403
2021-09-07 00:00:00,0.457,0.451832717665866,0.44550476911466586,0.4413722787452979
2021-09-07 01:00:00,0.458,0.45318296570536676,0.4466118171278617,0.443055959890497
2021-09-07 02:00:00,0.457,0.45739181287147984,0.4499294044726566,0.44811086818975493
2021-09-07 03:00:00,0.457,0.45616728501822196,0.4457757919787942,0.4505807037509179
2021-09-07 04:00:00,0.457,0.4560396073865545,0.4432746303273573,0.45248825446389973
2021-09-07 05:00:00,0.456,0.45529978269749877,0.43856536040067823,0.4509174087031311
2021-09-07 06:00:00,0.456,0.45511681499133977,0.438149824325545,0.4516646550137462
2021-09-07 07:00:00,0.456,0.45628559234356514,0.4395507441497304,0.4526237352079381
2021-09-07 08:00:00,0.456,0.4550638291720914,0.4377880198844621,0.4513765547024454
2021-09-07 09:00:00,0.456,0.4558284179387167,0.44253795817111113,0.45286567670664957
2021-09-07 10:00:00,0.453,0.4552070746536906,0.45979153691086033,0.49318648669398296
2021-09-07 11:00:00,0.45,0.45358163132140944,0.49054635781964495,0.4793064987783121
2021-09-07 12:00:00,0.447,0.45049697056168636,0.47041766838822024,0.46506599904538193
2021-09-07 13:00:00,0.444,0.44282737082281753,0.45527137552809416,0.45775543496370397
2021-09-07 14:00:00,0.44,0.4442068356049641,0.4547263272107605,0.45370636124813585
2021-09-07 15:00:00,0.437,0.4439354423258623,0.45440315416936816,0.4522194138355267
2021-09-07 16:00:00,0.435,0.44115395352122533,0.4525651315668759,0.45192085943330745
2021-09-07 17:00:00,0.434,0.441059924440237,0.45465333922627404,0.45995779378529483
2021-09-07 18:00:00,0.434,0.4415089318409998,0.45458602331460557,0.45182908856880694
2021-09-07 19:00:00,0.434,0.438389079339184,0.4641799729953534,0.462404399118481
2021-09-07 20:00:00,0.438,0.43629694960507615,0.4611414551404121,0.47694223485618864
2021-09-07 21:00:00,0.444,0.4458275679122432,0.4594717044339859,0.49842043531478686
2021-09-07 22:00:00,0.447,0.44769026627673025,0.4597146137852432,0.4707964967867905
2021-09-07 23:00:00,0.449,0.4444482617761106,0.4364053843383512,0.4611934715436361
2021-09-08 00:00:00,0.448,0.4441516754993173,0.4366459952337636,0.48745905354315267
2021-09-08 01:00:00,0.451,0.4421652513327008,0.4351298418472608,0.48708367350608933
2021-09-08 02:00:00,0.452,0.4463067150602654,0.4387144576560725,0.48733950298550743
2021-09-08 03:00:00,0.451,0.4503325592380641,0.44349932508252066,0.49221290169599163
2021-09-08 04:00:00,0.449,0.44769780730112946,0.43952309886982094,0.49856143074021964
2021-09-08 05:00:00,0.445,0.4475811164597494,0.43206816455381336,0.45465621988995186
2021-09-08 06:00:00,0.445,0.4469579517795325,0.4342701666563782,0.4470761203230419
2021-09-08 07:00:00,0.447,0.45754893377196937,0.4471412495353613,0.44891177134485893
2021-09-08 08:00:00,0.45,0.4741810764498666,0.45147067144164116,0.4591566321586359
2021-09-08 09:00:00,0.449,0.46772994138184365,0.44776132028104787,0.4485816815449295
2021-09-08 10:00:00,0.447,0.4663405170837732,0.4458404012591822,0.4463186134850241
2021-09-08 11:00:00,0.444,0.4542025457298576,0.43286725092207207,0.44075557985117064
2021-09-08 12:00:00,0.441,0.45158567920253145,0.4308428792002348,0.4264129698992167
2021-09-08 13:00:00,0.436,0.44057754481442823,0.4248813378467832,0.4302797309602879
2021-09-08 14:00:00,0.433,0.4349254997145297,0.4270157300364282,0.4350663765301568
2021-09-08 15:00:00,0.431,0.43459182025582294,0.42578028814696056,0.42878204812761944
2021-09-08 16:00:00,0.429,0.43192345285908407,0.4297077681362959,0.42592642529875063
2021-09-08 17:00:00,0.428,0.4316838593969906,0.4322384618841256,0.4421846970036784
2021-09-08 18:00:00,0.427,0.43247685553678333,0.42663607335809606,0.4216098112463753
2021-09-08 19:00:00,0.426,0.4275608467890118,0.45143336172738313,0.45126149890850636
2021-09-08 20:00:00,0.425,0.4274560106047395,0.4359895366615677,0.4621344240726493
2021-09-08 21:00:00,0.425,0.4261330422291217,0.4472745956514237,0.4524624250322523
2021-09-08 22:00:00,0.424,0.4263324675315186,0.4471226098187098,0.4532367689376341
2021-09-08 23:00:00,0.423,0.42856732794568037,0.4449373552287184,0.45304120969781525
2021-09-09 00:00:00,0.422,0.4269505822697767,0.44521308999751497,0.4546517466125994
2021-09-09 01:00:00,0.423,0.4261036306544848,0.4437713457764156,0.45593859142703863
2021-09-09 02:00:00,0.422,0.4222709306242315,0.42510784567481347,0.4628597054107698
2021-09-09 03:00:00,0.42,0.4220320911185976,0.41898356527222663,0.4626804470724608
2021-09-09 04:00:00,0.422,0.42095027768367105,0.41764190128443723,0.47011380631194477
2021-09-09 05:00:00,0.423,0.4201791101521113,0.4159028661992798,0.4219642349710433
2021-09-09 06:00:00,0.426,0.41947788718754714,0.41830680784257224,0.4198605035347994
2021-09-09 07:00:00,0.432,0.42890216224926103,0.42245450232656284,0.42087059471010885
2021-09-09 08:00:00,0.434,0.42752792683688734,0.4200680365721783,0.4231184978733266
2021-09-09 09:00:00,0.436,0.42488461939065425,0.4184243288212577,0.42604400808106285
2021-09-09 10:00:00,0.436,0.43005713590153055,0.4244958587154807,0.4785473490013869
2021-09-09 11:00:00,0.434,0.4297584694260826,0.4483141667076456,0.48924705194347484
2021-09-09 12:00:00,0.431,0.43190223276251977,0.44595905658058904,0.5127371466416044
2021-09-09 13:00:00,0.428,0.42219340173363434,0.43466563845292844,0.4818053994055759
2021-09-09 14:00:00,0.425,0.4224521723303553,0.43299059599772477,0.4774525582631574
2021-09-09 15:00:00,0.422,0.4248220953878267,0.4339101184289272,0.46343188710904337
2021-09-09 16:00:00,0.421,0.4258399947956882,0.43494440850425997,0.45348511859384244
2021-09-09 17:00:00,0.42,0.42850759353940177,0.43922140329868675,0.46390174510278565
2021-09-09 18:00:00,0.419,0.42612866009607964,0.44423718206563845,0.44506573183215675
2021-09-09 19:00:00,0.419,0.4240358534254893,0.44858553023806486,0.4745279573412782
2021-09-09 20:00:00,0.421,0.42185486182885784,0.4474114147042741,0.4720036168686681
2021-09-09 21:00:00,0.427,0.4252167539560057,0.4467603966650256,0.47625665044442195
2021-09-09 22:00:00,0.433,0.43697536441638984,0.4467621413044215,0.4710639982101052
2021-09-09 23:00:00,0.437,0.4302865488789968,0.42281324926777647,0.4546564438861097
2021-09-10 00:00:00,0.439,0.4303208559508477,0.4206503323068444,0.4734723808405109
2021-09-10 01:00:00,0.441,0.42863229338848274,0.4195573818013531,0.4727007410552946
2021-09-10 02:00:00,0.44,0.4294686200745712,0.42096242762138375,0.4772546559096631
2021-09-10 03:00:00,0.442,0.4354414903914016,0.426844501482944,0.48058597964670136
2021-09-10 04:00:00,0.443,0.43708090027898294,0.429541150885208,0.49016759743123167
2021-09-10 05:00:00,0.443,0.4379046251175591,0.42936259537088795,0.4467930214459129
2021-09-10 06:00:00,0.448,0.4394363832261784,0.4307078365987915,0.4405621414422049
2021-09-10 07:00:00,0.449,0.4414357349301835,0.4328776915842326,0.44648244910573265
2021-09-10 08:00:00,0.45,0.4408768764398788,0.43993665878418353,0.46135172686765935
2021-09-10 09:00:00,0.449,0.44350265960723917,0.44390031840002786,0.4624482597732792
2021-09-10 10:00:00,0.447,0.4435359000833392,0.4352823718708128,0.44474776707977276
2021-09-10 11:00:00,0.444,0.4425791307593948,0.4491402838828294,0.47886373489172396
2021-09-10 12:00:00,0.441,0.4461104760630816,0.43431465064645774,0.4864866366126999
2021-09-10 13:00:00,0.44,0.44254946040467436,0.43964412231090444,0.48048559609599417
2021-09-10 14:00:00,0.439,0.44492577646692594,0.4464937775405337,0.48418038046012485
2021-09-10 15:00:00,0.436,0.4457717466413636,0.4578452730540244,0.47099839795084014
2021-09-10 16:00:00,0.435,0.43742673968324114,0.44550197400939556,0.4480464685197634
2021-09-10 17:00:00,0.436,0.4383008606525172,0.44994091985690704,0.4607841615451683
2021-09-10 18:00:00,0.438,0.44474155793763015,0.4589274116558785,0.452139880942097
2021-09-10 19:00:00,0.44,0.44925892017417574,0.4650208738033102,0.4993456887589443
2021-09-10 20:00:00,0.444,0.4493543279210133,0.46404918513282056,0.5049920120823477
2021-09-10 21:00:00,0.45,0.4426368691443289,0.4594483046127434,0.5017639071531182
2021-09-10 22:00:00,0.457,0.4533884999696623,0.4639954463296065,0.5096733018163051
2021-09-10 23:00:00,0.463,0.45949485288360487,0.46815533694899336,0.4871669670283169
2021-09-11 00:00:00,0.466,0.4633126294603322,0.44107999841002316,0.6217625907043037
2021-09-11 01:00:00,0.468,0.46868621924853765,0.4887935405504495,0.5333144257540084
2021-09-11 02:00:00,0.469,0.4703932373727478,0.5037794971664162,0.5336442446793896
2021-09-11 03:00:00,0.471,0.4728706514648634,0.520125533849276,0.5503175006038861
2021-09-11 04:00:00,0.473,0.4678451171700305,0.505331772815467,0.5509287284168394
2021-09-11 05:00:00,0.473,0.473506384339348,0.497968258871285,0.5408028363315215
2021-09-11 06:00:00,0.474,0.4752041911900044,0.5269020740528164,0.5857168692233012
2021-09-11 07:00:00,0.474,0.4759923978426449,0.49993635840367445,0.5382542717476703
2021-09-11 08:00:00,0.474,0.47330585454659735,0.4800096660046504,0.49895599012410213
2021-09-11 09:00:00,0.476,0.4722612320014207,0.47050472438890195,0.4800359404120801
2021-09-11 10:00:00,0.483,0.47426573504564823,0.47058007614917835,0.4823476659814923
2021-09-11 11:00:00,0.495,0.4772161243406981,0.47146690223454857,0.4809536416139863
2021-09-11 12:00:00,0.503,0.4823389459699771,0.472557880396805,0.474647932833554
2021-09-11 13:00:00,0.508,0.49615497894795085,0.47315894498783806,0.4755701158235213
2021-09-11 14:00:00,0.511,0.4968019694284722,0.4728082215779782,0.4761334118708927
2021-09-11 15:00:00,0.509,0.49929883438573575,0.4745655560118837,0.4790438379742751
2021-09-11 16:00:00,0.505,0.504277321936237,0.4813463101178537,0.4867501379742751
2021-09-11 17:00:00,0.5,0.5049711488871048,0.49358264090771126,0.49837318244324763
2021-09-11 18:00:00,0.495,0.4945395206261367,0.4757686663893524,0.4760482106875559
2021-09-11 19:00:00,0.491,0.48939999599773654,0.46956404762846105,0.4698699568084905
2021-09-11 20:00:00,0.486,0.4905850016352443,0.47746610801114164,0.47730363779367074
2021-09-11 21:00:00,0.484,0.4882602551198834,0.4823390744811621,0.4809042212463633
2021-09-11 22:00:00,0.482,0.4829089742573774,0.4788552866435399,0.4796111148488471
2021-09-11 23:00:00,0.479,0.48801451446289007,0.4898123175459036,0.5103280693852476
2021-09-12 00:00:00,0.478,0.48375173246598663,0.47595885929764886,0.49156234194527204
2021-09-12 01:00:00,0.477,0.4795601025003398,0.48636934630847245,0.4827916182418944
2021-09-12 02:00:00,0.475,0.4764287447348985,0.48217284768312896,0.48173791902217794
2021-09-12 03:00:00,0.472,0.4735695365647043,0.48547593996521904,0.475054775023077
2021-09-12 04:00:00,0.469,0.4713623192550033,0.48339949076010186,0.4728150947363943
2021-09-12 05:00:00,0.468,0.4679715724230845,0.4811876952666568,0.4725245335172563
2021-09-12 06:00:00,0.466,0.4669687429140269,0.4800317993244322,0.47212888255578983
2021-09-12 07:00:00,0.465,0.4668063359053205,0.4794596227412026,0.4881432120104275
2021-09-12 08:00:00,0.467,0.46624603172505347,0.47994722989300365,0.4592523313649557
2021-09-12 09:00:00,0.471,0.4663235498301647,0.47654912350910444,0.4664521080348809
2021-09-12 10:00:00,0.474,0.4722272430471856,0.46993302320887614,0.4696647784248445
2021-09-12 11:00:00,0.475,0.4721256391177277,0.46761814800260243,0.4694051133922844
2021-09-12 12:00:00,0.475,0.4698136634317806,0.4628272053240426,0.46726694983231054
2021-09-12 13:00:00,0.474,0.4704058829754252,0.4618033254446908,0.468595093599155
2021-09-12 14:00:00,0.474,0.4723482714358662,0.45854939103338044,0.47136925025747134
2021-09-12 15:00:00,0.472,0.47616462104097257,0.45976804490769424,0.4740243401436921
2021-09-12 16:00:00,0.47,0.47363155367557064,0.45982677265657707,0.4699741643209765
2021-09-12 17:00:00,0.467,0.4690183468337432,0.4517101142438748,0.4546784826175409
2021-09-12 18:00:00,0.464,0.4682378786434572,0.4589869454544869,0.460529589308534
2021-09-12 19:00:00,0.46,0.46191187282772517,0.44837963678234155,0.4539159521496633
2021-09-12 20:00:00,0.456,0.4576995444168829,0.45044326246930855,0.45503495090316115
2021-09-12 21:00:00,0.453,0.45696167305408864,0.45852883876775785,0.470585944410826
2021-09-12 22:00:00,0.45,0.4556940582665446,0.45624231756907685,0.4654658216112249
2021-09-12 23:00:00,0.448,0.45258922821809,0.46508848965056415,0.46129700501300397
2021-09-13 00:00:00,0.447,0.4520240904052113,0.4636561120088009,0.45662584711239995
2021-09-13 01:00:00,0.446,0.4502177714546195,0.46141927394623733,0.45532144869184826
2021-09-13 02:00:00,0.443,0.44863597479871276,0.4588038206531441,0.4522793050222746
2021-09-13 03:00:00,0.441,0.4450716439295395,0.4583256706100259,0.44910443955431356
2021-09-13 04:00:00,0.441,0.44394287067351484,0.4568530576106696,0.4557998853700668
2021-09-13 05:00:00,0.44,0.44218856245466864,0.45516655617089197,0.4516403431922008
2021-09-13 06:00:00,0.439,0.44269553560838987,0.45495972384520217,0.4534925527016642
2021-09-13 07:00:00,0.444,0.439908617597745,0.452866800743314,0.4405063433102813
2021-09-13 08:00:00,0.45,0.44364974176164346,0.46014192909890994,0.4431672434648324
2021-09-13 09:00:00,0.453,0.45071001852101705,0.45839487594834977,0.44378922466811793
2021-09-13 10:00:00,0.453,0.4464595753888293,0.4437070499445772,0.445678456925205
2021-09-13 11:00:00,0.453,0.44524686994712015,0.4449438919604712,0.4633084054542861
2021-09-13 12:00:00,0.453,0.4454643673279667,0.44381921619114356,0.46291103219844687
2021-09-13 13:00:00,0.453,0.4510080218436069,0.4420281893215651,0.46835056933311875
2021-09-13 14:00:00,0.452,0.455647041749043,0.4500946443141597,0.49865417971210363
2021-09-13 15:00:00,0.452,0.4538611017052847,0.45312294216111315,0.5101878355774723
2021-09-13 16:00:00,0.451,0.451145892774919,0.45010117916438275,0.47075817957237226
2021-09-13 17:00:00,0.45,0.4511732188225789,0.4499102220662315,0.4552695739455971
2021-09-13 18:00:00,0.449,0.45089869776075603,0.44803277839029854,0.45413578581039427
2021-09-13 19:00:00,0.448,0.44761331339719945,0.4468373723934028,0.444636509503016
2021-09-13 20:00:00,0.448,0.4471731478866376,0.4467223898424572,0.4475184849049572
2021-09-13 21:00:00,0.449,0.45035866417371495,0.4575654194934043,0.4520359222544141
2021-09-13 22:00:00,0.449,0.4484433802143622,0.4478910467707948,0.4513530529781443
2021-09-13 23:00:00,0.449,0.4471580191486132,0.44640003297795916,0.45171129485140626
2021-09-14 00:00:00,0.45,0.44631675716959635,0.4452490884910232,0.4570418731157242
2021-09-14 01:00:00,0.45,0.4477169244810709,0.44668300348735795,0.44385444553956255
2021-09-14 02:00:00,0.448,0.4471989633725103,0.4438957507323897,0.4435776078608629
2021-09-14 03:00:00,0.447,0.44610579059730787,0.43299820830152536,0.44175478025315507
2021-09-14 04:00:00,0.446,0.4460052652357392,0.43174809293303473,0.4416610006466141
2021-09-14 05:00:00,0.447,0.44613599018924643,0.43160354193823697,0.44185464906975885
2021-09-14 06:00:00,0.451,0.447141831649532,0.43191768246558554,0.44283520947512267
2021-09-14 07:00:00,0.45,0.4470776735619599,0.42949799186351123,0.4419492354827205
2021-09-14 08:00:00,0.446,0.4449946416394543,0.42704255148702674,0.43965499916791506
2021-09-14 09:00:00,0.444,0.44366691959298665,0.4265114338977322,0.4372548626601264
2021-09-14 10:00:00,0.442,0.44207989110573825,0.43759132001058304,0.4577350242419105
2021-09-14 11:00:00,0.44,0.442851727989611,0.4417895025621094,0.46410331766858814
2021-09-14 12:00:00,0.436,0.4446049015475956,0.46956872838547475,0.47030011380390135
2021-09-14 13:00:00,0.433,0.4400607670103509,0.4468723084461466,0.4560824321082992
2021-09-14 14:00:00,0.429,0.43144762023047717,0.44454304819048573,0.441816299003171
2021-09-14 15:00:00,0.425,0.43111934221993237,0.44250529686085727,0.4428725263720646
2021-09-14 16:00:00,0.423,0.42904104160079265,0.4414248698456877,0.4378737758013154
2021-09-14 17:00:00,0.421,0.428799556422581,0.4405690670386262,0.4370450759759719
2021-09-14 18:00:00,0.42,0.42774318632760555,0.4383298806774058,0.43773213256764365
2021-09-14 19:00:00,0.42,0.42722460302393966,0.4426959926618943,0.4391081696504333
2021-09-14 20:00:00,0.421,0.4242047592856737,0.44034521607186194,0.43863746678689164
2021-09-14 21:00:00,0.422,0.4214435587153111,0.4385849338174922,0.43169510274142375
2021-09-14 22:00:00,0.427,0.4257748295078636,0.4385192380295575,0.4303864176721546
2021-09-14 23:00:00,0.433,0.4333006125995215,0.43925943193635464,0.4345531181014968
2021-09-15 00:00:00,0.437,0.4329670211080652,0.42550799902202685,0.4314656954705794
2021-09-15 01:00:00,0.444,0.43207103895445864,0.4230539785302819,0.42302001588644506
2021-09-15 02:00:00,0.452,0.4328473445108693,0.4227359223574859,0.41892739020336367
2021-09-15 03:00:00,0.454,0.43078356407937946,0.4232292242893096,0.41952706240502824
2021-09-15 04:00:00,0.454,0.4358828533419397,0.42716312009081936,0.4245673118654672
2021-09-15 05:00:00,0.457,0.43916172237020906,0.43099099212649444,0.43029733803412284
2021-09-15 06:00:00,0.456,0.4388368692876864,0.4324273129651896,0.4343375874945618
2021-09-15 07:00:00,0.457,0.44584164198662163,0.43970000271546766,0.44572291342270454
2021-09-15 08:00:00,0.457,0.45437066775107077,0.447515005038926,0.46681152274139753
2021-09-15 09:00:00,0.455,0.45618589259719305,0.46961667703134136,0.4952098491345649
2021-09-15 10:00:00,0.455,0.45912766403341443,0.5227673772226944,0.5705010494942999
2021-09-15 11:00:00,0.455,0.46351657589476136,0.537002483029679,0.6052220604298726
2021-09-15 12:00:00,0.453,0.46601037179396665,0.49451677300540675,0.5535477706531435
2021-09-15 13:00:00,0.453,0.4667072142363027,0.5080348199910782,0.5744250807986258
2021-09-15 14:00:00,0.452,0.462951887639802,0.48690604239391305,0.5314259293055273
2021-09-15 15:00:00,0.451,0.4587586158379815,0.4707471724042076,0.5169654995845275
2021-09-15 16:00:00,0.453,0.45900646001822704,0.48557575846951745,0.5326246198474751
2021-09-15 17:00:00,0.456,0.46123413398162527,0.4857626544644217,0.5268512773544556
2021-09-15 18:00:00,0.46,0.477606450869215,0.5327703467039343,0.540070413489615
2021-09-15 19:00:00,0.465,0.468988079860797,0.48460459186799865,0.5181204586425114
2021-09-15 20:00:00,0.472,0.4841154385342518,0.5076513472367892,0.530883399520648
2021-09-15 21:00:00,0.481,0.4741990490487276,0.49051727578702026,0.4942085217498101
2021-09-15 22:00:00,0.489,0.4796544036180013,0.48445969322657184,0.46352164683490255
2021-09-15 23:00:00,0.497,0.48883803923877145,0.5026341583429654,0.5286026842753184
2021-09-16 00:00:00,0.503,0.48535687352513646,0.4946014303129273,0.4947223246461362
2021-09-16 01:00:00,0.507,0.4925876846620492,0.49346562789510345,0.501545914109
2021-09-16 02:00:00,0.508,0.4965888997703955,0.47365719189380706,0.4694193308872433
2021-09-16 03:00:00,0.507,0.5040339467065932,0.4819991214409138,0.4778457185081487
2021-09-16 04:00:00,0.508,0.5074156487288418,0.4879809396990694,0.48550595966991644
2021-09-16 05:00:00,0.507,0.5034027314321998,0.4925019346459136,0.4924012975729734
2021-09-16 06:00:00,0.506,0.5079139535086505,0.4931096005336385,0.49683589348701657
2021-09-16 07:00:00,0.505,0.5075949936540449,0.4914114143247947,0.49809616911101023
2021-09-16 08:00:00,0.506,0.5080755148335616,0.4902427909453544,0.5007563400561791
2021-09-16 09:00:00,0.51,0.5022745375384359,0.47915049637325036,0.4937382477901323
2021-09-16 10:00:00,0.518,0.5057159023085424,0.48925040934945113,0.49981588388305936
2021-09-16 11:00:00,0.527,0.5104981618863805,0.5023884913528902,0.5075809812664335
2021-09-16 12:00:00,0.531,0.513610226356335,0.5018273247758412,0.5024689372256762
2021-09-16 13:00:00,0.533,0.5226339647518004,0.5011949253331331,0.5014315154999627
2021-09-16 14:00:00,0.532,0.5292744265335458,0.504991561424484,0.505615342833663
2021-09-16 15:00:00,0.531,0.5368867917407365,0.5803112519118176,0.6313558979523495
2021-09-16 16:00:00,0.529,0.5319794449264238,0.5833745810640711,0.6969078580693469
2021-09-16 17:00:00,0.527,0.5366357222977725,0.5468397761293019,0.6206305013637081
2021-09-16 18:00:00,0.525,0.538461092131543,0.5492392056038089,0.6062679481407534
2021-09-16 19:00:00,0.521,0.5364080017542845,0.5543210160937938,0.6004192894843553
2021-09-16 20:00:00,0.517,0.5356442426390173,0.5512757115844367,0.5808927885092767
2021-09-16 21:00:00,0.513,0.5223139287502662,0.5306680229594642,0.5649503073115746
2021-09-16 22:00:00,0.512,0.5333964627397987,0.5875962548270462,0.5299174031508971
2021-09-16 23:00:00,0.517,0.5170894527400095,0.525645160112708,0.5161379161821736
2021-09-17 00:00:00,0.522,0.5160338093758363,0.5167722454984982,0.5068813636890442
2021-09-17 01:00:00,0.523,0.5273172150794576,0.5257398733600569,0.5203949512976203
2021-09-17 02:00:00,0.523,0.5239252244644762,0.5168535315791626,0.5147580844891371
2021-09-17 03:00:00,0.521,0.5199434474258612,0.5063780655740232,0.5064994760812284
2021-09-17 04:00:00,0.519,0.5157236397180821,0.5072477028840007,0.5044756497745453
2021-09-17 05:00:00,0.519,0.520701705077236,0.49757635563570274,0.49027359198291787
2021-09-17 06:00:00,0.527,0.5068091312168355,0.48508247941808613,0.49332069330774997
2021-09-17 07:00:00,0.519,0.4951064189137906,0.48572567426208074,0.4749071160672336
2021-09-17 08:00:00,0.505,0.4949715539260096,0.48964089714552667,0.49045922340741505
2021-09-17 09:00:00,0.495,0.4918978409360641,0.48528824462998654,0.47103652142741614
2021-09-17 10:00:00,0.488,0.48954987043949577,0.48484795989464824,0.480211575462165
2021-09-17 11:00:00,0.481,0.48757148320584776,0.4852117336928703,0.4837265825718135
2021-09-17 12:00:00,0.476,0.4961463411281832,0.49467347584079946,0.5027858301967394
2021-09-17 13:00:00,0.472,0.48764585050928255,0.49005812244725117,0.5035886886880712
2021-09-17 14:00:00,0.469,0.47929831937740014,0.47424957156760295,0.47984117185183217
2021-09-17 15:00:00,0.466,0.47723454984464225,0.49818810063855734,0.5023126639537815
2021-09-17 16:00:00,0.464,0.494521278383233,0.5288665196012193,0.5518732292516491
2021-09-17 17:00:00,0.463,0.4885324552934275,0.5048966590315189,0.5120288821726557
2021-09-17 18:00:00,0.461,0.4746602345024565,0.603379215969216,0.6139936494728722
2021-09-17 19:00:00,0.459,0.4737184902074175,0.5706620645601674,0.6101104083994681
2021-09-17 20:00:00,0.458,0.4704662996448318,0.5657046102311631,0.5508622868769442
2021-09-17 21:00:00,0.455,0.4629904449290667,0.5118128033619068,0.5319626306055166
2021-09-17 22:00:00,0.453,0.46108009045843534,0.5093678432411772,0.4675268281330767
2021-09-17 23:00:00,0.454,0.45947390831552065,0.5082434989147286,0.46239525628894895
2021-09-18 00:00:00,0.462,0.4508697141153216,0.46499355568526146,0.44261053482061957
2021-09-18 01:00:00,0.473,0.4649082642211758,0.46933933798684274,0.4602944986565072
2021-09-18 02:00:00,0.478,0.47526300633700796,0.47049381865832207,0.46375869248890217
2021-09-18 03:00:00,0.481,0.4735721793317854,0.45346596365820635,0.451505749354834
2021-09-18 04:00:00,0.482,0.47436402560927304,0.453581725208526,0.4484684132901832
2021-09-18 05:00:00,0.482,0.46917898103768935,0.4539570366330424,0.4547111776523965
2021-09-18 06:00:00,0.482,0.47559394408004824,0.4619357502745797,0.4590210637090919
2021-09-18 07:00:00,0.48,0.4825929352504763,0.4702775661934951,0.47382902495040136
2021-09-18 08:00:00,0.476,0.47919595259979997,0.47147019901512593,0.47493197899646306
2021-09-18 09:00:00,0.47,0.4787063799985501,0.46032046316086594,0.462224590332405
2021-09-18 10:00:00,0.464,0.46484300990523597,0.45721479496327616,0.46737608512538664
2021-09-18 11:00:00,0.459,0.45438364263093944,0.43947515288650507,0.4488034256296475
2021-09-18 12:00:00,0.454,0.45372815509503506,0.4505925248244962,0.46661573842736115
2021-09-18 13:00:00,0.449,0.45212326249728096,0.4493092250768381,0.46686135941518725
2021-09-18 14:00:00,0.446,0.4519248849374976,0.44217213840906056,0.4495207116090809
2021-09-18 15:00:00,0.444,0.4510000671149222,0.44343790527055393,0.4470366698035974
2021-09-18 16:00:00,0.442,0.4496086876489834,0.44925878878714093,0.45078811167235516
2021-09-18 17:00:00,0.441,0.4470796112289273,0.4431688094993802,0.43719568912713014
2021-09-18 18:00:00,0.439,0.44585940749564784,0.4427434054801277,0.441939397602802
2021-09-18 19:00:00,0.438,0.44153605864919837,0.43595439792038704,0.4370123650479927
2021-09-18 20:00:00,0.437,0.44039083037882554,0.4409324572778454,0.46130413773571394
2021-09-18 21:00:00,0.437,0.4388480493866855,0.43961593230113183,0.4586528332498203
2021-09-18 22:00:00,0.436,0.4364177444785598,0.4343007830660278,0.4459393501422068
2021-09-18 23:00:00,0.436,0.43713835103745763,0.4353453567078828,0.44882903799623175
2021-09-19 00:00:00,0.435,0.435844712147627,0.43665859161133996,0.4530565561962822
2021-09-19 01:00:00,0.435,0.43502022500521254,0.43539734844448874,0.475093468332782
2021-09-19 02:00:00,0.434,0.434163395002053,0.43309401608297476,0.4525572286010464
2021-09-19 03:00:00,0.433,0.4321216312486864,0.43009619688834766,0.4289242551758473
2021-09-19 04:00:00,0.432,0.4325173374742661,0.42948463038038037,0.42695702125459245
2021-09-19 05:00:00,0.431,0.4315648062176615,0.42958183480998413,0.4310264154226397
2021-09-19 06:00:00,0.43,0.4302436689920543,0.42724293473228764,0.42776885284432836
2021-09-19 07:00:00,0.429,0.4296734977704624,0.42810803727354174,0.4279238392915657
2021-09-19 08:00:00,0.428,0.42953735179604646,0.42867785145487525,0.4409932423343315
2021-09-19 09:00:00,0.428,0.42992519427538195,0.4333369140188692,0.46417841746985394
2021-09-19 10:00:00,0.427,0.42896498410493805,0.4302588174118927,0.4473004016336026
2021-09-19 11:00:00,0.427,0.4279077333400615,0.43766780054555277,0.4427078795764765
2021-09-19 12:00:00,0.426,0.4268173687302265,0.43736225688166935,0.4415772410961848
2021-09-19 13:00:00,0.427,0.428801873201888,0.4416139651008785,0.4415421001096528
2021-09-19 14:00:00,0.427,0.42833767600644,0.4419269262359012,0.44344416188875496
2021-09-19 15:00:00,0.426,0.4273741099716485,0.44174950868314833,0.453607779292608
2021-09-19 16:00:00,0.425,0.42654541579212363,0.4404482002981153,0.44207914341775095
2021-09-19 17:00:00,0.425,0.4280124394171452,0.4402713350448274,0.44002189805176095
2021-09-19 18:00:00,0.424,0.4261970240596603,0.4398970252059607,0.44260170887510225
2021-09-19 19:00:00,0.423,0.42602472170079125,0.439577328008978,0.4402829676041619
2021-09-19 20:00:00,0.426,0.4236551199132932,0.4397243238219218,0.4364623499341378
2021-09-19 21:00:00,0.431,0.4316913495374388,0.4452483142530135,0.43021938332309445
2021-09-19 22:00:00,0.436,0.4327464054676743,0.42781245905186915,0.42849682749031587
2021-09-19 23:00:00,0.439,0.4360432636221915,0.42789846095421635,0.43944522874732994
2021-09-20 00:00:00,0.442,0.43480848747037104,0.4267323077055873,0.4269602979452746
2021-09-20 01:00:00,0.449,0.4310082850454321,0.4254953484958169,0.4261975595895643
2021-09-20 02:00:00,0.446,0.43386128979302396,0.4281480051277082,0.4291539592745557
2021-09-20 03:00:00,0.443,0.43731660291456476,0.43242822164336603,0.43060036656054074
2021-09-20 04:00:00,0.442,0.43725971184769385,0.43683914109336325,0.45647863357006985
2021-09-20 05:00:00,0.442,0.43961755655453383,0.4394788964265159,0.44213791294224436
2021-09-20 06:00:00,0.442,0.44249890002788744,0.441914211379505,0.4697359745821085
2021-09-20 07:00:00,0.442,0.44964375967747866,0.44940174274069117,0.4766689925078643
2021-09-20 08:00:00,0.444,0.4463846171852461,0.4460507962787227,0.4655968893352841
2021-09-20 09:00:00,0.443,0.4433668438945149,0.4426730844155407,0.44150156011175595
2021-09-20 10:00:00,0.442,0.4420438587072014,0.4416764472669467,0.45516610052581696
2021-09-20 11:00:00,0.442,0.442193828144645,0.44151965580247626,0.4409357751785611
2021-09-20 12:00:00,0.441,0.4423208492375459,0.4423799422626681,0.45120584760950455
2021-09-20 13:00:00,0.441,0.44068454442421257,0.43880484354939225,0.4397356258223517
2021-09-20 14:00:00,0.441,0.4428100142215091,0.440927465197002,0.4427397359965357
2021-09-20 15:00:00,0.441,0.44157833072661673,0.43864145133991855,0.4399812526846311
2021-09-20 16:00:00,0.441,0.4405858014663354,0.4384787145044607,0.43927683200776907
2021-09-20 17:00:00,0.441,0.4401782870111325,0.4377795985157952,0.44280610407416254
2021-09-20 18:00:00,0.44,0.4392134113471804,0.43750170032635954,0.45518543027042996
2021-09-20 19:00:00,0.44,0.4389889908556722,0.43736447146703344,0.4370425856587617
2021-09-20 20:00:00,0.44,0.4385623361711161,0.4370593701838189,0.43665446492440463
2021-09-20 21:00:00,0.44,0.43905949980192166,0.4375618004644862,0.4496704627527605
2021-09-20 22:00:00,0.439,0.439014498016065,0.43746298944387396,0.43777047261659946
2021-09-20 23:00:00,0.439,0.43898993413029,0.43735413092498954,0.4377334471433487
2021-09-21 00:00:00,0.437,0.4379995084029487,0.43647339100843324,0.4368729717999386
2021-09-21 01:00:00,0.437,0.4373882568233563,0.4353369749433487,0.4987136256336705
2021-09-21 02:00:00,0.437,0.43709458368541254,0.43524833935595303,0.5028081805266038
2021-09-21 03:00:00,0.438,0.4376859540605803,0.43555065920367264,0.5062896214339057
2021-09-21 04:00:00,0.44,0.4367696815246222,0.4360269421253081,0.5082582941598447
2021-09-21 05:00:00,0.438,0.4366834303071807,0.43584657478606414,0.5150239036507177
2021-09-21 06:00:00,0.437,0.43465455651288915,0.43363146474694997,0.4855538657076564
2021-09-21 07:00:00,0.437,0.43612528932415934,0.4354914481633476,0.4410144263752685
2021-09-21 08:00:00,0.437,0.4373317707494359,0.43685500333914434,0.43836607764408836
2021-09-21 09:00:00,0.436,0.43698383152394904,0.43647007883593647,0.43865863167940117
2021-09-21 10:00:00,0.435,0.43758849014264734,0.4356194391585991,0.5385828908064265
2021-09-21 11:00:00,0.435,0.4353567463592438,0.4326935926624192,0.43446537518325146
2021-09-21 12:00:00,0.434,0.43462498901152813,0.43302492740080095,0.4369909729276828
2021-09-21 13:00:00,0.434,0.4345261735920814,0.4331544101326098,0.43440585815852256
2021-09-21 14:00:00,0.434,0.4342058055936047,0.4320086572540876,0.45537114925709804
2021-09-21 15:00:00,0.434,0.4332216094885186,0.4305977568836606,0.4320512525251028
2021-09-21 16:00:00,0.433,0.43240490778981644,0.4318429429185174,0.4751986609295824
2021-09-21 17:00:00,0.432,0.43236177770253603,0.4305234119554586,0.5313804702343601
2021-09-21 18:00:00,0.43,0.4296677463115762,0.4281660526211364,0.45126856607504134
2021-09-21 19:00:00,0.429,0.4284520278980215,0.4272726113427385,0.42259805082975943
2021-09-21 20:00:00,0.427,0.4276907660704759,0.4265947766424614,0.42354886004349623
2021-09-21 21:00:00,0.427,0.42894373979120903,0.4279614064556709,0.4458239705990886
2021-09-21 22:00:00,0.426,0.4281915691891392,0.4261620548961219,0.44827345891448656
2021-09-21 23:00:00,0.426,0.42862151811764543,0.4293813329879093,0.5143954943661929
2021-09-22 00:00:00,0.426,0.4261551739607248,0.4261746986704357,0.4631885353184143
2021-09-22 01:00:00,0.425,0.4265308045987045,0.4281155674075947,0.5887794675713541
2021-09-22 02:00:00,0.424,0.42448258978146736,0.42240502126207585,0.5065383714034294
2021-09-22 03:00:00,0.424,0.4242880877185225,0.4224641683338276,0.4700861453890166
2021-09-22 04:00:00,0.424,0.4233102588717183,0.4226460315877643,0.49486426236068787
2021-09-22 05:00:00,0.424,0.42341003560408835,0.4229802063242199,0.4283614878624152
2021-09-22 06:00:00,0.423,0.4234381808053774,0.4232620035368418,0.5000622551850643
2021-09-22 07:00:00,0.423,0.4223905348724632,0.4202888058551246,0.43030209954371273
2021-09-22 08:00:00,0.423,0.4218586188607751,0.4196120342919949,0.428280769049054
2021-09-22 09:00:00,0.422,0.4216534714480572,0.4196740722474248,0.4807760090657075
2021-09-22 10:00:00,0.422,0.4215658838228203,0.42085341927031045,0.45608804286587945
2021-09-22 11:00:00,0.421,0.42140013423223355,0.41954374733967886,0.560207949436102
2021-09-22 12:00:00,0.421,0.41951786961314136,0.4179108811253673,0.4671210060885329
2021-09-22 13:00:00,0.421,0.4207786803689992,0.4189619746359157,0.5823803550164788
2021-09-22 14:00:00,0.421,0.4213137522795715,0.4208470795562063,0.5069873821736022
2021-09-22 15:00:00,0.421,0.42116118158289095,0.42112797012814934,0.45923925393461307
2021-09-22 16:00:00,0.422,0.42113478145342337,0.4209771819098632,0.46274528911166796
2021-09-22 17:00:00,0.422,0.4204248689549792,0.42013323667403757,0.42036282789886076
2021-09-22 18:00:00,0.421,0.4208720269925606,0.42097289987101527,0.42303689822470714
2021-09-22 19:00:00,0.421,0.42101386981319633,0.4207587328103036,0.4230743405581646
2021-09-22 20:00:00,0.421,0.4206955098620546,0.4196767347070616,0.42403884353267385
2021-09-22 21:00:00,0.421,0.4196895425515804,0.4172106355886005,0.42063539193672494
2021-09-22 22:00:00,0.42,0.42076832777966977,0.4183435516886464,0.45523236195228256
2021-09-22 23:00:00,0.42,0.4201605786189435,0.41810299628757597,0.4252580148986658
2021-09-23 00:00:00,0.42,0.4195406255558587,0.4177154672599012,0.5345485250055276
2021-09-23 01:00:00,0.419,0.4187490208957866,0.41687638482371403,0.4549690960780276
2021-09-23 02:00:00,0.418,0.41858650169376177,0.4166874004397153,0.5042093248275505
2021-09-23 03:00:00,0.418,0.41870171244093657,0.41633133797093413,0.45852815605662267
2021-09-23 04:00:00,0.418,0.41747105299343606,0.4151417275523947,0.42218843504787784
2021-09-23 05:00:00,0.418,0.4177752572912501,0.4164111503250537,0.42240559856612503
2021-09-23 06:00:00,0.418,0.4190255479169677,0.4202608165584225,0.43063562802234295
2021-09-23 07:00:00,0.419,0.41802260001355385,0.41882203414172375,0.42303706051675277
2021-09-23 08:00:00,0.42,0.41972539305959694,0.41944959331911547,0.5176376044898539
2021-09-23 09:00:00,0.419,0.418716536855667,0.4171748366534047,0.42965771895605304
2021-09-23 10:00:00,0.419,0.41904328661203455,0.4178934779436216,0.44964382567052297
2021-09-23 11:00:00,0.419,0.41888870748318746,0.41853699628069674,0.46148719282668116
2021-09-23 12:00:00,0.419,0.4190090955639428,0.4177466161695865,0.4437986265318033
2021-09-23 13:00:00,0.418,0.4203494437330553,0.4189004850811328,0.5955030735028899
2021-09-23 14:00:00,0.418,0.42127931601424873,0.42119292500651084,0.5777356071641284
2021-09-23 15:00:00,0.418,0.4202246512613668,0.41861380836860523,0.5985066291673493
2021-09-23 16:00:00,0.418,0.4198759507466264,0.4185737650305718,0.6042614109472408
2021-09-23 17:00:00,0.418,0.4185249339203389,0.4167587179821359,0.5709875925217873
2021-09-23 18:00:00,0.417,0.41831385888921657,0.416210200382188,0.593851524687129
2021-09-23 19:00:00,0.417,0.41714067166231816,0.41548933659743603,0.6155891055117445
2021-09-23 20:00:00,0.417,0.41634405700381644,0.4143309352957363,0.43597525666531917
2021-09-23 21:00:00,0.416,0.4159599508677601,0.4132268036381586,0.41677065032535937
2021-09-23 22:00:00,0.415,0.41546922654965684,0.413392763194127,0.4546140093734193
2021-09-23 23:00:00,0.415,0.4154095097745836,0.41381438268230164,0.43432902422881753
2021-09-24 00:00:00,0.415,0.41451243859047165,0.4133621317536012,0.4353387797805406
2021-09-24 01:00:00,0.415,0.41449777319245756,0.41376075825942504,0.449701179284219
2021-09-24 02:00:00,0.415,0.41443737309161266,0.41315332018242495,0.4125031933718595
2021-09-24 03:00:00,0.415,0.4140434396590572,0.41345101435633813,0.45426105007706163
2021-09-24 04:00:00,0.413,0.41298474036625443,0.41125716012340174,0.41897061502592825
2021-09-24 05:00:00,0.414,0.41239830852300724,0.41211654116444635,0.5437237878010681
2021-09-24 06:00:00,0.414,0.4124957972162832,0.4107531546513179,0.4481970417272265
2021-09-24 07:00:00,0.413,0.41293076649576393,0.4126481692018024,0.5408506496051859
2021-09-24 08:00:00,0.413,0.4125923917362036,0.41135989372649745,0.41522107290556803
2021-09-24 09:00:00,0.413,0.41298691452078506,0.411857216608998,0.4239269982796787
2021-09-24 10:00:00,0.412,0.41049326588686197,0.40833859620677593,0.4149554273008188
2021-09-24 11:00:00,0.413,0.4120964006352437,0.412518474900923,0.5157469569619514
2021-09-24 12:00:00,0.412,0.41308763685682437,0.41216132288884144,0.41491165535305014
2021-09-24 13:00:00,0.412,0.41223175860428507,0.4177477132577374,0.5306362633361029
2021-09-24 14:00:00,0.412,0.4115695567650218,0.41105860677878087,0.5208394233145269
2021-09-24 15:00:00,0.412,0.4120247679222432,0.41081458438730073,0.4097232203680321
2021-09-24 16:00:00,0.412,0.41224285484319745,0.4124222560403043,0.4559580205392587
2021-09-24 17:00:00,0.412,0.4130069443115469,0.41191369313968185,0.4125131825517602
2021-09-24 18:00:00,0.412,0.4121525678713435,0.41438811275009435,0.5607849048513966
2021-09-24 19:00:00,0.412,0.41205146771121937,0.41097903810586167,0.4114133894227041
2021-09-24 20:00:00,0.412,0.4121056269398148,0.4118406085036396,0.4865230314808462
2021-09-24 21:00:00,0.412,0.41213896862059857,0.41166216050094956,0.4686784008289934
2021-09-24 22:00:00,0.412,0.41243634938427814,0.4124755721175296,0.4229686639326085
2021-09-24 23:00:00,0.412,0.4125501200301956,0.4212959699035787,0.6011169920259559
2021-09-25 00:00:00,0.412,0.4119779010650376,0.4200318596100159,0.5779652902842118
2021-09-25 01:00:00,0.413,0.4121949367655443,0.4123197131411586,0.583776438197272
2021-09-25 02:00:00,0.412,0.4123221958020851,0.41263899631463935,0.4677816206349713
2021-09-25 03:00:00,0.412,0.41210435951663194,0.4153359806819959,0.5165020108708167
2021-09-25 04:00:00,0.412,0.4124213846263605,0.41284094121594855,0.5744587798669096
2021-09-25 05:00:00,0.412,0.41236400142356877,0.412642525217527,0.48305036694976977
2021-09-25 06:00:00,0.412,0.4123164585985077,0.41230183369734136,0.41952709425100426
2021-09-25 07:00:00,0.412,0.41342406349300076,0.41372407885255896,0.4441104432214194
2021-09-25 08:00:00,0.413,0.4124291765050719,0.41290851176638055,0.4463358751054753
2021-09-25 09:00:00,0.413,0.41274617177463396,0.41271859695646135,0.4183139027415582
2021-09-25 10:00:00,0.413,0.41274617177463396,0.41271859695646135,0.4183139027415582
2021-09-25 11:00:00,0.414,0.4127221140798726,0.41197324645489286,0.4122700135456187
2021-09-25 12:00:00,0.414,0.4126635895073454,0.41178636950711756,0.4122700135456187
2021-09-25 13:00:00,0.413,0.4123152922992553,0.4116882553556537,0.41217548180960906
2021-09-25 14:00:00,0.413,0.41333315107683277,0.4111528702086628,0.4370390192865857
2021-09-25 15:00:00,0.413,0.4111356960889795,0.4082605852546627,0.4099520185615037
2021-09-25 16:00:00,0.413,0.41133686254919033,0.40893039591079616,0.41578608969112396
2021-09-25 17:00:00,0.413,0.41323682171587744,0.4128319117001485,0.5321428329768279
2021-09-25 18:00:00,0.413,0.4126435159135064,0.41712072037937536,0.527644580313301
2021-09-25 19:00:00,0.412,0.4118393976025684,0.41089917856196784,0.5159958864532725
2021-09-25 20:00:00,0.412,0.41277140168716997,0.4119149245003242,0.43898675272894117
2021-09-25 21:00:00,0.412,0.41303317991759303,0.41173669041441696,0.4123616111977895
2021-09-25 22:00:00,0.412,0.41209712511937935,0.41172824962577564,0.43938492035071414
2021-09-25 23:00:00,0.412,0.4106745085665614,0.40862917366320983,0.4124440354850734
2021-09-26 00:00:00,0.411,0.41120358592371903,0.412359440530534,0.5153141180562807
2021-09-26 01:00:00,0.411,0.41011864261274966,0.4087500104086252,0.41173724950962454
2021-09-26 02:00:00,0.41,0.409654047463881,0.40835322413250064,0.41146968356953567
2021-09-26 03:00:00,0.411,0.41090788799576206,0.4098414993317679,0.45909094419570967
2021-09-26 04:00:00,0.411,0.41160736023737304,0.4103995857152385,0.4135903019148009
2021-09-26 05:00:00,0.412,0.41201187795460925,0.41118510693177923,0.41349660378800357
2021-09-26 06:00:00,0.412,0.4114983110841139,0.41077263386035234,0.41266893111091424
2021-09-26 07:00:00,0.412,0.4114983110841139,0.4107641605556154,0.4126871004720167
2021-09-26 08:00:00,0.412,0.4105568356566411,0.41022315108607377,0.44079375809567495
2021-09-26 09:00:00,0.413,0.4116996700967782,0.41168772924089647,0.41688023809504554
2021-09-26 10:00:00,0.413,0.4118435238816692,0.4128160710085623,0.5741788337075407
2021-09-26 11:00:00,0.413,0.4127221140798726,0.41191661342403374,0.4116931909097189
2021-09-26 12:00:00,0.413,0.4126635895073454,0.4117451179170306,0.4097581898190552
2021-09-26 13:00:00,0.414,0.41267476135822806,0.41166439151007855,0.4097268781750844
2021-09-26 14:00:00,0.414,0.4126152490140267,0.4121280283151087,0.4196147772138888
2021-09-26 15:00:00,0.413,0.41320336862195844,0.41737541309962245,0.5450530171047056
2021-09-26 16:00:00,0.413,0.41211363203145934,0.41272207441595776,0.5068679197252365
2021-09-26 17:00:00,0.413,0.4121801566318708,0.4097635239903273,0.5406473244666752
2021-09-26 18:00:00,0.412,0.41226041010946995,0.4118500173410869,0.5630711356819186
2021-09-26 19:00:00,0.412,0.4127936459635679,0.4115578428260662,0.552571092570235
2021-09-26 20:00:00,0.412,0.41254072215038984,0.41040517035013074,0.528576303698207
2021-09-26 21:00:00,0.412,0.4118961367444314,0.4095860557116603,0.4293278494421546
2021-09-26 22:00:00,0.411,0.41113469128212116,0.41011389841173573,0.44285962121312283
2021-09-26 23:00:00,0.411,0.4107566557034923,0.40895522123050376,0.44189418506961287
2021-09-27 00:00:00,0.41,0.409502965217393,0.40789077302395943,0.41666970839541345
2021-09-27 01:00:00,0.409,0.4091378142065743,0.40726371277429607,0.41154626915959336
2021-09-27 02:00:00,0.409,0.4093158802386774,0.4076622337457663,0.41540607757546705
2021-09-27 03:00:00,0.409,0.4098143048327768,0.4086086612220217,0.41275851955770254
2021-09-27 04:00:00,0.411,0.40920481074803017,0.40846412540497745,0.4140387529465246
2021-09-27 05:00:00,0.41,0.41121608203259025,0.4109366401271588,0.4159456443965285
2021-09-27 06:00:00,0.41,0.41040363776528804,0.409638596543239,0.41168992820674216
2021-09-27 07:00:00,0.412,0.4098954264995911,0.40969540913244995,0.44411048286056365
2021-09-27 08:00:00,0.411,0.40986374397339254,0.40891189870571926,0.4086257853077429
2021-09-27 09:00:00,0.413,0.4096697108859595,0.40908712131345953,0.4088704535172696
2021-09-27 10:00:00,0.413,0.4115849650725141,0.41192498734617355,0.4590045256960758
2021-09-27 11:00:00,0.413,0.41034152612007646,0.4095613195049547,0.40770839724895863
2021-09-27 12:00:00,0.413,0.4104594757773841,0.4103243341276268,0.5283254921375825
2021-09-27 13:00:00,0.413,0.4109177700885598,0.4092364493634166,0.41126099909933195
2021-09-27 14:00:00,0.414,0.4113468865121929,0.41923801642353314,0.567716463651266
2021-09-27 15:00:00,0.414,0.4138192257664939,0.4135667713146226,0.44104971186469377
2021-09-27 16:00:00,0.415,0.41432082534327674,0.4135658893510086,0.41368873984876336
2021-09-27 17:00:00,0.416,0.4161247732927754,0.41449841707985613,0.46569051000095524
2021-09-27 18:00:00,0.417,0.41813163110603746,0.4216591686237126,0.5678118908037806
2021-09-27 19:00:00,0.417,0.41749372768455906,0.4283453263842388,0.5589563177339639
2021-09-27 20:00:00,0.417,0.4160278127452321,0.4279833741768823,0.5521907266461087
2021-09-27 21:00:00,0.418,0.41572536348349415,0.41904726973939693,0.5500631636549963
2021-09-27 22:00:00,0.418,0.4169805651597089,0.42061760907634954,0.5404852820772907
2021-09-27 23:00:00,0.417,0.41670300715683983,0.42588797402909845,0.5455619025081743
2021-09-28 00:00:00,0.417,0.4156477982337391,0.4165222971192215,0.4659184505474919
2021-09-28 01:00:00,0.417,0.41671430988914765,0.4200458637987055,0.42356930500501183
2021-09-28 02:00:00,0.417,0.41756915296844177,0.4180184156941545,0.45681701691086285
2021-09-28 03:00:00,0.416,0.418960525798551,0.42509494058315367,0.5174789004616333
2021-09-28 04:00:00,0.418,0.4178006146767017,0.423971252267899,0.49301363739256726
2021-09-28 05:00:00,0.418,0.4183159523487287,0.4246566021003101,0.44241074052969476
2021-09-28 06:00:00,0.42,0.4180595310380211,0.4186383631815354,0.46607816520834355
2021-09-28 07:00:00,0.421,0.41830812551208024,0.4177976244399189,0.4183750617571247
2021-09-28 08:00:00,0.421,0.4184521973811272,0.4178691673499237,0.4172726776946552
2021-09-28 09:00:00,0.421,0.41781814861099337,0.416741527435872,0.4162302854329142
2021-09-28 10:00:00,0.421,0.4197610934044384,0.4185704856450451,0.4179479407191603
2021-09-28 11:00:00,0.421,0.4191799092999079,0.4184616504832902,0.4182862414245231
2021-09-28 12:00:00,0.421,0.4208036098116571,0.41976165137062493,0.42019720847275643
2021-09-28 13:00:00,0.421,0.42140113588472683,0.4204959774694051,0.41885265914242475
2021-09-28 14:00:00,0.42,0.41963404355843736,0.41707552219151384,0.41823415314087276
2021-09-28 15:00:00,0.42,0.4191263209934476,0.41653458696011236,0.41774866245903075
2021-09-28 16:00:00,0.419,0.4191261137485852,0.4149657460456971,0.4157762341281998
2021-09-28 17:00:00,0.419,0.41912357272421075,0.4171065224284261,0.5342521507431193
2021-09-28 18:00:00,0.418,0.4190369132305885,0.41794363954067565,0.5413249381765969
2021-09-28 19:00:00,0.417,0.41812676118390285,0.41562858695075183,0.4184438129386637
2021-09-28 20:00:00,0.417,0.4172527721547573,0.4156353420289591,0.4546858912222659
2021-09-28 21:00:00,0.417,0.4170924624200397,0.4155615397450534,0.41525105173119536
2021-09-28 22:00:00,0.416,0.41612394141051984,0.4145873008649686,0.44895988545101395
2021-09-28 23:00:00,0.417,0.41612603550649946,0.41503651406527464,0.41641067445034685
2021-09-29 00:00:00,0.419,0.4175199726783272,0.41716382011558284,0.5173780758185359
2021-09-29 01:00:00,0.421,0.4192423760706064,0.4180160733455626,
2021-09-29 02:00:00,0.431,0.42099327714764284,0.4181376554407398,
2021-09-29 03:00:00,0.431,0.4188292135115641,0.4181082684333982,
2021-09-29 04:00:00,0.431,0.4198667635432393,0.4186938117500527,
2021-09-29 05:00:00,0.433,0.42117338726171355,0.41802110728689934,
2021-09-29 06:00:00,0.431,0.42099155132954535,0.42013133682096243,
2021-09-29 07:00:00,0.432,0.42185643002372897,0.4222361010713924,
2021-09-29 08:00:00,0.432,0.43270943403285944,0.43654095318757535,
2021-09-29 09:00:00,0.432,0.4359277892258068,0.4441860884306,
2021-09-29 10:00:00,0.432,0.43477487302522233,0.45415999646896216,
2021-09-29 11:00:00,0.432,0.43901302758661426,0.45746946573155006,
2021-09-29 12:00:00,0.432,0.4355274020150544,0.45182569548395035,
2021-09-29 13:00:00,0.432,0.4372080456099101,,
2021-09-29 14:00:00,0.432,0.4337535582502089,,
2021-09-29 15:00:00,0.432,0.43569198558929667,,
2021-09-29 16:00:00,0.433,0.43365300568909293,,
2021-09-29 17:00:00,0.433,0.4358795784346431,,
2021-09-29 18:00:00,0.434,0.43586850111578374,,
