ts_id,timestamp,req_timestamp,ts_value,station_local_x,station_local_y,station_id,site_name,station_name,station_no,ts_name,ts_shortname,site_no,stationparameter_name,stationparameter_no,ts_unitsymbol,parametertype_name,object_type_shortname,ts_path,river_name,station_diary,ADMINISTRATEUR,CATCHMENT_SIZE,ISIN_COMMUNE,station_gauge_datum,station_gauge_datum_unit,station_status_remark,station_gauge_datum_postfix,SITE_NUMBER_SQL,AD_WITH_THRESHOLD,RESEAUX,ngr_letter,BASSIN_INFOCRUE_NO,DISTHYDRO,admin_level,COD_HYDROGRAPHE,river_code,STATION_NUMBER_SQL,region_district,STATEL,station_gauge_datum_from,WTO_OBJECT,station_status,river_key,station_diary_status,PAYS,GAUGE_DATUM,REGION,BASSIN_INFOCRUE,TYPE_STATION,BASSIN_GESTION_TEXT,PROVINCE,river_id,ObjectDescription,admin_name,BV_DCE,BASSIN_GESTION_WEB,CATEGORIE_COURS_DEAU,STA_PUBINT,hydrounit_name,CODE_POSTAL,hydrounit_title,STABILITE_JAUGE,hydrounit_no,ISIN_LOCALITE,COMMUNE_LOCALITE,ADRESSE,NIVCRU,CENEXT_DCENN,CARTE_IGN,station_elevation,RIVER_SECTION_VNAV_STATION,river_longname
246052010,2026-06-05T10:35:00.000+02:00,,1.208,211378.0,134318.0,12360,Direction de la Gestion hydrologique,HUY,7141,05a-Hauteur.Complet.Alarmes,Cmd.Rel.Abs.Comp-Alarmes,DGH,Hauteur,H,m,H,GN_STATION,DGH/7141/H/Cmd.Rel.Abs.Comp-Alarmes,Meuse moyenne,2017-01-05 00:00:00: <fin_feuille_limni><br>1999-02-05 00:00:00: <echX=0.2 cm/h><echY=1/10><limni=OTT X>,DGH,,Huy,68.0,DNG,<echX=0.25 cm/h><echY=1/10>,DNG,DGH,no,Direction de la Gestion hydrologique,-,33,District de la Meuse,District,Smiejkowski M.,,7141,---,yes,391305600000,Meuse moyenne,Active,,1982-05-27 00:00:00: Active,Belgique,68.0,WALLONIE,Meuse moyenne / 33,Limnimètre,Meuse moyenne (NA),LIEGE,1450469,"SITUATION 71411011
CONTRE LA CULEE DU PONT SNCB ""HESBAYE CONDROZ""-COTE AVAL. A ENVIRON 450M EN AMONT DU PONT-ROUTE ""CENTRE VILLE"" SUR LA MEUSE. RIVE DROITE.

voir avec7139 US huy offset -68.0 voir andenne aval",---,Meuse aval / MA,Meuse moyenne (NA),Navigable,,,,,,,,,,,,,,,
249442010,2026-06-05T10:35:00.000+02:00,,0.444,152096.0,100666.0,12498,Direction de la Gestion hydrologique,SILENRIEUX (BARRAGE),7831,05a-Hauteur.Complet.Alarmes,Cmd.Rel.Abs.Comp-Alarmes,DGH,Hauteur,H,m,H,GN_STATION,DGH/7831/H/Cmd.Rel.Abs.Comp-Alarmes,Eau d'Heure,1993-07-19 00:00:00: <echX=0.2 cm/h><echY=1/5><zeroFeuille=0><limni=OTT X>,DGH,"78,46 km²",Cerfontaine,182.43,---,<echX=0.2 cm/h><echY=1/5><zeroFeuille=0.45><limni=OTT X>,,DGH,no,Direction de la Gestion hydrologique,-,10,District de la Meuse,District,Lefèvre C.,366260,7831,---,yes,743040000000,Eau d'Heure,Active,366260,1983-01-01 00:00:00: Active,Belgique,182.43,WALLONIE,Eau d'heure et affluents / 10,Limnimètre,Eau d'heure,NAMUR,1450355,"<ACCES>
RIVE GAUCHE - DANS LA CABINE DU DEVERSOIR DU BARRAGE Accès : au croisement entre rue de Beaupont et rue des Haies, prendre le chemin de service. CLE SPECIFIQUE.
</ACCES>

",---,Sambre / SA,Eau d'heure,Catégorie 2,,,,,,,,,,,,,,,
172435010,2026-06-05T10:00:00.000+02:00,,0.236,215043.0,91610.0,15081,Direction des Cours d'Eau Non Navigables,Forrières,L6310,05a-Hauteur.Complet.Alarmes,Cmd.Rel.Abs.Comp-Alarmes,DCENN,Hauteur,H,m,H,GN_STATION,DCENN/L6310/H/Cmd.Rel.Abs.Comp-Alarmes,Lhomme,,DCENN,"246,00 km²",,200.6,DNG,Mise en service,DNG,DCENN,yes,Station appartenant à la DCENN,-,27,District de la Meuse,District,,230210,L6310,---,yes,687744000000,Lhomme,Active,230210,1991-10-18 00:00:00: Active,Belgique,200.6,WALLONIE,Lhomme et affluents / 27,Limnimètre,Lhomme,LUXEMBOURG,1450443,,---,Lesse / LE,Lhomme,Catégorie 1,yes,District de la Meuse,6953,MEUSE,Stable,M,Forrières,Nassogne,Rue de la ramée,t0/Normal,Centre Namur,59/3,,,
162905010,2026-06-05T10:00:00.000+02:00,,0.379,111467.0,150313.0,14657,Direction des Cours d'Eau Non Navigables,Isières,L5420,05a-Hauteur.Complet.Alarmes,Cmd.Rel.Abs.Comp-Alarmes,DCENN,Hauteur,H,m,H,GN_STATION,DCENN/L5420/H/Cmd.Rel.Abs.Comp-Alarmes,Sille,,DCENN,"58,00 km²",,24.439,DNG,Mise en service,DNG,DCENN,yes,Station appartenant à la DCENN,-,3,District de l'Escaut,District,,983300,L5420,---,yes,1771891200000,Sille,Active,983300,1972-02-17 00:00:00: Active,Belgique,24.439,WALLONIE,Dendre et affluents / 3,Limnimètre,Dendre,HAINAUT,1450655,,---,Dendre / DE,Dendre,Catégorie 1,yes,District de l'Escaut,7822,ESCOUT,Très stable,E,Isières,Ath,Chemin Placquerie,t0/Normal,Centre Mons,38/2,,,
174439010,2026-06-05T10:20:00.000+02:00,,0.372,197782.0,146460.0,15173,Direction des Cours d'Eau Non Navigables,Ambresin,L6470,05a-Hauteur.Complet.Alarmes,Cmd.Rel.Abs.Comp-Alarmes,DCENN,Hauteur,H,m,H,GN_STATION,DCENN/L6470/H/Cmd.Rel.Abs.Comp-Alarmes,Mehaigne,,DCENN,"194,72 km²",,123.363,DNG,Mise en service,DNG,DCENN,yes,Station appartenant à la DCENN,-,36,District de la Meuse,District,,451230,L6470,---,yes,693100800000,Mehaigne,Active,451230,1991-12-19 00:00:00: Active,Belgique,123.363,WALLONIE,Mehaigne et affluents / 36,Limnimètre,Mehaigne,LIEGE,1450463,,---,Meuse aval / MA,Mehaigne,Catégorie 1,yes,District de la Meuse,4219,MEUSE,Stable,M,Ambresin,Wasseiges,Allée des Charmes,t0/Normal,Centre Liège,41/5,,,
240978010,2026-06-05T10:35:00.000+02:00,,0.673,227337.0,116315.0,12133,Direction de la Gestion hydrologique,DURBUY,5953,05a-Hauteur.Complet.Alarmes,Cmd.Rel.Abs.Comp-Alarmes,DGH,Hauteur,H,m,H,GN_STATION,DGH/5953/H/Cmd.Rel.Abs.Comp-Alarmes,Ourthe moyenne,,DGH,"1214,75 km²",Durbuy,141.976,DNG,<limni=OTT X>,DNG,DGH,no,Direction de la Gestion hydrologique,-,44,District de la Meuse,District,Smiejkowski M.,,5953,---,yes,1655251200000,Ourthe moyenne,Active,,1992-11-25 00:00:00: Active<br>1994-04-22 00:00:00: Inactive<br>1994-12-15 00:00:00: Active,Belgique,141.976,WALLONIE,Ourthe moyenne et affluents / 44,Limnimètre,Ourthe moyenne,LUXEMBOURG,1450731,"<SITUATION>
EN RIVE DROITE-A ENVIRON 50M AMONT PONT-ROUTE A DURBUY SUR N833.
SITUE AU PIED DU CHATEAU RUE DU COMTE TH. D URSEL. ACCES VIA LA PLACE AUX FOIRES.
</SITUATION>


<HISTORIQUE>
19921125-19931212
Un SEBA a été installé à l’amont du pont, en rive droite, au pied d’une rampe bétonnée qui n’existe plus, face à la petite place au pied du château d’Ursel, derrière les hôtels. 
Le puits du limnigraphe n’était pas alimenté en permanence par la rivière et ne pouvait enregistrer que des hauteurs de crue. 
Quelques hauteurs sont enregistrées pendant cette période ; par contre aucun jaugeage n’est effectué et dès lors, il n’y a pas de débit pour cette époque.

19931212-19940422
Suite aux travaux deréalisation d’un mur anti-inondation en rive droite, le SEBA est déplacé au pied d’un escalier qui se trouvait en rive droite à l’aval du pont (quasi à côté de celui-ci). 
Cet escalier n'existe plus. L’appareil n’est pas alimenté en permanence et ne sert qu’en crue. Quelques hauteurs sont enregistrées ; aucun débit ne sera calculé pour cette époque.

19940422-19941215
La station sera inexploitée suite aux travaux en rive droite.

19941215- ...
L’appareil est installé de manière définitive au pied du rocher du château d’Ursel, non loin de la première installation, en rive droite, à l'amont du pont.
</HISTORIQUE>



",---,Ourthe / OU,Ourthe moyenne,Navigable,,,,,,,,,,,,,,,
194138010,2026-06-05T10:40:00.000+02:00,,0.505,159688.0,157883.0,15971,Direction des Cours d'Eau Non Navigables,La Hulpe,L8000,05a-Hauteur.Complet.Alarmes,Cmd.Rel.Abs.Comp-Alarmes,DCENN,Hauteur,H,m,H,GN_STATION,DCENN/L8000/H/Cmd.Rel.Abs.Comp-Alarmes,Argentine,,DCENN,"13,07 km²",,9999.0,DNG,"Station déplacée, des quelques dizaines de mètres vers l'aval.
Anciennes coordonnées (LB72 : X=159596, Y=157910).
Cause : très nombreuses algues, courbe de tarage impossible à établir à l'ancien emplacement.",DNG,DCENN,no,Station appartenant à la Province du Brabant Wallon,-,6,District de l'Escaut,District,,821311,L8000,---,yes,1650412800000,Argentine,Active,821311,2016-03-01 00:00:00: Active<br>2022-05-18 00:00:00: Active,Belgique,9999.0,WALLONIE,Dyle et affluents / 6,Limnimètre,Dyle,BRABANT WALLON,1450271,,---,Dyle-Gette / DG,Dyle,Catégorie 2,yes,District de l'Escaut,1310,ESCOUT,t0/?,E,La Hulpe,La Hulpe,Rue du Cerf,t0/Normal,,39/4N,,,
167297010,2026-06-05T10:00:00.000+02:00,,0.272,252201.0,137368.0,14856,Direction des Cours d'Eau Non Navigables,Theux,L5860,05a-Hauteur.Complet.Alarmes,Cmd.Rel.Abs.Comp-Alarmes,DCENN,Hauteur,H,m,H,GN_STATION,DCENN/L5860/H/Cmd.Rel.Abs.Comp-Alarmes,Hoegne,,DCENN,"189,00 km²",,0.0,DNG,"Station réinstallée (passerelle réparée)
Entre 2021 et 2024, voir la station L5861 Hoegne",DNG,DCENN,yes,Station appartenant à la DCENN,-,38,District de la Meuse,District,,554240,L5860,---,yes,1750762800000,Hoegne,Active,554240,1979-02-01 00:00:00: Active<br>2021-07-16 00:00:00: Closed<br>2024-10-24 16:00:00: Active,Belgique,0.0,WALLONIE,Vesdre et affluents / 38,Limnimètre,Vesdre,LIEGE,1450423,,---,Vesdre / VE,Vesdre,Catégorie 1,yes,District de la Meuse,4910,MEUSE,Très stable,M,Theux,Theux,Rue des Villas,t0/Normal,Centre Liège,49/4,,,
256264010,2026-06-05T10:35:00.000+02:00,,0.938,277320.0,98989.0,12825,Direction de la Gestion hydrologique,REULAND,9914,05a-Hauteur.Complet.Alarmes,Cmd.Rel.Abs.Comp-Alarmes,DGH,Hauteur,H,m,H,GN_STATION,DGH/9914/H/Cmd.Rel.Abs.Comp-Alarmes,Our,2017-01-01 00:00:00: <fin_feuille_limni><br>1996-04-03 00:00:00: <limni=OTT X>,DGH,"356,87 km²",Burg-Reuland,344.257,---,<limni=OTT X43>,,DGH,yes,Direction de la Gestion hydrologique,-,42,District du Rhin,District,Smiejkowski M.,501200,9914,---,yes,-86745600000,Our,Active,501200,1967-04-03 00:00:00: Active,Belgique,344.257,WALLONIE,Our et affluents / 42,Limnimètre,Our,LIEGE,1450493,"SITUATION 99141011
AU PONT DE WEVELER, A ENVIRON 2 KM DE REULAND, SUR LA ROUTE DE REULAND A LUTZKAM PEN. FACE AU POSTE DES DOUANES. RIVE DROITE.

<TARAGE>
20250708 - Résilience crue
Hauteur max de la CT portée arbitrairement de 3m à 4m
</TARAGE>",---,Moselle / ML,Our,Catégorie 1,,,,,,,,,,,,,,,
240019010,2024-11-30T16:30:00.000+01:00,,0.949,237559.0,145592.0,12099,Direction de la Gestion hydrologique,ANGLEUR GR BAT. Av,5804,05a-Hauteur.Complet.Alarmes,Cmd.Rel.Abs.Comp-Alarmes,DGH,Hauteur,H,m,H,GN_STATION,DGH/5804/H/Cmd.Rel.Abs.Comp-Alarmes,Ourthe inférieure,2007-06-07 00:00:00: <echX=0.2 cm/h><echY=1/10><limni=OTT X>,DGH,,Liège,59.8,DNG,,DNG,DGH,no,Direction de la Gestion hydrologique,-,43,District de la Meuse,District,Smiejkowski M.,,5804,---,yes,915148800000,Ourthe inférieure,Closed,,1969-01-16 00:00:00: Active<br>2024-11-30 23:59:59: Closed,Belgique,59.8,WALLONIE,Ourthe inférieure et affluents / 43,Limnimètre,Ourthe inférieure,LIEGE,1450733,"<ACCES>
A +/- 250M EN AVAL DU BARRAGE DES GROSSES BATTES - RIVE GAUCHE
en face du bâtiment de l'ex Office de navigation
</ACCES>",---,Ourthe / OU,Ourthe inférieure,Navigable,,,,,,,,,,,,,,,
176293010,2026-06-05T10:20:00.000+02:00,,0.246,144080.0,114089.0,15255,Direction des Cours d'Eau Non Navigables,Thuin,L6630,05a-Hauteur.Complet.Alarmes,Cmd.Rel.Abs.Comp-Alarmes,DCENN,Hauteur,H,m,H,GN_STATION,DCENN/L6630/H/Cmd.Rel.Abs.Comp-Alarmes,Bieme l'Eau,,DCENN,"85,89 km²",,117.537,DNG,Mise en service,DNG,DCENN,yes,Station appartenant à la DCENN,-,9,District de la Meuse,District,,357250,L6630,---,yes,1659571200000,Bieme l'Eau,Active,357250,1996-08-14 00:00:00: Active,Belgique,117.537,WALLONIE,Affluents de la Haute Sambre / 9,Limnimètre,Haute Sambre (affluents),HAINAUT,1450283,,---,Sambre / SA,Haute Sambre (affluents),Catégorie 1,yes,District de la Meuse,6530,MEUSE,Très stable,M,Thuin,Thuin,Avenue de Ragnies,t0/Normal,Centre Namur,52/2,,,
376615010,2026-06-05T10:00:00.000+02:00,,275.027,242584.0,93290.0,12155,Direction de la Gestion hydrologique,NISRAMONT (LAC) Amt,5997,05a-Hauteur absolue.Complet.Alarmes,Cmd.Abs.Comp-Alarmes,DGH,Hauteur sonde,Habs_sonde,m,H,GN_STATION,DGH/5997/Habs_sonde/Cmd.Abs.Comp-Alarmes,Ourthe supérieure,2015-05-21 00:00:00: mise en place d'un tube permettant de prendre un valeur de sonde,DGH,,La Roche-en-Ardenne,0.0,DNG,<date_1ere_data><sonde=>,DNG,DGH,no,Direction de la Gestion hydrologique,-,45,District de la Meuse,District,Smiejkowski M.,,5997,---,yes,1360713600000,Ourthe supérieure,Active,,2013-02-13 00:00:00: Active,Belgique,0.0,WALLONIE,Ourthe supérieure et affluents / 45,Limnimètre,Ourthe supérieure,LUXEMBOURG,5681867,"<ACCES>
Se situe sur le lac du barrage, en rive gauche, environ 480m en amont du barrage. 
Se garer sur l'esplanade réservée aux kayaks et emprunter le chemin sur le barrage et poursuivre jusqu’à la station. 
</ACCES>



",---,Ourthe / OU,Ourthe supérieure,Navigable,,,,,,,,,,,,,,,
196868010,2026-06-05T10:00:00.000+02:00,,0.388,199601.0,114232.0,16085,Direction des Cours d'Eau Non Navigables,Natoye,L8220,05a-Hauteur.Complet.Alarmes,Cmd.Rel.Abs.Comp-Alarmes,DCENN,Hauteur,H,m,H,GN_STATION,DCENN/L8220/H/Cmd.Rel.Abs.Comp-Alarmes,Bocq,,DCENN,"17,41 km²",,189.86,DNG,Mise en service,DNG,DCENN,yes,Station appartenant à la DCENN,-,28,District de la Meuse,District,,421200,L8220,---,yes,1457568000000,Bocq,Active,421200,2016-03-10 00:00:00: Active,Belgique,189.86,WALLONIE,Affluents de la Haute Meuse / 28,Limnimètre,Bocq,NAMUR,1450293,,---,Meuse amont / MM,Bocq,Catégorie 2,yes,District de la Meuse,5360,MEUSE,Instable,M,Natoye,Hamois,Rue de Spontin,t0/Normal,Centre Namur,,,,
354633010,2026-06-05T10:35:00.000+02:00,,78.572,185587.0,127947.0,5714164,Direction de la Gestion hydrologique,NAMUR,8001,05a-Hauteur absolue.Complet.Alarmes,Cmd.Abs.Comp-Alarmes,DGH,Hauteur sonde,Habs_sonde,m,H,GN_STATION,DGH/8001/Habs_sonde/Cmd.Abs.Comp-Alarmes,Haute Meuse (aval Dinant),,DGH,,,0.0,---,<date_1ere_data>,,DGH,no,Direction de la Gestion hydrologique,-,50,District de la Meuse,District,Theys D.,,8001,---,yes,1619395200000,Haute Meuse (aval Dinant),Active,,2021-04-28 00:00:00: Active,,0.0,,Haute Meuse aval / 50,Limnimètre,Meuse moyenne (NA),,5681861,,---,Meuse amont / MM,"Haute Meuse (NA, aval Lesse)",Navigable,,,,,,,,,,,,,,,
249761010,2026-06-05T06:00:00.000+02:00,,0.111,154000.0,99564.0,12513,Direction de la Gestion hydrologique,SILENRIEUX (RY),7863,05a-Hauteur.Complet.Alarmes,Cmd.Rel.Abs.Comp-Alarmes,DGH,Hauteur,H,m,H,GN_STATION,DGH/7863/H/Cmd.Rel.Abs.Comp-Alarmes,Ry Jaune,"1997-10-09 00:00:00: FP remplacé par PC2000.<br>2022-07-26 00:00:00: <echX=0.2 cm/h><echY=1/5><zeroFeuille=-0.2><limni=OTT X> 
Pour éviter des hauteurs négatives, Thalimedes et feuille augmentés de 20cm, télémesure (B) diminuée de 20cm.
Soustraire 20cm de la valeur lue lors des contrôles.",DGH,"7,38 km²",Cerfontaine,210.5,---,<date_1ere_data><echX=0.2 cm/h><echY=1/5><limni=OTT X>,,DGH,no,Direction de la Gestion hydrologique,-,10,District de la Meuse,District,Lefèvre C.,,7863,---,yes,1285632000000,Ry Jaune,Active,,1981-01-01 00:00:00: Active,Belgique,210.5,WALLONIE,Eau d'heure et affluents / 10,Limnimètre,Eau d'heure,NAMUR,1450635,"ATTENTION : soustraire 20 cm à la hauteur lue lors du contrôle.


<ACCES>
RIVE DROITE - EN AMONT LAC DU PRE-BARRAGE DU RY JAUNE PERTUIS A DEVERSOIR TRIANGULAIRE.
Accès : N978 venant de Silenrieux vers Cerfontaine, à gauche après le pont sur le pré-barrage, 1km environ puis à droite et au bout du petit chemin. 
</ACCES>",---,Sambre / SA,Eau d'heure,Catégorie 2,,,,,,,,,,,,,,,
202154010,2026-06-05T10:00:00.000+02:00,,0.08,176992.0,103682.0,1964147,Direction des Cours d'Eau Non Navigables,Anthée,L8640,05a-Hauteur.Complet.Alarmes,Cmd.Rel.Abs.Comp-Alarmes,DCENN,Hauteur,H,m,H,GN_STATION,DCENN/L8640/H/Cmd.Rel.Abs.Comp-Alarmes,Flavion,,DCENN,"0,00 km²",,221.641,DNG,Mise en service,DNG,DCENN,yes,Station appartenant à la Province de Namur,-,28,District de la Meuse,District,,401300,L8640,---,yes,1592265600000,Flavion,Active,401300,2020-06-16 00:00:00: Active,Belgique,221.641,WALLONIE,Affluents de la Haute Meuse / 28,Limnimètre,Molignée,NAMUR,2621470,,---,Meuse amont / MM,Molignée,Catégorie 2,yes,District de la Meuse,5520,MEUSE,t0/?,M,Anthée,Onhaye,Route de Denée/rue d'Anthée (N951),,,,,,
187956010,2026-06-05T10:20:00.000+02:00,,0.153,216892.0,150178.0,15685,Direction des Cours d'Eau Non Navigables,Limont,L7500,05a-Hauteur.Complet.Alarmes,Cmd.Rel.Abs.Comp-Alarmes,DCENN,Hauteur,H,m,H,GN_STATION,DCENN/L7500/H/Cmd.Rel.Abs.Comp-Alarmes,Yerne,,DCENN,"28,14 km²",,135.34,DNG,Mise en service,DNG,DCENN,yes,Station appartenant à la DCENN,-,37,District de la Meuse,District,,711401,L7500,---,yes,1293840000000,Yerne,Active,711401,2011-03-15 00:00:00: Active,Belgique,135.34,WALLONIE,Geer et affluents / 37,Limnimètre,Geer,LIEGE,1450723,,---,Meuse aval / MA,Geer,Catégorie 2,yes,District de la Meuse,4357,MEUSE,Stable,M,Limont,Donceel,Rue de Liège,t0/Normal,Centre Liège,,,,
250209010,2026-06-05T10:35:00.000+02:00,,0.478,136203.0,109785.0,12535,Direction de la Gestion hydrologique,WIHERIES,7944,05a-Hauteur.Complet.Alarmes,Cmd.Rel.Abs.Comp-Alarmes,DGH,Hauteur,H,m,H,GN_STATION,DGH/7944/H/Cmd.Rel.Abs.Comp-Alarmes,Hantes,2025-01-01 00:00:00: <Z_coffret_telem=3.536><bas_coffret_telem=0.2>,DGH,"142,34 km²",Erquelinnes,125.531,---,<date_1ere_data><echX=0.2 cm/h><echY=1/10><limni=OTT X>,,DGH,yes,Direction de la Gestion hydrologique,-,9,District de la Meuse,District,Lefèvre C.,355311,7944,---,yes,283996800000,Hantes,Active,355311,1979-01-01 00:00:00: Active,Belgique,125.531,WALLONIE,Affluents de la Haute Sambre / 9,Limnimètre,Haute Sambre (affluents),HAINAUT,1450399,"<ACCES>
RIVE DROITE - AU PONT D'ARCOLE Accès par ruelle (à pied) entre les n°15 et 17 de la rue de Wiheries (RG), ou par la prairie en RD.
</ACCES>

Il y a beaucoup de petits barrages en amont du limni qui perturbent celui-ci.",---,Sambre / SA,Haute Sambre (affluents),Catégorie 1,,,,,,,,,,,,,,,
177125010,2026-06-05T10:40:00.000+02:00,,0.265,233605.0,110274.0,15293,Direction des Cours d'Eau Non Navigables,Erezée,L6690,05a-Hauteur.Complet.Alarmes,Cmd.Rel.Abs.Comp-Alarmes,DCENN,Hauteur,H,m,H,GN_STATION,DCENN/L6690/H/Cmd.Rel.Abs.Comp-Alarmes,Aisne,,DCENN,"67,39 km²",,252.01,DNG,Mise en service,DNG,DCENN,yes,Station appartenant à la DCENN,-,44,District de la Meuse,District,,632260,L6690,---,yes,914889600000,Aisne,Active,632260,1998-12-29 00:00:00: Active,Belgique,252.01,WALLONIE,Ourthe moyenne et affluents / 44,Limnimètre,Ourthe moyenne,LUXEMBOURG,1450261,,---,Ourthe / OU,Ourthe moyenne,Catégorie 1,yes,District de la Meuse,6997,MEUSE,Très stable,M,Erezée,Erezée,Rue du Val-d'Aisne (Moulin de Fizenne),t0/Normal,Centre Marche,55/1,,,
190280010,2026-06-05T10:00:00.000+02:00,,0.238,255524.0,122167.0,15795,Direction des Cours d'Eau Non Navigables,La Gleize,L7670,05a-Hauteur.Complet.Alarmes,Cmd.Rel.Abs.Comp-Alarmes,DCENN,Hauteur,H,m,H,GN_STATION,DCENN/L7670/H/Cmd.Rel.Abs.Comp-Alarmes,Amblève,,DCENN,"776,12 km²",,211.502,DNG,Mise en service,DNG,DCENN,yes,Station appartenant à la DCENN,-,41,District de la Meuse,District,,535120,L7670,---,yes,1657584000000,Amblève,Active,535120,2011-08-24 00:00:00: Active,Belgique,211.502,WALLONIE,Amblève et affluents / 41,Limnimètre,Amblève,LIEGE,1450265,,---,Amblève / AM,Amblève,Catégorie 1,yes,District de la Meuse,4987,MEUSE,Très stable,M,Stoumont,Stoumont,La Venne,t0/Normal,Centre Liège,49/7,,,
255092010,2026-06-05T10:30:00.000+02:00,,0.465,219066.0,44528.0,12757,Direction de la Gestion hydrologique,LACUISINE,9531,05a-Hauteur.Complet.Alarmes,Cmd.Rel.Abs.Comp-Alarmes,DGH,Hauteur,H,m,H,GN_STATION,DGH/9531/H/Cmd.Rel.Abs.Comp-Alarmes,Moyenne Semois,2017-01-01 00:00:00: <fin_feuille_limni><br>2007-09-14 00:00:00: <echX=0.2 cm/h><echY=1/10><limni=OTT X>,DGH,,Florenville,295.624,DNG,<date_1ere_data><echX=0.291667 cm/h><echY=1/10><limni=RITTMEYER>,DNG,DGH,no,Direction de la Gestion hydrologique,-,14,District de la Meuse,District,Theys D.,,9531,---,yes,832636800000,Moyenne Semois,Active,,1974-01-01 00:00:00: Active,Belgique,295.624,WALLONIE,Moyenne Semois et affluents / 14,Limnimètre,Moyenne Semois,LUXEMBOURG,1450735,"Lors de fortes pluies, infiltration d'eau dans le puit : à corriger par comparaison avec chiny.

<ACCES>
limnigraphe au bout d'un chemin longeant le talus infrabel , à 100 m de la route.
</ACCES>",---,Semois-Chiers / SC,Moyenne Semois,Catégorie 1,,,,,,,,,,,,,,,
246629010,2026-06-05T10:30:00.000+02:00,,0.486,206601.0,139948.0,12384,Direction de la Gestion hydrologique,HUCCORGNE,7244,05a-Hauteur.Complet.Alarmes,Cmd.Rel.Abs.Comp-Alarmes,DGH,Hauteur,H,m,H,GN_STATION,DGH/7244/H/Cmd.Rel.Abs.Comp-Alarmes,Mehaigne,2007-03-15 00:00:00: <echX=0.2 cm/h><echY=1/10><limni=OTT X><br>2002-11-27 00:00:00: Remplacement du fût limnigraphique.<br>1990-01-01 00:00:00: <echX=0.291667 cm/h><echY=1/5><limni=RITTMEYER>,DGH,"305,10 km²",Wanze,93.293,DNG,<date_1ere_data>,DNG,DGH,yes,Direction de la Gestion hydrologique,-,36,District de la Meuse,District,Smiejkowski M.,451230,7244,---,yes,1038355200000,Mehaigne,Active,451230,1974-01-01 00:00:00: Active,Belgique,93.293,WALLONIE,Mehaigne et affluents / 36,Limnimètre,Mehaigne,LIEGE,1450463,"


",---,Meuse aval / MA,Mehaigne,Catégorie 1,,,,,,,,,,,,,,,
365548010,2026-06-05T10:00:00.000+02:00,,-0.005,182992.0,135898.0,7101463,Direction des Cours d'Eau Non Navigables,La Bruyère,L9010,05a-Hauteur.Complet.Alarmes,Cmd.Rel.Abs.Comp-Alarmes,DCENN,Hauteur,H,m,H,GN_STATION,DCENN/L9010/H/Cmd.Rel.Abs.Comp-Alarmes,Ruisseau du Bois de Linfagne,,DCENN,,,162.651,DNG,,DNG,,no,Station appartenant à la Province de Namur,-,,,District,,444311,,---,yes,1655510400000,Ruisseau du Bois de Linfagne,Active,444311,2022-06-15 00:00:00: Active,,162.651,,,Limnimètre,,,7101470,,---,,,Catégorie 2,,,,,,,La Bruyère,,R. Pommelée Vache (à proximité de),,,,,,
255221010,2026-06-05T10:35:00.000+02:00,,0.502,220742.0,48650.0,12760,Direction de la Gestion hydrologique,CHINY,9541,05a-Hauteur.Complet.Alarmes,Cmd.Rel.Abs.Comp-Alarmes,DGH,Hauteur,H,m,H,GN_STATION,DGH/9541/H/Cmd.Rel.Abs.Comp-Alarmes,Moyenne Semois,2006-05-18 00:00:00: <echX=0.2 cm/h><echY=1/10><limni=OTT X>,DGH,"738,50 km²",Chiny,304.179,DNG,,DNG,DGH,yes,Direction de la Gestion hydrologique,-,14,District de la Meuse,District,Theys D.,,9541,---,yes,873072000000,Moyenne Semois,Active,,1991-03-21 00:00:00: Active<br>1997-08-23 00:00:00: Inactive<br>1997-09-01 00:00:00: Active,Belgique,304.179,WALLONIE,Moyenne Semois et affluents / 14,Limnimètre,Moyenne Semois,LUXEMBOURG,1450735,"SITUATION 9541112T
Sonde placée dans la rivière

<ACCES>
limnigraphe accessible par un chemin forestier carrossable à 1 km de la route , en rive droite
</ACCES>

<TARAGE>
20251030 - extrapolation
Le sommet de CT est porté de 4.6 à 4.75m, extrapol math du dernier segment.
</TARAGE>

",---,Semois-Chiers / SC,Moyenne Semois,Catégorie 1,,,,,,,,,,,,,,,
176655010,2026-06-05T10:00:00.000+02:00,,0.503,260928.0,161171.0,15273,Direction des Cours d'Eau Non Navigables,Sippenaeken,L6660,05a-Hauteur.Complet.Alarmes,Cmd.Rel.Abs.Comp-Alarmes,DCENN,Hauteur,H,m,H,GN_STATION,DCENN/L6660/H/Cmd.Rel.Abs.Comp-Alarmes,Gueule,,DCENN,"121,00 km²",,127.414,DNG,Mise en service,DNG,DCENN,,Station appartenant à la DCENN,-,30,District de la Meuse,District,,720311,L6660,---,yes,834624000000,Gueule,Active,720311,1996-06-13 00:00:00: Active,Belgique,127.414,WALLONIE,Affluents de la Basse Meuse / 30,Limnimètre,Gueule,LIEGE,1450393,,---,Meuse aval / MA,Gueule,Catégorie 1,yes,District de la Meuse,4851,MEUSE,Très stable,M,Sippenaeken,Plombières,Evenbaeg,t0/Normal,Centre Liège,35/1,,,
169321010,2026-06-05T10:20:00.000+02:00,,0.165,235528.0,27785.0,14941,Direction des Cours d'Eau Non Navigables,Latour,L6030,05a-Hauteur.Complet.Alarmes,Cmd.Rel.Abs.Comp-Alarmes,DCENN,Hauteur,H,m,H,GN_STATION,DCENN/L6030/H/Cmd.Rel.Abs.Comp-Alarmes,Vire,,DCENN,"125,00 km²",,205.96,DNG,Mise en service,DNG,DCENN,yes,Station appartenant à la DCENN,-,20,District de la Meuse,District,,123300,L6030,---,yes,1594771200000,Vire,Active,123300,1983-10-12 00:00:00: Active,Belgique,205.96,WALLONIE,Chiers et affluents / 20,Limnimètre,Chiers,LUXEMBOURG,1450703,,---,Semois-Chiers / SC,Chiers,Catégorie 1,yes,District de la Meuse,6761,MEUSE,Très stable,M,Latour,Virton,Rue des ateliers,t0/Normal,Centre Marche,71/6,,,
194990010,2026-06-05T10:00:00.000+02:00,,0.059,128645.0,142380.0,16006,Direction des Cours d'Eau Non Navigables,Soignies,L8080,05a-Hauteur.Complet.Alarmes,Cmd.Rel.Abs.Comp-Alarmes,DCENN,Hauteur,H,m,H,GN_STATION,DCENN/L8080/H/Cmd.Rel.Abs.Comp-Alarmes,Senne,,DCENN,"40,46 km²",,70.14,DNG,Mise en service,DNG,DCENN,yes,Station appartenant à la Province du Hainaut,-,5,District de l'Escaut,District,,840270,L8080,---,yes,1451606400000,Senne,Active,840270,2016-05-17 00:00:00: Active,Belgique,70.14,WALLONIE,Senne et affluents / 5,Limnimètre,Senne,HAINAUT,1450651,,---,Senne / SN,Senne,Catégorie 2,yes,District de l'Escaut,7060,ESCOUT,t0/?,E,Soignies,Soignies,Rue de Biamont,t0/Normal,,,,,
165377010,2026-06-05T10:00:00.000+02:00,,0.363,231494.0,124110.0,14767,Direction des Cours d'Eau Non Navigables,Hamoir,L5630,05a-Hauteur.Complet.Alarmes,Cmd.Rel.Abs.Comp-Alarmes,DCENN,Hauteur,H,m,H,GN_STATION,DCENN/L5630/H/Cmd.Rel.Abs.Comp-Alarmes,Néblon,,DCENN,"76,00 km²",,127.856,DNG,Mise en service,DNG,DCENN,yes,Station appartenant à la DCENN,-,44,District de la Meuse,District,,643300,L5630,---,yes,1572134400000,Néblon,Active,643300,1976-06-04 00:00:00: Active,Belgique,127.856,WALLONIE,Ourthe moyenne et affluents / 44,Limnimètre,Ourthe moyenne,LIEGE,1450475,,---,Ourthe / OU,Ourthe moyenne,Catégorie 1,yes,District de la Meuse,4180,MEUSE,Très stable,M,Hamoir,Hamoir,Rue du Néblon,t0/Normal,Centre Liège,49/5,,,
235519010,2026-06-05T10:30:00.000+02:00,,0.281,145724.0,131156.0,11909,Direction de la Gestion hydrologique,GOUY,2536,05a-Hauteur.Complet.Alarmes,Cmd.Rel.Abs.Comp-Alarmes,DGH,Hauteur,H,m,H,GN_STATION,DGH/2536/H/Cmd.Rel.Abs.Comp-Alarmes,Piéton,2019-01-04 00:00:00: <fin_feuille_limni>,DGH,"16,77 km²",Courcelles,126.096,DNG,<echX=0.2 cm/h><echY=1/10><zeroFeuille=-0.1>,DNG,DGH,no,Direction de la Gestion hydrologique,-,12,District de la Meuse,District,Lefèvre C.,371280,2536,---,yes,694224000000,Piéton,Active,371280,1992-01-01 00:00:00: Active<br>1999-03-26 00:00:00: Inactive<br>1999-09-17 00:00:00: Active,Belgique,126.096,WALLONIE,Affluents de la Basse Sambre / 12,Limnimètre,Basse Sambre (affluents),HAINAUT,1450509,"<ACCES>
En rive gauche, à 50 m de la « confluence » avec le canal Charleroi Bruxelles.
Venant de Godarville, rue du castia et prendre le halage sur 2kms (à droite avant le pont surplombant le canal). Monter à pied le long du pertuis du Piéton, cabine clé DOM.
</ACCES>

<DESCRIPTIF>
La station limnigraphique est sujette à un ressaut. Ce phénomène a été observé pour le première fois le 02/02/1979. Entre 1992 et 1998, il ne se manifeste pas.
</DESCRIPTIF>",---,Sambre / SA,Basse Sambre (affluents),Catégorie 2,,,,,,,,,,,,,,,
182369010,2026-06-05T10:00:00.000+02:00,,0.361,219736.0,106657.0,15520,Direction des Cours d'Eau Non Navigables,Marche-en-Famenne,L7120,05a-Hauteur.Complet.Alarmes,Cmd.Rel.Abs.Comp-Alarmes,DCENN,Hauteur,H,m,H,GN_STATION,DCENN/L7120/H/Cmd.Rel.Abs.Comp-Alarmes,Marchette,,DCENN,"48,88 km²",,174.697,DNG,Mise en service,DNG,DCENN,yes,Station appartenant à la DCENN,-,44,District de la Meuse,District,,629300,L7120,---,yes,1071792000000,Marchette,Active,629300,2003-12-19 00:00:00: Active,Belgique,174.697,WALLONIE,Ourthe moyenne et affluents / 44,Limnimètre,Ourthe moyenne,LUXEMBOURG,1450457,,---,Ourthe / OU,Ourthe moyenne,Catégorie 2,yes,District de la Meuse,6900,MEUSE,t0/?,M,Marche-en-Famenne,Marche-en-Famenne,Route de Marche,t0/Normal,Centre Marche,54/8,,,
173969010,2026-06-05T10:20:00.000+02:00,,0.419,234474.0,29038.0,15151,Direction des Cours d'Eau Non Navigables,Virton,L6440,05a-Hauteur.Complet.Alarmes,Cmd.Rel.Abs.Comp-Alarmes,DCENN,Hauteur,H,m,H,GN_STATION,DCENN/L6440/H/Cmd.Rel.Abs.Comp-Alarmes,Ton,,DCENN,"89,00 km²",,207.254,DNG,Mise en service,DNG,DCENN,,Station appartenant à la DCENN,-,20,District de la Meuse,District,,121911,L6440,---,yes,682128000000,Ton,Active,121911,1991-08-14 00:00:00: Active,Belgique,207.254,WALLONIE,Chiers et affluents / 20,Limnimètre,Chiers,LUXEMBOURG,1450677,,---,Semois-Chiers / SC,Chiers,Catégorie 1,yes,District de la Meuse,6760,MEUSE,Stable,M,Virton,Virton,La Cour Marchal,t0/Normal,Centre Marche,71/2,,,
183459010,2026-06-05T10:00:00.000+02:00,,0.355,136257.0,97061.0,15571,Direction des Cours d'Eau Non Navigables,Grandrieu,L7210,05a-Hauteur.Complet.Alarmes,Cmd.Rel.Abs.Comp-Alarmes,DCENN,Hauteur,H,m,H,GN_STATION,DCENN/L7210/H/Cmd.Rel.Abs.Comp-Alarmes,Thure,,DCENN,"19,30 km²",,188.39,DNG,Mise en service,DNG,DCENN,yes,Station appartenant à la DCENN,-,9,District de la Meuse,District,,352300,L7210,---,yes,1293840000000,Thure,Active,352300,2004-09-08 00:00:00: Active,Belgique,188.39,WALLONIE,Affluents de la Haute Sambre / 9,Limnimètre,Haute Sambre (affluents),HAINAUT,1450669,,---,Sambre / SA,Haute Sambre (affluents),Catégorie 2,yes,District de la Meuse,6470,MEUSE,t0/?,M,Grandrieu,Sivry-Rance,Rue des Saints,t0/Normal,Centre Mons,57/1,,,
346512010,2026-06-05T10:00:00.000+02:00,,0.235,169586.0,113278.0,3640097,Direction des Cours d'Eau Non Navigables,Scry,L8750,05a-Hauteur.Complet.Alarmes,Cmd.Rel.Abs.Comp-Alarmes,DCENN,Hauteur,H,m,H,GN_STATION,DCENN/L8750/H/Cmd.Rel.Abs.Comp-Alarmes,Ruisseau de Nefsée,,DCENN,"0,00 km²",,208.187,DNG,Mise en service,DNG,,yes,Station appartenant à la Province de Namur,-,,,District,,384661,,---,yes,1614556800000,Ruisseau de Nefsée,Active,384661,2021-03-01 00:00:00: Active,,208.187,,,Limnimètre,Basse Sambre (affluents),,5681875,,---,,,Catégorie 2,no,District de la Meuse,,MEUSE,t0/?,M,Mettet,Mettet,,,,,,,
234114010,2026-06-05T10:30:00.000+02:00,,0.663,166766.0,155585.0,11833,Direction de la Gestion hydrologique,BIERGES,1046,05a-Hauteur.Complet.Alarmes,Cmd.Rel.Abs.Comp-Alarmes,DGH,Hauteur,H,m,H,GN_STATION,DGH/1046/H/Cmd.Rel.Abs.Comp-Alarmes,Dyle,2018-07-05 00:00:00: <codeur_seul><br>1980-11-21 00:00:00: <echX=0.2 cm/h><echY=1/10><zeroFeuille=0.5><br>2017-01-01 00:00:00: <fin_feuille_limni><br>1981-09-23 00:00:00: <echX=0.2 cm/h><echY=1/10>,DGH,"310,19 km²",Wavre,42.009,DNG,<echX=0.2 cm/h><echY=1/5>,DNG,DGH,yes,Direction de la Gestion hydrologique,-,6,District de l'Escaut,District,Lefèvre C.,854280,1046,---,yes,343612800000,Dyle,Active,854280,1968-06-17 00:00:00: Active,Belgique,42.009,WALLONIE,Dyle et affluents / 6,Limnimètre,Dyle,BRABANT WALLON,1450351,"<ACCES>
Via la sortie n°6 de l'E411, en direction de Bruxelles, se garer au parking SportsDirect.com ; appareil en RD à l'aval du pont-route.
</ACCES>


",---,Dyle-Gette / DG,Dyle,Catégorie 1,,,,,,,,,,,,,,,
242514010,2026-06-05T10:35:00.000+02:00,,0.724,268078.442,147118.802,12201,Direction de la Gestion hydrologique,EUPEN,6387,05a-Hauteur.Complet.Alarmes,Cmd.Rel.Abs.Comp-Alarmes,DGH,Hauteur,H,m,H,GN_STATION,DGH/6387/H/Cmd.Rel.Abs.Comp-Alarmes,Vesdre,2025-01-01 00:00:00: <Z_coffret_telem=><bas_coffret_telem=0.2>,DGH,,Eupen,259.112,DNG,<sonde=OTT PLS>,DNG,DGH,no,Direction de la Gestion hydrologique,-,38,District de la Meuse,District,Smiejkowski M.,560260,6387,---,yes,1698405300000,Vesdre,Active,560260,2005-11-29 00:00:00: Active<br>2023-09-04 06:20:00: Inactive<br>2023-10-27 11:15:00: Active,Belgique,259.112,WALLONIE,Vesdre et affluents / 38,Limnimètre,Vesdre,LIEGE,1450697,"<SITUATION >
Situé quelques centaines de mètres en aval de la confluence Helle-Vesdre.
</SITUATION >


<HISTORIQUE >
Le 04/09/2023, le seuil (de la section limni) a été démonté sur décision du gestionnaire du cours d'eau.
Ancienne position : longitude 6.03798326 (Y 147082.00) - latitude 50.6224385 (X  )
</HISTORIQUE >


<TARAGE>
20260304
La crue du 22/2/26 a montré que l'extrapolation faite le 19/1/26 surestimait les débits au-delà de 1.5m.
Le sommet de courbe a donc été revu en passant de 1.55m à 4.55m, en visant le sommet de courbe de 2023.
</TARAGE>",---,Vesdre / VE,Vesdre,Catégorie 1,,,,,,,,,,,,,,,
249313010,2026-06-05T10:30:00.000+02:00,,0.24,155334.0,104153.0,12492,Direction de la Gestion hydrologique,WALCOURT-VOGENEE,7812,05a-Hauteur.Complet.Alarmes,Cmd.Rel.Abs.Comp-Alarmes,DGH,Hauteur,H,m,H,GN_STATION,DGH/7812/H/Cmd.Rel.Abs.Comp-Alarmes,Ry d'Yves,2025-01-01 00:00:00: <Z_coffret_telem=3.06><bas_coffret_telem=0.2><br>2017-01-01 00:00:00: <fin_feuille_limni><br>1998-11-17 00:00:00: Rétrécissement prise d'eau pour diminuer remous.,DGH,"87,07 km²",Walcourt,169.316,---,<echX=0.2 cm/h><echY=1/10><limni=OTT X>,,DGH,no,Direction de la Gestion hydrologique,-,10,District de la Meuse,District,Lefèvre C.,363501,7812,---,yes,837648000000,Ry d'Yves,Active,363501,1996-07-18 00:00:00: Active,Belgique,169.316,WALLONIE,Eau d'heure et affluents / 10,Limnimètre,Eau d'heure,NAMUR,1450633,"<ACCES>
Au pont entre Walcourt et Vogenee Accès par rue des Genêts.
</ACCES>

<DESCRIPTIF>
Section naturelle, mis à part l’enrochement de 1998; il y a débordement en crue, parfois de l’envasement ; le puits plonge directement dans l’eau ; il n’y a pas d’algue en été.
Une sonde de température mesure l'air sous le boîtier du répondeur et une autre la température de l'eau en rivière, à la prise d’eau.
</DESCRIPTIF>


",---,Sambre / SA,Eau d'heure,Catégorie 1,,,,,,,,,,,,,,,
171051010,2026-06-05T10:00:00.000+02:00,,0.863,238860.0,41190.0,15019,Direction des Cours d'Eau Non Navigables,Etalle,L6180,05a-Hauteur.Complet.Alarmes,Cmd.Rel.Abs.Comp-Alarmes,DCENN,Hauteur,H,m,H,GN_STATION,DCENN/L6180/H/Cmd.Rel.Abs.Comp-Alarmes,Semois,,DCENN,"123,86 km²",,330.586,DNG,Mise en service,DNG,DCENN,,Station appartenant à la DCENN,-,18,District de la Meuse,District,,160100,L6180,---,yes,715305600000,Semois,Active,160100,1992-09-01 00:00:00: Active,Belgique,330.586,WALLONIE,Haute Semois et affluents / 18,Limnimètre,Haute Semois,LUXEMBOURG,1450649,Présence d'algues en été,---,Semois-Chiers / SC,Haute Semois,Catégorie 1,yes,District de la Meuse,6740,MEUSE,Instable,M,Etalle,Etalle,Présence d'algues en été,t0/Normal,Centre Marche,68/6,,,
379300010,2026-06-05T10:35:00.000+02:00,,0.603,261562.768,145782.416,8570434,Direction de la Gestion hydrologique,DOLHAIN,6353,05a-Hauteur.Complet.Alarmes,Cmd.Rel.Abs.Comp-Alarmes,DGH,Hauteur sonde,H_sonde,m,H,GN_STATION,DGH/6353/H_sonde/Cmd.Rel.Abs.Comp-Alarmes,Vesdre,2025-01-01 00:00:00: <Z_coffret_telem=6.220><bas_coffret_telem=0.2>,DGH,,Limbourg,204.037,DNG,<sonde=OTT PLS>,DNG,DGH,no,Direction de la Gestion hydrologique,-,38,District de la Meuse,District,Smiejkowski M.,560260,6353,---,yes,1697760000000,Vesdre,Active,560260,2023-10-20 10:20:00: Active,Belgique,204.037,WALLONIE,Vesdre et affluents / 38,Limnimètre,,LIEGE,1450697,"<ACCES>
Se trouve sur le pont de dolhain près de la rue des écoles, sur le côté amont, en rive gauche. 
</ACCES>


<TARAGE>
20260119 - extrapolation
Le sommet de CT a été revu arbitrairement : de 1.3 à 2m - 205 m³/s
</TARAGE>

",---,Vesdre / VE,Vesdre,,,,,,,,,,,,,,,,
169941010,2026-06-05T10:00:00.000+02:00,,0.718,277217.0,99906.0,14971,Direction des Cours d'Eau Non Navigables,Reuland,L6080,05a-Hauteur.Complet.Alarmes,Cmd.Rel.Abs.Comp-Alarmes,DCENN,Hauteur,H,m,H,GN_STATION,DCENN/L6080/H/Cmd.Rel.Abs.Comp-Alarmes,Ulf,,DCENN,"57,00 km²",,351.178,DNG,Mise en service,DNG,DCENN,,Station appartenant à la DCENN,-,42,District du Rhin,District,,504541,L6080,---,yes,683856000000,Ulf,Active,504541,1991-09-03 00:00:00: Active,Belgique,351.178,WALLONIE,Our et affluents / 42,Limnimètre,Our,LIEGE,1450691,,---,Moselle / ML,Our,Catégorie 1,yes,District du Rhin,4790,RHIN,Instable,R,Reuland,Burg-Reuland,Weweler,t0/Normal,Centre Liège,56/7,,,
171371010,2026-06-05T10:00:00.000+02:00,,0.193,219790.0,34463.0,15032,Direction des Cours d'Eau Non Navigables,Villers-devant-Orval,L6220,05a-Hauteur.Complet.Alarmes,Cmd.Rel.Abs.Comp-Alarmes,DCENN,Hauteur,H,m,H,GN_STATION,DCENN/L6220/H/Cmd.Rel.Abs.Comp-Alarmes,Marge,,DCENN,"82,00 km²",,191.442,DNG,Mise en service,DNG,DCENN,,Station appartenant à la DCENN,-,20,District de la Meuse,District,,126501,L6220,---,yes,721526400000,Marge,Active,126501,1992-11-12 00:00:00: Active,Belgique,191.442,WALLONIE,Chiers et affluents / 20,Limnimètre,Chiers,LUXEMBOURG,1450461,,---,Semois-Chiers / SC,Chiers,Catégorie 1,yes,District de la Meuse,6823,MEUSE,Stable,M,Villers-devant-Orval,Florenville,Rue de Margny,t0/Normal,Centre Marche,70/4,,,
252510010,2026-06-05T10:30:00.000+02:00,,0.49,213816.0,94208.0,12640,Direction de la Gestion hydrologique,JEMELLE,8527,05a-Hauteur.Complet.Alarmes,Cmd.Rel.Abs.Comp-Alarmes,DGH,Hauteur,H,m,H,GN_STATION,DGH/8527/H/Cmd.Rel.Abs.Comp-Alarmes,Lhomme,2007-04-05 00:00:00: <echX=0.2 cm/h><echY=1/10><limni=OTT X><br>1990-01-01 00:00:00: <echX=0.291667 cm/h><echY=1/5><limni=RITTMEYER><br>2025-01-01 00:00:00: <Z_coffret_telem=4.606><bas_coffret_telem=0.2><br>2022-04-13 00:00:00: <sonde=OTT PLS><br>2022-09-13 09:15:00: <echX=0.2 cm/h><echY=1/10><limni=OTT X>,DGH,"274,37 km²",Rochefort,186.876,DNG,<date_1ere_data>,DNG,DGH,yes,Direction de la Gestion hydrologique,-,27,District de la Meuse,District,Theys D.,230210,8527,---,yes,1663060500000,Lhomme,Active,230210,1969-01-01 00:00:00: Active,Belgique,186.876,WALLONIE,Lhomme et affluents / 27,Limnimètre,Lhomme,NAMUR,1450443,"<SITUATION>
La sonde de température 8527112T est placée dans la rivière.
La sonde de température 8527122T est placée sous abri.
</SITUATION>

<ACCES>
Limnigraphe en rive gauche, en aval du pont en pierre.
</ACCES>


<HISTORIQUE>

13/04/2022
Suite aux dégâts causés par la crue de juillet 2021, INFRABEL refait les berges.
Le limnigraphe a dû être démonté provisoirement et a été remplacé par une sonde à pression PLS.
Cette sonde se trouve environ 800m en aval du limni. Coordonnées GPS : 50.161393     5.260967

13/09/2022
Cette sonde PLS a été démontée et le puits limnigraphique a été remis en service.
Suite à la restauration de la berge, il n'a pas été possible de réinstaller la sonde de température de l'eau.
La mesure de température de l'air est restée opérationnelle.

</HISTORIQUE>


",---,Lesse / LE,Lhomme,Catégorie 1,,,,,,,,,,,,,,,
165015010,2026-06-05T10:20:00.000+02:00,,0.374,238786.0,27460.0,14751,Direction des Cours d'Eau Non Navigables,Ruette,L5600,05a-Hauteur.Complet.Alarmes,Cmd.Rel.Abs.Comp-Alarmes,DCENN,Hauteur,H,m,H,GN_STATION,DCENN/L5600/H/Cmd.Rel.Abs.Comp-Alarmes,Vire,,DCENN,"104,00 km²",,215.01,DNG,Mise en service,DNG,DCENN,yes,Station appartenant à la DCENN,-,20,District de la Meuse,District,,123300,L5600,---,yes,1532044800000,Vire,Active,123300,1975-07-01 00:00:00: Active,Belgique,215.01,WALLONIE,Chiers et affluents / 20,Limnimètre,Chiers,LUXEMBOURG,1450703,,---,Semois-Chiers / SC,Chiers,Catégorie 1,yes,District de la Meuse,6760,MEUSE,Stable,M,Ruette,Virton,Rue Grande,t0/Normal,Centre Marche,71/6,,,
201534010,2026-06-05T10:40:00.000+02:00,,0.039,161006.0,109416.0,1964142,Direction des Cours d'Eau Non Navigables,Thy-le-Bauduin,L8590,05a-Hauteur.Complet.Alarmes,Cmd.Rel.Abs.Comp-Alarmes,DCENN,Hauteur,H,m,H,GN_STATION,DCENN/L8590/H/Cmd.Rel.Abs.Comp-Alarmes,Thyria,,DCENN,,,196.462,DNG,Mise en service,DNG,DCENN,yes,Station appartenant à la Province de Namur,-,10,District de la Meuse,District,,364300,L8590,---,yes,1588204800000,Thyria,Active,364300,2020-04-30 00:00:00: Active,Belgique,196.462,WALLONIE,Eau d'heure et affluents / 10,Limnimètre,Eau d'heure,NAMUR,1450673,,---,Sambre / SA,Eau d'heure,Catégorie 2,yes,District de la Meuse,5621,MEUSE,t0/?,M,Thy-le-Bauduin,Florennes,Rue du Tienne 36,,,,,,
356934010,2026-06-05T10:00:00.000+02:00,,0.209,201126.0,132843.0,3640093,Direction des Cours d'Eau Non Navigables,Seilles,L8710,05a-Hauteur.Complet.Alarmes,Cmd.Rel.Abs.Comp-Alarmes,DCENN,Hauteur,H,m,H,GN_STATION,DCENN/L8710/H/Cmd.Rel.Abs.Comp-Alarmes,Velaine,,DCENN,"0,00 km²",,0.0,---,Mise en service,,,yes,Station appartenant à la Province de Namur,-,,,District,,466431,,---,yes,1672790400000,Velaine,Active,466431,2021-03-01 00:00:00: Active,,0.0,,,Limnimètre,Meuse Moyenne aval (affluents),,5681887,,---,,,Catégorie 2,no,District de la Meuse,,MEUSE,t0/?,M,Seilles,Andenne,,,,,,,
238955010,2026-06-05T10:35:00.000+02:00,,2.41,243197.0,160314.0,12055,Direction de la Gestion hydrologique,LIXHE Bief Amont,5447,05a-Hauteur.Complet.Alarmes,Cmd.Rel.Abs.Comp-Alarmes,DGH,Hauteur,H,m,H,GN_STATION,DGH/5447/H/Cmd.Rel.Abs.Comp-Alarmes,Basse Meuse,2017-01-05 00:00:00: <fin_feuille_limni><br>2006-09-21 00:00:00: <echX=0.2 cm/h><echY=1/10><zeroFeuille=1><limni=OTT X>,DGH,,Visé,52.0,DNG,<echX=0.291667 cm/h><echY=1/10><limni=RITTMEYER>,DNG,DGH,no,Direction de la Gestion hydrologique,-,31,District de la Meuse,District,Smiejkowski M.,,5447,---,yes,362966400000,Basse Meuse,Active,,1981-07-03 00:00:00: Active,Belgique,52.0,WALLONIE,Basse Meuse / 31,Limnimètre,Basse Meuse (NA),LIEGE,1450277,"<ACCES>
EN 600 M EN AMONT DU BARRAGE DE LIXHE.A 250 M EN AVAL DU PONT SNCB SUR LA MEUSE. RIVE DROITE.
</ACCES>",---,Meuse aval / MA,Basse Meuse (NA),Navigable,,,,,,,,,,,,,,,
167747010,2026-06-05T10:00:00.000+02:00,,0.317,251735.0,91991.0,14876,Direction des Cours d'Eau Non Navigables,Houffalize,L5930,05a-Hauteur.Complet.Alarmes,Cmd.Rel.Abs.Comp-Alarmes,DCENN,Hauteur,H,m,H,GN_STATION,DCENN/L5930/H/Cmd.Rel.Abs.Comp-Alarmes,Ourthe Orientale,,DCENN,"179,00 km²",,326.562,DNG,Mise en service,DNG,DCENN,yes,Station appartenant à la DCENN,-,45,District de la Meuse,District,,612230,L5930,---,yes,1490659200000,Ourthe Orientale,Active,612230,1979-02-27 00:00:00: Active,Belgique,326.562,WALLONIE,Ourthe supérieure et affluents / 45,Limnimètre,Ourthe supérieure,LUXEMBOURG,1450499,"Mire déplacée en 1992, - Section aval aménagée (élargie) en 2007-2008, - Mire déplacée en juillet 2011, - Mire déplacée en mars 2017.",---,Ourthe / OU,Ourthe supérieure,Catégorie 1,yes,District de la Meuse,6660,MEUSE,Très stable,M,Houffalize,Houffalize,"Mire déplacée en 1992, - Section aval aménagée (élargie) en 2007-2008, - Mire déplacée en juillet 2011, - Mire déplacée en mars 2017.",t0/Normal,Centre Marche,60/4,,,
192542010,2026-06-05T10:00:00.000+02:00,,0.33,211748.0,132797.0,15896,Direction des Cours d'Eau Non Navigables,Marchin (bis),L7870,05a-Hauteur.Complet.Alarmes,Cmd.Rel.Abs.Comp-Alarmes,DCENN,Hauteur,H,m,H,GN_STATION,DCENN/L7870/H/Cmd.Rel.Abs.Comp-Alarmes,Hoyoux,,DCENN,"248,83 km²",,87.69,DNG,Mise en service,DNG,DCENN,yes,Station appartenant à la DCENN,-,35,District de la Meuse,District,,473250,L7870,---,yes,1388534400000,Hoyoux,Active,473250,2014-02-25 00:00:00: Active,Belgique,87.69,WALLONIE,Hoyoux et affluents / 35,Limnimètre,Hoyoux,LIEGE,1450433,,---,Meuse aval / MA,Hoyoux,Catégorie 1,yes,District de la Meuse,4570,MEUSE,t0/?,M,Marchin,Marchin,Rue Duresse,t0/Normal,Centre Liège,,,,
173525010,2026-06-05T10:00:00.000+02:00,,0.243,190600.0,74600.0,15133,Direction des Cours d'Eau Non Navigables,Gedinne,L6400,05a-Hauteur.Complet.Alarmes,Cmd.Rel.Abs.Comp-Alarmes,DCENN,Hauteur,H,m,H,GN_STATION,DCENN/L6400/H/Cmd.Rel.Abs.Comp-Alarmes,Houille,,DCENN,"52,00 km²",,308.76,DNG,Mise en service,DNG,DCENN,yes,Station appartenant à la DCENN,-,28,District de la Meuse,District,,202200,L6400,---,yes,677894400000,Houille,Active,202200,1991-06-26 00:00:00: Active,Belgique,308.76,WALLONIE,Affluents de la Haute Meuse / 28,Limnimètre,Houille,NAMUR,1450429,,---,Meuse amont / MM,Houille,Catégorie 1,yes,District de la Meuse,5575,MEUSE,Très stable,M,Gedinne,Gedinne,Rue A. Marchal,t0/Normal,Centre Namur,63/4,,,
249189010,2026-06-05T10:35:00.000+02:00,,0.407,154095.0,104225.0,12487,Direction de la Gestion hydrologique,WALCOURT (SEUIL),7784,05a-Hauteur.Complet.Alarmes,Cmd.Rel.Abs.Comp-Alarmes,DGH,Hauteur,H,m,H,GN_STATION,DGH/7784/H/Cmd.Rel.Abs.Comp-Alarmes,Eau d'Heure,2025-01-01 00:00:00: <Z_coffret_telem=3.695><bas_coffret_telem=0.2><br>2007-10-16 00:00:00: <echX=0.2 cm/h><echY=1/5><limni=OTT X>,DGH,"99,91 km²",Walcourt,166.279,---,<echX=0.291667 cm/h><echY=1/5><limni=RITTMEYER>,,DGH,yes,Direction de la Gestion hydrologique,-,10,District de la Meuse,District,Lefèvre C.,366260,7784,---,yes,194659200000,Eau d'Heure,Active,366260,1976-03-03 00:00:00: Active,Belgique,166.279,WALLONIE,Eau d'heure et affluents / 10,Limnimètre,Eau d'heure,NAMUR,1450355,"<ACCES>
RIVE GAUCHE - LE LONG DE LA ROUTE DE SILENRIEUX
</ACCES>",---,Sambre / SA,Eau d'heure,Catégorie 1,,,,,,,,,,,,,,,
173845010,2026-06-05T10:00:00.000+02:00,,0.389,124807.0,120910.0,15145,Direction des Cours d'Eau Non Navigables,Harmignies,L6430,05a-Hauteur.Complet.Alarmes,Cmd.Rel.Abs.Comp-Alarmes,DCENN,Hauteur,H,m,H,GN_STATION,DCENN/L6430/H/Cmd.Rel.Abs.Comp-Alarmes,Trouille,,DCENN,"79,89 km²",,44.194,DNG,Mise en service,DNG,DCENN,yes,Station appartenant à la DCENN,-,4,District de l'Escaut,District,,902300,L6430,---,yes,682646400000,Trouille,Active,902300,1991-08-20 00:00:00: Active,Belgique,44.194,WALLONIE,Haine et affluents / 4,Limnimètre,Haine,HAINAUT,1450689,Présence d'algues en été,---,Haine / HN,Haine,Catégorie 1,yes,District de l'Escaut,7022,ESCOUT,Instable,E,Harmignies,Mons,,t0/Normal,Centre Mons,45/8,,,
346316010,2026-06-05T10:00:00.000+02:00,,0.111,206162.0,102124.0,3640095,Direction des Cours d'Eau Non Navigables,Chevetogne,L8730,05a-Hauteur.Complet.Alarmes,Cmd.Rel.Abs.Comp-Alarmes,DCENN,Hauteur,H,m,H,GN_STATION,DCENN/L8730/H/Cmd.Rel.Abs.Comp-Alarmes,Molinia,,DCENN,"0,00 km²",,,,Mise en service,,,no,Station appartenant à la Province de Namur,-,,,District,,245432,,---,yes,,Molinia,Active,245432,2021-03-01 00:00:00: Active,,,,,Limnimètre,Basse Lesse,,5681865,,---,,,Catégorie 2,no,District de la Meuse,,MEUSE,t0/?,M,Rochefort,Rochefort,,,,,,,
372007010,2026-06-05T10:30:00.000+02:00,,1.15,237364.0,145671.0,7258574,Direction de la Gestion hydrologique,ANGLEUR Aval RD,5803,05a-Hauteur.Complet.Alarmes,Cmd.Rel.Abs.Comp-Alarmes,DGH,Hauteur sonde,H_sonde,m,H,GN_STATION,DGH/5803/H_sonde/Cmd.Rel.Abs.Comp-Alarmes,Ourthe inférieure,,DGH,,,58.978,DNG,<sonde=OTT PLS>,DNG,DGH,no,Direction de la Gestion hydrologique,-,43,District de la Meuse,District,Smiejkowski M.,,5803,---,yes,1670284800000,Ourthe inférieure,Active,,2022-12-06 00:00:00: Active,,58.978,,Ourthe inférieure et affluents / 43,Limnimètre,Meuse moyenne (NA),,1450733,"<ACCES>
En rive droite ; environ 60m en amont du pont route.
</ACCES>",---,Ourthe / OU,Ourthe inférieure,,,,,,,,,,,,,,,,
170065010,2026-06-05T10:00:00.000+02:00,,0.159,277350.0,104134.0,14977,Direction des Cours d'Eau Non Navigables,Lommersweiler,L6090,05a-Hauteur.Complet.Alarmes,Cmd.Rel.Abs.Comp-Alarmes,DCENN,Hauteur,H,m,H,GN_STATION,DCENN/L6090/H/Cmd.Rel.Abs.Comp-Alarmes,Die Braunlauf,,DCENN,"64,00 km²",,383.144,DNG,Mise en service,DNG,DCENN,,Station appartenant à la DCENN,-,42,District du Rhin,District,,503300,L6090,---,yes,683856000000,Die Braunlauf,Active,503300,1991-09-03 00:00:00: Active,Belgique,383.144,WALLONIE,Our et affluents / 42,Limnimètre,Our,LIEGE,1450349,,---,Moselle / ML,Our,Catégorie 1,yes,District du Rhin,4783,RHIN,Stable,R,Lommersweiler,Sankt Vith,Rue Maspelt,t0/Normal,Centre Liège,56/7,,,
188700010,2026-06-05T10:40:00.000+02:00,,0.234,135758.0,138879.0,15720,Direction des Cours d'Eau Non Navigables,Ecaussinnes,L7550,05a-Hauteur.Complet.Alarmes,Cmd.Rel.Abs.Comp-Alarmes,DCENN,Hauteur,H,m,H,GN_STATION,DCENN/L7550/H/Cmd.Rel.Abs.Comp-Alarmes,Sennette,,DCENN,"43,22 km²",,88.24,DNG,Mise en service,DNG,DCENN,yes,Station appartenant à la DCENN,-,51,District de l'Escaut,District,,834240,L7550,---,yes,1293840000000,Sennette,Active,834240,2011-05-19 00:00:00: Active,Belgique,88.24,WALLONIE,Sennette et Canal Charleroi Bruxelles / 51,Limnimètre,Sennette,HAINAUT,1450653,,---,Senne / SN,Sennette,Catégorie 1,yes,District de l'Escaut,7190,ESCOUT,Très stable,E,Ecaussinnes,Ecaussines,Rue Duray,t0/Normal,Centre Mons,,,,
200046010,2026-06-05T10:40:00.000+02:00,,0.195,188680.0,106592.0,16207,Direction des Cours d'Eau Non Navigables,Dinant,L8470,05a-Hauteur.Complet.Alarmes,Cmd.Rel.Abs.Comp-Alarmes,DCENN,Hauteur,H,m,H,GN_STATION,DCENN/L8470/H/Cmd.Rel.Abs.Comp-Alarmes,Ruisseau des Fonds de Leffe,,DCENN,"30,80 km²",,9999.0,DNG,Mise en service,DNG,DCENN,yes,Station appartenant à la Province de Namur,-,28,District de la Meuse,District,,411381,L8470,---,yes,1705924800000,Ruisseau des Fonds de Leffe,Active,411381,2018-12-14 00:00:00: Active,Belgique,9999.0,WALLONIE,Affluents de la Haute Meuse / 28,Limnimètre,Haute Meuse (affluents),NAMUR,1450595,,---,Meuse amont / MM,Haute Meuse (affluents),Catégorie 2,no,District de la Meuse,5500,MEUSE,t0/?,M,Dinant,Dinant,Rue Rémy Himmer,t0/Normal,,,,,
190048010,2026-06-05T10:00:00.000+02:00,,0.438,74978.0,159040.0,15784,Direction des Cours d'Eau Non Navigables,Dottignies,L7650,05a-Hauteur.Complet.Alarmes,Cmd.Rel.Abs.Comp-Alarmes,DCENN,Hauteur,H,m,H,GN_STATION,DCENN/L7650/H/Cmd.Rel.Abs.Comp-Alarmes,Grande Espierres,,DCENN,"35,61 km²",,15.49,DNG,Mise en service,DNG,DCENN,,Station appartenant à la DCENN,-,2,District de l'Escaut,District,,996831,L7650,---,yes,1307404800000,Grande Espierres,Active,996831,2011-06-07 00:00:00: Active,Belgique,15.49,WALLONIE,Affluents de l'Escaut / 2,Limnimètre,Escaut (affluents),HAINAUT,1450385,,---,Escaut-Lys / EL,Escaut (affluents),Catégorie 1,yes,District de l'Escaut,7711,ESCOUT,Très stable,E,Dottignies,Mouscron,Rue de Bellegem,t0/Normal,Centre Mons,29/6,,,
172565010,2026-06-05T10:00:00.000+02:00,,0.474,215042.0,87185.0,15087,Direction des Cours d'Eau Non Navigables,Grupont,L6320,05a-Hauteur.Complet.Alarmes,Cmd.Rel.Abs.Comp-Alarmes,DCENN,Hauteur,H,m,H,GN_STATION,DCENN/L6320/H/Cmd.Rel.Abs.Comp-Alarmes,Lhomme,,DCENN,"179,91 km²",,226.33,DNG,Mise en service,DNG,DCENN,yes,Station appartenant à la DCENN,-,27,District de la Meuse,District,,230210,L6320,---,yes,687744000000,Lhomme,Active,230210,1991-10-18 00:00:00: Active,Belgique,226.33,WALLONIE,Lhomme et affluents / 27,Limnimètre,Lhomme,LUXEMBOURG,1450443,,---,Lesse / LE,Lhomme,Catégorie 1,yes,District de la Meuse,6927,MEUSE,Très stable,M,Grupont,Tellin,Mormont (Awenne),t0/Normal,Centre Namur,59/7,,,
179297010,2026-06-05T10:00:00.000+02:00,,0.295,102137.0,119838.0,15384,Direction des Cours d'Eau Non Navigables,Baisieux,L6861,05a-Hauteur.Complet.Alarmes,Cmd.Rel.Abs.Comp-Alarmes,DCENN,Hauteur,H,m,H,GN_STATION,DCENN/L6861/H/Cmd.Rel.Abs.Comp-Alarmes,Petite Honnelle,,DCENN,"28,79 km²",,32.032,DNG,Mise en service,DNG,DCENN,yes,Station appartenant à la DCENN,-,4,District de l'Escaut,District,,924481,L6861,---,yes,1769644800000,Petite Honnelle,Active,924481,2011-06-07 00:00:00: Active,Belgique,32.032,WALLONIE,Haine et affluents / 4,Limnimètre,Haine,HAINAUT,1450505,,---,Haine / HN,Haine,Catégorie 2,yes,District de l'Escaut,7380,ESCOUT,Stable,E,Baisieux,Quiévrain,Place de Baisieux,t0/Normal,Centre Mons,45/5,,,
193410010,2026-06-05T10:20:00.000+02:00,,0.275,136387.0,89659.0,15937,Direction des Cours d'Eau Non Navigables,Eppe-Sauvage,L7940,05a-Hauteur.Complet.Alarmes,Cmd.Rel.Abs.Comp-Alarmes,DCENN,Hauteur,H,m,H,GN_STATION,DCENN/L7940/H/Cmd.Rel.Abs.Comp-Alarmes,Montbliart,,DCENN,"56,21 km²",,178.04,DNG,Mise en service,DNG,DCENN,yes,Station appartenant à la Province du Hainaut,-,9,District de la Meuse,District,,,L7940,---,yes,1388534400000,Montbliart,Active,,2014-04-15 00:00:00: Active,France,178.04,HAUTS-DE-FRANCE,Affluents de la Haute Sambre / 9,Limnimètre,Haute Sambre (affluents),NORD,1450473,,---,Sambre / SA,Haute Sambre (affluents),Non classé,yes,District de la Meuse,59132,MEUSE,t0/?,M,Moustier-en-Fagne,Moustier-en-Fagne,Rue de Touvent (D83),t0/Normal,Centre Mons,,,,
359988010,2026-06-05T10:00:00.000+02:00,,0.036,146152.0,105216.0,5720697,Direction des Cours d'Eau Non Navigables,Clermont,L8910,05a-Hauteur.Complet.Alarmes,Cmd.Rel.Abs.Comp-Alarmes,DCENN,Hauteur,H,m,H,GN_STATION,DCENN/L8910/H/Cmd.Rel.Abs.Comp-Alarmes,Ruisseau du Moulin de Donstiennes,,DCENN,,,174.217,DNG,,DNG,,no,Station appartenant à la Province de Namur,-,,,District,,357541,,---,yes,1625788800000,Ruisseau du Moulin de Donstiennes,Active,357541,2021-07-09 00:00:00: Active,,174.217,,,Limnimètre,,,5720584,,---,,,Catégorie 2,,,,,,,Clermont,,Rue du Bout Là-Dessous,,,,,,
171815010,2026-06-05T10:00:00.000+02:00,,0.257,185079.0,141226.0,15051,Direction des Cours d'Eau Non Navigables,Upigny,L6260,05a-Hauteur.Complet.Alarmes,Cmd.Rel.Abs.Comp-Alarmes,DCENN,Hauteur,H,m,H,GN_STATION,DCENN/L6260/H/Cmd.Rel.Abs.Comp-Alarmes,Mehaigne,,DCENN,"17,00 km²",,144.68,DNG,Mise en service,DNG,DCENN,yes,Station appartenant à la DCENN,-,36,District de la Meuse,District,,451230,L6260,---,yes,1700092800000,Mehaigne,Active,451230,1991-10-02 00:00:00: Active,Belgique,144.68,WALLONIE,Mehaigne et affluents / 36,Limnimètre,Mehaigne,NAMUR,1450463,,---,Meuse aval / MA,Mehaigne,Catégorie 2,yes,District de la Meuse,5310,MEUSE,Instable,M,Upigny,Eghezée,Rue des Aulnes,t0/Normal,Centre Namur,40/7,,,
189428010,2026-06-05T09:00:00.000+02:00,,0.287,242555.0,142596.0,15755,Direction des Cours d'Eau Non Navigables,Foret,L7600,05a-Hauteur.Complet.Alarmes,Cmd.Rel.Abs.Comp-Alarmes,DCENN,Hauteur,H,m,H,GN_STATION,DCENN/L7600/H/Cmd.Rel.Abs.Comp-Alarmes,Ruisseau des Fonds de Forêt,,DCENN,"39,79 km²",,0.0,DNG,Mise en service,DNG,DCENN,yes,Station appartenant à la DCENN,-,38,District de la Meuse,District,,568581,L7600,---,yes,1752141600000,Ruisseau des Fonds de Forêt,Active,568581,2011-05-11 00:00:00: Active,Belgique,0.0,WALLONIE,Vesdre et affluents / 38,Limnimètre,Vesdre,LIEGE,1450593,,---,Vesdre / VE,Vesdre,Catégorie 2,yes,District de la Meuse,4870,MEUSE,Très stable,M,Forêt,Trooz,Rue sur les Biez,t0/Normal,Centre Liège,,,,
255474010,2026-06-05T10:35:00.000+02:00,,1.146,236226.0,42165.0,12773,Direction de la Gestion hydrologique,SAINTE-MARIE,9571,05a-Hauteur.Complet.Alarmes,Cmd.Rel.Abs.Comp-Alarmes,DGH,Hauteur,H,m,H,GN_STATION,DGH/9571/H/Cmd.Rel.Abs.Comp-Alarmes,Haute Semois,2004-05-06 00:00:00: <echX=0.2 cm/h><echY=1/10><limni=OTT X><br>2025-01-01 00:00:00: <Z_coffret_telem=4.606><bas_coffret_telem=0.2>,DGH,"142,71 km²",Etalle,328.341,---,<echX=0.291667 cm/h><echY=1/10><limni=RITTMEYER>,,DGH,yes,Direction de la Gestion hydrologique,-,18,District de la Meuse,District,Theys D.,,9571,---,yes,-47692800000,Haute Semois,Active,,1968-06-28 00:00:00: Active,Belgique,328.341,WALLONIE,Haute Semois et affluents / 18,Limnimètre,Haute Semois,LUXEMBOURG,5681863,,---,Semois-Chiers / SC,Haute Semois,Catégorie 1,,,,,,,,,,,,,,,
174315010,2026-06-05T10:00:00.000+02:00,,0.204,205042.0,140746.0,15167,Direction des Cours d'Eau Non Navigables,Marneffe,L6461,05a-Hauteur.Complet.Alarmes,Cmd.Rel.Abs.Comp-Alarmes,DCENN,Hauteur,H,m,H,GN_STATION,DCENN/L6461/H/Cmd.Rel.Abs.Comp-Alarmes,Burdinale,,DCENN,"26,78 km²",,104.97,DNG,Mise en service,DNG,DCENN,yes,Station appartenant à la DCENN,-,36,District de la Meuse,District,,455321,L6461,---,yes,1221091200000,Burdinale,Active,455321,2008-09-11 00:00:00: Active,Belgique,104.97,WALLONIE,Mehaigne et affluents / 36,Limnimètre,Mehaigne,LIEGE,1450739,,---,Meuse aval / MA,Mehaigne,Catégorie 2,yes,District de la Meuse,4210,MEUSE,Très stable,M,Marneffe,Burdinne,Rue du Sart,t0/Normal,Centre Liège,41/6,,,
165723010,2026-06-05T10:00:00.000+02:00,,0.525,128684.0,147787.0,14785,Direction des Cours d'Eau Non Navigables,Steenkerque,L5661,05a-Hauteur.Complet.Alarmes,Cmd.Rel.Abs.Comp-Alarmes,DCENN,Hauteur,H,m,H,GN_STATION,DCENN/L5661/H/Cmd.Rel.Abs.Comp-Alarmes,Senne,,DCENN,"115,22 km²",,52.9,DNG,Mise en service,DNG,DCENN,yes,Station appartenant à la DCENN,-,5,District de l'Escaut,District,,840270,L5661,---,yes,1771891200000,Senne,Active,840270,1996-06-06 00:00:00: Active,Belgique,52.9,WALLONIE,Senne et affluents / 5,Limnimètre,Senne,HAINAUT,1450651,,---,Senne / SN,Senne,Catégorie 1,yes,District de l'Escaut,7090,ESCOUT,Stable,E,Steenkerque,Braine-le-Comte,Rue de Turenne,t0/Normal,Centre Mons,38/8,,,
179405010,2026-06-05T10:00:00.000+02:00,,0.239,99954.0,118836.0,15389,Direction des Cours d'Eau Non Navigables,Marchipont,L6870,05a-Hauteur.Complet.Alarmes,Cmd.Rel.Abs.Comp-Alarmes,DCENN,Hauteur,H,m,H,GN_STATION,DCENN/L6870/H/Cmd.Rel.Abs.Comp-Alarmes,Anneau,,DCENN,"78,19 km²",,34.201,DNG,Mise en service,DNG,DCENN,yes,Station appartenant à la DCENN,-,4,District de l'Escaut,District,,924811,L6870,---,yes,1046908800000,Anneau,Active,924811,2003-03-06 00:00:00: Active,Belgique,34.201,WALLONIE,Haine et affluents / 4,Limnimètre,Haine,HAINAUT,1450269,,---,Haine / HN,Haine,Catégorie 1,yes,District de l'Escaut,7387,ESCOUT,t0/?,E,Marchipont,Honnelles,Rue du Pont,t0/Normal,Centre Mons,45/5,,,
180815010,2026-06-05T09:00:00.000+02:00,,0.295,207480.0,55800.0,15454,Direction des Cours d'Eau Non Navigables,Auby-sur-Semois,L6990,05a-Hauteur.Complet.Alarmes,Cmd.Rel.Abs.Comp-Alarmes,DCENN,Hauteur,H,m,H,GN_STATION,DCENN/L6990/H/Cmd.Rel.Abs.Comp-Alarmes,Alleines,,DCENN,"87,65 km²",,236.8,DNG,Mise en service,DNG,DCENN,yes,Station appartenant à la DCENN,-,14,District de la Meuse,District,,14050,L6990,---,yes,1293840000000,Alleines,Active,14050,2003-09-04 00:00:00: Active,Belgique,236.8,WALLONIE,Moyenne Semois et affluents / 14,Limnimètre,Basse Semois,LUXEMBOURG,1450263,,---,Semois-Chiers / SC,Moyenne Semois,Catégorie 2,yes,District de la Meuse,6880,MEUSE,t0/?,M,Auby-sur-Semois,Bertrix,Route du Macca,t0/Normal,Centre Marche,67/2,,,
168103010,2026-06-05T10:40:00.000+02:00,,0.217,91479.0,134082.0,14892,Direction des Cours d'Eau Non Navigables,Wiers,L5961,05a-Hauteur.Complet.Alarmes,Cmd.Rel.Abs.Comp-Alarmes,DCENN,Hauteur,H,m,H,GN_STATION,DCENN/L5961/H/Cmd.Rel.Abs.Comp-Alarmes,Verne de Bury,,DCENN,"24,90 km²",,21.118,DNG,Mise en service,DNG,DCENN,yes,Station appartenant à la DCENN,-,2,District de l'Escaut,District,,931300,L5961,---,yes,304992000000,Verne de Bury,Active,931300,1979-09-01 00:00:00: Active,Belgique,21.118,WALLONIE,Affluents de l'Escaut / 2,Limnimètre,Escaut (affluents),HAINAUT,2621492,,---,Escaut-Lys / EL,Escaut (affluents),Catégorie 2,yes,District de l'Escaut,7608,ESCOUT,Stable,E,Wiers,Péruwelz,Rue du tordoir,t0/Normal,Centre Mons,44/4,,,
176887010,2026-06-05T10:20:00.000+02:00,,0.276,194044.0,143723.0,15283,Direction des Cours d'Eau Non Navigables,Hemptinne,L6671,05a-Hauteur.Complet.Alarmes,Cmd.Rel.Abs.Comp-Alarmes,DCENN,Hauteur,H,m,H,GN_STATION,DCENN/L6671/H/Cmd.Rel.Abs.Comp-Alarmes,Soile,,DCENN,"61,41 km²",,132.87,DNG,Mise en service,DNG,DCENN,yes,Station appartenant à la DCENN,-,36,District de la Meuse,District,,453300,L6671,---,yes,1203897600000,Soile,Active,453300,2008-02-25 00:00:00: Active,Belgique,132.87,WALLONIE,Mehaigne et affluents / 36,Limnimètre,Mehaigne,NAMUR,1450657,,---,Meuse aval / MA,Mehaigne,Catégorie 1,yes,District de la Meuse,5380,MEUSE,Stable,M,Hemptinne,Fernelmont,Rue de la Soile,t0/Normal,Centre Namur,41/5,,,
162115010,2026-06-05T10:00:00.000+02:00,,0.54,171179.0,130329.0,14622,Direction des Cours d'Eau Non Navigables,Onoz,L5183,05a-Hauteur.Complet.Alarmes,Cmd.Rel.Abs.Comp-Alarmes,DCENN,Hauteur,H,m,H,GN_STATION,DCENN/L5183/H/Cmd.Rel.Abs.Comp-Alarmes,Orneau,,DCENN,"202,91 km²",,96.385,DNG,Mise en service,DNG,DCENN,yes,Station appartenant à la DCENN,-,12,District de la Meuse,District,,432210,L5183,---,yes,1600041600000,Orneau,Active,432210,1998-07-02 00:00:00: Active,Belgique,96.385,WALLONIE,Affluents de la Basse Sambre / 12,Limnimètre,Basse Sambre (affluents),NAMUR,1450491,,---,Sambre / SA,Basse Sambre (affluents),Catégorie 1,yes,District de la Meuse,5190,MEUSE,Stable,M,Onoz,Jemeppe-sur-Sambre,Rue d'Eghezée,t0/Normal,Centre Namur,47/2,,,
168423010,2026-06-05T10:00:00.000+02:00,,0.553,212846.0,131678.0,14908,Direction des Cours d'Eau Non Navigables,Marchin,L5990,05a-Hauteur.Complet.Alarmes,Cmd.Rel.Abs.Comp-Alarmes,DCENN,Hauteur,H,m,H,GN_STATION,DCENN/L5990/H/Cmd.Rel.Abs.Comp-Alarmes,Hoyoux,,DCENN,"239,00 km²",,119.452,DNG,Mise en service,DNG,DCENN,yes,Station appartenant à la DCENN,-,35,District de la Meuse,District,,473250,L5990,---,yes,404697600000,Hoyoux,Active,473250,1982-10-29 00:00:00: Active,Belgique,119.452,WALLONIE,Hoyoux et affluents / 35,Limnimètre,Hoyoux,LIEGE,1450433,,---,Meuse aval / MA,Hoyoux,Catégorie 1,yes,District de la Meuse,4570,MEUSE,Stable,M,Marchin,Marchin,Rue Grand Poirier,t0/Normal,Centre Liège,48/3,,,
162435010,2026-06-05T10:00:00.000+02:00,,0.138,183172.0,130635.0,14635,Direction des Cours d'Eau Non Navigables,Rhisnes,L5201,05a-Hauteur.Complet.Alarmes,Cmd.Rel.Abs.Comp-Alarmes,DCENN,Hauteur,H,m,H,GN_STATION,DCENN/L5201/H/Cmd.Rel.Abs.Comp-Alarmes,Houyoux,,DCENN,"46,00 km²",,104.357,DNG,Mise en service,DNG,DCENN,yes,Station appartenant à la DCENN,-,32,District de la Meuse,District,,444300,L5201,---,yes,707529600000,Houyoux,Active,444300,1992-06-03 00:00:00: Active,Belgique,104.357,WALLONIE,Affluents de la Meuse Moyenne amont / 32,Limnimètre,Houyoux,NAMUR,1450431,,---,Meuse amont / MM,Houyoux,Catégorie 1,yes,District de la Meuse,5080,MEUSE,Très stable,M,Rhisnes,La Bruyère,Rue de Gembloux,t0/Normal,Centre Namur,47/3,,,
255773010,2026-06-05T10:30:00.000+02:00,,0.39,222913.0,53997.0,12793,Direction de la Gestion hydrologique,STRAIMONT,9651,05a-Hauteur.Complet.Alarmes,Cmd.Rel.Abs.Comp-Alarmes,DGH,Hauteur,H,m,H,GN_STATION,DGH/9651/H/Cmd.Rel.Abs.Comp-Alarmes,Vierre,2025-01-01 00:00:00: <Z_coffret_telem=5.956>,DGH,"182,21 km²",Herbeumont,346.61,---,<echX=0.2 cm/h><echY=1/10><limni=OTT X>,,DGH,yes,Direction de la Gestion hydrologique,-,19,District de la Meuse,District,Theys D.,135250,9651,---,yes,0,Vierre,Active,135250,1970-01-01 00:00:00: Active<br>2006-04-14 00:00:00: Inactive<br>2006-05-05 00:00:00: Active,Belgique,346.61,WALLONIE,Vierre et affluents / 19,Limnimètre,Vierre,LUXEMBOURG,1450701,"SITUATION 9651122T
Sonde placée dans le puits

<ACCES>
limnigraphe le long de la route à coté du pont sur la Vierre, en rive gauche
</ACCES>",---,Semois-Chiers / SC,Vierre,Catégorie 1,,,,,,,,,,,,,,,
244279010,2026-06-05T10:30:00.000+02:00,,0.299,257242.0,118075.0,12278,Direction de la Gestion hydrologique,TROIS-PONTS,6832,05a-Hauteur.Complet.Alarmes,Cmd.Rel.Abs.Comp-Alarmes,DGH,Hauteur,H,m,H,GN_STATION,DGH/6832/H/Cmd.Rel.Abs.Comp-Alarmes,Salm,1989-01-27 00:00:00: Mise en service de la télémesure.<br>2017-01-06 00:00:00: <fin_feuille_limni><br>2006-03-16 00:00:00: <echX=0.2 cm/h><echY=1/10><limni=OTT X>,DGH,"198,85 km²",Trois-Ponts,256.029,---,"<date_1ere_data><echX=0.291667 cm/h><echY=1/10><limni=RITTMEYER> L'appareil est déplacé, à proximité du camping.",,DGH,no,Direction de la Gestion hydrologique,-,41,District de la Meuse,District,Smiejkowski M.,523220,6832,---,yes,561772800000,Salm,Active,523220,1973-02-01 00:00:00: Active<br>1987-10-21 00:00:00: Active,Belgique,256.029,WALLONIE,Amblève et affluents / 41,Limnimètre,Amblève,LIEGE,1450639,"""<DESCRIPTIF>
En rive gauche, à l'entree du camping ""beau rivage"" le long de la route Trois-Ponts a Vielsalm, à environ 1500 km du centre de Trois-Ponts.
</DESCRIPTIF>


<HISTORIQUE>
Des travaux de rénovation du pont commencent en sept 2005",---,Amblève / AM,Amblève,Catégorie 1,,,,,,,,,,,,,,,
194262010,2026-06-05T10:00:00.000+02:00,,0.617,136688.0,152984.0,15976,Direction des Cours d'Eau Non Navigables,Tubize Stincup,L8010,05a-Hauteur.Complet.Alarmes,Cmd.Rel.Abs.Comp-Alarmes,DCENN,Hauteur,H,m,H,GN_STATION,DCENN/L8010/H/Cmd.Rel.Abs.Comp-Alarmes,Stincup-Laubecq,,DCENN,"29,59 km²",,37.96,DNG,Mise en service,DNG,DCENN,yes,Station appartenant à la Province du Brabant Wallon,-,5,District de l'Escaut,District,,845311,L8010,---,yes,1451606400000,Stincup-Laubecq,Active,845311,2016-03-01 00:00:00: Active,Belgique,37.96,WALLONIE,Senne et affluents / 5,Limnimètre,Senne,BRABANT WALLON,1450663,,---,Senne / SN,Senne,Catégorie 2,yes,District de l'Escaut,1480,ESCOUT,t0/?,E,Tubize,Tubize,Chemin vert,t0/Normal,,39/1N,,,
164463010,2026-06-05T10:00:00.000+02:00,,0.532,204130.0,72555.0,14726,Direction des Cours d'Eau Non Navigables,Opont,L5550,05a-Hauteur.Complet.Alarmes,Cmd.Rel.Abs.Comp-Alarmes,DCENN,Hauteur,H,m,H,GN_STATION,DCENN/L5550/H/Cmd.Rel.Abs.Comp-Alarmes,Eau d'Our,,DCENN,"70,30 km²",,304.1,DNG,Mise en service,DNG,DCENN,yes,Station appartenant à la DCENN,-,26,District de la Meuse,District,,210300,L5550,---,yes,146102400000,Eau d'Our,Active,210300,1974-08-19 00:00:00: Active,Belgique,304.1,WALLONIE,Haute Lesse et affluents / 26,Limnimètre,Haute Lesse,LUXEMBOURG,1450357,,---,Lesse / LE,Haute Lesse,Catégorie 1,yes,District de la Meuse,6852,MEUSE,Très stable,M,Opont,Paliseul,Rue de Porcheresse,t0/Normal,Centre Namur,64/2,,,
167953010,2026-06-05T10:00:00.000+02:00,,0.306,236102.0,86718.0,14886,Direction des Cours d'Eau Non Navigables,Wyompont,L5950,05a-Hauteur.Complet.Alarmes,Cmd.Rel.Abs.Comp-Alarmes,DCENN,Hauteur,H,m,H,GN_STATION,DCENN/L5950/H/Cmd.Rel.Abs.Comp-Alarmes,Ourthe Occidentale,,DCENN,"270,10 km²",,325.368,DNG,Mise en service,DNG,DCENN,yes,Station appartenant à la DCENN,-,45,District de la Meuse,District,,604200,L5950,---,yes,288316800000,Ourthe Occidentale,Active,604200,1979-02-20 00:00:00: Active,Belgique,325.368,WALLONIE,Ourthe supérieure et affluents / 45,Limnimètre,Ourthe supérieure,LUXEMBOURG,1450497,,---,Ourthe / OU,Ourthe supérieure,Catégorie 1,yes,District de la Meuse,6972,MEUSE,Stable,M,Erneuville,Tenneville,Wyompont,t0/Normal,Centre Marche,60/6,,,
254963010,2026-06-05T10:30:00.000+02:00,,0.427,200040.0,53670.0,12749,Direction de la Gestion hydrologique,BOUILLON,9461,05a-Hauteur.Complet.Alarmes,Cmd.Rel.Abs.Comp-Alarmes,DGH,Hauteur,H,m,H,GN_STATION,DGH/9461/H/Cmd.Rel.Abs.Comp-Alarmes,Moyenne Semois,,DGH,"1043,53 km²",Bouillon,213.251,DNG,<date_1ere_data><echX=0.2 cm/h><echY=1/10><limni=OTT X>,DNG,DGH,yes,Direction de la Gestion hydrologique,-,14,District de la Meuse,District,Theys D.,,9461,---,yes,1235520000000,Moyenne Semois,Active,,2009-02-25 00:00:00: Active,Belgique,213.251,WALLONIE,Moyenne Semois et affluents / 14,Limnimètre,Moyenne Semois,LUXEMBOURG,1450735,"(Le 08/10/2009) raccourcissement prise d'eau, nouveau Z = 6.007

(Du 01/01/2018 au 31/01/2018) fin janvier,le dernier element du fut s'est décalé du reste de la colonne entrainant un frottement anormal du système flotteur -contrepoids (blocages ponctuels). Réparation temporaire effectuée le 09/02.

<TARAGE>
20251030 - extrapolation
Le sommet de CT est porté arbitrairement à H 5m pour Q 720m³/s
</TARAGE>
",---,Semois-Chiers / SC,Moyenne Semois,Navigable,,,,,,,,,,,,,,,
245004010,2026-06-05T10:30:00.000+02:00,,0.355,268278.0,124997.0,12315,Direction de la Gestion hydrologique,MALMEDY  Warchenne,6991,05a-Hauteur.Complet.Alarmes,Cmd.Rel.Abs.Comp-Alarmes,DGH,Hauteur,H,m,H,GN_STATION,DGH/6991/H/Cmd.Rel.Abs.Comp-Alarmes,Warchenne,1997-10-16 00:00:00: Mise en service de la télémesure.,DGH,"30,45 km²",Malmédy,340.615,DNG,<date_1ere_data><echX=0.2 cm/h><echY=1/10><limni=OTT X>,DNG,DGH,no,Direction de la Gestion hydrologique,-,41,District de la Meuse,District,Smiejkowski M.,,6991,---,yes,927763200000,Warchenne,Active,,1997-03-05 00:00:00: Active,Belgique,340.615,WALLONIE,Amblève et affluents / 41,Limnimètre,Amblève,LIEGE,1450715,"<DESCRIPTIF>

</DESCRIPTIF>


<HISTORIQUE>
199809
La crue a causé qq dommages à l'installation. La station a été remise en ordre en mai 1999.

199909
Fin septembre, des travaux d'élargissement et de consolidation des berges ont commencé.
</HISTORIQUE>


<TARAGE>
20260306
Il y aurait un débordement en rive droite vers H1.95m; le pont ferait obstacle vers 2.2m.
Le nivellement de station donne une surface mouillée de 16.13 m² pour une H de 2.385m.
Le Q correspondant pourrait être entre 35 et 50 m³/s, ce qui n'est pas très compatible
avec la courbe actuelle.
L'extrapolation est inchangée.
</TARAGE>

",---,Amblève / AM,Amblève,Catégorie 2,,,,,,,,,,,,,,,
176417010,2026-06-05T10:00:00.000+02:00,,0.288,161878.0,146765.0,15261,Direction des Cours d'Eau Non Navigables,Noirhat,L6640,05a-Hauteur.Complet.Alarmes,Cmd.Rel.Abs.Comp-Alarmes,DCENN,Hauteur,H,m,H,GN_STATION,DCENN/L6640/H/Cmd.Rel.Abs.Comp-Alarmes,Dyle,,DCENN,"52,22 km²",,66.578,DNG,Mise en service,DNG,DCENN,yes,Station appartenant à la DCENN,-,6,District de l'Escaut,District,,854280,L6640,---,yes,1642118400000,Dyle,Active,854280,1996-06-07 00:00:00: Active,Belgique,66.578,WALLONIE,Dyle et affluents / 6,Limnimètre,Dyle,BRABANT WALLON,1450351,,---,Dyle-Gette / DG,Dyle,Catégorie 1,yes,District de l'Escaut,1490,ESCOUT,Stable,E,Court-Saint-Etienne,Court-Saint-Etienne,Chemin de Noirhat,t0/Normal,Centre Mons,39/8,,,
173055010,2026-06-05T10:00:00.000+02:00,,0.407,206847.0,92332.0,15111,Direction des Cours d'Eau Non Navigables,Eprave,L6360,05a-Hauteur.Complet.Alarmes,Cmd.Rel.Abs.Comp-Alarmes,DCENN,Hauteur,H,m,H,GN_STATION,DCENN/L6360/H/Cmd.Rel.Abs.Comp-Alarmes,Lhomme,,DCENN,"478,00 km²",,147.61,DNG,Mise en service,DNG,DCENN,yes,Station appartenant à la DCENN,-,27,District de la Meuse,District,,230210,L6360,---,yes,1756814400000,Lhomme,Active,230210,1992-07-04 00:00:00: Active,Belgique,147.61,WALLONIE,Lhomme et affluents / 27,Limnimètre,Lhomme,NAMUR,1450443,,---,Lesse / LE,Lhomme,Catégorie 1,yes,District de la Meuse,5580,MEUSE,Instable,M,Eprave,Rochefort,Rue de l'Aujoule,t0/Normal,Centre Namur,59/2,,,
387997010,2026-06-05T10:40:00.000+02:00,,0.324,164657.0,148055.0,9072291,Direction des Cours d'Eau Non Navigables,Court-Saint-Etienne,L9190,05a-Hauteur.Complet.Alarmes,Cmd.Rel.Abs.Comp-Alarmes,DCENN,Hauteur,H,m,H,GN_STATION,DCENN/L9190/H/Cmd.Rel.Abs.Comp-Alarmes,Orne,,DCENN,"31,31 km²",,0.0,DNG,,DNG,DCENN,no,Station appartenant à la DCENN,-,6,District de l'Escaut,District,,852220,L9190,---,yes,1699437600000,Orne,Active,852220,2023-11-08 10:00:00: Active,Belgique,0.0,WALLONIE,Dyle et affluents / 6,Limnimètre,Dyle,BRABANT WALLON,1450489,,---,Dyle-Gette / DG,Dyle,Catégorie 1,yes,,1490,,Très stable,,Court-Saint-Etienne,Court-Saint-Etienne,Rue de Beaurieux,t0/Normal,Centre Mons,,,,
190388010,2026-06-05T10:00:00.000+02:00,,0.41,208491.0,74327.0,15800,Direction des Cours d'Eau Non Navigables,Maissin,L7680,05a-Hauteur.Complet.Alarmes,Cmd.Rel.Abs.Comp-Alarmes,DCENN,Hauteur,H,m,H,GN_STATION,DCENN/L7680/H/Cmd.Rel.Abs.Comp-Alarmes,Haute Lesse,,DCENN,"88,94 km²",,312.92,DNG,Mise en service,DNG,DCENN,yes,Station appartenant à la DCENN,-,26,District de la Meuse,District,,,L7680,---,yes,1315872000000,Haute Lesse,Active,,2011-09-13 00:00:00: Active,Belgique,312.92,WALLONIE,Haute Lesse et affluents / 26,Limnimètre,Basse Lesse,LUXEMBOURG,5681859,,---,Lesse / LE,Haute Lesse,Catégorie 1,yes,District de la Meuse,6850,MEUSE,Très stable,M,Paliseul,Paliseul,Avenue Thomas Braun,t0/Normal,Centre Namur,49/7,,,
360833010,2026-06-05T10:20:00.000+02:00,,0.445,181920.0,154020.0,5720742,Direction des Cours d'Eau Non Navigables,Incourt,L8031,05a-Hauteur.Complet.Alarmes,Cmd.Rel.Abs.Comp-Alarmes,DCENN,Hauteur,H,m,H,GN_STATION,DCENN/L8031/H/Cmd.Rel.Abs.Comp-Alarmes,Ruisseau d'Orbais,,DCENN,,,88.07,DNG,,DNG,DCENN,yes,Station appartenant à la Province du Brabant Wallon,-,7,District de l'Escaut,District,,811300,L8031,---,yes,1633478400000,Ruisseau d'Orbais,Active,811300,2021-10-06 00:00:00: Active,Belgique,88.07,WALLONIE,Gette et affluents / 7,Limnimètre,Gette,BRABANT WALLON,1450603,,---,Dyle-Gette / DG,Gette,Catégorie 2,yes,,1315,,t0/?,,Incourt,Incourt,Rue Sainte Ragenufle,t0/Normal,,40/3N,,,
202278010,2026-06-05T10:00:00.000+02:00,,0.173,194984.0,90490.0,1964148,Direction des Cours d'Eau Non Navigables,Gozin,L8650,05a-Hauteur.Complet.Alarmes,Cmd.Rel.Abs.Comp-Alarmes,DCENN,Hauteur,H,m,H,GN_STATION,DCENN/L8650/H/Cmd.Rel.Abs.Comp-Alarmes,Biran,,DCENN,"0,00 km²",,143.632,DNG,Mise en service,DNG,DCENN,no,Station appartenant à la Province de Namur,-,25,District de la Meuse,District,,243591,L8650,---,yes,1592265600000,Biran,Active,243591,2020-06-16 00:00:00: Active,Belgique,143.632,WALLONIE,Basse Lesse et affluents / 25,Limnimètre,Basse Lesse,NAMUR,1450287,,---,Lesse / LE,Basse Lesse,Catégorie 2,yes,District de la Meuse,5570,MEUSE,t0/?,M,Beauraing,Beauraing,Rue de Gozin,,,,,,
387335010,2026-06-05T10:35:00.000+02:00,,206.089,151965.0,100427.0,12505,Direction de la Gestion hydrologique,SILENRIEUX (LAC),7836,05a-Hauteur absolue.Complet.Alarmes,Cmd.Abs.Comp-Alarmes,DGH,Hauteur,Habs,m,H,GN_STATION,DGH/7836/Habs/Cmd.Abs.Comp-Alarmes,Eau d'Heure,2025-04-10 16:00:00: <radar=RLS><br>2001-01-01 00:00:00: <fin_feuille_limni>,DGH,,Cerfontaine,0.0,DNG,<date_1ere_data><echX=0.5 cm/h><echY=1/40>,DNG,DGH,no,Direction de la Gestion hydrologique,-,10,District de la Meuse,District,Lefèvre C.,366260,7836,---,yes,864777600000,Eau d'Heure,Active,366260,1997-05-28 00:00:00: Active,Belgique,0.0,WALLONIE,Eau d'heure et affluents / 10,Limnimètre,Eau d'heure,NAMUR,1450355,"<ACCES>
Point de sonde près de la tour sur le lac le long de la N907, non loin du petit parking. Accès galerie barrage avec clé programmable spécifique.
</ACCES>",---,Sambre / SA,Eau d'heure,Catégorie 2,,,,,,,,,,,,,,,
245773010,2026-06-05T10:35:00.000+02:00,,1.925,215216.0,136486.0,12352,Direction de la Gestion hydrologique,AMPSIN Bief Amont,7137,05a-Hauteur.Complet.Alarmes,Cmd.Rel.Abs.Comp-Alarmes,DGH,Hauteur,H,m,H,GN_STATION,DGH/7137/H/Cmd.Rel.Abs.Comp-Alarmes,Meuse moyenne,2002-08-07 00:00:00: Placement d'une échelle inclinée à 45 degrés.<br>2019-02-15 00:00:00: <codeur_seul><br>2017-01-05 00:00:00: <fin_feuille_limni><br>2005-06-16 00:00:00: <echX=0.2 cm/h><echY=1/10><limni=OTT X>,DGH,"16416,26 km²",Amay,67.26,DNG,<echX=0.291667 cm/h><echY=1/10><limni=RITTMEYER>,DNG,DGH,no,Direction de la Gestion hydrologique,-,33,District de la Meuse,District,Smiejkowski M.,,7137,---,yes,1118880000000,Meuse moyenne,Active,,1969-07-17 00:00:00: Active,Belgique,67.26,WALLONIE,Meuse moyenne / 33,Limnimètre,Meuse moyenne (NA),LIEGE,1450469,"SITUATION 71371011
RG, +- 560m AT barrage d'Ampsin-Neuville, à hauteur de la Rue Madame.

comp 7141 et 7139 voir aussi andenne AV",---,Meuse aval / MA,Meuse moyenne (NA),Catégorie 2,,,,,,,,,,,,,,,
386694010,2026-06-05T10:00:00.000+02:00,,0.343,167811.0,146893.0,9031247,Direction des Cours d'Eau Non Navigables,Mont-Saint-Guibert,L9170,05a-Hauteur.Complet.Alarmes,Cmd.Rel.Abs.Comp-Alarmes,DCENN,Hauteur,H,m,H,GN_STATION,DCENN/L9170/H/Cmd.Rel.Abs.Comp-Alarmes,Orne,,DCENN,"31,31 km²",,87.937,DNG,,DNG,DCENN,yes,Station appartenant à la DCENN,-,6,District de l'Escaut,District,,852220,L9170,---,yes,1694530800000,Orne,Active,852220,2023-09-12 15:00:00: Active,Belgique,87.937,WALLONIE,Dyle et affluents / 6,Limnimètre,Dyle,BRABANT WALLON,1450489,,---,Dyle-Gette / DG,Dyle,Catégorie 1,yes,,1435,,Très stable,,Mont-Saint-Guibert,Mont-Saint-Guibert,"Rue de Nil, 17",t0/Normal,Centre Mons,,,,
187848010,2026-06-05T10:00:00.000+02:00,,0.435,196715.0,112080.0,15680,Direction des Cours d'Eau Non Navigables,Spontin,L7470,05a-Hauteur.Complet.Alarmes,Cmd.Rel.Abs.Comp-Alarmes,DCENN,Hauteur,H,m,H,GN_STATION,DCENN/L7470/H/Cmd.Rel.Abs.Comp-Alarmes,Bocq,,DCENN,"164,35 km²",,189.85,DNG,Mise en service,DNG,DCENN,yes,Station appartenant à la DCENN,-,28,District de la Meuse,District,,421200,L7470,---,yes,1293840000000,Bocq,Active,421200,2011-04-01 00:00:00: Active,Belgique,189.85,WALLONIE,Affluents de la Haute Meuse / 28,Limnimètre,Bocq,NAMUR,1450293,,---,Meuse amont / MM,Bocq,Catégorie 1,yes,District de la Meuse,5530,MEUSE,Très stable,M,Spontin,Yvoir,Senenne,t0/Normal,Centre Namur,,,,
179875010,2026-06-05T10:00:00.000+02:00,,0.331,76698.0,151998.0,15410,Direction des Cours d'Eau Non Navigables,Pecq,L6910,05a-Hauteur.Complet.Alarmes,Cmd.Rel.Abs.Comp-Alarmes,DCENN,Hauteur,H,m,H,GN_STATION,DCENN/L6910/H/Cmd.Rel.Abs.Comp-Alarmes,Rieu du Pas à Wasmes,,DCENN,"40,59 km²",,13.188,DNG,Mise en service,DNG,DCENN,yes,Station appartenant à la DCENN,-,2,District de l'Escaut,District,,995491,L6910,---,yes,1764201600000,Rieu du Pas à Wasmes,Active,995491,2003-05-09 00:00:00: Active,Belgique,13.188,WALLONIE,Affluents de l'Escaut / 2,Limnimètre,Escaut (affluents),HAINAUT,1450529,,---,Escaut-Lys / EL,Escaut (affluents),Catégorie 1,yes,District de l'Escaut,7740,ESCOUT,t0/?,E,Pecq,Pecq,Pas à Wasmes,t0/Normal,Centre Mons,37/2,,,
253255010,2026-06-05T10:30:00.000+02:00,,0.391,181326.0,86860.0,12674,Direction de la Gestion hydrologique,CHOOZ,8702,05a-Hauteur.Complet.Alarmes,Cmd.Rel.Abs.Comp-Alarmes,DGH,Hauteur,H,m,H,GN_STATION,DGH/8702/H/Cmd.Rel.Abs.Comp-Alarmes,Haute Meuse (amont Dinant),"2001-11-06 00:00:00: <echX=0.2 cm/h><echY=1/10><limni=OTT R20><br>2012-12-31 00:00:00: Démontage limniphone.<br>2009-09-24 00:00:00: <fin_feuille_limni><br>2001-06-21 00:00:00: <echX=0.25 cm/h><echY=1/10><limni=OTT R20><br>1986-09-24 00:00:00: <echX=0.25 cm/h><echY=1/10><limni=NEYRTEC><br>2001-10-05 00:00:00: <echX=0.25 cm/h><echY=1/20><limni=OTT R20><br>2022-08-30 14:15:00: <sonde=OTT PLS>  Avant, c'était une sonde à pression de type CBS, bulle à bulle.",DGH,"10120,00 km²",Chooz,101.428,DNG,,DNG,DGH,yes,Direction de la Gestion hydrologique,-,29,District de la Meuse,District,Theys D.,,8702,---,yes,1253750400000,Haute Meuse (amont Dinant),Active,,1977-01-01 00:00:00: Active,France,101.428,GRAND-EST,Haute Meuse amont / 29,Limnimètre,"Haute Meuse (NA, amont Lesse)",ARDENNES,1450727,"<ACCES>
sonde dans un  local en brique à 20 m de la berge en rive gauche ; clé spécifique
</ACCES>
",---,Meuse amont / MM,"Haute Meuse (NA, amont Lesse)",Navigable,,,,,,,,,,,,,,,
241642010,2026-06-05T10:30:00.000+02:00,,0.36,246721.0,92538.0,12158,Direction de la Gestion hydrologique,MABOMPRE,6021,05a-Hauteur.Complet.Alarmes,Cmd.Rel.Abs.Comp-Alarmes,DGH,Hauteur,H,m,H,GN_STATION,DGH/6021/H/Cmd.Rel.Abs.Comp-Alarmes,Ourthe Orientale,2007-04-24 00:00:00: <echX=0.2 cm/h><echY=1/10><limni=OTT X>,DGH,"316,89 km²",Houffalize,292.29,DNG,<echX=0.291667 cm/h><echY=1/10><limni=RITTMEYER>,DNG,DGH,yes,Direction de la Gestion hydrologique,-,45,District de la Meuse,District,Smiejkowski M.,612230,6021,---,yes,986083200000,Ourthe Orientale,Active,612230,1969-03-17 00:00:00: Active,Belgique,292.29,WALLONIE,Ourthe supérieure et affluents / 45,Limnimètre,Ourthe supérieure,LUXEMBOURG,1450499,"<SITUATION>
LE LONG DE LA ROUTE LAROCHE-HOUFFALIZE.A ENVIRON 100 M EN AMONT DU PONT DIT ""PONT DE RENSIWE"".SE TROUVANT DANS LE LIT D'HIVER.RIVE DROITE.
</SITUATION>


<DESCRIPTIF>
6021112T : sonde placée dans la rivière, à l'échelle limni
6021122T : sonde placée sous le boîtier du répondeur
</DESCRIPTIF>",---,Ourthe / OU,Ourthe supérieure,Catégorie 1,,,,,,,,,,,,,,,
240333010,2026-06-05T10:35:00.000+02:00,,0.368,237626.0,144478.0,12109,Direction de la Gestion hydrologique,STREUPAS,5811,05a-Hauteur.Complet.Alarmes,Cmd.Rel.Abs.Comp-Alarmes,DGH,Hauteur sonde,H_sonde,m,H,GN_STATION,DGH/5811/H_sonde/Cmd.Rel.Abs.Comp-Alarmes,Ourthe inférieure,,DGH,,Liège,64.015,---,<date_1ere_data> <sonde=OTT PLS>,,DGH,no,Direction de la Gestion hydrologique,-,43,District de la Meuse,District,Smiejkowski M.,,5811,---,yes,1496793600000,Ourthe inférieure,Active,,2017-06-07 00:00:00: Active,Belgique,64.015,WALLONIE,Ourthe inférieure et affluents / 43,Limnimètre,Ourthe inférieure,LIEGE,1450733,"<ACCES>
Prendre rue de Streupas pour arriver sur le Quai de st Paul de Sinçay et aller à gauche pendant 100m.
La cabine se trouve en rive gauche et nécessite une clé spéciale. 
</ACCES>


<CONTACT>
La sonde est installée dans une structure appartenant à la Direction des Eaux de Surface de la DG03
(Avenue du Prince de Liège, 15 à B-5100 JAMBES).
Contact : Mr Frédéric Hourlay (tél: 081 33 60 04, email: frederic.hourlay@spw.wallonie.be).
</CONTACT>",---,Ourthe / OU,Ourthe inférieure,Navigable,,,,,,,,,,,,,,,
180371010,2026-06-05T10:00:00.000+02:00,,0.257,110386.0,144072.0,15434,Direction des Cours d'Eau Non Navigables,Maffle,L6950,05a-Hauteur.Complet.Alarmes,Cmd.Rel.Abs.Comp-Alarmes,DCENN,Hauteur,H,m,H,GN_STATION,DCENN/L6950/H/Cmd.Rel.Abs.Comp-Alarmes,Grande Hunelle,,DCENN,"80,87 km²",,34.282,DNG,Mise en service,DNG,DCENN,yes,Station appartenant à la DCENN,-,3,District de l'Escaut,District,,981300,L6950,---,yes,1057190400000,Grande Hunelle,Active,981300,2003-07-03 00:00:00: Active,Belgique,34.282,WALLONIE,Dendre et affluents / 3,Limnimètre,Dendre,HAINAUT,1450391,,---,Dendre / DE,Dendre,Catégorie 1,yes,District de l'Escaut,7810,ESCOUT,t0/?,E,Maffle,Ath,Chaussée de Mons,t0/Normal,Centre Mons,38/6,,,
238670010,2026-06-05T10:30:00.000+02:00,,0.285,265341.0,156616.0,12044,Direction de la Gestion hydrologique,KELMIS (LA CALAMINE),5291,05a-Hauteur.Complet.Alarmes,Cmd.Rel.Abs.Comp-Alarmes,DGH,Hauteur,H,m,H,GN_STATION,DGH/5291/H/Cmd.Rel.Abs.Comp-Alarmes,Gueule,2025-01-01 00:00:00: <Z_coffret_telem=6.33><bas_coffret_telem=0.2><br>2017-01-01 00:00:00: <fin_feuille_limni><br>2008-06-14 00:00:00: <echX=0.2 cm/h><echY=1/10><limni=OTT X>,DGH,,Kelmis,172.834,DNG,Inactive : rénovation complète de la station.,DNG,DGH,no,Direction de la Gestion hydrologique,-,30,District de la Meuse,District,Smiejkowski M.,720311,5291,---,yes,1213401600000,Gueule,Inactive,720311,1967-09-07 00:00:00: Active<br>2008-05-09 00:00:00: Inactive,Belgique,172.834,WALLONIE,Affluents de la Basse Meuse / 30,Limnimètre,Gueule,LIEGE,1450393,"<ACCES>
EN AVAL DU PONT ROUTE SUR LA GUEULE A LA SORTIE DE LA CALAMINE (DIRECTION HENRI-CHAPELLE).
KM 35.700 SUR LA ROUTE HENRI-CHAPELLE/LA CALAMINE.
RIVE DROITE.
2023 Barrière placée à la hauteur du limni (pas besoin de clé).
</ACCES>",---,Meuse aval / MA,Gueule,Catégorie 1,,,,,,,,,,,,,,,
180691010,2026-06-05T10:20:00.000+02:00,,0.444,221713.0,55650.0,15448,Direction des Cours d'Eau Non Navigables,Martilly,L6980,05a-Hauteur.Complet.Alarmes,Cmd.Rel.Abs.Comp-Alarmes,DCENN,Hauteur,H,m,H,GN_STATION,DCENN/L6980/H/Cmd.Rel.Abs.Comp-Alarmes,Ruisseau de Neufchâteau,,DCENN,"65,94 km²",,352.47,DNG,Mise en service,DNG,DCENN,yes,Station appartenant à la DCENN,-,19,District de la Meuse,District,,151300,L6980,---,yes,1600214400000,Ruisseau de Neufchâteau,Active,151300,2003-08-11 00:00:00: Active,Belgique,352.47,WALLONIE,Vierre et affluents / 19,Limnimètre,Vierre,LUXEMBOURG,1450573,,---,Semois-Chiers / SC,Vierre,Catégorie 1,yes,District de la Meuse,6887,MEUSE,t0/?,M,Straimont,Herbeumont,Rue de la Cochette,t0/Normal,Centre Marche,67/4,,,
192790010,2026-06-05T10:00:00.000+02:00,,0.321,76541.0,141079.0,15908,Direction des Cours d'Eau Non Navigables,Froidmont,L7890,05a-Hauteur.Complet.Alarmes,Cmd.Rel.Abs.Comp-Alarmes,DCENN,Hauteur,H,m,H,GN_STATION,DCENN/L7890/H/Cmd.Rel.Abs.Comp-Alarmes,Ruisseau des Barges,,DCENN,"19,12 km²",,36.97,DNG,Mise en service,DNG,DCENN,yes,Station appartenant à la Province du Hainaut,-,2,District de l'Escaut,District,,992371,L7890,---,yes,1388534400000,Ruisseau des Barges,Active,992371,2014-04-15 00:00:00: Active,Belgique,36.97,WALLONIE,Affluents de l'Escaut / 2,Limnimètre,Escaut (affluents),HAINAUT,1450587,,---,Escaut-Lys / EL,Escaut (affluents),Catégorie 2,yes,District de l'Escaut,7504,ESCOUT,t0/?,E,Froidmont,Tournai,Rue de la Source,t0/Normal,Centre Mons,,,,
238222010,2026-06-05T10:35:00.000+02:00,,0.851,53125.0,162231.0,12026,Direction de la Gestion hydrologique,COMINES Aval Bar-Ecl,3884,05a-Hauteur.Complet.Alarmes,Cmd.Rel.Abs.Comp-Alarmes,DGH,Hauteur,H,m,H,GN_STATION,DGH/3884/H/Cmd.Rel.Abs.Comp-Alarmes,Lys,1997-10-22 00:00:00: Mise en service de la télémesure.<br>2018-07-17 00:00:00: <codeur_seul><br>2017-01-01 00:00:00: <fin_feuille_limni><br>2023-02-23 10:00:00: <sonde=OTT PLS> Plus de limni ni de codeur.,DGH,,Comines-Warneton,10.907,DNG,<echX=0.2 cm/h><echY=1/10><limni=OTT X>,DNG,DGH,no,Direction de la Gestion hydrologique,-,0,District de l'Escaut,District,Lefèvre C.,,3884,---,yes,1005868800000,Lys,Active,,1990-01-01 00:00:00: Active,Belgique,10.907,WALLONIE,Lys et affluents / 0,Limnimètre,Lys,HAINAUT,1450453,"<ACCES>
Route des écluses.
</ACCES>",---,Escaut-Lys / EL,Lys,Navigable,,,,,,,,,,,,,,,
164339010,2026-06-05T10:00:00.000+02:00,,0.326,199752.0,70397.0,14720,Direction des Cours d'Eau Non Navigables,Graide,L5540,05a-Hauteur.Complet.Alarmes,Cmd.Rel.Abs.Comp-Alarmes,DCENN,Hauteur,H,m,H,GN_STATION,DCENN/L5540/H/Cmd.Rel.Abs.Comp-Alarmes,Ruisseau de Graide,,DCENN,"10,60 km²",,357.542,DNG,Mise en service,DNG,DCENN,yes,Station appartenant à la DCENN,-,26,District de la Meuse,District,,212322,L5540,---,yes,149299200000,Ruisseau de Graide,Active,212322,1974-09-25 00:00:00: Active,Belgique,357.542,WALLONIE,Haute Lesse et affluents / 26,Limnimètre,Haute Lesse,NAMUR,1450553,,---,Lesse / LE,Haute Lesse,Catégorie 2,yes,District de la Meuse,5555,MEUSE,Stable,M,Graide,Bièvre,Rue de la station,t0/Normal,Centre Namur,64/1,,,
243520010,2026-06-05T10:30:00.000+02:00,,0.457,250013.0,123454.0,12245,Direction de la Gestion hydrologique,TARGNON,6671,05a-Hauteur.Complet.Alarmes,Cmd.Rel.Abs.Comp-Alarmes,DGH,Hauteur,H,m,H,GN_STATION,DGH/6671/H/Cmd.Rel.Abs.Comp-Alarmes,Amblève,2025-04-08 12:00:00: <sonde=OTT PLS><br>2025-01-01 00:00:00: <Z_coffret_telem=5.383><br>2007-09-19 00:00:00: <echX=0.2 cm/h><echY=1/10><limni=OTT X>,DGH,"806,85 km²",Stoumont,185.68,DNG,<echX=0.291667 cm/h><echY=1/10><limni=RITTMEYER>,DNG,DGH,no,Direction de la Gestion hydrologique,-,41,District de la Meuse,District,Smiejkowski M.,535120,6671,---,yes,-49075200000,Amblève,Active,535120,1968-06-12 00:00:00: Active,Belgique,185.68,WALLONIE,Amblève et affluents / 41,Limnimètre,Amblève,LIEGE,1450265,"<HISTORIQUE>
Un limnigraphe à flotteur était installé depuis 1968 : un RITTMEYER remplacé par un OTT en 2007 (voir journal).
Cette installation se trouvait en rive gauche, environ 5m en aval du pont route, sur la route de Targnon à Lierneux.
En avril 2025, ce système a été remplacé par une sonde hydrostatique, fixée à la pile du même pont, côté aval, à côté de l'échelle.
</HISTORIQUE>

<TARAGE>
20260227
Extrapolation arbitraire du sommet de courbe de 3.25 à 4m.
</TARAGE>



",---,Amblève / AM,Amblève,Catégorie 1,,,,,,,,,,,,,,,
188824010,2026-06-05T10:20:00.000+02:00,,0.734,194731.0,128043.0,15726,Direction des Cours d'Eau Non Navigables,Thon,L7560,05a-Hauteur.Complet.Alarmes,Cmd.Rel.Abs.Comp-Alarmes,DCENN,Hauteur,H,m,H,GN_STATION,DCENN/L7560/H/Cmd.Rel.Abs.Comp-Alarmes,Samson,,DCENN,"111,71 km²",,82.977,DNG,Remise en service,DNG,DCENN,yes,Station appartenant à la DCENN,-,28,District de la Meuse,District,,465240,L7560,---,yes,1628553600000,Samson,Active,465240,2011-08-24 00:00:00: Active<br>2020-07-22 00:00:00: Inactive<br>2021-08-10 00:00:00: Active,Belgique,82.977,WALLONIE,Affluents de la Haute Meuse / 28,Limnimètre,Samson,NAMUR,1450643,,---,Meuse amont / MM,Samson,Catégorie 1,no,District de la Meuse,5300,MEUSE,Stable,M,Thon,Andenne,Rue du Samson,t0/Normal,Centre Namur,,,,
169445010,2026-06-05T09:00:00.000+02:00,,0.263,218889.0,156963.0,14947,Direction des Cours d'Eau Non Navigables,Grandville,L6040,05a-Hauteur.Complet.Alarmes,Cmd.Rel.Abs.Comp-Alarmes,DCENN,Hauteur,H,m,H,GN_STATION,DCENN/L6040/H/Cmd.Rel.Abs.Comp-Alarmes,Yerne,,DCENN,"62,30 km²",,100.366,DNG,Mise en service,DNG,DCENN,yes,Station appartenant à la DCENN,-,37,District de la Meuse,District,,711401,L6040,---,yes,1222128000000,Yerne,Active,711401,1983-10-14 00:00:00: Active,Belgique,100.366,WALLONIE,Geer et affluents / 37,Limnimètre,Geer,LIEGE,1450723,,---,Meuse aval / MA,Geer,Catégorie 1,yes,District de la Meuse,4360,MEUSE,Instable,M,Grandville,Oreye,Rue du village,t0/Normal,Centre Liège,41/4,,,
183335010,2026-06-05T10:20:00.000+02:00,,0.23,135948.0,74007.0,15565,Direction des Cours d'Eau Non Navigables,Macquenoise,L7200,05a-Hauteur.Complet.Alarmes,Cmd.Rel.Abs.Comp-Alarmes,DCENN,Hauteur,H,m,H,GN_STATION,DCENN/L7200/H/Cmd.Rel.Abs.Comp-Alarmes,Oise,,DCENN,"32,21 km²",,225.495,DNG,Mise en service,DNG,DCENN,yes,Station appartenant à la DCENN,-,52,District de la Seine,District,,300300,L7200,---,yes,1094601600000,Oise,Active,300300,2004-09-08 00:00:00: Active,Belgique,225.495,WALLONIE,Oise et affluents / 52,Limnimètre,Oise,HAINAUT,1450487,,---,Oise / OS,Oise,Catégorie 2,yes,District de la Seine,6593,SEINE,t0/?,S,Macquenoise,Momignies,Le Val d'Oise,t0/Normal,Centre Mons,62/1,,,
235216010,2026-06-05T10:35:00.000+02:00,,1.847,139798.0,144161.0,11896,Direction de la Gestion hydrologique,RONQUIERES Bief Aval,2483,05a-Hauteur.Complet.Alarmes,Cmd.Rel.Abs.Comp-Alarmes,DGH,Hauteur,H,m,H,GN_STATION,DGH/2483/H/Cmd.Rel.Abs.Comp-Alarmes,Canal Charleroi-Bruxelles (Senne),2017-03-28 00:00:00: <echX=0.2 cm/h><echY=1/5><zeroFeuille=1.5> Placement d'une échelle en DNG.<br>2001-12-14 00:00:00: <echX=0.2 cm/h><echY=1/5><zeroFeuille=1>,DGH,,Braine-le-Comte,52.0,---,<echX=0.2 cm/h><echY=1/5>,,DGH,no,Direction de la Gestion hydrologique,-,51,District de l'Escaut,District,Lefèvre C.,,2483,---,yes,1490659200000,Canal Charleroi-Bruxelles (Senne),Active,,1994-01-01 00:00:00: Active,Belgique,52.0,WALLONIE,Sennette et Canal Charleroi Bruxelles / 51,Limnimètre,Sennette,HAINAUT,1450317,"<ACCES>
En rive droite, à hauteur de l'embranchement de l'ancien canal. Accès par petite route entre 2371 et ancien canal.
</ACCES>",---,Senne / SN,Sennette,Navigable,,,,,,,,,,,,,,,
242295010,2026-06-05T10:35:00.000+02:00,,0.697,240980.0,142873.0,12192,Direction de la Gestion hydrologique,CHAUDFONTAINE Pisc,6228,05a-Hauteur.Complet.Alarmes,Cmd.Rel.Abs.Comp-Alarmes,DGH,Hauteur,H,m,H,GN_STATION,DGH/6228/H/Cmd.Rel.Abs.Comp-Alarmes,Vesdre,2025-01-01 00:00:00: <Z_coffret_telem=3.509><bas_coffret_telem=0.2><br>2007-04-17 00:00:00: <echX=0.2 cm/h><echY=1/10><limni=OTT X><br>1991-07-03 00:00:00: <echX=0.291667 cm/h><echY=1/10><limni=RITTMEYER>,DGH,"683,26 km²",Chaudfontaine,77.626,DNG,<date_1ere_data><echX=0.2 cm/h><echY=1/10><limni=NEYRPIC>,DNG,DGH,yes,Direction de la Gestion hydrologique,-,38,District de la Meuse,District,Smiejkowski M.,560260,6228,---,yes,170899200000,Vesdre,Active,560260,1975-06-02 00:00:00: Active,Belgique,77.626,WALLONIE,Vesdre et affluents / 38,Limnimètre,Vesdre,LIEGE,1450697,"<ACCES>
LE LONG DU SENTIER,A 100 M EN AVAL DU PONT-ROUTE DE LA VESDRE A CHAUDFONTAINE. 
A 1.300 KM DU CENTRE DE CHAUDFONTAINE.EN FACE DE LA PISCINE (rive droite)
</ACCES>


<DESCRIPTIF>
mise en service centrale hydro sur le site coca cola AVL en 2016. Il y a plusieurs centrales entre 6302 et 6228.
</DESCRIPTIF>

",---,Vesdre / VE,Vesdre,Catégorie 1,,,,,,,,,,,,,,,
398877010,2026-06-05T10:30:00.000+02:00,,13.39,77608.79,153684.114,9299137,Direction de la Gestion hydrologique,PECQ,3270,05a-Hauteur absolue.Complet.Alarmes,Cmd.Abs.Comp-Alarmes,DGH,Hauteur sonde,Habs_sonde,m,H,GN_STATION,DGH/3270/Habs_sonde/Cmd.Abs.Comp-Alarmes,Escaut,,DGH,,Pecq,0.0,DNG,<Sonde OTT PLS>,DNG,DGH,no,Direction de la Gestion hydrologique,-,1,District de l'Escaut,District,Lefèvre C.,,3270,---,yes,1737504000000,Escaut,Active,,2025-01-22 00:00:00: Active,Belgique,0.0,WALLONIE,Escaut / 1,Limnimètre,,HAINAUT,1450363,,---,Escaut-Lys / EL,Escaut (NA),,,,7740,,,,Pecq,Pecq,,,,,,,
254233010,2026-06-05T08:30:00.000+02:00,,0.228,163095.0,77963.0,12717,Direction de la Gestion hydrologique,PETIGNY  Ry de Rome,9221,05a-Hauteur.Complet.Alarmes,Cmd.Rel.Abs.Comp-Alarmes,DGH,Hauteur,H,m,H,GN_STATION,DGH/9221/H/Cmd.Rel.Abs.Comp-Alarmes,Ry de Rome,2000-11-28 00:00:00: <echX=0.2 cm/h><echY=1/5><limni=OTT X><br>1999-09-02 00:00:00: Mise en service de la télémesure.<br>2025-01-01 00:00:00: <Z_coffret_telem=2.158><bas_coffret_telem=0.2>,DGH,"6,40 km²",Couvin,280.138,---,<echX=0.2 cm/h><echY=1/10><limni=OTT X>,,DGH,no,Direction de la Gestion hydrologique,-,23,District de la Meuse,District,Theys D.,321801,9221,---,yes,180230400000,Ry de Rome,Active,321801,1975-09-18 00:00:00: Active<br>1999-04-29 00:00:00: Inactive<br>1999-06-14 00:00:00: Active,Belgique,280.138,WALLONIE,Eau Noire et affluents / 23,Limnimètre,Eau Noire,NAMUR,1450629,"<ACCES>
Le long du chemin macadamisé bordant le lac ; accès par barrière levante avec badge spécifique.
</ACCES>",---,Meuse amont / MM,Eau Noire,Catégorie 2,,,,,,,,,,,,,,,
238351010,2026-06-05T10:35:00.000+02:00,,0.894,52382.0,161819.0,12032,Direction de la Gestion hydrologique,COMINES Amont B-Ecl,3886,05a-Hauteur.Complet.Alarmes,Cmd.Rel.Abs.Comp-Alarmes,DGH,Hauteur,H,m,H,GN_STATION,DGH/3886/H/Cmd.Rel.Abs.Comp-Alarmes,Lys,2017-01-01 00:00:00: <fin_feuille_limni><br>2018-07-17 00:00:00: <codeur_seul><br>1996-06-17 00:00:00: <limni=OTT X><br>1997-10-22 00:00:00: Mise en service de la télémesure.,DGH,,Comines-Warneton,12.011,---,<echX=0.2 cm/h><echY=1/10><limni=OTTR16>,,DGH,no,Direction de la Gestion hydrologique,-,0,District de l'Escaut,District,Lefèvre C.,,3886,---,yes,834969600000,Lys,Active,,1990-01-01 00:00:00: Active,Belgique,12.011,WALLONIE,Lys et affluents / 0,Limnimètre,Lys,HAINAUT,1450453,"<ACCES>
Route des écluses.
</ACCES>

<HISTORIQUE>
La flottaison normale est passée de 13.18m à 13.03m, en accord avec les Français (durant l'été 2017 ?).
</HISTORIQUE>",---,Escaut-Lys / EL,Lys,Navigable,,,,,,,,,,,,,,,
193162010,2026-06-05T10:20:00.000+02:00,,0.028,161407.0,114107.0,15925,Direction des Cours d'Eau Non Navigables,Gerpinnes (Hanzinne  aval),L7920,05a-Hauteur.Complet.Alarmes,Cmd.Rel.Abs.Comp-Alarmes,DCENN,Hauteur,H,m,H,GN_STATION,DCENN/L7920/H/Cmd.Rel.Abs.Comp-Alarmes,Ruisseau d'Hanzinne,,DCENN,"28,87 km²",,175.14,DNG,Mise en service,DNG,DCENN,yes,Station appartenant à la Province du Hainaut,-,12,District de la Meuse,District,,382300,L7920,---,yes,1388534400000,Ruisseau d'Hanzinne,Active,382300,2014-04-15 00:00:00: Active,Belgique,175.14,WALLONIE,Affluents de la Basse Sambre / 12,Limnimètre,Basse Sambre (affluents),HAINAUT,1450599,,---,Sambre / SA,Basse Sambre (affluents),Catégorie 2,yes,District de la Meuse,6280,MEUSE,t0/?,M,Gerpinnes,Gerpinnes,Rue du Moulin,t0/Normal,Centre Mons,,,,
236731010,2026-06-05T10:00:00.000+02:00,,1.038,79602.0,146571.0,11956,Direction de la Gestion hydrologique,KAIN Amont Bar-Ecl,3276,05a-Hauteur.Complet.Alarmes,Cmd.Rel.Abs.Comp-Alarmes,DGH,Hauteur,H,m,H,GN_STATION,DGH/3276/H/Cmd.Rel.Abs.Comp-Alarmes,Escaut,1981-07-15 00:00:00: Mise en service de la télémesure.<br>2015-08-29 00:00:00: <fin_feuille_limni><br>2007-05-31 00:00:00: <echX=0.2 cm/h><echY=1/10><limni=OTT>,DGH,,Tournai,14.0,DNG,<date_1ere_data><echX=0.291667 cm/h><echY=1/10><limni=RITTMEYER>,DNG,DGH,no,Direction de la Gestion hydrologique,-,1,District de l'Escaut,District,Lefèvre C.,,3276,---,yes,938649600000,Escaut,Active,,1979-01-01 00:00:00: Active,Belgique,14.0,WALLONIE,Escaut / 1,Limnimètre,Escaut (NA),HAINAUT,1450363,"<ACCES>
RIVE GAUCHE - 300 M EN AMONT DE L'ECLUSE Accès par rue de la Borgnette puis halage à gauche. Affichage dans boîtier répondeur, petite clé.
</ACCES>

",---,Escaut-Lys / EL,Escaut (NA),Navigable,,,,,,,,,,,,,,,
248317010,2026-06-05T10:35:00.000+02:00,,1.108,139920.0,112169.0,12448,Direction de la Gestion hydrologique,FONT-VALMONT Am B-E,7466,05a-Hauteur.Complet.Alarmes,Cmd.Rel.Abs.Comp-Alarmes,DGH,Hauteur,H,m,H,GN_STATION,DGH/7466/H/Cmd.Rel.Abs.Comp-Alarmes,Haute Sambre,2007-03-13 00:00:00: <echX=0.2 cm/h><echY=1/10><limni=OTT X><br>2017-01-01 00:00:00: <fin_feuille_limni>,DGH,,Thuin,118.002,DNG,<date_1ere_data><echX=0.291667 cm/h><echY=1/10><limni=RITTMEYER>,DNG,DGH,no,Direction de la Gestion hydrologique,-,8,District de la Meuse,District,Lefèvre C.,,7466,---,yes,390700800000,Haute Sambre,Active,,1982-05-20 00:00:00: Active,Belgique,118.002,WALLONIE,Haute Sambre / 8,Limnimètre,Haute Sambre (NA),HAINAUT,1450403,"<ACCES>
RIVE GAUCHE - 300 M EN AMONT DE L'ECLUSE Accès par rue du Sarty, puis à droite sur le halage. Affichage dans boîtier à l'arrière, petite clé.
</ACCES>",---,Sambre / SA,Haute Sambre (NA),Navigable,,,,,,,,,,,,,,,
166941010,2026-06-05T10:00:00.000+02:00,,0.575,187715.0,113795.0,14840,Direction des Cours d'Eau Non Navigables,Yvoir,L5800,05a-Hauteur.Complet.Alarmes,Cmd.Rel.Abs.Comp-Alarmes,DCENN,Hauteur,H,m,H,GN_STATION,DCENN/L5800/H/Cmd.Rel.Abs.Comp-Alarmes,Bocq,,DCENN,"230,00 km²",,100.576,DNG,Mise en service,DNG,DCENN,yes,Station appartenant à la DCENN,-,28,District de la Meuse,District,,421200,L5800,---,yes,1762473600000,Bocq,Active,421200,1979-02-04 00:00:00: Active,Belgique,100.576,WALLONIE,Affluents de la Haute Meuse / 28,Limnimètre,Bocq,NAMUR,1450293,,---,Meuse amont / MM,Bocq,Catégorie 1,yes,District de la Meuse,5530,MEUSE,Stable,M,Yvoir,Yvoir,Rue du Redeau,t0/Normal,Centre Namur,53/4,,,
177321010,2026-06-05T10:00:00.000+02:00,,0.193,126144.0,118021.0,15303,Direction des Cours d'Eau Non Navigables,Givry,L6710,05a-Hauteur.Complet.Alarmes,Cmd.Rel.Abs.Comp-Alarmes,DCENN,Hauteur,H,m,H,GN_STATION,DCENN/L6710/H/Cmd.Rel.Abs.Comp-Alarmes,Trouille,,DCENN,"55,72 km²",,61.171,DNG,Mise en service,DNG,DCENN,yes,Station appartenant à la DCENN,-,4,District de l'Escaut,District,,902300,L6710,---,yes,1769644800000,Trouille,Active,902300,2000-05-29 00:00:00: Active,Belgique,61.171,WALLONIE,Haine et affluents / 4,Limnimètre,Haine,HAINAUT,1450689,,---,Haine / HN,Haine,Catégorie 1,yes,District de l'Escaut,7041,ESCOUT,Très stable,E,Givry,Quévy,Rue MontLiaux,t0/Normal,Centre Mons,51/4,,,
243391010,2026-06-05T10:35:00.000+02:00,,0.549,245200.0,130754.0,12239,Direction de la Gestion hydrologique,REMOUCHAMPS,6651,05a-Hauteur.Complet.Alarmes,Cmd.Rel.Abs.Comp-Alarmes,DGH,Hauteur,H,m,H,GN_STATION,DGH/6651/H/Cmd.Rel.Abs.Comp-Alarmes,Amblève,2016-12-08 00:00:00: <fin_feuille_limni><br>2007-10-18 00:00:00: <echX=0.2 cm/h><echY=1/10><limni=OTT>,DGH,,Aywaille,126.268,---,<echX=0.291667 cm/h><echY=1/10><limni=RITTMEYER>,,DGH,no,Direction de la Gestion hydrologique,-,41,District de la Meuse,District,Smiejkowski M.,535120,6651,---,yes,-86659200000,Amblève,Active,535120,1967-04-04 00:00:00: Active,Belgique,126.268,WALLONIE,Amblève et affluents / 41,Limnimètre,Amblève,LIEGE,1450265,"SITUATION 66511011
+-10M EN AVAL DU PONT-ROUTE SUR L'AMBLEVE (DE AYWAILLE A REMOUCHAMPS) en RG


<TARAGE>
20250611 - résilience crue
Le Zv est 5.423m et le bas du répondeur est 80cm plus bas que le limni : la limite sup de la CT est donc portée à 4.700m.
</TARAGE>

<DEBIT_SUBSTITUTION>
Les débits de Remouchamps sont calculés avec les jaugeages de Martinrive associés aux hauteurs de Remouchamps.
</DEBIT_SUBSTITUTION>",---,Amblève / AM,Amblève,Catégorie 1,,,,,,,,,,,,,,,
189676010,2026-06-05T10:00:00.000+02:00,,0.223,172055.0,159931.0,15767,Direction des Cours d'Eau Non Navigables,Archennes,L7620,05a-Hauteur.Complet.Alarmes,Cmd.Rel.Abs.Comp-Alarmes,DCENN,Hauteur,H,m,H,GN_STATION,DCENN/L7620/H/Cmd.Rel.Abs.Comp-Alarmes,Train,,DCENN,"73,04 km²",,39.02,DNG,Mise en service,DNG,DCENN,yes,Station appartenant à la DCENN,-,6,District de l'Escaut,District,,855311,L7620,---,yes,1293840000000,Train,Active,855311,2011-05-25 00:00:00: Active,Belgique,39.02,WALLONIE,Dyle et affluents / 6,Limnimètre,Dyle,BRABANT WALLON,1450683,,---,Dyle-Gette / DG,Dyle,Catégorie 1,yes,District de l'Escaut,1390,ESCOUT,Stable,E,Archennes,Grez-Doiceau,Rue du Tilleul,t0/Normal,Centre Mons,,,,
183805010,2026-06-05T10:40:00.000+02:00,,0.248,193851.0,153663.0,15586,Direction des Cours d'Eau Non Navigables,Orp-le-Grand,L7231,05a-Hauteur.Complet.Alarmes,Cmd.Rel.Abs.Comp-Alarmes,DCENN,Hauteur,H,m,H,GN_STATION,DCENN/L7231/H/Cmd.Rel.Abs.Comp-Alarmes,Ruisseau de Petit Hallet,,DCENN,"73,13 km²",,70.26,DNG,Mise en service,DNG,DCENN,yes,Station appartenant à la DCENN,-,7,District de l'Escaut,District,,800502,L7231,---,yes,1095033600000,Ruisseau de Petit Hallet,Active,800502,2004-09-13 00:00:00: Active,Belgique,70.26,WALLONIE,Gette et affluents / 7,Limnimètre,Gette,BRABANT WALLON,1450575,,---,Dyle-Gette / DG,Gette,Catégorie 1,yes,District de l'Escaut,1350,ESCOUT,t0/?,E,Orp-le-Grand,Orp-Jauche,Rue de Biamont,t0/Normal,Centre Mons,40/4,,,
194014010,2026-06-05T10:40:00.000+02:00,,0.356,161999.0,102957.0,15965,Direction des Cours d'Eau Non Navigables,Yves-Gomzée,L7990,05a-Hauteur.Complet.Alarmes,Cmd.Rel.Abs.Comp-Alarmes,DCENN,Hauteur,H,m,H,GN_STATION,DCENN/L7990/H/Cmd.Rel.Abs.Comp-Alarmes,Ry d'Yves,,DCENN,"41,40 km²",,215.43,DNG,Mise en service,DNG,DCENN,yes,Station appartenant à la DCENN,-,10,District de la Meuse,District,,363501,L7990,---,yes,1448928000000,Ry d'Yves,Active,363501,2015-12-31 00:00:00: Active,Belgique,215.43,WALLONIE,Eau d'heure et affluents / 10,Limnimètre,Eau d'heure,NAMUR,1450633,,---,Sambre / SA,Eau d'heure,Catégorie 2,yes,District de la Meuse,5650,MEUSE,t0/?,M,Yves-Gomezée,Walcourt,Rue Froidmont,t0/Normal,Centre Namur,,,,
251581010,2026-06-05T10:35:00.000+02:00,,0.391,182807.0,110488.0,12591,Direction de la Gestion hydrologique,WARNANT,8163,05a-Hauteur.Complet.Alarmes,Cmd.Rel.Abs.Comp-Alarmes,DGH,Hauteur,H,m,H,GN_STATION,DGH/8163/H/Cmd.Rel.Abs.Comp-Alarmes,Molignée,2000-11-23 00:00:00: <echX=0.2 cm/h><echY=1/5><limni=OTT X><br>2000-11-17 00:00:00: <echX=0.2 cm/h><echY=1/10><limni=OTT X>,DGH,"125,39 km²",Anhée,107.507,---,<echX=0.291667 cm/h><echY=1/5><limni=RITTMEYER>,,DGH,yes,Direction de la Gestion hydrologique,-,28,District de la Meuse,District,Theys D.,400300,8163,---,yes,-57456000000,Molignée,Active,400300,1968-03-07 00:00:00: Active,Belgique,107.507,WALLONIE,Affluents de la Haute Meuse / 28,Limnimètre,Molignée,NAMUR,1450471,,---,Meuse amont / MM,Molignée,Catégorie 1,,,,,,,,,,,,,,,
174883010,2026-06-05T10:00:00.000+02:00,,0.683,257828.0,119661.0,15190,Direction des Cours d'Eau Non Navigables,Stavelot,L6510,05a-Hauteur.Complet.Alarmes,Cmd.Rel.Abs.Comp-Alarmes,DCENN,Hauteur,H,m,H,GN_STATION,DCENN/L6510/H/Cmd.Rel.Abs.Comp-Alarmes,Amblève,,DCENN,"491,63 km²",,245.58,DNG,Mise en service,DNG,DCENN,yes,Station appartenant à la DCENN,-,41,District de la Meuse,District,,535120,L6510,---,yes,1080777600000,Amblève,Active,535120,1994-06-13 00:00:00: Active,Belgique,245.58,WALLONIE,Amblève et affluents / 41,Limnimètre,Amblève,LIEGE,1450265,,---,Amblève / AM,Amblève,Catégorie 1,yes,District de la Meuse,4970,MEUSE,Stable,M,Stavelot,Stavelot,Petit-Spay,t0/Normal,Centre Liège,49/8,,,
168655010,2026-06-05T10:20:00.000+02:00,,0.364,185297.0,116813.0,14918,Direction des Cours d'Eau Non Navigables,Profondeville,L6001,05a-Hauteur.Complet.Alarmes,Cmd.Rel.Abs.Comp-Alarmes,DCENN,Hauteur,H,m,H,GN_STATION,DCENN/L6001/H/Cmd.Rel.Abs.Comp-Alarmes,Burnot,,DCENN,"66,97 km²",,89.199,DNG,Mise en service,DNG,DCENN,yes,Station appartenant à la DCENN,-,28,District de la Meuse,District,,460651,L6001,---,yes,680832000000,Burnot,Active,460651,1991-07-30 00:00:00: Active,Belgique,89.199,WALLONIE,Affluents de la Haute Meuse / 28,Limnimètre,Burnot,NAMUR,1450303,,---,Meuse amont / MM,Burnot,Catégorie 1,yes,District de la Meuse,5170,MEUSE,Stable,M,Profondeville,Profondeville,Rue des béguinnes,t0/Normal,Centre Namur,53/3,,,
163761010,2026-06-05T10:00:00.000+02:00,,0.432,234016.0,46840.0,14694,Direction des Cours d'Eau Non Navigables,Marbehan,L5500,05a-Hauteur.Complet.Alarmes,Cmd.Rel.Abs.Comp-Alarmes,DCENN,Hauteur,H,m,H,GN_STATION,DCENN/L5500/H/Cmd.Rel.Abs.Comp-Alarmes,Mellier,,DCENN,"62,00 km²",,348.24,DNG,Mise en service,DNG,DCENN,yes,Station appartenant à la DCENN,-,18,District de la Meuse,District,,134300,L5500,---,yes,140227200000,Mellier,Active,134300,1974-06-12 00:00:00: Active,Belgique,348.24,WALLONIE,Haute Semois et affluents / 18,Limnimètre,Haute Semois,LUXEMBOURG,2621474,,---,Semois-Chiers / SC,Haute Semois,Catégorie 1,yes,District de la Meuse,6724,MEUSE,Très stable,M,Marbehan,Habay,Rue Chenel,t0/Normal,Centre Marche,68/5,,,
371898010,2026-06-05T10:35:00.000+02:00,,1.177,236716.0,132378.0,5714170,Direction de la Gestion hydrologique,CHANXHE,5896,05a-Hauteur.Complet.Alarmes,Cmd.Rel.Abs.Comp-Alarmes,DGH,Hauteur sonde,H_sonde,m,H,GN_STATION,DGH/5896/H_sonde/Cmd.Rel.Abs.Comp-Alarmes,Ourthe inférieure,,DGH,,Sprimont,94.0,DNG,<sonde=OTT PLS>,DNG,DGH,no,Direction de la Gestion hydrologique,-,43,District de la Meuse,District,Smiejkowski M.,,5896,---,yes,1680048000000,Ourthe inférieure,Active,,2023-03-29 00:00:00: Active,Belgique,94.0,WALLONIE,Ourthe inférieure et affluents / 43,Limnimètre,Meuse moyenne (NA),LIEGE,1450733,"<ACCES>
Sur le site de la centrale hydroélectrique.
Il faut prévenir le garde pour désactiver l'alarme. 
Contacter : Pascale Beuken 0476/21.34.20 ou Niels Duchêne 0474/52.12.96 ou Frédéric Chaudoir 0479/65.07.55
La clé d'accès est sur le mur de la cabine électrique, situé sur la Rue de Rivage dans le coffret du bas.
</ACCES>
",---,Ourthe / OU,Ourthe inférieure,Navigable,,,,,,,,,,,,,,,
239329010,2026-06-05T10:35:00.000+02:00,,0.628,216964.0,156990.0,12066,Direction de la Gestion hydrologique,BERGILERS Amont,5572,05a-Hauteur.Complet.Alarmes,Cmd.Rel.Abs.Comp-Alarmes,DGH,Hauteur,H,m,H,GN_STATION,DGH/5572/H/Cmd.Rel.Abs.Comp-Alarmes,Geer,"1969-05-08 00:00:00: 5571
Un limni OTT 53 est installé en rive droite, à l'aval du pont route sur la route de Waremme à Oreye.
<echX=0.2 cm/h><echY=1/10><br>1972-10-30 00:00:00: 5571
Le OTT 53 est remplacé par un Rittmeyer, au même endroit.
<echX=0.291667 cm/h><echY=1/5>
Il sera exploité jusqu'au 16/03/1986.
Aucune donnée n'a jamais été enregistrée en BD sous le code 5571.<br>2025-11-06 00:00:00: <Z_coffret_telem=3.040><bas_coffret_telem=0.2><br>1998-10-02 00:00:00: <limni=OTT X>",DGH,"123,39 km²",Oreye,102.661,DNG,<echX=0.2 cm/h><echY=1/10><limni=SEBA>,DNG,DGH,no,Direction de la Gestion hydrologique,-,37,District de la Meuse,District,Smiejkowski M.,711210,5572,---,yes,464400000000,Geer,Active,711210,1984-09-19 00:00:00: Active,Belgique,102.661,WALLONIE,Geer et affluents / 37,Limnimètre,Geer,LIEGE,1450377,"<ACCES>
En rive gauche, en amont du pont-route de Waremme à Oreye, à 2,25 km de la sortie de l'autoroute E40 en direction d'Oreye.
</ACCES>",---,Meuse aval / MA,Geer,Catégorie 1,,,,,,,,,,,,,,,
174093010,2026-06-05T10:40:00.000+02:00,,0.528,73118.0,154620.0,15157,Direction des Cours d'Eau Non Navigables,Estaimpuis,L6450,05a-Hauteur.Complet.Alarmes,Cmd.Rel.Abs.Comp-Alarmes,DCENN,Hauteur,H,m,H,GN_STATION,DCENN/L6450/H/Cmd.Rel.Abs.Comp-Alarmes,Espierres,,DCENN,"72,00 km²",,14.777,DNG,Mise en service,DNG,DCENN,yes,Station appartenant à la DCENN,-,2,District de l'Escaut,District,,996300,L6450,---,yes,1764201600000,Espierres,Active,996300,1991-08-20 00:00:00: Active,Belgique,14.777,WALLONIE,Affluents de l'Escaut / 2,Limnimètre,Escaut (affluents),HAINAUT,1450365,,---,Escaut-Lys / EL,Escaut (affluents),Catégorie 1,yes,District de l'Escaut,7730,ESCOUT,Stable,E,Estaimpuis,Estaimpuis,Rue Hermonpont,t0/Normal,Centre Mons,37/1,,,
252719010,2026-06-05T10:30:00.000+02:00,,0.265,180660.0,98975.0,12650,Direction de la Gestion hydrologique,HASTIERE,8622,05a-Hauteur.Complet.Alarmes,Cmd.Rel.Abs.Comp-Alarmes,DGH,Hauteur,H,m,H,GN_STATION,DGH/8622/H/Cmd.Rel.Abs.Comp-Alarmes,Hermeton,2014-01-31 00:00:00: <fin_feuille_limni><br>2006-03-21 00:00:00: <echX=0.4 cm/h><echY=1/5><limni=OTT XX><br>2004-05-27 00:00:00: <echX=0.2 cm/h><echY=1/5><limni=OTT XX><br>1977-07-28 00:00:00: <echX=0.291667 cm/h><echY=1/5><limni=RITTMEYER><br>2025-01-01 00:00:00: <Z_coffret_telem=3.474><bas_coffret_telem=0.2>,DGH,"166,04 km²",Hastière,102.813,DNG,<echX=0.291667 cm/h><echY=1/10><limni=RITTMEYER>,DNG,DGH,yes,Direction de la Gestion hydrologique,-,28,District de la Meuse,District,Theys D.,342230,8622,---,yes,-72576000000,Hermeton,Active,342230,1967-09-14 00:00:00: Active,Belgique,102.813,WALLONIE,Affluents de la Haute Meuse / 28,Limnimètre,Hermeton,NAMUR,1450419,"<SITUATION>
8622112T : la sonde de température est placée dans la rivière.
</SITUATION>

<ACCES>
limnigraphe situé au bout d'un chemin forestier , à 1 km de la route Dinant -Givet ; chemin peu carrossable en cas de pluie
</ACCES>

",---,Meuse amont / MM,Hermeton,Catégorie 1,,,,,,,,,,,,,,,
251929010,2026-06-05T10:35:00.000+02:00,,0.476,192403.0,100195.0,12607,Direction de la Gestion hydrologique,GENDRON,8221,05a-Hauteur.Complet.Alarmes,Cmd.Rel.Abs.Comp-Alarmes,DGH,Hauteur,H,m,H,GN_STATION,DGH/8221/H/Cmd.Rel.Abs.Comp-Alarmes,Basse Lesse,2009-09-30 00:00:00: <echX=0.2 cm/h><echY=1/10><limni=OTT X><br>2008-11-28 00:00:00: Datalogger.<br>2005-04-14 00:00:00: <echX=0.2 cm/h><echY=1/10><limni=OTT X><br>2000-12-12 00:00:00: Installation d'un panneau solaire pour le répondeur.,DGH,"1286,04 km²",Dinant,103.42,DNG,<date_1ere_data><echX=0.291667 cm/h><echY=1/10><limni=RITTMEYER>,DNG,DGH,yes,Direction de la Gestion hydrologique,-,25,District de la Meuse,District,Theys D.,,8221,---,yes,631152000000,Basse Lesse,Active,,1968-01-01 00:00:00: Active,Belgique,103.42,WALLONIE,Basse Lesse et affluents / 25,Limnimètre,Basse Lesse,NAMUR,1450729,"<ACCES>
En rive gauche, au pont de Gendron (près de la gare), côté aval du pont. Accès par portillon avec clé DOM ; local en pierre en contrebas  de la route.
</ACCES>


<DESCRIPTIF>
La superficie du BV du Ry des Forges (petit affluent en RD +-100m aval pont de Gendron) est 30.282km² à la confluence avec la Lesse. 
Le BV total à cette confluence est 1316.338km², soit 1316.338 = 1286.042 + 30.282 + 0.0145

Depuis le 30/01/2013, une sonde fixée au mur de la cabine mesure la température de l'air extérieur.
</DESCRIPTIF>
",---,Lesse / LE,Basse Lesse,Catégorie 1,,,,,,,,,,,,,,,
346218010,2026-06-05T10:00:00.000+02:00,,0.318,191639.0,131426.0,3640092,Direction des Cours d'Eau Non Navigables,Marche-les-Dames,L8700,05a-Hauteur.Complet.Alarmes,Cmd.Rel.Abs.Comp-Alarmes,DCENN,Hauteur,H,m,H,GN_STATION,DCENN/L8700/H/Cmd.Rel.Abs.Comp-Alarmes,Ruisseau de Gelbressée,,DCENN,"0,00 km²",,,,Mise en service,,,yes,Station appartenant à la Province de Namur,-,,,District,,463491,,---,yes,,Ruisseau de Gelbressée,Active,463491,2021-03-01 00:00:00: Active,,,,,Limnimètre,Meuse Moyenne amont (affluents),,5681873,,---,,,Catégorie 2,no,District de la Meuse,,MEUSE,t0/?,M,Marche-les-Dames,Namur,,,,,,,
253914010,2026-06-05T10:30:00.000+02:00,,0.161,159558.0,80700.0,12703,Direction de la Gestion hydrologique,COUVIN Ry de Rome,9201,05a-Hauteur.Complet.Alarmes,Cmd.Rel.Abs.Comp-Alarmes,DGH,Hauteur,H,m,H,GN_STATION,DGH/9201/H/Cmd.Rel.Abs.Comp-Alarmes,Ry de Rome,2006-03-02 00:00:00: <echX=0.2 cm/h><echY=1/5><limni=OTT X><br>2025-01-01 00:00:00: <Z_coffret_telem=2.198><bas_coffret_telem=0.2>,DGH,"15,82 km²",Couvin,196.182,DNG,<date_1ere_data><echX=0.291667 cm/h><echY=1/5><limni=RITTMEYER>,DNG,DGH,no,Direction de la Gestion hydrologique,-,23,District de la Meuse,District,Theys D.,321801,9201,---,yes,378691200000,Ry de Rome,Active,321801,1982-01-01 00:00:00: Active,Belgique,196.182,WALLONIE,Eau Noire et affluents / 23,Limnimètre,Eau Noire,NAMUR,1450629,"<ACCES>
Limnigraphe situé en rive droite, au début de la rue du béguinage
</ACCES>


<HISTORIQUE>
Le 21/02/2024, le limnigraphe a été déplacé d'environ 6m en amont de son acien emplacement, même rive, suite à des problèmes d'envasement de la prise d'eau.
</HISTORIQUE>",---,Meuse amont / MM,Eau Noire,Catégorie 2,,,,,,,,,,,,,,,
240759010,2026-06-05T10:30:00.000+02:00,,0.556,232853.0,125886.0,12124,Direction de la Gestion hydrologique,TABREUX,5921,05a-Hauteur.Complet.Alarmes,Cmd.Rel.Abs.Comp-Alarmes,DGH,Hauteur,H,m,H,GN_STATION,DGH/5921/H/Cmd.Rel.Abs.Comp-Alarmes,Ourthe moyenne,2025-01-01 00:00:00: <Z_coffret_telem=5.41><bas_coffret_telem=0.2><br>2007-02-22 00:00:00: <echX=0.2 cm/h><echY=1/10><limni=OTT X><br>1996-06-11 00:00:00: placement d'un PC3000,DGH,"1607,00 km²",Hamoir,109.9,DNG,<echX=0.291667 cm/h><echY=1/10><limni=RITTMEYER>,DNG,DGH,yes,Direction de la Gestion hydrologique,-,44,District de la Meuse,District,Smiejkowski M.,,5921,---,yes,986083200000,Ourthe moyenne,Active,,1970-12-18 00:00:00: Active,Belgique,109.9,WALLONIE,Ourthe moyenne et affluents / 44,Limnimètre,Ourthe moyenne,LIEGE,1450731,"<SITUATION>
RIVE GAUCHE, AVAL PONT SNCB, A 1.3 KM DU CENTRE DE HAMOIR, LE LONG D'UN SENTIER
</SITUATION>


",---,Ourthe / OU,Ourthe moyenne,Navigable,,,,,,,,,,,,,,,
250557010,2026-06-05T10:35:00.000+02:00,,1.452,185873.0,117480.0,12550,Direction de la Gestion hydrologique,LUSTIN,8022,05a-Hauteur.Complet.Alarmes,Cmd.Rel.Abs.Comp-Alarmes,DGH,Hauteur,H,m,H,GN_STATION,DGH/8022/H/Cmd.Rel.Abs.Comp-Alarmes,Haute Meuse (aval Dinant),2018-07-18 00:00:00: <codeur_seul><br>2017-01-01 00:00:00: <fin_feuille_limni>,DGH,,Profondeville,81.0,---,<echX=0.2 cm/h><echY=1/10><limni=OTT X>,,DGH,no,Direction de la Gestion hydrologique,-,50,District de la Meuse,District,Theys D.,,8022,---,yes,875923200000,Haute Meuse (aval Dinant),Active,,1997-10-04 00:00:00: Active,Belgique,81.0,WALLONIE,Haute Meuse aval / 50,Limnimètre,"Haute Meuse (NA, aval Lesse)",NAMUR,5681861,,---,Meuse amont / MM,"Haute Meuse (NA, aval Lesse)",Navigable,,,,,,,,,,,,,,,
381483010,2026-06-05T10:35:00.000+02:00,,353.115,271915.68,146823.78,17555,EUPEN,EUPEN LAC 1,640601,05a-Hauteur absolue.Complet.Alarmes,Cmd.Abs.Comp-Alarmes,EUP,Hauteur,Habs,m,H,GN_STATION,EUP/640601/Habs/Cmd.Abs.Comp-Alarmes,Vesdre,,DGH,,,0.0,DNG,,DNG,EUP,no,,-,38,District de la Meuse,District,Smiejkowski M.,560260,640601,---,yes,0,Vesdre,Active,560260,1970-01-01 00:00:00: Active,,0.0,,Vesdre et affluents / 38,Limnimètre,,,1450697,"Barrage Eupen - Cote du lac en DNG

En octobre 2023, les hauteurs, qui étaient précédemment enregistrées en relatif (gauge datum = 330m DNG) ont été converties en hauteurs absolues.
Les hauteurs ne sont publiées sur le site qu'à partir du 01/01/2023. Les hauteurs ne font pas partie des groupes des web services.

Les 3 tableaux de bathymétrie disponibles (via \\wallonie.intra\PARTAGES\Hierarchique\PRV-O8120300\Expertise\Dragage_HydroWalMap\Reservoirs_HauteurVol\202205_GTec)
ont été chargés sur WISKI ; les données de lidar de la bathy d'avril 2022 ont été utilisées pour l'extrapolation des bathy précédentes.
",---,Vesdre / VE,Vesdre,,,,,,,,,,,,,,,Vesdre,
175353010,2026-06-05T10:00:00.000+02:00,,0.359,255562.0,94042.0,15212,Direction des Cours d'Eau Non Navigables,Brizy,L6550,05a-Hauteur.Complet.Alarmes,Cmd.Rel.Abs.Comp-Alarmes,DCENN,Hauteur,H,m,H,GN_STATION,DCENN/L6550/H/Cmd.Rel.Abs.Comp-Alarmes,Ourthe Orientale,,DCENN,"96,21 km²",,358.026,DNG,Mise en service,DNG,DCENN,,Station appartenant à la DCENN,-,45,District de la Meuse,District,,612230,L6550,---,yes,783907200000,Ourthe Orientale,Active,612230,1994-11-04 00:00:00: Active,Belgique,358.026,WALLONIE,Ourthe supérieure et affluents / 45,Limnimètre,Ourthe supérieure,LUXEMBOURG,1450499,,---,Ourthe / OU,Ourthe supérieure,Catégorie 1,yes,District de la Meuse,6673,MEUSE,Stable,M,Cherain,Gouvy,Pont de Brizy,t0/Normal,Centre Marche,60/4,,,
365856010,2026-06-05T10:00:00.000+02:00,,0.438,175117.0,141129.0,7101495,Direction des Cours d'Eau Non Navigables,Sauvenière,L9000,05a-Hauteur.Complet.Alarmes,Cmd.Rel.Abs.Comp-Alarmes,DCENN,Hauteur,H,m,H,GN_STATION,DCENN/L9000/H/Cmd.Rel.Abs.Comp-Alarmes,Orneau,,DCENN,,,141.715,DNG,,DNG,,no,Station appartenant à la Province de Namur,-,,,District,,432210,,---,yes,1660953600000,Orneau,Active,432210,2022-06-14 00:00:00: Active,,141.715,,,Limnimètre,,,1450491,,---,,,Catégorie 2,,,,,,,Sauvenière,,Rue du Trichon,,,,,,
244797010,2026-06-05T10:35:00.000+02:00,,0.667,284295.0,125553.0,12306,Direction de la Gestion hydrologique,WIRTZFELD,6971,05a-Hauteur.Complet.Alarmes,Cmd.Rel.Abs.Comp-Alarmes,DGH,Hauteur,H,m,H,GN_STATION,DGH/6971/H/Cmd.Rel.Abs.Comp-Alarmes,Holzwarche,1997-05-15 00:00:00: Mise en service de la télémesure.,DGH,"31,99 km²",Büllingen,550.851,---,<echX=0.2 cm/h><echY=1/10><limni=OTT X>,,DGH,no,Direction de la Gestion hydrologique,-,41,District de la Meuse,District,Smiejkowski M.,,6971,---,yes,848448000000,Holzwarche,Active,,1996-11-20 00:00:00: Active,Belgique,550.851,WALLONIE,Amblève et affluents / 41,Limnimètre,Amblève,LIEGE,1450425,"<DESCRIPTIF>
Il y a un petit affluent à l'amont du pont limni en rive droite, une prise d'eau à l'amont du pont en rive gauche pour les agriculteurs.
Il y a aussi un déversement d'égouts du village, et un hôtel en aval du limni.
</DESCRIPTIF>


<HISTORIQUE>
200004 : révision globale.
La section semble stable.

2003-2004 : travaux
Le 18 nov 2003, l’administration communale a procédé à l’enlèvement d’un seuil naturel 15m en aval du limni, ce qui s’est traduit par une baisse de la hauteur de 14cm. 
De plus entre le 26 et le 31 nov 2003, il y aurait encore eu des travaux provoquant des dégâts à la prise d’eau du limni (tube horizontal plié, constaté le 6/1/2004 par DT). 
Le 12 fév 2004, cette prise d’eau a été remise en ordre par les soins de l’administration communale en présence de l'hydrographe.
Entre le 26 déc et le 12 fév, les hauteurs sont très douteuses (parfois prise d’eau hors de l’eau) ; il est préférable de ne calculer aucun débit.

20140520 --> 20140612
Travaux en rivière et sur l'affluent 5m amt limni. Le seuil construit par les pecheurs +/- 10m aval limni a été détruit. 
Travaux du 20/05 (-25cm )- 12/06 (+ 40cm) date à laquelle la commune rehausse le seuil naturel.

202107
La prise d'eau a été endommagée pendant la crue.
</HISTORIQUE>

<TARAGE>
20260305
Extrapolation du sommet de courbe, de 1.9m à 2.5m sur base du profil de la section.
</TARAGE>


",---,Amblève / AM,Amblève,Catégorie 2,,,,,,,,,,,,,,,
189552010,2026-06-05T10:00:00.000+02:00,,1.034,139207.0,153153.0,15761,Direction des Cours d'Eau Non Navigables,Tubize,L7610,05a-Hauteur.Complet.Alarmes,Cmd.Rel.Abs.Comp-Alarmes,DCENN,Hauteur,H,m,H,GN_STATION,DCENN/L7610/H/Cmd.Rel.Abs.Comp-Alarmes,Sennette,,DCENN,"98,58 km²",,37.51,DNG,Mise en service,DNG,DCENN,yes,Station appartenant à la DCENN,-,51,District de l'Escaut,District,,834240,L7610,---,yes,1498521600000,Sennette,Active,834240,2011-06-21 00:00:00: Active,Belgique,37.51,WALLONIE,Sennette et Canal Charleroi Bruxelles / 51,Limnimètre,Sennette,BRABANT WALLON,1450653,,---,Senne / SN,Sennette,Catégorie 1,yes,District de l'Escaut,1480,ESCOUT,Très stable,E,Tubize,Tubize,Rue de la Déportation,t0/Normal,Centre Mons,,,,
251800010,2026-06-05T10:35:00.000+02:00,,0.155,182079.0,109098.0,12600,Direction de la Gestion hydrologique,FOY,8181,05a-Hauteur.Complet.Alarmes,Cmd.Rel.Abs.Comp-Alarmes,DGH,Hauteur,H,m,H,GN_STATION,DGH/8181/H/Cmd.Rel.Abs.Comp-Alarmes,Flavion,2017-01-01 00:00:00: <fin_feuille_limni><br>2017-06-23 00:00:00: destruction seuil limni<br>2000-11-23 00:00:00: <echX=0.2 cm/h><echY=1/5><limni=OTT X><br>2023-04-21 00:00:00: <codeur_seul>,DGH,"61,87 km²",Onhaye,125.007,DNG,<date_1ere_data><echX=0.2 cm/h><echY=1/10><limni=OTT X>,DNG,DGH,no,Direction de la Gestion hydrologique,-,28,District de la Meuse,District,Theys D.,401591,8181,---,yes,882144000000,Flavion,Active,401591,1997-12-15 00:00:00: Active,Belgique,125.007,WALLONIE,Affluents de la Haute Meuse / 28,Limnimètre,Molignée,NAMUR,1450369,"<DESCRIPTIF>
Il n'y a ni pont ni passerelle pour y jauger en crue.
</DESCRIPTIF>",---,Meuse amont / MM,Molignée,Catégorie 1,,,,,,,,,,,,,,,
254423010,2026-06-05T10:30:00.000+02:00,,0.101,162748.0,78990.0,12725,Direction de la Gestion hydrologique,PETIGNY Fd Serpents,9224,05a-Hauteur.Complet.Alarmes,Cmd.Rel.Abs.Comp-Alarmes,DGH,Hauteur,H,m,H,GN_STATION,DGH/9224/H/Cmd.Rel.Abs.Comp-Alarmes,Ry du Font Aux Serpents,2000-11-28 00:00:00: <echX=0.2 cm/h><echY=1/5><limni=OTT X><br>1999-09-02 00:00:00: Mise en service de la télémesure.<br>2025-01-01 00:00:00: <Z_coffret_telem=2.192><bas_coffret_telem=0.2>,DGH,"1,69 km²",Couvin,281.065,---,<echX=0.2 cm/h><echY=1/10><limni=OTT X>,,DGH,no,Direction de la Gestion hydrologique,-,23,District de la Meuse,District,Theys D.,,9224,---,yes,929318400000,Ry du Font Aux Serpents,Active,,1975-12-29 00:00:00: Active<br>1999-04-29 00:00:00: Inactive<br>1999-06-14 00:00:00: Active,Belgique,281.065,WALLONIE,Eau Noire et affluents / 23,Limnimètre,Eau Noire,NAMUR,1450631,"<ACCES>
Le long du chemin macadamisé bordant le lac ; accès par barrière levante avec badge spécifique.
</ACCES>",---,Meuse amont / MM,Eau Noire,Catégorie 3,,,,,,,,,,,,,,,
236130010,2026-06-05T10:35:00.000+02:00,,1.046,111830.0,152661.0,11931,Direction de la Gestion hydrologique,PAPIGNIES Bief Aval,2713,05a-Hauteur.Complet.Alarmes,Cmd.Rel.Abs.Comp-Alarmes,DGH,Hauteur,H,m,H,GN_STATION,DGH/2713/H/Cmd.Rel.Abs.Comp-Alarmes,Dendre Canalisée,2017-01-01 00:00:00: <fin_feuille_limni>,DGH,,Lessines,20.0,---,,,DGH,no,Direction de la Gestion hydrologique,-,3,District de l'Escaut,District,Lefèvre C.,,2713,---,yes,903312000000,Dendre Canalisée,Active,,1993-01-01 00:00:00: Active<br>1996-07-29 00:00:00: Inactive<br>1997-11-06 00:00:00: Active,Belgique,20.0,WALLONIE,Dendre et affluents / 3,Limnimètre,Dendre,HAINAUT,1450343,"<ACCES>
par rue de l'écluse puis halage.
</ACCES>",---,Dendre / DE,Dendre,Navigable,,,,,,,,,,,,,,,
234761010,2026-06-05T10:30:00.000+02:00,,0.518,140425.0,152229.0,11870,Direction de la Gestion hydrologique,CLABECQ,2341,05a-Hauteur.Complet.Alarmes,Cmd.Rel.Abs.Comp-Alarmes,DGH,Hauteur,H,m,H,GN_STATION,DGH/2341/H/Cmd.Rel.Abs.Comp-Alarmes,Hain,,DGH,"83,79 km²",Tubize,41.918,DNG,<echX=0.2 cm/h><echY=1/10>,DNG,DGH,yes,Direction de la Gestion hydrologique,-,51,District de l'Escaut,District,Lefèvre C.,836260,2341,---,yes,1394668800000,Hain,Active,836260,2014-03-13 00:00:00: Active,Belgique,41.918,WALLONIE,Sennette et Canal Charleroi Bruxelles / 51,Limnimètre,Sennette,BRABANT WALLON,1450395,"<ACCES>
Rue des Combattants
</ACCES>

<DESCRIPTIF>
Le flotteur touche le fond àpd 0.443m environ, la mesure de sonde restant possible jusqu'à 0.385m (=minimum).
</DESCRIPTIF>",---,Senne / SN,Sennette,Catégorie 1,,,,,,,,,,,,,,,
200542010,2026-06-05T10:40:00.000+02:00,,0.309,240038.0,63694.0,16227,Direction des Cours d'Eau Non Navigables,Volaiville,L8510,05a-Hauteur.Complet.Alarmes,Cmd.Rel.Abs.Comp-Alarmes,DCENN,Hauteur,H,m,H,GN_STATION,DCENN/L8510/H/Cmd.Rel.Abs.Comp-Alarmes,Sûre,,DCENN,"1,00 km²",,398.76,DNG,Mise en service,DNG,DCENN,no,Station appartenant à la Province de Luxembourg,-,15,District du Rhin,District,,112210,L8510,---,yes,1563580800000,Sûre,Active,112210,2019-07-20 00:00:00: Active,Belgique,398.76,WALLONIE,Sûre et affluents / 15,Limnimètre,Sûre,LUXEMBOURG,1450665,,---,Moselle / ML,Sûre,Catégorie 1,no,District du Rhin,6860,RHIN,Très stable,R,Léglise,Léglise,Rue de Saint Hubert,t0/Normal,,,,,
250367010,2026-06-05T10:30:00.000+02:00,,0.031,134309.0,105579.0,12543,Direction de la Gestion hydrologique,BERSILLIES-L'ABBAYE,7978,05a-Hauteur.Complet.Alarmes,Cmd.Rel.Abs.Comp-Alarmes,DGH,Hauteur,H,m,H,GN_STATION,DGH/7978/H/Cmd.Rel.Abs.Comp-Alarmes,Thure,"2018-09-20 00:00:00: travaux pont-route = limni inaccessible et Q désactivés (débris dans la section limni et relation H-Q faussée) jusque 2019-03-15.<br>2025-01-01 00:00:00: <Z_coffret_telem=3.287><bas_coffret_telem=0.2><br>2022-05-10 00:00:00: <echX=0.2 cm/h><echY=1/10><zeroFeuille=-0.2><limni=OTT X>
Pour éviter des hauteurs négatives, Thalimedes et feuille augmentés de 20cm, télémesure (B) diminuée de 20cm.
Soustraire 20cm de la valeur lue lors des contrôles.",DGH,"56,98 km²",Erquelinnes,143.294,DNG,,DNG,DGH,no,Direction de la Gestion hydrologique,-,9,District de la Meuse,District,Lefèvre C.,352300,7978,---,yes,774489600000,Thure,Active,352300,1983-05-01 00:00:00: Active<br>2019-03-16 00:00:00: Inactive<br>2019-10-22 00:00:00: Active,Belgique,143.294,WALLONIE,Affluents de la Haute Sambre / 9,Limnimètre,Haute Sambre (affluents),HAINAUT,1450669,"<ACCES>
En rive droite, à l'amont du pont de la douane, rue du moulin. 
</ACCES>


<DESCRIPTIF>
Beaucoup de variations enregistrées résultent de manœuvres sur les petits barrages situés en amont (en France).

ATTENTION : offset de 20cm, à retirer de la cote lue lors du contrôle.
</DESCRIPTIF>

",---,Sambre / SA,Haute Sambre (affluents),Catégorie 1,,,,,,,,,,,,,,,
190512010,2026-06-05T10:00:00.000+02:00,,0.22,207798.0,90682.0,15806,Direction des Cours d'Eau Non Navigables,Han-sur-Lesse,L7690,05a-Hauteur.Complet.Alarmes,Cmd.Rel.Abs.Comp-Alarmes,DCENN,Hauteur,H,m,H,GN_STATION,DCENN/L7690/H/Cmd.Rel.Abs.Comp-Alarmes,Ry d'Ave,,DCENN,"26,57 km²",,153.988,DNG,Mise en service,DNG,DCENN,yes,Station appartenant à la DCENN,-,26,District de la Meuse,District,,213300,L7690,---,yes,1483228800000,Ry d'Ave,Active,213300,2011-09-13 00:00:00: Active,Belgique,153.988,WALLONIE,Haute Lesse et affluents / 26,Limnimètre,Haute Lesse,NAMUR,1450623,,---,Lesse / LE,Haute Lesse,Catégorie 2,yes,District de la Meuse,5580,MEUSE,Stable,M,Han-sur-Lesse,Rochefort,Rue de la Source,t0/Normal,Centre Namur,49/7,,,
163637010,2026-06-05T10:40:00.000+02:00,,0.292,232993.0,118698.0,14688,Direction des Cours d'Eau Non Navigables,Juzaine,L5491,05a-Hauteur.Complet.Alarmes,Cmd.Rel.Abs.Comp-Alarmes,DCENN,Hauteur,H,m,H,GN_STATION,DCENN/L5491/H/Cmd.Rel.Abs.Comp-Alarmes,Aisne,,DCENN,"183,00 km²",,138.16,DNG,Mise en service,DNG,DCENN,yes,Station appartenant à la DCENN,-,44,District de la Meuse,District,,632260,L5491,---,yes,1758240000000,Aisne,Active,632260,1999-04-02 00:00:00: Active,Belgique,138.16,WALLONIE,Ourthe moyenne et affluents / 44,Limnimètre,Ourthe moyenne,LUXEMBOURG,1450261,,---,Ourthe / OU,Ourthe moyenne,Catégorie 1,yes,District de la Meuse,6941,MEUSE,Très stable,M,Bomal,Durbuy,Rue des Ardennes,t0/Normal,Centre Marche,49/5,,,
179751010,2026-06-05T10:20:00.000+02:00,,0.414,223833.0,142926.0,15404,Direction des Cours d'Eau Non Navigables,Awirs,L6900,05a-Hauteur.Complet.Alarmes,Cmd.Rel.Abs.Comp-Alarmes,DCENN,Hauteur,H,m,H,GN_STATION,DCENN/L6900/H/Cmd.Rel.Abs.Comp-Alarmes,Ruisseau des Awirs,,DCENN,"33,87 km²",,78.063,DNG,Mise en service,DNG,DCENN,yes,Station appartenant à la DCENN,-,53,District de la Meuse,District,,732762,L6900,---,yes,1669334400000,Ruisseau des Awirs,Active,732762,2003-04-22 00:00:00: Active,Belgique,78.063,WALLONIE,Affluents de la Meuse Moyenne aval / 53,Limnimètre,Meuse Moyenne aval (affluents),LIEGE,1450585,,---,Meuse aval / MA,Meuse Moyenne aval (affluents),Catégorie 1,yes,District de la Meuse,4400,MEUSE,t0/?,M,Awirs,Flémalle,Rue des Awirs,t0/Normal,Centre Liège,41/8,,,
243172010,2026-06-05T10:30:00.000+02:00,,0.861,240021.0,130556.0,12233,Direction de la Gestion hydrologique,MARTINRIVE,6621,05a-Hauteur.Complet.Alarmes,Cmd.Rel.Abs.Comp-Alarmes,DGH,Hauteur,H,m,H,GN_STATION,DGH/6621/H/Cmd.Rel.Abs.Comp-Alarmes,Amblève,2023-10-13 11:50:00: Nivellement de la sonde à pression hydrostatique : <zv_sonde=2.273> <dng_repere_sonde=112.277> <correction_zv_sonde=3.532> La sonde a été déplacée.<br>2017-09-06 00:00:00: Rénovation complète de la station limnigraphique avec flotteur. La sonde hydrostatique reste fonctionnelle pendant cette période.<br>2010-07-14 00:00:00: Installation sonde pression en complément du limnigraphe.<br>2005-10-20 00:00:00: <echX=0.2 cm/h><echY=1/10><limni=OTT X><br>2018-02-23 00:00:00: Fin des travaux de rénovation du puits limnigraphique.<br>2020-09-24 00:00:00: Nivellement de la sonde à pression hydrostatique : <zv_sonde=1.354> <dng_repere_sonde=111.358> <correction_zv_sonde=4.451><br>1977-10-28 00:00:00: Début télémesure.,DGH,"1067,53 km²",Aywaille,110.004,---,<echX=0.291667 cm/h><echY=1/10><limni=RITTMEYER>,,DGH,yes,Direction de la Gestion hydrologique,-,41,District de la Meuse,District,Smiejkowski M.,535120,6621,---,yes,-63158400000,Amblève,Active,535120,1968-01-01 00:00:00: Active,Belgique,110.004,WALLONIE,Amblève et affluents / 41,Limnimètre,Amblève,LIEGE,1450265,"<ACCES>
EN AVAL DU PONT ROUTE A MARTINRIVE - HAMEAU A +- 5.5KM EN AMONT DE LA CONFLUENCE AVEC L'OURTHE - SUR LA ROUTE D'AYWAILLE VERS COMBLAIN RIVE GAUCHE
La sonde hydrostatique est installée au pont.
</ACCES>


<HISTORIQUE>
Durant les étés de 2010 à 2018, le puits était parfois à sec. Les hauteurs limni ont alors été remplacées par celles de la sonde à pression (voir détails dans le dossier station).
En octobre 2013, une station d'épuration a été construite entre les stations de Martinrive et Remouchamps.
</HISTORIQUE>


<DESCRIPTIF>
Lors du contrôle de la sonde à pression hydrostatique, il faut apporter un correctif à la lecture de la sonde lumineuse.
En effet, le Zv de la sonde diffère de celui du limni et WISKI ne peut pas recevoir deux Z différents pour une même station.
Voir détails dans le journal.
</DESCRIPTIF>


<DEBIT_SUBSTITUTION>
1-relation entre débits jaugés et hauteurs de Remouchamps.
2-relation entre débits jaugés et hauteurs de Martinrive (sonde à pression).
</DEBIT_SUBSTITUTION>

",---,Amblève / AM,Amblève,Navigable,,,,,,,,,,,,,,,
175823010,2026-06-05T10:00:00.000+02:00,,0.23,116909.0,138443.0,15233,Direction des Cours d'Eau Non Navigables,Lens,L6590,05a-Hauteur.Complet.Alarmes,Cmd.Rel.Abs.Comp-Alarmes,DCENN,Hauteur,H,m,H,GN_STATION,DCENN/L6590/H/Cmd.Rel.Abs.Comp-Alarmes,Dendre Orientale,,DCENN,"43,95 km²",,56.913,DNG,Mise en service,DNG,DCENN,,Station appartenant à la DCENN,-,3,District de l'Escaut,District,,982230,L6590,---,yes,788054400000,Dendre Orientale,Active,982230,1994-12-22 00:00:00: Active,Belgique,56.913,WALLONIE,Dendre et affluents / 3,Limnimètre,Dendre,HAINAUT,1450347,,---,Dendre / DE,Dendre,Catégorie 1,yes,District de l'Escaut,7870,ESCOUT,Instable,E,Lens,Lens,Rue E. Pierman,t0/Normal,Centre Mons,38/7,,,
397852010,2026-06-05T10:30:00.000+02:00,,0.43,188330.0,114307.0,12576,Direction de la Gestion hydrologique,YVOIR,8133,05a-Hauteur.Complet.Alarmes,Cmd.Rel.Abs.Comp-Alarmes,DGH,Hauteur sonde,H_sonde,m,H,GN_STATION,DGH/8133/H_sonde/Cmd.Rel.Abs.Comp-Alarmes,Bocq,1990-01-01 00:00:00: <echX=0.2 cm/h><echY=1/5><limni=OTT R16>,DGH,,Yvoir,106.266,DNG,<sonde=OTT PLS>,DNG,DGH,yes,Direction de la Gestion hydrologique,-,28,District de la Meuse,District,Theys D.,421200,8133,---,yes,1744804800000,Bocq,Active,421200,1984-01-01 00:00:00: Active<br>2001-11-26 00:00:00: Closed<br>2025-04-16 12:00:00: Active,Belgique,106.266,WALLONIE,Affluents de la Haute Meuse / 28,Limnimètre,Bocq,NAMUR,1450293,,---,Meuse amont / MM,Bocq,Catégorie 1,,,,,,,,,,,,,,,
242660010,2026-06-05T10:35:00.000+02:00,,0.795,257072.0,137313.0,12208,Direction de la Gestion hydrologique,POLLEUR,6517,05a-Hauteur.Complet.Alarmes,Cmd.Rel.Abs.Comp-Alarmes,DGH,Hauteur,H,m,H,GN_STATION,DGH/6517/H/Cmd.Rel.Abs.Comp-Alarmes,Hoegne,2018-01-01 00:00:00: <fin_feuille_limni>,DGH,,Theux,213.814,---,<echX=0.2 cm/h><echY=1/10><limni=OTT X>,,DGH,no,Direction de la Gestion hydrologique,-,38,District de la Meuse,District,Smiejkowski M.,554240,6517,---,yes,1080172800000,Hoegne,Active,554240,2004-03-25 00:00:00: Active,Belgique,213.814,WALLONIE,Vesdre et affluents / 38,Limnimètre,Vesdre,LIEGE,1450423,"(Le 26/05/2005) mise en service TM

(Du 05/12/2016 au 31/07/2017) acces impossible suite travaux route jusqu'au 2017/07. derniere feuille 08/01/2018.

<TARAGE>
20210716
Suite à la crue de juillet 2021, le sommet de CT a été calculé en imposant le QMH modélisé de l'ULG associé à la HMH enregistrée au limnigraphe, soit Q=144.1 et H=3.328
Le sommet de courbe est donc passé de 2.5 à 3.4m.
</TARAGE>",---,Vesdre / VE,Vesdre,Catégorie 1,,,,,,,,,,,,,,,
245267010,2026-06-05T10:35:00.000+02:00,,59.994,235533.0,145362.0,12337,Direction de la Gestion hydrologique,LIEGE,7102,05a-Hauteur absolue.Complet.Alarmes,Cmd.Abs.Comp-Alarmes,DGH,Hauteur sonde,Habs_sonde,m,H,GN_STATION,DGH/7102/Habs_sonde/Cmd.Abs.Comp-Alarmes,Meuse moyenne,,DGH,,Liège,0.0,---,<date_1ere_data>,,DGH,no,Direction de la Gestion hydrologique,-,33,District de la Meuse,District,Smiejkowski M.,,7102,---,yes,1516665600000,Meuse moyenne,Active,,2018-01-23 00:00:00: Active,Belgique,0.0,WALLONIE,Meuse moyenne / 33,Limnimètre,Meuse moyenne (NA),LIEGE,1450469,"Affichage en relatif. Le 21/03 pose rep sonde (dng)? Comparaison avec Monsin(54860101), Ivoz aval(7114)et Marexhe(5796).",---,Meuse aval / MA,Meuse moyenne (NA),Navigable,,,,,,,,,,,,,,,
188204010,2026-06-05T10:00:00.000+02:00,,0.415,249786.0,156184.0,15696,Direction des Cours d'Eau Non Navigables,Val-dieu,L7511,05a-Hauteur.Complet.Alarmes,Cmd.Rel.Abs.Comp-Alarmes,DCENN,Hauteur,H,m,H,GN_STATION,DCENN/L7511/H/Cmd.Rel.Abs.Comp-Alarmes,Berwinne,,DCENN,"48,36 km²",,119.456,DNG,Mise en service,DNG,DCENN,yes,Station appartenant à la DCENN,-,30,District de la Meuse,District,,701200,L7511,---,yes,-30165868800000,Berwinne,Active,701200,2014-01-25 00:00:00: Active,Belgique,119.456,WALLONIE,Affluents de la Basse Meuse / 30,Limnimètre,Berwinne,LIEGE,1450281,,---,Meuse aval / MA,Berwinne,Catégorie 2,no,District de la Meuse,4880,MEUSE,t0/?,M,Aubel,Aubel,Rue du Bois de Mauhin,t0/Normal,Centre Liège,,,,
191214010,2026-06-05T10:00:00.000+02:00,,0.398,169808.0,146835.0,15835,Direction des Cours d'Eau Non Navigables,Nil Saint-Vincent,L7750,05a-Hauteur.Complet.Alarmes,Cmd.Rel.Abs.Comp-Alarmes,DCENN,Hauteur,H,m,H,GN_STATION,DCENN/L7750/H/Cmd.Rel.Abs.Comp-Alarmes,Nil,,DCENN,"31,31 km²",,125.59,DNG,Mise en service,DNG,DCENN,yes,Station appartenant à la DCENN,-,6,District de l'Escaut,District,,851641,L7750,---,yes,1262304000000,Nil,Active,851641,2012-03-05 00:00:00: Active,Belgique,125.59,WALLONIE,Dyle et affluents / 6,Limnimètre,Dyle,BRABANT WALLON,1450479,,---,Dyle-Gette / DG,Dyle,Catégorie 2,yes,District de l'Escaut,1457,ESCOUT,Très stable,E,Nil-Saint-Vincent-Saint-Martin,Walhain,Rue de la Tour,t0/Normal,Centre Mons,,,,
388310010,2026-06-05T10:20:00.000+02:00,,0.323,191522.0,115284.0,3640094,Direction des Cours d'Eau Non Navigables,Crupet,L8720,05a-Hauteur.Complet.Alarmes,Cmd.Rel.Abs.Comp-Alarmes,DCENN,Hauteur,H,m,H,GN_STATION,DCENN/L8720/H/Cmd.Rel.Abs.Comp-Alarmes,Ruisseau de Crupet,,DCENN,"0,00 km²",,156.472,DNG,Premières données disponibles,DNG,,no,Station appartenant à la Province de Namur,-,,,District,,422721,,---,yes,1704844800000,Ruisseau de Crupet,Active,422721,2023-11-10 00:00:00: Under construction<br>2024-01-10 10:00:00: Active,,156.472,,,Limnimètre,Bocq,,5681871,,---,,,Catégorie 2,no,District de la Meuse,,MEUSE,t0/?,M,Crupet,Assesse,,,,,,,
162781010,2026-06-05T10:40:00.000+02:00,,0.25,88408.0,159315.0,14651,Direction des Cours d'Eau Non Navigables,Amougies,L5412,05a-Hauteur.Complet.Alarmes,Cmd.Rel.Abs.Comp-Alarmes,DCENN,Hauteur,H,m,H,GN_STATION,DCENN/L5412/H/Cmd.Rel.Abs.Comp-Alarmes,Rhosnes,,DCENN,"164,00 km²",,13.851,DNG,Mise en service,DNG,DCENN,yes,Station appartenant à la DCENN,-,2,District de l'Escaut,District,,942200,L5412,---,yes,1764201600000,Rhosnes,Active,942200,1972-02-16 00:00:00: Active,Belgique,13.851,WALLONIE,Affluents de l'Escaut / 2,Limnimètre,Escaut (affluents),HAINAUT,1450519,,---,Escaut-Lys / EL,Escaut (affluents),Catégorie 1,yes,District de l'Escaut,7750,ESCOUT,Très stable,E,Amougies,Mont-de-l'Enclus,Rue Saint-Pierre,t0/Normal,Centre Mons,29/7,,,
192666010,2026-06-05T10:00:00.000+02:00,,0.366,79114.0,141573.0,15902,Direction des Cours d'Eau Non Navigables,Ere,L7880,05a-Hauteur.Complet.Alarmes,Cmd.Rel.Abs.Comp-Alarmes,DCENN,Hauteur,H,m,H,GN_STATION,DCENN/L7880/H/Cmd.Rel.Abs.Comp-Alarmes,Ruisseau des Barges,,DCENN,"30,80 km²",,28.57,DNG,Mise en service,DNG,DCENN,yes,Station appartenant à la Province du Hainaut,-,2,District de l'Escaut,District,,992371,L7880,---,yes,1388534400000,Ruisseau des Barges,Active,992371,2014-04-15 00:00:00: Active,Belgique,28.57,WALLONIE,Affluents de l'Escaut / 2,Limnimètre,Escaut (affluents),HAINAUT,1450587,,---,Escaut-Lys / EL,Escaut (affluents),Catégorie 2,yes,District de l'Escaut,7500,ESCOUT,t0/?,E,Ere,Tournai,Rue de Willemeau,t0/Normal,Centre Mons,,,,
393221010,2026-06-05T10:00:00.000+02:00,,0.162,172124.0,138209.0,9214900,Direction des Cours d'Eau Non Navigables,Gembloux,L9220,05a-Hauteur.Complet.Alarmes,Cmd.Rel.Abs.Comp-Alarmes,DCENN,Hauteur,H,m,H,GN_STATION,DCENN/L9220/H/Cmd.Rel.Abs.Comp-Alarmes,Orneau,,DCENN,"202,91 km²",,,,,,DCENN,no,Station appartenant à la DCENN,-,12,District de la Meuse,District,,432210,L9220,---,yes,,Orneau,Active,432210,2024-07-05 00:00:00: Active,Belgique,,WALLONIE,Affluents de la Basse Sambre / 12,Limnimètre,Basse Sambre (affluents),NAMUR,1450491,,---,Sambre / SA,Basse Sambre (affluents),Catégorie 1,yes,,5030,,t0/?,,Gembloux,Gembloux,Rue du Rivage 33,t0/Normal,,,,,
255362010,2026-06-05T10:35:00.000+02:00,,1.004,232940.0,42360.0,12766,Direction de la Gestion hydrologique,TINTIGNY,9561,05a-Hauteur.Complet.Alarmes,Cmd.Rel.Abs.Comp-Alarmes,DGH,Hauteur,H,m,H,GN_STATION,DGH/9561/H/Cmd.Rel.Abs.Comp-Alarmes,Haute Semois,2004-03-24 00:00:00: <echX=0.2 cm/h><echY=1/10><limni=OTT X><br>2025-01-01 00:00:00: <Z_coffret_telem=4.618><bas_coffret_telem=0.2>,DGH,"380,85 km²",Tintigny,325.737,DNG,<date_1ere_data><echX=0.291667 cm/h><echY=1/10><limni=RITTMEYER>,DNG,DGH,yes,Direction de la Gestion hydrologique,-,18,District de la Meuse,District,Theys D.,,9561,---,yes,126230400000,Haute Semois,Active,,1974-01-01 00:00:00: Active,Belgique,325.737,WALLONIE,Haute Semois et affluents / 18,Limnimètre,Haute Semois,LUXEMBOURG,5681863,"<SITUATION>
La sonde de température est placée sous abri.
</SITUATION>

<ACCES>
limnigraphe le long d'un trottoir betonné , derriere un garde-corp galvanisé et portillon avec clé DOM
</ACCES>

<TARAGE>
20251204
Le sommet de la CT est porté de 4m à 4.6m par extrapolation math du segment supérieur.
</TARAGE>

",---,Semois-Chiers / SC,Haute Semois,Catégorie 1,,,,,,,,,,,,,,,
181801010,2026-06-05T10:00:00.000+02:00,,0.153,131474.0,122425.0,15495,Direction des Cours d'Eau Non Navigables,Estinnes-au-Val,L7080,05a-Hauteur.Complet.Alarmes,Cmd.Rel.Abs.Comp-Alarmes,DCENN,Hauteur,H,m,H,GN_STATION,DCENN/L7080/H/Cmd.Rel.Abs.Comp-Alarmes,Ruisseau des Estinnes,,DCENN,"28,65 km²",,58.066,DNG,Mise en service,DNG,DCENN,yes,Station appartenant à la DCENN,-,4,District de l'Escaut,District,,912300,L7080,---,yes,1068508800000,Ruisseau des Estinnes,Active,912300,2003-11-11 00:00:00: Active,Belgique,58.066,WALLONIE,Haine et affluents / 4,Limnimètre,Haine,HAINAUT,1450591,,---,Haine / HN,Haine,Catégorie 2,yes,District de l'Escaut,7120,ESCOUT,t0/?,E,Estinnes-au-Val,Estinnes,Rue Rivière,t0/Normal,Centre Mons,46/5,,,
240569010,2026-06-05T10:35:00.000+02:00,,0.615,236419.0,138182.0,12118,Direction de la Gestion hydrologique,MERY,5857,05a-Hauteur.Complet.Alarmes,Cmd.Rel.Abs.Comp-Alarmes,DGH,Hauteur,H,m,H,GN_STATION,DGH/5857/H/Cmd.Rel.Abs.Comp-Alarmes,Ourthe inférieure,2016-12-08 00:00:00: <fin_feuille_limni>,DGH,,Esneux,75.147,---,<date_1ere_data><echX=0.2 cm/h><echY=1/10><limni=OTT X>,,DGH,no,Direction de la Gestion hydrologique,-,43,District de la Meuse,District,Smiejkowski M.,,5857,---,yes,767318400000,Ourthe inférieure,Active,,1994-04-26 00:00:00: Active,Belgique,75.147,WALLONIE,Ourthe inférieure et affluents / 43,Limnimètre,Ourthe inférieure,LIEGE,1450733,"<ACCES>
A Mery, rue du Pont, en rive gauche, sur le pont, côté aval du pont.
</ACCES>


<DESCRIPTIF>
Il y a en rive gauche une prise d’eau à l’aval du limnigraphe, vers une usine qui produit son propre courant avec deux turbines. 
L’arrêt ou démarrage de ces turbines produit une variation brusque des hauteurs.
</DESCRIPTIF>
",---,Ourthe / OU,Ourthe inférieure,Navigable,,,,,,,,,,,,,,,
186582010,2026-06-05T10:00:00.000+02:00,,0.37,247026.0,115885.0,15624,Direction des Cours d'Eau Non Navigables,Trou de Bra,L7290,05a-Hauteur.Complet.Alarmes,Cmd.Rel.Abs.Comp-Alarmes,DCENN,Hauteur,H,m,H,GN_STATION,DCENN/L7290/H/Cmd.Rel.Abs.Comp-Alarmes,Lienne,,DCENN,"104,38 km²",,277.252,DNG,Mise en service,DNG,DCENN,yes,Station appartenant à la DCENN,-,41,District de la Meuse,District,,542230,L7290,---,yes,1140393600000,Lienne,Active,542230,2006-02-20 00:00:00: Active,Belgique,277.252,WALLONIE,Amblève et affluents / 41,Limnimètre,Amblève,LIEGE,1450445,,---,Amblève / AM,Amblève,Catégorie 1,yes,District de la Meuse,4990,MEUSE,t0/?,M,Bra,Lierneux,Vieux Fourneau,t0/Normal,Centre Liège,55/3,,,
177553010,2026-06-05T10:20:00.000+02:00,,0.127,119529.655,119480.406,15312,Direction des Cours d'Eau Non Navigables,Bougnies,L6721,05a-Hauteur.Complet.Alarmes,Cmd.Rel.Abs.Comp-Alarmes,DCENN,Hauteur,H,m,H,GN_STATION,DCENN/L6721/H/Cmd.Rel.Abs.Comp-Alarmes,By,,DCENN,"27,22 km²",,70.251,DNG,Mise en service,DNG,DCENN,yes,Station appartenant à la DCENN,-,4,District de l'Escaut,District,,901300,L6721,---,yes,1769644800000,By,Active,901300,2003-05-20 00:00:00: Active,Belgique,70.251,WALLONIE,Haine et affluents / 4,Limnimètre,Haine,HAINAUT,1450305,,---,Haine / HN,Haine,Catégorie 2,yes,District de l'Escaut,7040,ESCOUT,Stable,E,Bougnies,Quévy,Rue des Rocs,t0/Normal,Centre Mons,45/7,,,
235788010,2026-06-05T10:35:00.000+02:00,,1.011,112294.0,155703.0,11920,Direction de la Gestion hydrologique,LESSINES Bief Amont,2707,05a-Hauteur.Complet.Alarmes,Cmd.Rel.Abs.Comp-Alarmes,DGH,Hauteur,H,m,H,GN_STATION,DGH/2707/H/Cmd.Rel.Abs.Comp-Alarmes,Dendre Canalisée,2017-01-01 00:00:00: <fin_feuille_limni>,DGH,,Lessines,20.0,DNG,,DNG,DGH,no,Direction de la Gestion hydrologique,-,3,District de l'Escaut,District,Lefèvre C.,,2707,---,yes,903312000000,Dendre Canalisée,Active,,1993-01-01 00:00:00: Active<br>1996-07-29 00:00:00: Inactive<br>1997-11-06 00:00:00: Active,Belgique,20.0,WALLONIE,Dendre et affluents / 3,Limnimètre,Dendre,HAINAUT,1450343,"<ACCES>
parking rue Louis Lenoir-Scaillet.
</ACCES>",---,Dendre / DE,Dendre,Navigable,,,,,,,,,,,,,,,
169569010,2026-06-05T10:20:00.000+02:00,,0.134,219839.0,108499.0,14953,Direction des Cours d'Eau Non Navigables,Baillonville,L6050,05a-Hauteur.Complet.Alarmes,Cmd.Rel.Abs.Comp-Alarmes,DCENN,Hauteur,H,m,H,GN_STATION,DCENN/L6050/H/Cmd.Rel.Abs.Comp-Alarmes,Ruisseau d'Heure,,DCENN,"68,00 km²",,174.022,DNG,Mise en service,DNG,DCENN,yes,Station appartenant à la DCENN,-,44,District de la Meuse,District,,627250,L6050,---,yes,456019200000,Ruisseau d'Heure,Active,627250,1984-06-14 00:00:00: Active,Belgique,174.022,WALLONIE,Ourthe moyenne et affluents / 44,Limnimètre,Ourthe moyenne,NAMUR,1450601,,---,Ourthe / OU,Ourthe moyenne,Catégorie 1,yes,District de la Meuse,5377,MEUSE,Très stable,M,Baillonville,Somme-Leuze,Route de Marche,t0/Normal,Centre Marche,54/4,,,
183211010,2026-06-05T10:40:00.000+02:00,,0.216,199399.0,94416.0,15559,Direction des Cours d'Eau Non Navigables,Wanlin,L7190,05a-Hauteur.Complet.Alarmes,Cmd.Rel.Abs.Comp-Alarmes,DCENN,Hauteur,H,m,H,GN_STATION,DCENN/L7190/H/Cmd.Rel.Abs.Comp-Alarmes,Biran,,DCENN,"51,94 km²",,128.41,DNG,Mise en service,DNG,DCENN,yes,Station appartenant à la DCENN,-,25,District de la Meuse,District,,243591,L7190,---,yes,1094169600000,Biran,Active,243591,2004-09-03 00:00:00: Active,Belgique,128.41,WALLONIE,Basse Lesse et affluents / 25,Limnimètre,Basse Lesse,NAMUR,1450287,,---,Lesse / LE,Basse Lesse,Catégorie 1,yes,District de la Meuse,5564,MEUSE,t0/?,M,Wanlin,Houyet,Rue du Biran,t0/Normal,Centre Namur,59/1,,,
249065010,2026-06-05T10:30:00.000+02:00,,0.226,154838.0,105421.0,12482,Direction de la Gestion hydrologique,WALCOURT (GARE),7781,05a-Hauteur.Complet.Alarmes,Cmd.Rel.Abs.Comp-Alarmes,DGH,Hauteur,H,m,H,GN_STATION,DGH/7781/H/Cmd.Rel.Abs.Comp-Alarmes,Eau d'Heure,2025-01-01 00:00:00: <Z_coffret_telem=4.272><bas_coffret_telem=0.2><br>2020-08-27 00:00:00: Ajout d'un élément pour prolonger le fût vers le bas.<br>2003-10-28 00:00:00: <echX=0.2 cm/h><echY=1/10><limni=OTT X>,DGH,"191,59 km²",Walcourt,161.9,---,<echX=0.291667 cm/h><echY=1/10><limni=RITTMEYER>,,DGH,yes,Direction de la Gestion hydrologique,-,10,District de la Meuse,District,Lefèvre C.,366260,7781,---,yes,-72576000000,Eau d'Heure,Active,366260,1967-09-14 00:00:00: Active,Belgique,161.9,WALLONIE,Eau d'heure et affluents / 10,Limnimètre,Eau d'heure,NAMUR,1450355,"<ACCES>
RIVE GAUCHE - A LA GARE SNCB Fond du parking de la gare.
</ACCES>",---,Sambre / SA,Eau d'heure,Catégorie 1,,,,,,,,,,,,,,,
242789010,2026-06-05T10:30:00.000+02:00,,0.562,262860.0,134258.0,12212,Direction de la Gestion hydrologique,BELLEHEID,6526,05a-Hauteur.Complet.Alarmes,Cmd.Rel.Abs.Comp-Alarmes,DGH,Hauteur,H,m,H,GN_STATION,DGH/6526/H/Cmd.Rel.Abs.Comp-Alarmes,Hoegne,2025-01-01 00:00:00: <Z_coffret_telem=2.805><bas_coffret_telem=0.2><br>1998-10-21 00:00:00: <limni=OTT X>,DGH,"19,64 km²",Jalhay,357.317,DNG,<echX=0.2 cm/h><echY=1/10><limni=SEBA>,DNG,DGH,no,Direction de la Gestion hydrologique,-,38,District de la Meuse,District,Smiejkowski M.,554240,6526,---,yes,740707200000,Hoegne,Active,554240,1993-06-22 00:00:00: Active,Belgique,357.317,WALLONIE,Vesdre et affluents / 38,Limnimètre,Vesdre,LIEGE,1450423,"(Le 07/07/1998) pose d'enrochement en RG aval du gué pour protéger le restaurant.

<SITUATION>
La station est en rive gauche, à proximité d’une passerelle piétonnière en bois, quelques mètres en amont d’un gué en béton.
Il y a un problème connu de sonde lumineuse : acidité de l’eau … ? Il est parfois tout à fait impossible d’avoir une lecture ‘sonde’.
Températures : une sonde de température mesure l'air sous le boîtier du répondeur et une autre la température de l'eau à la prise d'eau.
</SITUATION>

<HISTORIQUE>
Le premier appareil (Seba) est installé le 22 juin 1993 (les premières données sont du 12 juillet 1993-11h). La télémesure est installée le 6 oct 1993.
Le 21 octobre 1998, le Seba est remplacé par un Ott X avec codeur (Z et DNG restant inchangés).
Le 9 avril 1996, le répondeur de type ‘recodis’ est remplacé par un de type ‘pc3000’.
Le 7 juillet 1998, des enrochements sont posés en rive gauche à l’aval du gué pour protéger le restaurant.
Le 31 mars 1999, lors d’un nivellement par une équipe du Service, il a été établi que la cote pour un débit nul (hauteur lorsque l’eau n’arrive plus au niveau du seuil) était 0.380m.
Le 3 oct 2000, l’échelle limnigraphique, qui était en rive droite et qui était parfois à sec, a été déplacée en rive gauche (Z et DNG théoriquement inchangés).
En nov 2002, un nivellement total de la station a été effectué par le bureau BELP ; la cote de la plaque du limnigraphe a été nivelée à 360.970m 
alors qu’à l’époque de l’installation de l’appareil, elle avait été mesurée à 360.822m par l’hydrographe de l'époque.
</HISTORIQUE>




<TARAGE>

20210716
Suite à la crue de juillet 2021, le sommet de CT a été calculé en imposant le QMH modélisé de l'ULG associé à la HMH enregistrée au limnigraphe. Soit Q=51.1 et H=1.983

20251216
Le sommet de courbe est porté de 2.1m à 2.8m par extrapolation du segment supérieur. Cette hauteur correspond au bas du coffret de télémesure.

</TARAGE>

",---,Vesdre / VE,Vesdre,Catégorie 2,,,,,,,,,,,,,,,
247998010,2026-06-05T10:35:00.000+02:00,,0.192,150824.0,120482.0,12436,Direction de la Gestion hydrologique,MONCEAU Aval Bar-Ecl,7394,05a-Hauteur.Complet.Alarmes,Cmd.Rel.Abs.Comp-Alarmes,DGH,Hauteur,H,m,H,GN_STATION,DGH/7394/H/Cmd.Rel.Abs.Comp-Alarmes,Basse Sambre,"2025-01-01 00:00:00: <Z_coffret_telem=4.979><bas_coffret_telem=0.2><br>2017-01-01 00:00:00: <fin_feuille_limni><br>2003-11-16 00:00:00: Placement nouvelle échelle, l'ancienne était décalée de 10 cm<br>1995-12-21 00:00:00: Mise en service de la télémesure.",DGH,,Charleroi,100.0,---,<date_1ere_data><echX=0.2 cm/h><echY=1/10><limni=OTT X>,,DGH,no,Direction de la Gestion hydrologique,-,11,District de la Meuse,District,Lefèvre C.,,7394,---,yes,806803200000,Basse Sambre,Active,,1995-07-27 00:00:00: Active,Belgique,100.0,WALLONIE,Basse Sambre / 11,Limnimètre,Basse Sambre (NA),HAINAUT,1450279,"<ACCES>
242m en aval du barrage rive droite Accès par rue Georges Tourneur puis rue Jambe de Bois, puis à pied (à proximité du réfrigérant).
</ACCES>",---,Sambre / SA,Basse Sambre (NA),Navigable,,,,,,,,,,,,,,,
182741010,2026-06-05T10:00:00.000+02:00,,0.522,254550.0,143074.0,15538,Direction des Cours d'Eau Non Navigables,Verviers,L7150,05a-Hauteur.Complet.Alarmes,Cmd.Rel.Abs.Comp-Alarmes,DCENN,Hauteur,H,m,H,GN_STATION,DCENN/L7150/H/Cmd.Rel.Abs.Comp-Alarmes,Vesdre,,DCENN,"338,15 km²",,0.0,DNG,Mise en service,DNG,DCENN,yes,Station appartenant à la DCENN,-,38,District de la Meuse,District,,560260,L7150,---,yes,1705536000000,Vesdre,Active,560260,2004-08-17 00:00:00: Active,Belgique,0.0,WALLONIE,Vesdre et affluents / 38,Limnimètre,Vesdre,LIEGE,1450697,,---,Vesdre / VE,Vesdre,Catégorie 1,yes,District de la Meuse,4800,MEUSE,t0/?,M,Verviers,Verviers,Rue Fernand Ouget,t0/Normal,Centre Liège,42/8,,,
244583010,2026-06-05T10:30:00.000+02:00,,0.803,269012.0,126873.0,12294,Direction de la Gestion hydrologique,BEVERCE,6946,05a-Hauteur.Complet.Alarmes,Cmd.Rel.Abs.Comp-Alarmes,DGH,Hauteur,H,m,H,GN_STATION,DGH/6946/H/Cmd.Rel.Abs.Comp-Alarmes,Warche,1997-06-26 00:00:00: Mise en service de la télémesure.,DGH,"149,14 km²",Malmédy,348.052,DNG,<date_1ere_data><echX=0.2 cm/h><echY=1/10><limni=OTT X>,DNG,DGH,no,Direction de la Gestion hydrologique,-,41,District de la Meuse,District,Smiejkowski M.,512210,6946,---,yes,848448000000,Warche,Active,512210,1996-11-20 00:00:00: Active,Belgique,348.052,WALLONIE,Amblève et affluents / 41,Limnimètre,Amblève,LIEGE,1450713,"<ACCES>
Se trouve au bout de la rue Bouhon Corti.
</ACCES>


<DESCRIPTIF>
Installation en rive droite. Le seuil est un seuil en enrochement, installé pour le SPW. C’est un seuil d’étiage situé à environ 10-15 m aval limni. 
Il est peu probable de voir des barrages vacanciers l’été, de même que de la végétation aquatique. 
Des lachures de Robertville sont régulièrement nettement visible sur l’hydrogramme (max environ 10 m³/s).
La station est sujette au gel : puits, rivière, appareil.
Il n'y a pas de pont au voisinage de la station; de ce fait, il n'est pas possible de jauger en crue.
</DESCRIPTIF>


<TARAGE>
Mai 2000 : révision globale des données
Vu l'impossibilité actuelle de jauger en crue à cette station, l'extrapolation a été faite en fonction des stations aval (Malmédy, Warche et Warchenne).
Le débit maximum (sept 1998) a été estimé à environ 42m³/s pour une hauteur maximale enregistrée de 2.555m.

20260304
Prolongation mathématique du sommet de courbe de 2.7 à 3.5m.

20240208 : extrapolation
Suite au jaugeage du 29/12/2023, le sommet de courbe a été recalculé comme suit :
avec tous les jau à partir d’environ 7 m³/s, sauf celui de janvier 2021.
L’extrémité supérieure de la CT visée est H 2.602, Q entre 50 et 55, pour garder un parallélisme avec l’ancien sommet de CT;
H est la hauteur max enregistrée en juillet 2021 et Q est obtenu par le produit des extrapolations de la surface mouillée de la section limni  et de la vitesse
moyenne à cette section ; la surface mouillée est calculée sur base du profil de la section limni levé par BELP.
L'hypothèse est un changement de section suite à la crue de juillet 2021. Les courbes post-crue 2021 sont donc revues en conséquence.
</TARAGE>",---,Amblève / AM,Amblève,Catégorie 1,,,,,,,,,,,,,,,
256473010,2026-06-05T10:35:00.000+02:00,,0.892,285005.0,110419.0,12837,Direction de la Gestion hydrologique,SCHOENBERG,9926,05a-Hauteur.Complet.Alarmes,Cmd.Rel.Abs.Comp-Alarmes,DGH,Hauteur,H,m,H,GN_STATION,DGH/9926/H/Cmd.Rel.Abs.Comp-Alarmes,Our,1997-01-22 00:00:00: <echX=0.2 cm/h><echY=1/5><zeroFeuille=0.75><limni=OTT X><br>1996-04-24 00:00:00: Mise en service de la télémesure<br>1996-04-03 00:00:00: <echX=0.2 cm/h><echY=1/10><limni=OTT X><br>2021-09-07 00:00:00: <sonde=OTT PLS>,DGH,"100,50 km²",Sankt Vith,419.042,---,<echX=0.2 cm/h><echY=1/5><limni=OTT X 43>,,DGH,yes,Direction de la Gestion hydrologique,-,42,District du Rhin,District,Smiejkowski M.,501200,9926,---,yes,827366400000,Our,Active,501200,1967-04-03 00:00:00: Active,Belgique,419.042,WALLONIE,Our et affluents / 42,Limnimètre,Our,LIEGE,1450493,"SITUATION 99261011
EN AVAL DU PONT ROUTE SUR L'OUR.A 100 M A L'OUEST DE L'EGLISE.RIVE DROITE.

ATTENTION : la prise d'eau est à sec quand la hauteur = 0.890 m

Un îlot de végétation se forme en été au travers du limni, qui sépare la rivière en deux.
La station est sensible au gel : appareil, puits et rivière.
Il y a un seuil-barrage en amont qui peut être relevé pour alimenter une échelle à poissons qui se trouve à côté en rive droite.


(Le 05/02/1997) Travaux de dragage(commandés par le service)à la section limnigraphique : nettoyage section et enlèvement d'un gros rocher. Le but initial de faire un seuil à 12m Av limni ne fut pas réalisable.

(Le 25/10/2010) debut travaux loutroduc , la prise d'eau est à sec à 0.890 environ

(Le 16/08/2016) travaux RG aval limni, pose d'enrochement

(Le 15/07/2021) puits limnigraphique et section endommagées lors de la crue ; le puits n'est plus fonctionnel.
Cette dernière crue a causé une modification importante du lit de la rivière, la prise d'eau est souvent à sec.
De gros travaux seront nécessaires pour remettre la station en état.
07/09/2021: placement d'une sonde hydrostatique; l'affichage local n'est pas fonctionnel.
19/11/2021 : réglage complet de la station; un nouvel appareil permet une lecture sur site de la mesure de la sonde.


<TARAGE>
20250708 - Résilience crue
Hauteur max de la CT portée arbitrairement de 3.6m à 4.7m
</TARAGE>",---,Moselle / ML,Our,Catégorie 1,,,,,,,,,,,,,,,
170829010,2026-06-05T10:40:00.000+02:00,,0.853,169640.0,161051.0,15010,Direction des Cours d'Eau Non Navigables,Florival,L6160,05a-Hauteur.Complet.Alarmes,Cmd.Rel.Abs.Comp-Alarmes,DCENN,Hauteur,H,m,H,GN_STATION,DCENN/L6160/H/Cmd.Rel.Abs.Comp-Alarmes,Dyle,,DCENN,"430,00 km²",,31.51,DNG,Mise en service,DNG,DCENN,yes,Station appartenant à la DCENN,-,6,District de l'Escaut,District,,854280,L6160,---,yes,1623801600000,Dyle,Active,854280,1992-07-24 00:00:00: Active,Belgique,31.51,WALLONIE,Dyle et affluents / 6,Limnimètre,Dyle,BRABANT WALLON,1450351,,---,Dyle-Gette / DG,Dyle,Catégorie 1,yes,District de l'Escaut,1390,ESCOUT,Instable,E,Archennes,Grez-Doiceau,Rue de Florival,t0/Normal,Centre Mons,32/5,,,
171939010,2026-06-05T10:00:00.000+02:00,,0.565,202284.0,90218.0,15057,Direction des Cours d'Eau Non Navigables,Lavaux-Sainte-Anne,L6270,05a-Hauteur.Complet.Alarmes,Cmd.Rel.Abs.Comp-Alarmes,DCENN,Hauteur,H,m,H,GN_STATION,DCENN/L6270/H/Cmd.Rel.Abs.Comp-Alarmes,Wimbe,,DCENN,"93,00 km²",,158.81,DNG,Mise en service,DNG,DCENN,yes,Station appartenant à la DCENN,-,25,District de la Meuse,District,,240300,L6270,---,yes,682214400000,Wimbe,Active,240300,1991-08-15 00:00:00: Active,Belgique,158.81,WALLONIE,Basse Lesse et affluents / 25,Limnimètre,Basse Lesse,NAMUR,1450721,,---,Lesse / LE,Basse Lesse,Catégorie 1,yes,District de la Meuse,5580,MEUSE,Instable,M,Lavaux-Sainte-Anne,Rochefort,Rue Bar Lemonnier,t0/Normal,Centre Namur,59/2,,,
252182010,2026-06-05T10:35:00.000+02:00,,0.389,204412.0,81300.0,12618,Direction de la Gestion hydrologique,DAVERDISSE,8341,05a-Hauteur.Complet.Alarmes,Cmd.Rel.Abs.Comp-Alarmes,DGH,Hauteur,H,m,H,GN_STATION,DGH/8341/H/Cmd.Rel.Abs.Comp-Alarmes,Haute Lesse,2007-04-11 00:00:00: <echX=0.2 cm/h><echY=1/5><limni=OTT X><br>2025-01-01 00:00:00: <Z_coffret_telem=4.194><bas_coffret_telem=0.2>,DGH,"302,20 km²",Wellin,211.873,DNG,<echX=0.291667 cm/h><echY=1/5><limni=RITTMEYER>,DNG,DGH,yes,Direction de la Gestion hydrologique,-,26,District de la Meuse,District,Theys D.,,8341,---,yes,-72576000000,Haute Lesse,Active,,1967-09-14 00:00:00: Active,Belgique,211.873,WALLONIE,Haute Lesse et affluents / 26,Limnimètre,Haute Lesse,LUXEMBOURG,5681859,"<DESCRIPTIF>
Une sonde de température mesure l'air sous le boîtier du répondeur et une autre la température de l'eau (8341112T) à l'échelle limnigraphique en rivière.
</DESCRIPTIF>

<ACCES>
limnigraphe sur passerelle le long de la route
</ACCES>",---,Lesse / LE,Haute Lesse,Catégorie 1,,,,,,,,,,,,,,,
181161010,2026-06-05T10:40:00.000+02:00,,0.355,141338.0,152179.0,15470,Direction des Cours d'Eau Non Navigables,Braine-le-Château,L7020,05a-Hauteur.Complet.Alarmes,Cmd.Rel.Abs.Comp-Alarmes,DCENN,Hauteur,H,m,H,GN_STATION,DCENN/L7020/H/Cmd.Rel.Abs.Comp-Alarmes,Hain,,DCENN,"80,98 km²",,46.4,DNG,Mise en service,DNG,DCENN,yes,Station appartenant à la DCENN,-,51,District de l'Escaut,District,,836260,L7020,---,yes,1293840000000,Hain,Active,836260,2003-09-05 00:00:00: Active,Belgique,46.4,WALLONIE,Sennette et Canal Charleroi Bruxelles / 51,Limnimètre,Sennette,BRABANT WALLON,1450395,,---,Senne / SN,Sennette,Catégorie 1,yes,District de l'Escaut,1440,ESCOUT,Stable,E,Braine-le-Château,Braine-le-Château,Rue de la Potterée,t0/Normal,Centre Mons,39/2,,,
193286010,2026-06-05T10:00:00.000+02:00,,0.063,161266.0,113816.0,15931,Direction des Cours d'Eau Non Navigables,Gerpinnes (St-Pierre),L7930,05a-Hauteur.Complet.Alarmes,Cmd.Rel.Abs.Comp-Alarmes,DCENN,Hauteur,H,m,H,GN_STATION,DCENN/L7930/H/Cmd.Rel.Abs.Comp-Alarmes,Ruisseau Saint Pierre,,DCENN,"6,69 km²",,178.43,DNG,Mise en service,DNG,DCENN,yes,Station appartenant à la Province du Hainaut,-,12,District de la Meuse,District,,382551,L7930,---,yes,1388534400000,Ruisseau Saint Pierre,Active,382551,2014-04-15 00:00:00: Active,Belgique,178.43,WALLONIE,Affluents de la Basse Sambre / 12,Limnimètre,Basse Sambre (affluents),HAINAUT,1450617,,---,Sambre / SA,Basse Sambre (affluents),Catégorie 2,yes,District de la Meuse,6280,MEUSE,t0/?,M,Gerpinnes,Gerpinnes,Rue Alfred Thiébaut,t0/Normal,Centre Mons,,,,
173277010,2026-06-05T10:00:00.000+02:00,,0.204,166439.0,84824.0,15121,Direction des Cours d'Eau Non Navigables,Olloy-sur-Viroin,L6380,05a-Hauteur.Complet.Alarmes,Cmd.Rel.Abs.Comp-Alarmes,DCENN,Hauteur,H,m,H,GN_STATION,DCENN/L6380/H/Cmd.Rel.Abs.Comp-Alarmes,Viroin,,DCENN,"491,00 km²",,136.46,DNG,Mise en service,DNG,DCENN,yes,Station appartenant à la DCENN,-,24,District de la Meuse,District,,330300,L6380,---,yes,696643200000,Viroin,Active,330300,1992-01-29 00:00:00: Active,Belgique,136.46,WALLONIE,Viroin et affluents / 24,Limnimètre,Viroin,NAMUR,1450709,,---,Meuse amont / MM,Viroin,Catégorie 1,yes,District de la Meuse,5670,MEUSE,Très stable,M,Olloy-sur-Viroin,Viroinval,Rue Jean Chot,t0/Normal,Centre Namur,58/5,,,
164685010,2026-06-05T10:00:00.000+02:00,,0.406,169937.0,132807.0,14736,Direction des Cours d'Eau Non Navigables,Saint-Martin,L5570,05a-Hauteur.Complet.Alarmes,Cmd.Rel.Abs.Comp-Alarmes,DCENN,Hauteur,H,m,H,GN_STATION,DCENN/L5570/H/Cmd.Rel.Abs.Comp-Alarmes,Ligne,,DCENN,"91,20 km²",,114.35,DNG,Mise en service,DNG,DCENN,yes,Station appartenant à la DCENN,-,12,District de la Meuse,District,,431300,L5570,---,yes,144979200000,Ligne,Active,431300,1974-08-06 00:00:00: Active,Belgique,114.35,WALLONIE,Affluents de la Basse Sambre / 12,Limnimètre,Basse Sambre (affluents),NAMUR,1450449,,---,Sambre / SA,Basse Sambre (affluents),Catégorie 1,yes,District de la Meuse,5190,MEUSE,Stable,M,Saint-Martin,Jemeppe-sur-Sambre,Rue Père Descampe,t0/Normal,Centre Namur,47/1,,,
248941010,2026-06-05T10:35:00.000+02:00,,0.272,152541.0,116384.0,12477,Direction de la Gestion hydrologique,JAMIOULX,7711,05a-Hauteur.Complet.Alarmes,Cmd.Rel.Abs.Comp-Alarmes,DGH,Hauteur,H,m,H,GN_STATION,DGH/7711/H/Cmd.Rel.Abs.Comp-Alarmes,Eau d'Heure,2008-10-16 00:00:00: <echX=0.2 cm/h><echY=1/10><limni=OTT X><br>2008-06-06 00:00:00: Exploitée par datalogger.,DGH,"322,40 km²",Ham-sur-Heure-Nalinnes,116.86,DNG,,DNG,DGH,yes,Direction de la Gestion hydrologique,-,10,District de la Meuse,District,Lefèvre C.,366260,7711,---,yes,768614400000,Eau d'Heure,Active,366260,1968-04-30 00:00:00: Active<br>1991-06-11 00:00:00: Inactive<br>1994-05-11 00:00:00: Active,Belgique,116.86,WALLONIE,Eau d'heure et affluents / 10,Limnimètre,Eau d'heure,HAINAUT,1450355,"<ACCES>
RIVE DROITE - A LA PASSERELLE SUR L'EAU D'HEURE A JAMIOULX Accès par rue de la Foliette ou rue du Fayat. Clé DOM.
</ACCES>

",---,Sambre / SA,Eau d'heure,Catégorie 1,,,,,,,,,,,,,,,
175601010,2026-06-05T10:00:00.000+02:00,,0.16,110975.0,156700.0,15224,Direction des Cours d'Eau Non Navigables,Ghoy,L6570,05a-Hauteur.Complet.Alarmes,Cmd.Rel.Abs.Comp-Alarmes,DCENN,Hauteur,H,m,H,GN_STATION,DCENN/L6570/H/Cmd.Rel.Abs.Comp-Alarmes,Ruisseau d'Ancre,,DCENN,"77,00 km²",,20.083,DNG,Mise en service,DNG,DCENN,yes,Station appartenant à la DCENN,-,3,District de l'Escaut,District,,986300,L6570,---,yes,1771891200000,Ruisseau d'Ancre,Active,986300,1994-12-22 00:00:00: Active,Belgique,20.083,WALLONIE,Dendre et affluents / 3,Limnimètre,Dendre,HAINAUT,1450539,,---,Dendre / DE,Dendre,Catégorie 1,yes,District de l'Escaut,7863,ESCOUT,Stable,E,Ghoy,Lessines,Avenue de Ghoy,t0/Normal,Centre Mons,38/2,,,
160933010,2026-06-05T10:00:00.000+02:00,,0.425,207730.0,86925.0,14573,Direction des Cours d'Eau Non Navigables,Resteigne,L5021,05a-Hauteur.Complet.Alarmes,Cmd.Rel.Abs.Comp-Alarmes,DCENN,Hauteur,H,m,H,GN_STATION,DCENN/L5021/H/Cmd.Rel.Abs.Comp-Alarmes,Haute Lesse,,DCENN,"345,20 km²",,178.81,DNG,Mise en service,DNG,DCENN,yes,Station appartenant à la DCENN,-,26,District de la Meuse,District,,,L5021,---,yes,708048000000,Haute Lesse,Active,,1992-06-09 00:00:00: Active,Belgique,178.81,WALLONIE,Haute Lesse et affluents / 26,Limnimètre,Basse Lesse,LUXEMBOURG,5681859,,---,Lesse / LE,Haute Lesse,Catégorie 1,yes,District de la Meuse,6927,MEUSE,Stable,M,Resteigne,Tellin,Rue de la Carrière,t0/Normal,Centre Namur,59/6,,,
181677010,2026-06-05T10:20:00.000+02:00,,0.664,246925.0,92416.0,15489,Direction des Cours d'Eau Non Navigables,Rensiwé,L7070,05a-Hauteur.Complet.Alarmes,Cmd.Rel.Abs.Comp-Alarmes,DCENN,Hauteur,H,m,H,GN_STATION,DCENN/L7070/H/Cmd.Rel.Abs.Comp-Alarmes,Ruisseau de Martin moulin,,DCENN,"76,64 km²",,294.32,DNG,Mise en service,DNG,DCENN,,Station appartenant à la DCENN,-,45,District de la Meuse,District,,613240,L7070,---,yes,1293840000000,Ruisseau de Martin moulin,Active,613240,2003-10-15 00:00:00: Active,Belgique,294.32,WALLONIE,Ourthe supérieure et affluents / 45,Limnimètre,Ourthe supérieure,LUXEMBOURG,1450567,,---,Ourthe / OU,Ourthe supérieure,Catégorie 1,yes,District de la Meuse,6666,MEUSE,t0/?,M,Wibrin,Houffalize,Pont de Rensiwé,t0/Normal,Centre Marche,60/3,,,
246276010,2026-06-05T10:35:00.000+02:00,,1.567,187408.0,128661.0,12369,Direction de la Gestion hydrologique,GRD-MALADES Bief Am,7197,05a-Hauteur.Complet.Alarmes,Cmd.Rel.Abs.Comp-Alarmes,DGH,Hauteur,H,m,H,GN_STATION,DGH/7197/H/Cmd.Rel.Abs.Comp-Alarmes,Meuse moyenne,1995-08-07 00:00:00: <echX=0.2 cm/h><echY=1/10><br>2023-05-17 10:00:00: <sonde=OTT PLS><br>2017-01-01 00:00:00: <fin_feuille_limni>,DGH,,Namur,77.0,DNG,<echX=0.2 cm/h><echY=1/10><limni=OTT X>,DNG,DGH,no,Direction de la Gestion hydrologique,-,33,District de la Meuse,District,Theys D.,,7197,---,yes,990576000000,Meuse moyenne,Active,,1993-01-01 00:00:00: Active<br>1997-02-28 00:00:00: Inactive<br>1997-05-21 00:00:00: Active,Belgique,77.0,WALLONIE,Meuse moyenne / 33,Limnimètre,Meuse moyenne (NA),NAMUR,1450469,"(Du 23/03/1996 au 09/05/1996) pas de données du23-28/3,1-9/5

(Le 27/09/2000) Chomage",---,Meuse aval / MA,Meuse moyenne (NA),Navigable,,,,,,,,,,,,,,,
171593010,2026-06-05T10:20:00.000+02:00,,0.349,249530.0,123011.0,15042,Direction des Cours d'Eau Non Navigables,Lorcé,L6240,05a-Hauteur.Complet.Alarmes,Cmd.Rel.Abs.Comp-Alarmes,DCENN,Hauteur,H,m,H,GN_STATION,DCENN/L6240/H/Cmd.Rel.Abs.Comp-Alarmes,Lienne,,DCENN,"147,00 km²",,190.15,DNG,Mise en service,DNG,DCENN,yes,Station appartenant à la DCENN,-,41,District de la Meuse,District,,542230,L6240,---,yes,716515200000,Lienne,Active,542230,1992-09-15 00:00:00: Active,Belgique,190.15,WALLONIE,Amblève et affluents / 41,Limnimètre,Amblève,LIEGE,1450445,,---,Amblève / AM,Amblève,Catégorie 1,yes,District de la Meuse,4987,MEUSE,Très stable,M,Lorcé,Stoumont,La Lienne (Rahier),t0/Normal,Centre Liège,49/7,,,
195556010,2026-06-05T10:40:00.000+02:00,,0.077,85630.0,156257.0,16028,Direction des Cours d'Eau Non Navigables,Celles,L8120,05a-Hauteur.Complet.Alarmes,Cmd.Rel.Abs.Comp-Alarmes,DCENN,Hauteur,H,m,H,GN_STATION,DCENN/L8120/H/Cmd.Rel.Abs.Comp-Alarmes,Rieu de la Lhaye,,DCENN,"38,89 km²",,23.97,DNG,Mise en service,DNG,DCENN,yes,Station appartenant à la Province du Hainaut,-,2,District de l'Escaut,District,,997300,L8120,---,yes,1506816000000,Rieu de la Lhaye,Active,997300,2017-10-01 00:00:00: Active,Belgique,23.97,WALLONIE,Affluents de l'Escaut / 2,Limnimètre,Escaut (affluents),HAINAUT,1450523,,---,Escaut-Lys / EL,Escaut (affluents),Catégorie 2,no,District de l'Escaut,7760,ESCOUT,t0/?,E,Celles,Celles,Rue Provinciale,t0/Normal,Centre Mons,,,,
161253010,2026-06-05T10:00:00.000+02:00,,0.159,174509.0,94935.0,14585,Direction des Cours d'Eau Non Navigables,Romedenne,L5060,05a-Hauteur.Complet.Alarmes,Cmd.Rel.Abs.Comp-Alarmes,DCENN,Hauteur,H,m,H,GN_STATION,DCENN/L5060/H/Cmd.Rel.Abs.Comp-Alarmes,Hermeton,,DCENN,"115,00 km²",,149.84,DNG,Mise en service,DNG,DCENN,yes,Station appartenant à la DCENN,-,28,District de la Meuse,District,,342230,L5060,---,yes,1751900400000,Hermeton,Active,342230,1969-02-01 00:00:00: Active,Belgique,149.84,WALLONIE,Affluents de la Haute Meuse / 28,Limnimètre,Hermeton,NAMUR,1450419,,---,Meuse amont / MM,Hermeton,Catégorie 1,yes,District de la Meuse,5600,MEUSE,Stable,M,Romedenne,Philippeville,Rue du Pige,t0/Normal,Centre Namur,58/2,,,
165857010,2026-06-05T10:00:00.000+02:00,,0.481,139667.0,144334.0,14791,Direction des Cours d'Eau Non Navigables,Ronquières,L5670,05a-Hauteur.Complet.Alarmes,Cmd.Rel.Abs.Comp-Alarmes,DCENN,Hauteur,H,m,H,GN_STATION,DCENN/L5670/H/Cmd.Rel.Abs.Comp-Alarmes,Sennette,,DCENN,"61,14 km²",,55.56,DNG,Mise en service,DNG,DCENN,yes,Station appartenant à la DCENN,-,51,District de l'Escaut,District,,834240,L5670,---,yes,236563200000,Sennette,Active,834240,1977-07-01 00:00:00: Active,Belgique,55.56,WALLONIE,Sennette et Canal Charleroi Bruxelles / 51,Limnimètre,Sennette,HAINAUT,1450653,,---,Senne / SN,Sennette,Catégorie 1,yes,District de l'Escaut,7090,ESCOUT,Stable,E,Ronquières,Braine-le-Comte,Rue Jules Dekeyn,t0/Normal,Centre Mons,39/6,,,
253632010,2026-06-05T10:35:00.000+02:00,,0.645,163437.0,86052.0,12690,Direction de la Gestion hydrologique,NISMES,9081,05a-Hauteur.Complet.Alarmes,Cmd.Rel.Abs.Comp-Alarmes,DGH,Hauteur,H,m,H,GN_STATION,DGH/9081/H/Cmd.Rel.Abs.Comp-Alarmes,Eau Blanche,,DGH,"248,91 km²",Viroinval,150.617,---,<echX=0.2 cm/h><echY=1/10><limni=OTT X>,,DGH,yes,Direction de la Gestion hydrologique,-,22,District de la Meuse,District,Theys D.,311200,9081,---,yes,-63158400000,Eau Blanche,Active,311200,1968-01-01 00:00:00: Active<br>2007-03-17 00:00:00: Inactive<br>2007-05-15 00:00:00: Active,Belgique,150.617,WALLONIE,Eau Blanche et affluents / 22,Limnimètre,Eau Blanche,NAMUR,1450353,"20/03/2024 : le limnigraphe a été déplacé de la rive droite à la rive gauche, en face de son ancien emplacement, suite à des problèmes d'envasement de la prise d'eau.
",---,Meuse amont / MM,Eau Blanche,Catégorie 1,,,,,,,,,,,,,,,
249985010,2026-06-05T10:30:00.000+02:00,,0.088,154900.0,97589.0,12524,Direction de la Gestion hydrologique,SOUMOY,7883,05a-Hauteur.Complet.Alarmes,Cmd.Rel.Abs.Comp-Alarmes,DGH,Hauteur,H,m,H,GN_STATION,DGH/7883/H/Cmd.Rel.Abs.Comp-Alarmes,Ruisseau de Soumoy,1997-10-09 00:00:00: Placement d'un nouveau répondeur : PC2000 en place de FP.,DGH,"15,10 km²",Cerfontaine,212.67,---,<date_1ere_data><echX=0.2 cm/h><echY=1/5><limni=OTT X>,,DGH,no,Direction de la Gestion hydrologique,-,10,District de la Meuse,District,Lefèvre C.,,7883,---,yes,347155200000,Ruisseau de Soumoy,Active,,1981-01-01 00:00:00: Active,Belgique,212.67,WALLONIE,Eau d'heure et affluents / 10,Limnimètre,Eau d'heure,NAMUR,1450579,"<ACCES>
RIVE GAUCHE - AU PONT DANS LE VILLAGE DE SOUMOY Rue de Daussois.
</ACCES>

En étiage, prélèvements sporadiques d'eau à l'amont du limni par un agriculteur, pouvant expliquer des variations inhabituelles du niveau.

(Du 29/06/2020 au 31/07/2020) Travaux importants dans la rivière (consolidation pont et berges), appareil HS.",---,Sambre / SA,Eau d'heure,Catégorie 2,,,,,,,,,,,,,,,
240114010,2026-06-05T10:35:00.000+02:00,,0.36,237927.0,145415.0,12102,Direction de la Gestion hydrologique,ANGLEUR GR BAT. Am,5806,05a-Hauteur.Complet.Alarmes,Cmd.Rel.Abs.Comp-Alarmes,DGH,Hauteur,H,m,H,GN_STATION,DGH/5806/H/Cmd.Rel.Abs.Comp-Alarmes,Ourthe inférieure,2007-06-07 00:00:00: <echX=0.2 cm/h><echY=1/10><limni=OTT X><br>2002-08-07 00:00:00: Placement d'une échelle inclinée à 45 degrés.,DGH,,Liège,64.0,DNG,<echX=0.291667 cm/h><echY=1/10><limni=RITTMEYER>,DNG,DGH,no,Direction de la Gestion hydrologique,-,43,District de la Meuse,District,Smiejkowski M.,,5806,---,yes,301795200000,Ourthe inférieure,Active,,1967-06-19 00:00:00: Active,Belgique,64.0,WALLONIE,Ourthe inférieure et affluents / 43,Limnimètre,Ourthe inférieure,LIEGE,1450733,"<ACCES>
50 M EN AMONT DU BARRAGE DES GROSSES BATTES - RIVE GAUCHE
</ACCES>
",---,Ourthe / OU,Ourthe inférieure,Navigable,,,,,,,,,,,,,,,
189800010,2026-06-05T10:00:00.000+02:00,,0.286,201600.0,109013.0,15772,Direction des Cours d'Eau Non Navigables,Ciney,L7630,05a-Hauteur.Complet.Alarmes,Cmd.Rel.Abs.Comp-Alarmes,DCENN,Hauteur,H,m,H,GN_STATION,DCENN/L7630/H/Cmd.Rel.Abs.Comp-Alarmes,Ruisseau de Leignon,,DCENN,"29,64 km²",,236.12,DNG,Mise en service,DNG,DCENN,yes,Station appartenant à la DCENN,-,28,District de la Meuse,District,,421311,L7630,---,yes,1293840000000,Ruisseau de Leignon,Active,421311,2009-07-09 00:00:00: Active,Belgique,236.12,WALLONIE,Affluents de la Haute Meuse / 28,Limnimètre,Bocq,NAMUR,1450565,,---,Meuse amont / MM,Bocq,Catégorie 2,yes,District de la Meuse,5590,MEUSE,Stable,M,Ciney,Ciney,Avenue du Roi Albert,t0/Normal,Centre Namur,,,,
243909010,2026-06-05T10:35:00.000+02:00,,1.208,266668.0,120042.0,12264,Direction de la Gestion hydrologique,LASNENVILLE,6753,05a-Hauteur.Complet.Alarmes,Cmd.Rel.Abs.Comp-Alarmes,DGH,Hauteur,H,m,H,GN_STATION,DGH/6753/H/Cmd.Rel.Abs.Comp-Alarmes,Amblève,,DGH,"196,23 km²",Malmédy,315.468,DNG,<date_1ere_data><echX=0.2 cm/h><echY=1/10><limni=OTT X>,DNG,DGH,no,Direction de la Gestion hydrologique,-,41,District de la Meuse,District,Smiejkowski M.,535120,6753,---,yes,847843200000,Amblève,Active,535120,1996-11-13 00:00:00: Active,Belgique,315.468,WALLONIE,Amblève et affluents / 41,Limnimètre,Amblève,LIEGE,1450265,"Selon le nivellement de BELP de septembre 2006, l'eau touche le pont, côté rive gauche,  à une hauteur limni de 1.672m et en rive droite à une hauteur de 2.282m.
Selon le profil de la section, un débordement commence à ces hauteurs-là.


SITUATION 6753112T
Sonde placée dans le puits

<TARAGE>
20260302
Extrapolation libre du sommet de courbe ; il est limité à 3.0m vu l'aplatissement de la CT qui se produit vers 2.2m.
</TARAGE>",---,Amblève / AM,Amblève,Catégorie 1,,,,,,,,,,,,,,,
176071010,2026-06-05T10:00:00.000+02:00,,1.091,198431.0,96041.0,15245,Direction des Cours d'Eau Non Navigables,Hérock,L6610,05a-Hauteur.Complet.Alarmes,Cmd.Rel.Abs.Comp-Alarmes,DCENN,Hauteur,H,m,H,GN_STATION,DCENN/L6610/H/Cmd.Rel.Abs.Comp-Alarmes,Lesse,,DCENN,"1156,02 km²",,123.74,DNG,Mise en service,DNG,DCENN,yes,Station appartenant à la DCENN,-,25,District de la Meuse,District,,211110,L6610,---,yes,832636800000,Lesse,Active,211110,1996-05-21 00:00:00: Active,Belgique,123.74,WALLONIE,Basse Lesse et affluents / 25,Limnimètre,Basse Lesse,NAMUR,1450441,station remplacant la station de Vignée stoppée en 1995,---,Lesse / LE,Basse Lesse,Catégorie 1,yes,District de la Meuse,5563,MEUSE,Stable,M,Hour,Houyet,station remplacant la station de Vignée stoppée en 1995,t0/Normal,Centre Namur,59/1,,,Lesse
166497010,2026-06-05T10:00:00.000+02:00,,0.122,120908.0,124476.0,14820,Direction des Cours d'Eau Non Navigables,Mesvin,L5703,05a-Hauteur.Complet.Alarmes,Cmd.Rel.Abs.Comp-Alarmes,DCENN,Hauteur,H,m,H,GN_STATION,DCENN/L5703/H/Cmd.Rel.Abs.Comp-Alarmes,By,,DCENN,"53,77 km²",,36.545,DNG,Mise en service,DNG,DCENN,yes,Station appartenant à la DCENN,-,4,District de l'Escaut,District,,901300,L5703,---,yes,1679875200000,By,Active,901300,2014-03-01 00:00:00: Active,Belgique,36.545,WALLONIE,Haine et affluents / 4,Limnimètre,Haine,HAINAUT,1450305,,---,Haine / HN,Haine,Catégorie 1,yes,District de l'Escaut,7022,ESCOUT,Stable,E,Mesvin,Mons,Rue d'Hyon,t0/Normal,Centre Mons,45/7,,,
245678010,2026-06-05T10:35:00.000+02:00,,1.661,216627.0,136114.0,12349,Direction de la Gestion hydrologique,NEUVILLE Bief Aval,7133,05a-Hauteur.Complet.Alarmes,Cmd.Rel.Abs.Comp-Alarmes,DGH,Hauteur,H,m,H,GN_STATION,DGH/7133/H/Cmd.Rel.Abs.Comp-Alarmes,Meuse moyenne,2017-01-05 00:00:00: <fin_feuille_limni><br>2005-04-28 00:00:00: <echX=0.2 cm/h><echY=1/10><limni=OTT X><br>2019-02-15 00:00:00: <codeur_seul>,DGH,,Amay,63.0,---,<sonde=OTT PLS>,,DGH,no,Direction de la Gestion hydrologique,-,33,District de la Meuse,District,Smiejkowski M.,,7133,---,yes,1491955200000,Meuse moyenne,Active,,1967-06-26 00:00:00: Active<br>2020-08-12 00:00:00: Inactive<br>2023-11-15 10:55:00: Active,Belgique,63.0,WALLONIE,Meuse moyenne / 33,Limnimètre,Meuse moyenne (NA),LIEGE,1450469,"SITUATION 71331011
SUR LE MUR D'EAU A ENVIRON 900 M EN AVAL DU BARRAGE D'AMPSIN-NEUVILLE.R RIVE DROITE.ACCES DANS LE SENS LIEGE- HUY SEULEMENT.
",---,Meuse aval / MA,Meuse moyenne (NA),Navigable,,,,,,,,,,,,,,,
346414010,2026-06-05T10:00:00.000+02:00,,0.232,166988.0,84250.0,3640096,Direction des Cours d'Eau Non Navigables,Olloy - Noyé,L8740,05a-Hauteur.Complet.Alarmes,Cmd.Rel.Abs.Comp-Alarmes,DCENN,Hauteur,H,m,H,GN_STATION,DCENN/L8740/H/Cmd.Rel.Abs.Comp-Alarmes,Ruisseau de Noyé,,DCENN,"0,00 km²",,146.079,DNG,Mise en service,DNG,,yes,Station appartenant à la Province de Namur,-,,,District,,330401,,---,yes,1614556800000,Ruisseau de Noyé,Active,330401,2021-03-01 00:00:00: Active,,146.079,,,Limnimètre,Viroin,,5681877,,---,,,Catégorie 2,no,District de la Meuse,,MEUSE,t0/?,M,Olloy-sur-Viroin,Viroinval,,,,,,,
254805010,2026-06-05T10:30:00.000+02:00,,0.649,188812.0,62815.0,12743,Direction de la Gestion hydrologique,MEMBRE Amont,9435,05a-Hauteur.Complet.Alarmes,Cmd.Rel.Abs.Comp-Alarmes,DGH,Hauteur,H,m,H,GN_STATION,DGH/9435/H/Cmd.Rel.Abs.Comp-Alarmes,Basse Semois,2007-10-31 00:00:00: <echX=0.2 cm/h><echY=1/10><limni=OTT X><br>1999-10-06 00:00:00: Placement d'un PC3000 ald FP.,DGH,"1224,72 km²",Vresse-sur-Semois,177.502,---,<date_1ere_data><echX=0.291667 cm/h><echY=1/10><limni=RITTMEYER>,,DGH,no,Direction de la Gestion hydrologique,-,13,District de la Meuse,District,Theys D.,,9435,---,yes,252460800000,Basse Semois,Active,,1978-01-01 00:00:00: Active,Belgique,177.502,WALLONIE,Basse Semois et affluents / 13,Limnimètre,Basse Semois,NAMUR,1450737,"SITUATION 94351011
EN RD A +-1KM EN AMONT DE LA STATION DE MEMBRE PONT",---,Semois-Chiers / SC,Basse Semois,Navigable,,,,,,,,,,,,,,,
386942010,2026-06-05T10:35:00.000+02:00,,293.764,263747.9775,143253.2598,17599,GILEPPE,GILEPPE LAC 1,656601,05a-Hauteur absolue.Complet.Alarmes,Cmd.Abs.Comp-Alarmes,GIL,Hauteur,Habs,m,H,GN_STATION,GIL/656601/Habs/Cmd.Abs.Comp-Alarmes,Gileppe,,DGH,,,0.0,DNG,,DNG,GIL,no,,-,38,District de la Meuse,District,Smiejkowski M.,,656601,---,yes,189302400000,Gileppe,Active,,1976-01-01 00:00:00: Active,,0.0,,Vesdre et affluents / 38,Limnimètre,,,1450381,"Barrage Gileppe - Cote du lac en DNG

En octobre 2023, les hauteurs, qui étaient précédemment enregistrées en relatif (gauge datum = 270m DNG) ont été converties en hauteurs absolues.
Les hauteurs ne sont publiées sur le site qu'à partir du 01/01/2023. Les hauteurs ne font pas partie des groupes des web services.
Les données de mesures bathymétriques (2016 et 2022) ont été chargées sur WISKI sous forme de tableau de conversion.
Le sommet de la bathy de 2016 a été complété avec celui de celle de 2022 (données lidar).
La bathy de 2016 a été étendue depuis 1/1/1976, date des premières hauteurs enregistrées.
Les fichiers de bathy sont disponibles via ce lien :
\\wallonie.intra\PARTAGES\Hierarchique\PRV-O8120300\Expertise\Dragage_HydroWalMap\Reservoirs_HauteurVol\202205_GTec

Ci-dessous, les équations transmises (historiquement) par le service de Verviers :
  // Lac de la Gileppe.
                    case 14:
                        if ((Val < 270F) || (Val > 300.5)) Resultat = HL;
                        if ((Val >= 270F) && (Val < 280F)) Resultat = 3092759F + (4460.09109 * (Val - 270F) * 100F);
                        if ((Val >= 280F) && (Val < 290F)) Resultat = 7550288F + (7675.73774 * (Val - 280F) * 100F);
                        if ((Val >= 290F) && (Val < 295F)) Resultat = 15231800F + (10338.6573 * (Val - 290F) * 100F);
                        if ((Val >= 295F) && (Val <= 300.5)) Resultat = 20402010F + (12226.7213 * (Val - 295F) * 100F);
                        break;
Cette équation a été enregistrée sur WISKI sous forme de tableau de conversion et de script, mais sans période de validité.


",---,Vesdre / VE,Vesdre,,,,,,,,,,,,,,,Gileppe,
164215010,2026-06-05T10:00:00.000+02:00,,0.148,215429.0,68645.0,14714,Direction des Cours d'Eau Non Navigables,Ochamps,L5530,05a-Hauteur.Complet.Alarmes,Cmd.Rel.Abs.Comp-Alarmes,DCENN,Hauteur,H,m,H,GN_STATION,DCENN/L5530/H/Cmd.Rel.Abs.Comp-Alarmes,Haute Lesse,,DCENN,"10,00 km²",,409.52,DNG,Mise en service,DNG,DCENN,yes,Station appartenant à la DCENN,-,26,District de la Meuse,District,,,L5530,---,yes,149817600000,Haute Lesse,Active,,1974-10-01 00:00:00: Active,Belgique,409.52,WALLONIE,Haute Lesse et affluents / 26,Limnimètre,Basse Lesse,LUXEMBOURG,5681859,,---,Lesse / LE,Haute Lesse,Catégorie 2,yes,District de la Meuse,6890,MEUSE,Stable,M,Ochamps,Libin,Voies de La Hez,t0/Normal,Centre Namur,64/3,,,
189180010,2026-06-05T10:00:00.000+02:00,,0.174,99397.0,144511.0,15743,Direction des Cours d'Eau Non Navigables,Chapelle-à-Wattines,L7580,05a-Hauteur.Complet.Alarmes,Cmd.Rel.Abs.Comp-Alarmes,DCENN,Hauteur,H,m,H,GN_STATION,DCENN/L7580/H/Cmd.Rel.Abs.Comp-Alarmes,Dendre Occidentale,,DCENN,"63,40 km²",,39.07,DNG,Mise en service,DNG,DCENN,yes,Station appartenant à la DCENN,-,3,District de l'Escaut,District,,961220,L7580,---,yes,1562889600000,Dendre Occidentale,Active,961220,2011-06-21 00:00:00: Active,Belgique,39.07,WALLONIE,Dendre et affluents / 3,Limnimètre,Dendre,HAINAUT,1450345,,---,Dendre / DE,Dendre,Catégorie 1,yes,District de l'Escaut,7903,ESCOUT,Stable,E,Chapelle-à-Wattines,Leuze-en-Hainaut,Rue du Pont de Trimont,t0/Normal,Centre Mons,,,,
172807010,2026-06-05T10:00:00.000+02:00,,0.622,241312.0,164275.0,15099,Direction des Cours d'Eau Non Navigables,Eben-Emael,L6340,05a-Hauteur.Complet.Alarmes,Cmd.Rel.Abs.Comp-Alarmes,DCENN,Hauteur,H,m,H,GN_STATION,DCENN/L6340/H/Cmd.Rel.Abs.Comp-Alarmes,Geer,,DCENN,"452,26 km²",,63.169,DNG,Mise en service,DNG,DCENN,,Station appartenant à la DCENN,-,37,District de la Meuse,District,,711210,L6340,---,yes,681609600000,Geer,Active,711210,1991-08-08 00:00:00: Active,Belgique,63.169,WALLONIE,Geer et affluents / 37,Limnimètre,Geer,LIEGE,1450377,,---,Meuse aval / MA,Geer,Catégorie 1,yes,District de la Meuse,4690,MEUSE,Très stable,M,Eben-Emael,Bassenge,Rue des Enclos,t0/Normal,Centre Liège,34/6,,,
237642010,2026-06-05T10:30:00.000+02:00,,0.54,121278.0,125841.0,11997,Direction de la Gestion hydrologique,HYON,3643,05a-Hauteur.Complet.Alarmes,Cmd.Rel.Abs.Comp-Alarmes,DGH,Hauteur,H,m,H,GN_STATION,DGH/3643/H/Cmd.Rel.Abs.Comp-Alarmes,Trouille,1983-01-01 00:00:00: Début des données après les travaux aux berges.<br>1996-11-21 00:00:00: Construction de la passerelle à la section limni ; elle est perpendiculaire à la section.<br>2007-09-11 00:00:00: <echX=0.2 cm/h><echY=1/5><limni=OTT X><br>2026-05-21 10:45:00: <sonde=OTT PLS><br>1983-03-14 00:00:00: <echX=0.291667 cm/h><echY=1/5>,DGH,"223,69 km²",Mons,31.6,DNG,,DNG,DGH,no,Direction de la Gestion hydrologique,-,4,District de l'Escaut,District,Lefèvre C.,902300,3643,---,yes,416448000000,Trouille,Active,902300,1968-03-12 00:00:00: Active<br>1979-10-15 00:00:00: Inactive<br>1982-11-15 00:00:00: Active,Belgique,31.6,WALLONIE,Haine et affluents / 4,Limnimètre,Haine,HAINAUT,1450689,"<ACCES>
A 300 M EN AMONT DU PONT ROUTE Rue Jules Hoyois, petit chemin face au n°55.
</ACCES>


<DESCRIPTIF>
L'ancienne station (flotteur et limni) était en rive gauche.
La sonde à pression, placée en mai 2026, est en rive droite, en face de l'ancienne station.
La section limni est rectangulaire, les berges sont bétonnées et verticales.
Un rétrécissement 10 à 15m en aval sert de contrôle.
</DESCRIPTIF>",---,Haine / HN,Haine,Catégorie 1,,,,,,,,,,,,,,,
250114010,2026-06-05T10:35:00.000+02:00,,0.098,152859.0,96020.0,12531,Direction de la Gestion hydrologique,CERFONTAINE,7891,05a-Hauteur.Complet.Alarmes,Cmd.Rel.Abs.Comp-Alarmes,DGH,Hauteur,H,m,H,GN_STATION,DGH/7891/H/Cmd.Rel.Abs.Comp-Alarmes,Eau d'Heure,2005-09-21 00:00:00: <echX=0.2 cm/h><echY=1/5><limni=OTT X><br>2025-01-01 00:00:00: <Z_coffret_telem=1.554><bas_coffret_telem=0.2>,DGH,"19,82 km²",Cerfontaine,209.24,DNG,<date_1ere_data><echX=0.291667 cm/h><echY=1/5><limni=RITTMEYER>,DNG,DGH,no,Direction de la Gestion hydrologique,-,10,District de la Meuse,District,Lefèvre C.,366260,7891,---,yes,317001600000,Eau d'Heure,Active,366260,1980-01-18 00:00:00: Active,Belgique,209.24,WALLONIE,Eau d'heure et affluents / 10,Limnimètre,Eau d'heure,NAMUR,1450355,"<ACCES>
En rive droite; seuil déversant en aval du confluent du ry de Cerfontaine (ruisseau de la Rozère). Parking rue de Malcampé.
</ACCES>

<DESCRIPTIF>
Seuil Trenton. Il y a une station d'épuration à l'amont qui provoque des variations de niveau.
</DESCRIPTIF>

",---,Sambre / SA,Eau d'heure,Catégorie 2,,,,,,,,,,,,,,,
255953010,2026-06-05T10:30:00.000+02:00,,0.884,229481.0,22474.0,12804,Direction de la Gestion hydrologique,TORGNY,9741,05a-Hauteur.Complet.Alarmes,Cmd.Rel.Abs.Comp-Alarmes,DGH,Hauteur,H,m,H,GN_STATION,DGH/9741/H/Cmd.Rel.Abs.Comp-Alarmes,Chiers,2007-05-24 00:00:00: <echX=0.2 cm/h><echY=1/10><limni=OTT X><br>1996-04-11 00:00:00: Chgt repondeur (PC3000 remplace Recodis).,DGH,"643,13 km²",Rouvroy,188.712,---,<date_1ere_data><echX=0.291667 cm/h><echY=1/10><limni=RITTMEYER>,,DGH,yes,Direction de la Gestion hydrologique,-,20,District de la Meuse,District,Theys D.,126230,9741,---,yes,750384000000,Chiers,Active,126230,1993-10-12 00:00:00: Active,Belgique,188.712,WALLONIE,Chiers et affluents / 20,Limnimètre,Chiers,LUXEMBOURG,1450339,"<TARAGE>
20251017 - résilience crue
Le sommet de CT est porté à 5.25m, par simple extrapolation, le débordement se produisant vers 3.3m.
</TARAGE>",---,Semois-Chiers / SC,Chiers,Catégorie 3,,,,,,,,,,,,,,,
236383010,2026-06-05T10:35:00.000+02:00,,0.218,106331.0,145541.0,11940,Direction de la Gestion hydrologique,IRCHONWELZ,2952,05a-Hauteur.Complet.Alarmes,Cmd.Rel.Abs.Comp-Alarmes,DGH,Hauteur,H,m,H,GN_STATION,DGH/2952/H/Cmd.Rel.Abs.Comp-Alarmes,Dendre Occidentale,1998-02-12 00:00:00: <limni=OTT><br>1979-05-01 00:00:00: <echX=0.2 cm/h><echY=1/5>,DGH,"126,30 km²",Ath,30.911,DNG,<date_1ere_data><echX=0.2 cm/h><echY=1/10><limni=OTT>,DNG,DGH,yes,Direction de la Gestion hydrologique,-,3,District de l'Escaut,District,Lefèvre C.,961220,2952,---,yes,887241600000,Dendre Occidentale,Active,961220,1978-01-01 00:00:00: Active,Belgique,30.911,WALLONIE,Dendre et affluents / 3,Limnimètre,Dendre,HAINAUT,1450345,"<ACCES>
RIVE DROITE, Rue du Pont Mouchon.
</ACCES>",---,Dendre / DE,Dendre,Catégorie 1,,,,,,,,,,,,,,,
167075010,2026-06-05T10:00:00.000+02:00,,0.578,210171.0,137156.0,14846,Direction des Cours d'Eau Non Navigables,Wanze,L5820,05a-Hauteur.Complet.Alarmes,Cmd.Rel.Abs.Comp-Alarmes,DCENN,Hauteur,H,m,H,GN_STATION,DCENN/L5820/H/Cmd.Rel.Abs.Comp-Alarmes,Mehaigne,,DCENN,"352,05 km²",,71.398,DNG,Mise en service,DNG,DCENN,yes,Station appartenant à la DCENN,-,36,District de la Meuse,District,,451230,L5820,---,yes,282182400000,Mehaigne,Active,451230,1978-12-11 00:00:00: Active,Belgique,71.398,WALLONIE,Mehaigne et affluents / 36,Limnimètre,Mehaigne,LIEGE,1450463,,---,Meuse aval / MA,Mehaigne,Catégorie 1,yes,District de la Meuse,4520,MEUSE,Très stable,M,Wanze,Wanze,Rue J. Delhalle,t0/Normal,Centre Liège,48/3,,,
249666010,2026-06-05T10:30:00.000+02:00,,0.17,150205.0,100412.0,12509,Direction de la Gestion hydrologique,BOUSSU-LEZ-WALCOURT,7843,05a-Hauteur.Complet.Alarmes,Cmd.Rel.Abs.Comp-Alarmes,DGH,Hauteur,H,m,H,GN_STATION,DGH/7843/H/Cmd.Rel.Abs.Comp-Alarmes,Ruisseau d'Erpion,2025-01-01 00:00:00: <Z_coffret_telem=1.566><bas_coffret_telem=0.2>,DGH,"5,51 km²",Froidchapelle,213.395,DNG,<date_1ere_data><echX=0.2 cm/h><echY=1/5><limni=OTT X>,DNG,DGH,no,Direction de la Gestion hydrologique,-,10,District de la Meuse,District,Lefèvre C.,,7843,---,yes,347155200000,Ruisseau d'Erpion,Active,,1981-01-01 00:00:00: Active,Belgique,213.395,WALLONIE,Eau d'heure et affluents / 10,Limnimètre,Eau d'heure,HAINAUT,1450583,"<ACCES>
RIVE GAUCHE - EN AMONT LAC PRE-BARRAGE DE FERONVAL PERTUIS A DEVERSOIR TRIANGULAIRE Rue des carrières.
</ACCES>",---,Sambre / SA,Eau d'heure,Catégorie 2,,,,,,,,,,,,,,,
193038010,2026-06-05T10:00:00.000+02:00,,0.015,161662.0,112607.0,15919,Direction des Cours d'Eau Non Navigables,Gerpinnes (Hanzinne amont),L7910,05a-Hauteur.Complet.Alarmes,Cmd.Rel.Abs.Comp-Alarmes,DCENN,Hauteur,H,m,H,GN_STATION,DCENN/L7910/H/Cmd.Rel.Abs.Comp-Alarmes,Ruisseau d'Hanzinne,,DCENN,"12,29 km²",,190.86,DNG,Mise en service,DNG,DCENN,yes,Station appartenant à la Province du Hainaut,-,12,District de la Meuse,District,,382300,L7910,---,yes,1388534400000,Ruisseau d'Hanzinne,Active,382300,2014-04-15 00:00:00: Active,Belgique,190.86,WALLONIE,Affluents de la Basse Sambre / 12,Limnimètre,Basse Sambre (affluents),HAINAUT,1450599,,---,Sambre / SA,Basse Sambre (affluents),Catégorie 2,yes,District de la Meuse,6280,MEUSE,t0/?,M,Gerpinnes,Gerpinnes,Rue de Florennes,t0/Normal,Centre Mons,,,,
246405010,2026-06-05T10:35:00.000+02:00,,0.319,215114.0,126736.0,12375,Direction de la Gestion hydrologique,MODAVE,7228,05a-Hauteur.Complet.Alarmes,Cmd.Rel.Abs.Comp-Alarmes,DGH,Hauteur,H,m,H,GN_STATION,DGH/7228/H/Cmd.Rel.Abs.Comp-Alarmes,Hoyoux,2025-01-01 00:00:00: <Z_coffret_telem=3.471><bas_coffret_telem=0.28><br>2016-10-30 00:00:00: <pluvio=OTTp2><br>1987-04-01 00:00:00: <pluvio=PRECIS MECANIQUE>,DGH,"93,98 km²",Modave,168.371,---,<echX=0.2 cm/h><echY=1/5><limni=OTT X>,,DGH,no,Direction de la Gestion hydrologique,-,35,District de la Meuse,District,Smiejkowski M.,473250,7228,---,yes,534124800000,Hoyoux,Active,473250,1986-12-05 00:00:00: Active,Belgique,168.371,WALLONIE,Hoyoux et affluents / 35,Limnimètre,Hoyoux,LIEGE,1450433,"<SITUATION>
ROUTE DE PONT-DE-BONNE A MODAVE KM 12.5.AU CAPTAGE DE LA CIBE AU LIEU-DIT LA RO- CHE AUX CORBEAUX.
</SITUATION>

<HISTORIQUE>
Le 29/9/1998 le TP (0035) est remplacé par un PG 0015. Le 16/11/00, les data du 0035 sont recopiées au 0015 (période du 1/4/87 au 29/9/98).
</HISTORIQUE>

<TARAGE>
20251216
Le sommet de courbe est porté de 2.25m à 3.1m ; estimation faite en fonction de la surface mouillée et de la vitesse (débordement).
</TARAGE>


",---,Meuse aval / MA,Hoyoux,Catégorie 1,,,,,,,,,,,,,170.5,,
180123010,2026-06-05T10:40:00.000+02:00,,0.169,168252.0,123734.0,15422,Direction des Cours d'Eau Non Navigables,Falisolle,L6930,05a-Hauteur.Complet.Alarmes,Cmd.Rel.Abs.Comp-Alarmes,DCENN,Hauteur,H,m,H,GN_STATION,DCENN/L6930/H/Cmd.Rel.Abs.Comp-Alarmes,Ruisseau de Fosses,,DCENN,"57,37 km²",,97.922,DNG,Mise en service,DNG,DCENN,,Station appartenant à la DCENN,-,12,District de la Meuse,District,,441220,L6930,---,yes,1057190400000,Ruisseau de Fosses,Active,441220,2003-07-03 00:00:00: Active,Belgique,97.922,WALLONIE,Affluents de la Basse Sambre / 12,Limnimètre,Basse Sambre (affluents),NAMUR,1450547,,---,Sambre / SA,Basse Sambre (affluents),Catégorie 1,yes,District de la Meuse,5060,MEUSE,t0/?,M,Falisolle,Sambreville,Rue du Chef-Lieu,t0/Normal,Centre Namur,47/5,,,
187388010,2026-06-05T10:00:00.000+02:00,,0.646,277498.0,100084.0,15660,Direction des Cours d'Eau Non Navigables,Weweler,L7410,05a-Hauteur.Complet.Alarmes,Cmd.Rel.Abs.Comp-Alarmes,DCENN,Hauteur,H,m,H,GN_STATION,DCENN/L7410/H/Cmd.Rel.Abs.Comp-Alarmes,Our,,DCENN,"276,74 km²",,350.56,DNG,Mise en service,DNG,DCENN,,Station appartenant à la DCENN,-,42,District du Rhin,District,,501200,L7410,---,yes,1293840000000,Our,Active,501200,2010-03-01 00:00:00: Active,Belgique,350.56,WALLONIE,Our et affluents / 42,Limnimètre,Our,LIEGE,1450493,,---,Moselle / ML,Our,Catégorie 1,yes,District du Rhin,4790,RHIN,Très stable,R,Burg-Reuland,Burg-Reuland,Steffeshausen,t0/Normal,Centre Liège,,,,
245399010,2026-06-05T10:35:00.000+02:00,,1.645,226214.0,142572.0,12341,Direction de la Gestion hydrologique,IVOZ-RAMET Bief Am,7117,05a-Hauteur.Complet.Alarmes,Cmd.Rel.Abs.Comp-Alarmes,DGH,Hauteur,H,m,H,GN_STATION,DGH/7117/H/Cmd.Rel.Abs.Comp-Alarmes,Meuse moyenne,2019-02-15 00:00:00: <codeur_seul><br>2017-01-05 00:00:00: <fin_feuille_limni><br>2005-07-06 00:00:00: <echX=0.2 cm/h><echY=1/10><limni=OTT X><br>2002-08-07 00:00:00: Placement d'une échelle inclinée à 45 degrés.,DGH,,Flémalle,63.01,DNG,<echX=0.291667 cm/h><echY=1/10><limni=RITTMEYER>,DNG,DGH,no,Direction de la Gestion hydrologique,-,33,District de la Meuse,District,Smiejkowski M.,,7117,---,yes,1550188800000,Meuse moyenne,Active,,1967-06-26 00:00:00: Active,Belgique,63.01,WALLONIE,Meuse moyenne / 33,Limnimètre,Meuse moyenne (NA),LIEGE,1450469,"SITUATION 71171011
A 1KM EN AMONT DU BARRAGE D'YVOZ-RAMET. A 30 M EN AMONT DE L'EXTRIMITE DE LA RUE BAUGNEE, EN RIVE DROITE.

comp 71371011 et71321041 voir 7116",---,Meuse aval / MA,Meuse moyenne (NA),Navigable,,,,,,,,,,,,,,,
172683010,2026-06-05T10:00:00.000+02:00,,0.459,276730.0,93821.0,15093,Direction des Cours d'Eau Non Navigables,Ouren,L6330,05a-Hauteur.Complet.Alarmes,Cmd.Rel.Abs.Comp-Alarmes,DCENN,Hauteur,H,m,H,GN_STATION,DCENN/L6330/H/Cmd.Rel.Abs.Comp-Alarmes,Our,,DCENN,"382,00 km²",,325.046,DNG,Mise en service,DNG,DCENN,,Station appartenant à la DCENN,-,42,District du Rhin,District,,501200,L6330,---,yes,683856000000,Our,Active,501200,1991-09-03 00:00:00: Active,Belgique,325.046,WALLONIE,Our et affluents / 42,Limnimètre,Our,LIEGE,1450493,,---,Moselle / ML,Our,Catégorie 1,yes,District du Rhin,4790,RHIN,Très stable,R,Burg-Reuland,Burg-Reuland,Camping d'Ouren,t0/Normal,Centre Liège,61/3,,,
253756010,2026-06-05T10:30:00.000+02:00,,0.079,161419.0,87044.0,12695,Direction de la Gestion hydrologique,MARIEMBOURG,9111,05a-Hauteur.Complet.Alarmes,Cmd.Rel.Abs.Comp-Alarmes,DGH,Hauteur,H,m,H,GN_STATION,DGH/9111/H/Cmd.Rel.Abs.Comp-Alarmes,Brouffe,"2005-05-18 00:00:00: <echX=0.2 cm/h><echY=1/5><limni=OTT X><br>2025-01-01 00:00:00: <Z_coffret_telem=3.987><bas_coffret_telem=0.2><br>2026-04-29 16:45:00: Suite à des hauteurs négatives réelles mais mal télétransmises, le thalimèdes a été augmenté de 30cm et le coefficient B de la télémesure diminué de 30cm. Il faut soustraire 30cm lors de la lecture de la hauteur sur site.",DGH,"80,05 km²",Couvin,155.921,DNG,<echX=0.291667 cm/h><echY=1/5><limni=RITTMEYER>,DNG,DGH,no,Direction de la Gestion hydrologique,-,22,District de la Meuse,District,Theys D.,313210,9111,---,yes,332467200000,Brouffe,Active,313210,1980-07-15 00:00:00: Active,Belgique,155.921,WALLONIE,Eau Blanche et affluents / 22,Limnimètre,Eau Blanche,NAMUR,1450301,"<DESCRIPTIF>
L'appareil est installé en rive gauche.
</DESCRIPTIF>

",---,Meuse amont / MM,Eau Blanche,Catégorie 1,,,,,,,,,,,,,,,
183087010,2026-06-05T10:20:00.000+02:00,,0.157,145563.0,112098.0,15553,Direction des Cours d'Eau Non Navigables,Biesme-sous-Thuin,L7180,05a-Hauteur.Complet.Alarmes,Cmd.Rel.Abs.Comp-Alarmes,DCENN,Hauteur,H,m,H,GN_STATION,DCENN/L7180/H/Cmd.Rel.Abs.Comp-Alarmes,Bieme l'Eau,,DCENN,"79,81 km²",,135.82,DNG,Mise en service,DNG,DCENN,yes,Station appartenant à la DCENN,-,9,District de la Meuse,District,,357250,L7180,---,yes,1293840000000,Bieme l'Eau,Active,357250,2004-09-02 00:00:00: Active,Belgique,135.82,WALLONIE,Affluents de la Haute Sambre / 9,Limnimètre,Haute Sambre (affluents),HAINAUT,1450283,,---,Sambre / SA,Haute Sambre (affluents),Catégorie 1,yes,District de la Meuse,6531,MEUSE,t0/?,M,Biesme-sous-Thuin,Thuin,Rue de la Gare,t0/Normal,Centre Namur,52/2,,,
175007010,2026-06-05T10:00:00.000+02:00,,0.308,267464.0,125193.0,15196,Direction des Cours d'Eau Non Navigables,Malmedy,L6520,05a-Hauteur.Complet.Alarmes,Cmd.Rel.Abs.Comp-Alarmes,DCENN,Hauteur,H,m,H,GN_STATION,DCENN/L6520/H/Cmd.Rel.Abs.Comp-Alarmes,Warche,,DCENN,"183,42 km²",,329.55,DNG,Mise en service,DNG,DCENN,,Station appartenant à la DCENN,-,41,District de la Meuse,District,,512210,L6520,---,yes,771465600000,Warche,Active,512210,1994-06-13 00:00:00: Active,Belgique,329.55,WALLONIE,Amblève et affluents / 41,Limnimètre,Amblève,LIEGE,1450713,,---,Amblève / AM,Amblève,Catégorie 1,yes,District de la Meuse,4960,MEUSE,t0/?,M,Malmédy,Malmédy,Rue de la Chapelle,t0/Normal,Centre Liège,50/6,,,
169693010,2026-06-05T10:00:00.000+02:00,,0.242,154019.0,107979.0,14959,Direction des Cours d'Eau Non Navigables,Thy-le-Château,L6060,05a-Hauteur.Complet.Alarmes,Cmd.Rel.Abs.Comp-Alarmes,DCENN,Hauteur,H,m,H,GN_STATION,DCENN/L6060/H/Cmd.Rel.Abs.Comp-Alarmes,Thyria,,DCENN,"50,00 km²",,156.04,DNG,Mise en service,DNG,DCENN,yes,Station appartenant à la DCENN,-,10,District de la Meuse,District,,364300,L6060,---,yes,525916800000,Thyria,Active,364300,1986-09-01 00:00:00: Active,Belgique,156.04,WALLONIE,Eau d'heure et affluents / 10,Limnimètre,Eau d'heure,NAMUR,1450673,,---,Sambre / SA,Eau d'heure,Catégorie 1,yes,District de la Meuse,5651,MEUSE,Très stable,M,Thy-le-Château,Walcourt,Rue de la Thyria,t0/Normal,Centre Namur,52/8,,,
371548010,2026-06-05T10:35:00.000+02:00,,0.784,269017.13,145651.041,7115651,Direction de la Gestion hydrologique,EUPEN Hütte,6438,05a-Hauteur.Complet.Alarmes,Cmd.Rel.Abs.Comp-Alarmes,DGH,Hauteur sonde,H_sonde,m,H,GN_STATION,DGH/6438/H_sonde/Cmd.Rel.Abs.Comp-Alarmes,Helle,2025-01-01 00:00:00: <Z_coffret_telem=5.8><bas_coffret_telem=0.2>,DGH,,,282.823,DNG,<sonde=OTT PLS>,DNG,DGH,no,Direction de la Gestion hydrologique,-,38,District de la Meuse,District,Smiejkowski M.,,6438,---,no,1669248000000,Helle,Active,,2022-11-24 00:00:00: Active,,282.823,,Vesdre et affluents / 38,Limnimètre,,,1450409,"<ACCES>
Se situe dans le site de la cablerie (suivre la rue Hutte), au niveau du pont aval rive droite. 
Se signaler à la réception dès son arrivée.  
ATTENTION passage de camion (pont peu large) - GILET FLUO 
</ACCES>

<TARAGE>
20260120 - extrapolation
Le sommet de CT a été revu arbitrairement : de 1.580 à 4.0m - 150 m³/s
</TARAGE>",---,Vesdre / VE,Vesdre,,,,,,,,,,,,,,,,
182617010,2026-06-05T10:00:00.000+02:00,,0.558,223997.0,51426.0,15532,Direction des Cours d'Eau Non Navigables,Suxy,L7140,05a-Hauteur.Complet.Alarmes,Cmd.Rel.Abs.Comp-Alarmes,DCENN,Hauteur,H,m,H,GN_STATION,DCENN/L7140/H/Cmd.Rel.Abs.Comp-Alarmes,Vierre,,DCENN,"219,78 km²",,338.206,DNG,Mise en service,DNG,DCENN,,Station appartenant à la DCENN,-,19,District de la Meuse,District,,135250,L7140,---,yes,1071792000000,Vierre,Active,135250,2003-12-19 00:00:00: Active,Belgique,338.206,WALLONIE,Vierre et affluents / 19,Limnimètre,Vierre,LUXEMBOURG,1450701,,---,Semois-Chiers / SC,Vierre,Catégorie 1,yes,District de la Meuse,6812,MEUSE,t0/?,M,Suxy,Chiny,Rue de la Motte,t0/Normal,Centre Marche,67/4,,,
161697010,2026-06-05T10:20:00.000+02:00,,0.221,101819.0,119540.0,14605,Direction des Cours d'Eau Non Navigables,Baisieux,L5170,05a-Hauteur.Complet.Alarmes,Cmd.Rel.Abs.Comp-Alarmes,DCENN,Hauteur,H,m,H,GN_STATION,DCENN/L5170/H/Cmd.Rel.Abs.Comp-Alarmes,Grande Honnelle,,DCENN,"121,00 km²",,30.879,DNG,Mise en service,DNG,DCENN,yes,Station appartenant à la DCENN,-,4,District de l'Escaut,District,,924300,L5170,---,yes,1769644800000,Grande Honnelle,Active,924300,1971-01-01 00:00:00: Active,Belgique,30.879,WALLONIE,Haine et affluents / 4,Limnimètre,Haine,HAINAUT,1450389,,---,Haine / HN,Haine,Catégorie 1,yes,District de l'Escaut,7380,ESCOUT,Très stable,E,Baisieux,Quiévrain,Rue J. Ansiau,t0/Normal,Centre Mons,45/5,,,
180247010,2026-06-05T10:00:00.000+02:00,,0.043,216975.0,97640.0,15428,Direction des Cours d'Eau Non Navigables,Hargimont,L6940,05a-Hauteur.Complet.Alarmes,Cmd.Rel.Abs.Comp-Alarmes,DCENN,Hauteur,H,m,H,GN_STATION,DCENN/L6940/H/Cmd.Rel.Abs.Comp-Alarmes,Hédrée,,DCENN,"45,12 km²",,0.0,---,Mise en service,,DCENN,yes,Station appartenant à la DCENN,-,27,District de la Meuse,District,,220300,L6940,---,yes,1634040000000,Hédrée,Active,220300,2003-07-03 00:00:00: Active,Belgique,0.0,WALLONIE,Lhomme et affluents / 27,Limnimètre,Lhomme,LUXEMBOURG,1450407,,---,Lesse / LE,Lhomme,Catégorie 2,yes,District de la Meuse,6900,MEUSE,t0/?,M,Hargimont,Marche-en-Famenne,Rue du Beau Revoir,t0/Normal,Centre Namur,59/3,,,
164793010,2026-06-05T10:00:00.000+02:00,,0.322,265410.0,120828.0,14741,Direction des Cours d'Eau Non Navigables,Thioux,L5580,05a-Hauteur.Complet.Alarmes,Cmd.Rel.Abs.Comp-Alarmes,DCENN,Hauteur,H,m,H,GN_STATION,DCENN/L5580/H/Cmd.Rel.Abs.Comp-Alarmes,Warche,,DCENN,"192,00 km²",,298.705,DNG,Mise en service,DNG,DCENN,,Station appartenant à la DCENN,-,41,District de la Meuse,District,,512210,L5580,---,yes,173404800000,Warche,Active,512210,1975-07-01 00:00:00: Active,Belgique,298.705,WALLONIE,Amblève et affluents / 41,Limnimètre,Amblève,LIEGE,1450713,,---,Amblève / AM,Amblève,Catégorie 1,yes,District de la Meuse,4960,MEUSE,Stable,M,Bellevaux-Ligneuville,Malmédy,Thioux,t0/Normal,Centre Liège,50/5,,,
172063010,2026-06-05T10:00:00.000+02:00,,0.236,193349.0,158899.0,15063,Direction des Cours d'Eau Non Navigables,Opheylissem,L6280,05a-Hauteur.Complet.Alarmes,Cmd.Rel.Abs.Comp-Alarmes,DCENN,Hauteur,H,m,H,GN_STATION,DCENN/L6280/H/Cmd.Rel.Abs.Comp-Alarmes,Petite Gette,,DCENN,"134,00 km²",,51.258,DNG,Mise en service,DNG,DCENN,yes,Station appartenant à la DCENN,-,7,District de l'Escaut,District,,801331,L6280,---,yes,682819200000,Petite Gette,Active,801331,1991-08-22 00:00:00: Active,Belgique,51.258,WALLONIE,Gette et affluents / 7,Limnimètre,Gette,BRABANT WALLON,1450503,,---,Dyle-Gette / DG,Gette,Catégorie 1,yes,District de l'Escaut,1357,ESCOUT,Instable,E,Opheylissem,Hélécine,Rue G. Dupont,t0/Normal,Centre Mons,32/8,,,
253350010,2026-06-05T10:35:00.000+02:00,,0.689,171986.0,86423.0,12678,Direction de la Gestion hydrologique,TREIGNES,9021,05a-Hauteur.Complet.Alarmes,Cmd.Rel.Abs.Comp-Alarmes,DGH,Hauteur,H,m,H,GN_STATION,DGH/9021/H/Cmd.Rel.Abs.Comp-Alarmes,Viroin,2008-08-18 00:00:00: Démontage limniphone (RTT 060-399522).<br>2004-05-12 00:00:00: <echX=0.2 cm/h><echY=1/10><limni=OTT X>,DGH,"548,22 km²",Viroinval,119.696,---,<date_1ere_data><echX=0.291667 cm/h><echY=1/10><limni=RITTMEYER>,,DGH,yes,Direction de la Gestion hydrologique,-,24,District de la Meuse,District,Theys D.,330300,9021,---,yes,-31536000000,Viroin,Active,330300,1969-01-01 00:00:00: Active,Belgique,119.696,WALLONIE,Viroin et affluents / 24,Limnimètre,Viroin,NAMUR,1450709,"<ACCES>
limni dans un local en brique au bout d'une voie sans issue ; clé DOM
</ACCES>",---,Meuse amont / MM,Viroin,Catégorie 1,,,,,,,,,,,,,,,
163983010,2026-06-05T10:00:00.000+02:00,,0.662,231435.0,25671.0,14704,Direction des Cours d'Eau Non Navigables,Harnoncourt,L5520,05a-Hauteur.Complet.Alarmes,Cmd.Rel.Abs.Comp-Alarmes,DCENN,Hauteur,H,m,H,GN_STATION,DCENN/L5520/H/Cmd.Rel.Abs.Comp-Alarmes,Ton,,DCENN,"293,00 km²",,193.334,DNG,Mise en service,DNG,DCENN,yes,Station appartenant à la DCENN,-,20,District de la Meuse,District,,121911,L5520,---,yes,1522886400000,Ton,Active,121911,1974-03-06 00:00:00: Active,Belgique,193.334,WALLONIE,Chiers et affluents / 20,Limnimètre,Chiers,LUXEMBOURG,1450677,,---,Semois-Chiers / SC,Chiers,Catégorie 1,yes,District de la Meuse,6767,MEUSE,Très stable,M,Harnoncourt,Rouvroy,Avenue Adam,t0/Normal,Centre Marche,71/5,,,
239924010,2026-06-05T10:35:00.000+02:00,,1.023,238647.0,150149.0,12096,Direction de la Gestion hydrologique,MAREXHE,5796,05a-Hauteur.Complet.Alarmes,Cmd.Rel.Abs.Comp-Alarmes,DGH,Hauteur,H,m,H,GN_STATION,DGH/5796/H/Cmd.Rel.Abs.Comp-Alarmes,Canal Albert,2017-07-19 00:00:00: Remplacement de la cabine.<br>2014-07-30 00:00:00: <fin_feuille_limni><br>2000-04-06 00:00:00: <echX=0.2 cm/h><echY=1/10><limni=OTT X>,DGH,,Liège,59.0,DNG,<echX=0.4 cm/h><echY=1/10><limni=OTT XX>,DNG,DGH,no,Direction de la Gestion hydrologique,-,30,District de la Meuse,District,Smiejkowski M.,,5796,---,yes,530841600000,Canal Albert,Active,,1986-10-28 00:00:00: Active,Belgique,59.0,WALLONIE,Affluents de la Basse Meuse / 30,Limnimètre,Basse Meuse (affluents),LIEGE,1450307,"<ACCES>
EN-DESSOUS DU NOUVEAU PONT DE MAREXHE, A L'ENTREE DU CANAL ALBERT, EN RIVE GAUCHE.
</ACCES>


",---,Meuse aval / MA,Basse Meuse (affluents),Navigable,,,,,,,,,,,,,,,
175477010,2026-06-05T10:00:00.000+02:00,,0.227,257151.0,94435.0,15218,Direction des Cours d'Eau Non Navigables,Bistain,L6560,05a-Hauteur.Complet.Alarmes,Cmd.Rel.Abs.Comp-Alarmes,DCENN,Hauteur,H,m,H,GN_STATION,DCENN/L6560/H/Cmd.Rel.Abs.Comp-Alarmes,Ruisseau de Cherain,,DCENN,"43,03 km²",,367.791,DNG,Mise en service,DNG,DCENN,yes,Station appartenant à la DCENN,-,45,District de la Meuse,District,,610300,L6560,---,yes,783907200000,Ruisseau de Cherain,Active,610300,1994-11-04 00:00:00: Active,Belgique,367.791,WALLONIE,Ourthe supérieure et affluents / 45,Limnimètre,Ourthe supérieure,LUXEMBOURG,2621482,,---,Ourthe / OU,Ourthe supérieure,Catégorie 2,yes,District de la Meuse,6673,MEUSE,Très stable,M,Cherain,Gouvy,Moulin de Bistain - Camping,t0/Normal,Centre Marche,60/4,,,
241376010,2026-06-05T10:35:00.000+02:00,,0.575,243246.0,92890.0,12150,Direction de la Gestion hydrologique,NISRAMONT,5991,05a-Hauteur.Complet.Alarmes,Cmd.Rel.Abs.Comp-Alarmes,DGH,Hauteur,H,m,H,GN_STATION,DGH/5991/H/Cmd.Rel.Abs.Comp-Alarmes,Ourthe supérieure,,DGH,"728,71 km²",La Roche-en-Ardenne,259.376,---,<echX=0.2 cm/h><echY=1/10><limni=OTT X>,,DGH,yes,Direction de la Gestion hydrologique,-,45,District de la Meuse,District,Smiejkowski M.,,5991,---,yes,-24451200000,Ourthe supérieure,Active,,1969-03-24 00:00:00: Active<br>2000-10-10 00:00:00: Inactive<br>2000-11-08 00:00:00: Active,Belgique,259.376,WALLONIE,Ourthe supérieure et affluents / 45,Limnimètre,Ourthe supérieure,LUXEMBOURG,5681867,"<SITUATION>
+- 100M AVAL 1er PONT SITUE +-500M AVAL BARRAGE, EN RIVE GAUCHE SUR LA ZONE D'EMBARQUEMENT KAYAK
</SITUATION>





",---,Ourthe / OU,Ourthe supérieure,Navigable,,,,,,,,,,,,,,,
237384010,2026-06-05T07:15:00.000+02:00,,0.542,129967.0,127873.0,11983,Direction de la Gestion hydrologique,BOUSSOIT,3561,05a-Hauteur.Complet.Alarmes,Cmd.Rel.Abs.Comp-Alarmes,DGH,Hauteur,H,m,H,GN_STATION,DGH/3561/H/Cmd.Rel.Abs.Comp-Alarmes,Haine,2024-01-17 00:00:00: <fin_feuille_limni><br>2025-01-01 00:00:00: <Z_coffret_telem=6.478><bas_coffret_telem=0.2><br>2004-02-11 00:00:00: <echX=0.2 cm/h><echY=1/10><limni=OTT>,DGH,"163,32 km²",La Louvière,43.907,DNG,,DNG,DGH,no,Direction de la Gestion hydrologique,-,4,District de l'Escaut,District,Lefèvre C.,914140,3561,---,yes,126230400000,Haine,Active,914140,1974-01-01 00:00:00: Active<br>2009-04-27 00:00:00: Inactive<br>2009-09-07 00:00:00: Active,Belgique,43.907,WALLONIE,Haine et affluents / 4,Limnimètre,Haine,HAINAUT,1450397,"<ACCES>
Rue de Thieu. Cabine clé DOM.
</ACCES>

<DESCRIPTIF>
La station est située en rive droite, à environ 10m à l’aval du pont-route à Boussoit. 
La section limni est canalisée, les berges faisant un angle compris entre 20° et 25° (par rapport à l’horizontale). 
La section est sujette à dépôt de détritus de toutes sortes. Il n’y a pas de débordement connu à la section limni.
</DESCRIPTIF>",---,Haine / HN,Haine,Catégorie 1,,,,,,,,,,,,,,,
360170010,2026-06-05T10:00:00.000+02:00,,0.111,145376.0,105107.0,5720723,Direction des Cours d'Eau Non Navigables,Riconvert,L8920,05a-Hauteur.Complet.Alarmes,Cmd.Rel.Abs.Comp-Alarmes,DCENN,Hauteur,H,m,H,GN_STATION,DCENN/L8920/H/Cmd.Rel.Abs.Comp-Alarmes,Brule,,DCENN,,,175.978,DNG,,DNG,,no,Station appartenant à la Province de Namur,-,,,District,,357692,,---,yes,1625788800000,Brule,Active,357692,2021-07-09 00:00:00: Active,,175.978,,,Limnimètre,,,5720586,,---,,,Catégorie 2,,,,,,,Clermont,,Rue de Beaumont,,,,,,
179075010,2026-06-05T10:00:00.000+02:00,,0.219,234449.0,81279.0,15374,Direction des Cours d'Eau Non Navigables,Sprimont,L6850,05a-Hauteur.Complet.Alarmes,Cmd.Rel.Abs.Comp-Alarmes,DCENN,Hauteur,H,m,H,GN_STATION,DCENN/L6850/H/Cmd.Rel.Abs.Comp-Alarmes,Ruisseau de Laval,,DCENN,"73,87 km²",,377.02,DNG,Mise en service,DNG,DCENN,yes,Station appartenant à la DCENN,-,45,District de la Meuse,District,,602210,L6850,---,yes,1293840000000,Ruisseau de Laval,Active,602210,2003-03-04 00:00:00: Active,Belgique,377.02,WALLONIE,Ourthe supérieure et affluents / 45,Limnimètre,Ourthe supérieure,LUXEMBOURG,1450563,,---,Ourthe / OU,Ourthe supérieure,Catégorie 1,yes,District de la Meuse,6680,MEUSE,t0/?,M,Amberloup,Sainte-Ode,N826 (Orreux),t0/Normal,Centre Marche,60/6,,,
361036010,2026-06-05T10:00:00.000+02:00,,0.374,262220.0,121682.0,5720749,Direction des Cours d'Eau Non Navigables,Stavelot,L7161,05a-Hauteur.Complet.Alarmes,Cmd.Rel.Abs.Comp-Alarmes,DCENN,Hauteur,H,m,H,GN_STATION,DCENN/L7161/H/Cmd.Rel.Abs.Comp-Alarmes,Eau rouge,,DCENN,,,279.35,DNG,,DNG,DCENN,yes,Station appartenant à la DCENN,-,41,District de la Meuse,District,,533300,L7161,---,yes,1629072000000,Eau rouge,Active,533300,2021-08-16 00:00:00: Active,Belgique,279.35,WALLONIE,Amblève et affluents / 41,Limnimètre,Amblève,LIEGE,1450361,,---,Amblève / AM,Amblève,Catégorie 2,yes,,4970,,t0/?,,Stavelot,Stavelot,Route de Challes,t0/Normal,Centre Liège,50/5,,,
236636010,2026-06-05T10:35:00.000+02:00,,0.956,79390.0,146943.0,11953,Direction de la Gestion hydrologique,KAIN Aval Bar-Ecluse,3274,05a-Hauteur.Complet.Alarmes,Cmd.Rel.Abs.Comp-Alarmes,DGH,Hauteur,H,m,H,GN_STATION,DGH/3274/H/Cmd.Rel.Abs.Comp-Alarmes,Escaut,2015-05-13 00:00:00: <fin_feuille_limni><br>2007-05-31 00:00:00: <echX=0.2 cm/h><echY=1/10><limni=OTT>,DGH,,Tournai,12.454,DNG,<date_1ere_data><echX=0.291667 cm/h><echY=1/10><limni=RITTMEYER>,DNG,DGH,no,Direction de la Gestion hydrologique,-,1,District de l'Escaut,District,Lefèvre C.,,3274,---,yes,315532800000,Escaut,Active,,1980-01-01 00:00:00: Active,Belgique,12.454,WALLONIE,Escaut / 1,Limnimètre,Escaut (NA),HAINAUT,1450363,"<ACCES>
RIVE DROITE - SUR LE PERRE AVAL Accès par rue de l'Ecluse.
</ACCES>",---,Escaut-Lys / EL,Escaut (NA),Navigable,,,,,,,,,,,,,,,
235121010,2026-06-05T10:35:00.000+02:00,,1.408,139606.0,150704.0,11893,Direction de la Gestion hydrologique,OISQUERCQ,2473,05a-Hauteur.Complet.Alarmes,Cmd.Rel.Abs.Comp-Alarmes,DGH,Hauteur,H,m,H,GN_STATION,DGH/2473/H/Cmd.Rel.Abs.Comp-Alarmes,Canal Charleroi-Bruxelles (Senne),2002-03-05 00:00:00: <echX=0.2 cm/h><echY=1/5><zeroFeuille=1>,DGH,,Tubize,39.0,---,<date_1ere_data><echX=0.2 cm/h><echY=1/5><limni=OTT>,,DGH,no,Direction de la Gestion hydrologique,-,51,District de l'Escaut,District,Lefèvre C.,,2473,---,yes,746841600000,Canal Charleroi-Bruxelles (Senne),Active,,1993-09-01 00:00:00: Active,Belgique,39.0,WALLONIE,Sennette et Canal Charleroi Bruxelles / 51,Limnimètre,Sennette,BRABANT WALLON,1450317,"<ACCES>En rive gauche, à hauteur du siphon de la Sennette. Accès par la rue du Canal puis à droite sur le halage, à quelques centaines de mètres.</ACCES>",---,Senne / SN,Sennette,Navigable,,,,,,,,,,,,,,,
188328010,2026-06-05T10:00:00.000+02:00,,0.213,169285.0,145098.0,15702,Direction des Cours d'Eau Non Navigables,Blanmont,L7520,05a-Hauteur.Complet.Alarmes,Cmd.Rel.Abs.Comp-Alarmes,DCENN,Hauteur,H,m,H,GN_STATION,DCENN/L7520/H/Cmd.Rel.Abs.Comp-Alarmes,Orne,,DCENN,"30,15 km²",,119.57,DNG,Mise en service,DNG,DCENN,yes,Station appartenant à la DCENN,-,6,District de l'Escaut,District,,852220,L7520,---,yes,1293840000000,Orne,Active,852220,2011-05-17 00:00:00: Active,Belgique,119.57,WALLONIE,Dyle et affluents / 6,Limnimètre,Dyle,BRABANT WALLON,1450489,,---,Dyle-Gette / DG,Dyle,Catégorie 2,yes,District de l'Escaut,1450,ESCOUT,Instable,E,Chastre,Chastre,Rue de la Fontaine,t0/Normal,Centre Mons,40/5,,,
361847010,2026-06-05T10:00:00.000+02:00,,0.166,251856.0,139184.0,5721224,Direction des Cours d'Eau Non Navigables,Hoegne,L5861,05a-Hauteur.Complet.Alarmes,Cmd.Rel.Abs.Comp-Alarmes,DCENN,Hauteur,H,m,H,GN_STATION,DCENN/L5861/H/Cmd.Rel.Abs.Comp-Alarmes,Hoegne,,DCENN,,,147.561,DNG,,DNG,DCENN,no,Station appartenant à la DCENN,-,38,District de la Meuse,District,,554240,L5861,---,yes,1637193600000,Hoegne,Active,554240,2021-11-18 00:00:00: Active,Belgique,147.561,WALLONIE,Vesdre et affluents / 38,Limnimètre,Vesdre,LIEGE,1450423,,---,Vesdre / VE,Vesdre,Catégorie 1,yes,,4860,,Très stable,,Pepinster,Pepinster,Forges Thiry,t0/Normal,Centre Liège,49/4,,,
370054010,2026-06-05T10:30:00.000+02:00,,1.024,240956.0,142754.0,7289736,Direction de la Gestion hydrologique,CHAUDFONTAINE Pont,6229,05a-Hauteur.Complet.Alarmes,Cmd.Rel.Abs.Comp-Alarmes,DGH,Hauteur sonde,H_sonde,m,H,GN_STATION,DGH/6229/H_sonde/Cmd.Rel.Abs.Comp-Alarmes,Vesdre,2025-01-01 00:00:00: <Z_coffret_telem=7.288><bas_coffret_telem=0.2>,DGH,,,77.626,DNG,<sonde=OTT PLS>,DNG,DGH,no,Direction de la Gestion hydrologique,-,38,District de la Meuse,District,Smiejkowski M.,560260,6229,---,yes,1670371200000,Vesdre,Active,560260,2022-12-07 00:00:00: Active,,77.626,,Vesdre et affluents / 38,Limnimètre,Meuse moyenne (NA),,1450697,"<ACCES>
Sur le Pont-route de la vesdre côté aval en rive gauche.
</ACCES>


",---,Vesdre / VE,Vesdre,,,,,,,,,,,,,,,,
195874010,2026-06-05T10:30:00.000+02:00,,0.495,142289.0,134717.0,16039,Direction des Cours d'Eau Non Navigables,Seneffe,L8140,05a-Hauteur.Complet.Alarmes,Cmd.Rel.Abs.Comp-Alarmes,DCENN,Hauteur,H,m,H,GN_STATION,DCENN/L8140/H/Cmd.Rel.Abs.Comp-Alarmes,Samme,,DCENN,"16,30 km²",,112.03,DNG,Mise en service,DNG,DCENN,yes,Station appartenant à la Province du Hainaut,-,51,District de l'Escaut,District,,831250,L8140,---,yes,1506816000000,Samme,Active,831250,2017-10-01 00:00:00: Active,Belgique,112.03,WALLONIE,Sennette et Canal Charleroi Bruxelles / 51,Limnimètre,Sennette,HAINAUT,1450641,,---,Senne / SN,Sennette,Catégorie 2,no,District de l'Escaut,7180,ESCOUT,t0/?,E,Seneffe,Seneffe,Rue de Maffle,t0/Normal,Centre Mons,,,,
163235010,2026-06-05T10:00:00.000+02:00,,0.22,163837.0,146834.0,14672,Direction des Cours d'Eau Non Navigables,Suzeril,L5460,05a-Hauteur.Complet.Alarmes,Cmd.Rel.Abs.Comp-Alarmes,DCENN,Hauteur,H,m,H,GN_STATION,DCENN/L5460/H/Cmd.Rel.Abs.Comp-Alarmes,Thyle,,DCENN,"68,00 km²",,65.519,DNG,Mise en service,DNG,DCENN,yes,Station appartenant à la DCENN,-,6,District de l'Escaut,District,,853300,L5460,---,yes,1771372800000,Thyle,Active,853300,1973-04-01 00:00:00: Active,Belgique,65.519,WALLONIE,Dyle et affluents / 6,Limnimètre,Dyle,BRABANT WALLON,1450671,,---,Dyle-Gette / DG,Dyle,Catégorie 1,yes,District de l'Escaut,1490,ESCOUT,Instable,E,Court-Saint-Etienne,Court-Saint-Etienne,Rue de Suzeryl,t0/Normal,Centre Mons,40/5,,,
252860010,2026-06-05T10:30:00.000+02:00,,0.6,184069.0,81398.0,12657,Direction de la Gestion hydrologique,FELENNE,8661,05a-Hauteur.Complet.Alarmes,Cmd.Rel.Abs.Comp-Alarmes,DGH,Hauteur,H,m,H,GN_STATION,DGH/8661/H/Cmd.Rel.Abs.Comp-Alarmes,Houille,2007-07-25 00:00:00: <echX=0.2 cm/h><echY=1/10><limni=OTT X><br>1971-01-01 00:00:00: <echX=0.291667 cm/h><echY=1/10><limni=RITTMEYER><br>2025-01-01 00:00:00: <Z_coffret_telem=5.841><bas_coffret_telem=0.2>,DGH,"112,90 km²",Gedinne,188.847,DNG,<echX=0.291667 cm/h><echY=1/5><limni=RITTMEYER>,DNG,DGH,yes,Direction de la Gestion hydrologique,-,28,District de la Meuse,District,Theys D.,202200,8661,---,yes,1185321600000,Houille,Active,202200,1967-11-14 00:00:00: Active,Belgique,188.847,WALLONIE,Affluents de la Haute Meuse / 28,Limnimètre,Houille,NAMUR,1450429,"<SITUATION>
LA STATION EST SITUE AU DROIT DU PONT DE LA ROUTE DE BOURSEIGNE A FELENNE, QUELQUES CENTAINES DE METRES EN AMONT DU CONFLUENT AVEC LE HULLE. (rive gauche)
Une sonde de température (8661112T) est placée dans la rivière.
</SITUATION>",---,Meuse amont / MM,Houille,Catégorie 1,,,,,,,,,,,,,,,
186706010,2026-06-05T10:00:00.000+02:00,,0.24,212504.0,51213.0,15630,Direction des Cours d'Eau Non Navigables,Herbeumont,L7300,05a-Hauteur.Complet.Alarmes,Cmd.Rel.Abs.Comp-Alarmes,DCENN,Hauteur,H,m,H,GN_STATION,DCENN/L7300/H/Cmd.Rel.Abs.Comp-Alarmes,Moyenne Semois,,DCENN,"833,60 km²",,259.203,DNG,Mise en service,DNG,DCENN,yes,Station appartenant à la DCENN,-,14,District de la Meuse,District,,,L7300,---,yes,1140652800000,Moyenne Semois,Active,,2006-02-23 00:00:00: Active,Belgique,259.203,WALLONIE,Moyenne Semois et affluents / 14,Limnimètre,Haute Semois,LUXEMBOURG,1450735,,---,Semois-Chiers / SC,Moyenne Semois,Catégorie 1,yes,District de la Meuse,6887,MEUSE,Stable,M,Herbeumont,Herbeumont,Rue de Bravy,t0/Normal,Centre Liège,67/3,,,
399524010,2026-06-05T10:35:00.000+02:00,,0.559,232949.0,124541.0,12129,Direction de la Gestion hydrologique,HAMOIR,5922,05a-Hauteur.Complet.Alarmes,Cmd.Rel.Abs.Comp-Alarmes,DGH,Hauteur sonde,H_sonde,m,H,GN_STATION,DGH/5922/H_sonde/Cmd.Rel.Abs.Comp-Alarmes,Ourthe moyenne,2025-01-24 13:30:00: <sonde=OTT PLS><br>2017-01-01 00:00:00: <fin_feuille_limni><br>2007-05-25 00:00:00: <echX=0.2 cm/h><echY=1/10><limni=OTT>,DGH,"1598,53 km²",Hamoir,112.45,DNG,<echX=0.291667 cm/h><echY=1/10><limni=RITTMEYER>,DNG,DGH,no,Direction de la Gestion hydrologique,-,44,District de la Meuse,District,Smiejkowski M.,,5922,---,yes,1024531200000,Ourthe moyenne,Active,,1967-06-26 00:00:00: Active,Belgique,112.45,WALLONIE,Ourthe moyenne et affluents / 44,Limnimètre,Ourthe moyenne,LIEGE,1450731,"<SITUATION>
Station avec flotteur : en rive gauche, aval pont route (jusque 18/02/2025).
Sonde hydrostatique : sur une pile du même pont, côté aval, côté rive droite (depuis le 24/01/2025).
</SITUATION>

",---,Ourthe / OU,Ourthe moyenne,Navigable,,,,,,,,,,,,,,,
191338010,2026-06-05T10:00:00.000+02:00,,0.515,145481.0,143171.0,15841,Direction des Cours d'Eau Non Navigables,Nivelles,L7760,05a-Hauteur.Complet.Alarmes,Cmd.Rel.Abs.Comp-Alarmes,DCENN,Hauteur,H,m,H,GN_STATION,DCENN/L7760/H/Cmd.Rel.Abs.Comp-Alarmes,Thines,,DCENN,"34,09 km²",,82.62,DNG,Mise en service,DNG,DCENN,yes,Station appartenant à la DCENN,-,51,District de l'Escaut,District,,832300,L7760,---,yes,1262304000000,Thines,Active,832300,2012-08-01 00:00:00: Active,Belgique,82.62,WALLONIE,Sennette et Canal Charleroi Bruxelles / 51,Limnimètre,Senne,BRABANT WALLON,1450667,,---,Senne / SN,Sennette,Catégorie 2,yes,District de l'Escaut,1400,ESCOUT,Très stable,E,Nivelles,Nivelles,Chaussée de Braine-le-Comte,t0/Normal,Centre Mons,,,,
175947010,2026-06-05T10:20:00.000+02:00,,0.251,122730.0,123571.0,15239,Direction des Cours d'Eau Non Navigables,Spiennes,L6600,05a-Hauteur.Complet.Alarmes,Cmd.Rel.Abs.Comp-Alarmes,DCENN,Hauteur,H,m,H,GN_STATION,DCENN/L6600/H/Cmd.Rel.Abs.Comp-Alarmes,Trouille,,DCENN,"93,03 km²",,38.108,DNG,Mise en service,DNG,DCENN,yes,Station appartenant à la DCENN,-,4,District de l'Escaut,District,,902300,L6600,---,yes,1769644800000,Trouille,Active,902300,1996-04-10 00:00:00: Active,Belgique,38.108,WALLONIE,Haine et affluents / 4,Limnimètre,Haine,HAINAUT,1450689,,---,Haine / HN,Haine,Catégorie 1,yes,District de l'Escaut,7032,ESCOUT,Instable,E,Spiennes,Mons,Rue des prisonniers,t0/Normal,Centre Mons,45/8,,,
179529010,2026-06-05T10:00:00.000+02:00,,0.116,140342.0,102061.0,15395,Direction des Cours d'Eau Non Navigables,Beaumont,L6880,05a-Hauteur.Complet.Alarmes,Cmd.Rel.Abs.Comp-Alarmes,DCENN,Hauteur,H,m,H,GN_STATION,DCENN/L6880/H/Cmd.Rel.Abs.Comp-Alarmes,Hantes,,DCENN,"92,39 km²",,160.355,DNG,Mise en service,DNG,DCENN,yes,Station appartenant à la DCENN,-,9,District de la Meuse,District,,355311,L6880,---,yes,1046476800000,Hantes,Active,355311,2003-03-01 00:00:00: Active,Belgique,160.355,WALLONIE,Affluents de la Haute Sambre / 9,Limnimètre,Haute Sambre (affluents),HAINAUT,1450399,,---,Sambre / SA,Haute Sambre (affluents),Catégorie 1,yes,District de la Meuse,6500,MEUSE,t0/?,M,Beaumont,Beaumont,Chaussée de Chimay,t0/Normal,Centre Namur,52/6,,,
189304010,2026-06-05T10:00:00.000+02:00,,0.242,106271.0,158865.0,15749,Direction des Cours d'Eau Non Navigables,Flobecq,L7590,05a-Hauteur.Complet.Alarmes,Cmd.Rel.Abs.Comp-Alarmes,DCENN,Hauteur,H,m,H,GN_STATION,DCENN/L7590/H/Cmd.Rel.Abs.Comp-Alarmes,Ruisseau d'Ancre,,DCENN,"14,48 km²",,30.82,DNG,Mise en service,DNG,DCENN,yes,Station appartenant à la DCENN,-,3,District de l'Escaut,District,,986300,L7590,---,yes,1293840000000,Ruisseau d'Ancre,Active,986300,2011-06-21 00:00:00: Active,Belgique,30.82,WALLONIE,Dendre et affluents / 3,Limnimètre,Dendre,HAINAUT,1450539,,---,Dendre / DE,Dendre,Catégorie 2,yes,District de l'Escaut,7880,ESCOUT,Très stable,E,Flobecq,Flobecq,Rue Père Cambier,t0/Normal,Centre Mons,,,,
170607010,2026-06-05T10:00:00.000+02:00,,0.557,164640.0,152777.0,15000,Direction des Cours d'Eau Non Navigables,Limelette,L6140,05a-Hauteur.Complet.Alarmes,Cmd.Rel.Abs.Comp-Alarmes,DCENN,Hauteur,H,m,H,GN_STATION,DCENN/L6140/H/Cmd.Rel.Abs.Comp-Alarmes,Dyle,,DCENN,"286,00 km²",,48.562,DNG,Mise en service,DNG,DCENN,yes,Station appartenant à la DCENN,-,6,District de l'Escaut,District,,854280,L6140,---,yes,1771372800000,Dyle,Active,854280,1993-01-25 00:00:00: Active,Belgique,48.562,WALLONIE,Dyle et affluents / 6,Limnimètre,Dyle,BRABANT WALLON,1450351,,---,Dyle-Gette / DG,Dyle,Catégorie 1,yes,District de l'Escaut,1342,ESCOUT,Instable,E,Limelette,Ottignies-Louvain-la-Neuve,Rue Ch. Dubois,t0/Normal,Centre Mons,40/1,,,
200294010,2026-06-05T10:00:00.000+02:00,,0.333,191086.0,142014.0,16217,Direction des Cours d'Eau Non Navigables,Hanret,L8490,05a-Hauteur.Complet.Alarmes,Cmd.Rel.Abs.Comp-Alarmes,DCENN,Hauteur,H,m,H,GN_STATION,DCENN/L8490/H/Cmd.Rel.Abs.Comp-Alarmes,Ruisseau de la Batterie,,DCENN,,,143.713,DNG,Mise en service,DNG,DCENN,yes,Station appartenant à la Province de Namur,-,36,District de la Meuse,District,,543311,L8490,---,yes,1552262400000,Ruisseau de la Batterie,Active,543311,2019-03-11 00:00:00: Active,Belgique,143.713,WALLONIE,Mehaigne et affluents / 36,Limnimètre,Mehaigne,NAMUR,2621486,,---,Meuse aval / MA,Mehaigne,Catégorie 2,no,District de la Meuse,5310,MEUSE,t0/?,M,Hanret,Eghezée,Route de Wasseige,t0/Normal,,,,,
192310010,2026-06-05T10:00:00.000+02:00,,0.237,183592.0,155259.0,15885,Direction des Cours d'Eau Non Navigables,Jodoigne-Souveraine,L7850,05a-Hauteur.Complet.Alarmes,Cmd.Rel.Abs.Comp-Alarmes,DCENN,Hauteur,H,m,H,GN_STATION,DCENN/L7850/H/Cmd.Rel.Abs.Comp-Alarmes,Grande Gette,,DCENN,"111,25 km²",,72.06,DNG,Mise en service,DNG,DCENN,yes,Station appartenant à la DCENN,-,7,District de l'Escaut,District,,810210,L7850,---,yes,1533081600000,Grande Gette,Active,810210,2014-01-25 00:00:00: Active,Belgique,72.06,WALLONIE,Gette et affluents / 7,Limnimètre,Gette,BRABANT WALLON,1450387,,---,Dyle-Gette / DG,Gette,Catégorie 1,yes,District de l'Escaut,1370,ESCOUT,Stable,E,Jodoigne-Souveraine,Jodoigne,Rue Pont à la Cambe,t0/Normal,,,,,
172931010,2026-06-05T10:40:00.000+02:00,,0.188,159093.0,80263.0,15105,Direction des Cours d'Eau Non Navigables,Couvin,L6350,05a-Hauteur.Complet.Alarmes,Cmd.Rel.Abs.Comp-Alarmes,DCENN,Hauteur,H,m,H,GN_STATION,DCENN/L6350/H/Cmd.Rel.Abs.Comp-Alarmes,Eau Noire,,DCENN,"102,00 km²",,195.688,DNG,Mise en service,DNG,DCENN,yes,Station appartenant à la DCENN,-,23,District de la Meuse,District,,16057,L6350,---,yes,696643200000,Eau Noire,Active,16057,1992-01-29 00:00:00: Active,Belgique,195.688,WALLONIE,Eau Noire et affluents / 23,Limnimètre,Eau Noire,NAMUR,1450359,,---,Meuse amont / MM,Eau Noire,Catégorie 1,yes,District de la Meuse,5660,MEUSE,Stable,M,Couvin,Couvin,Fonds-de-l'eau,t0/Normal,Centre Namur,57/8,,,
238446010,2026-06-05T10:35:00.000+02:00,,0.334,46872.0,154930.0,12035,Direction de la Gestion hydrologique,PLOEGSTEERT,3891,05a-Hauteur.Complet.Alarmes,Cmd.Rel.Abs.Comp-Alarmes,DGH,Hauteur,H,m,H,GN_STATION,DGH/3891/H/Cmd.Rel.Abs.Comp-Alarmes,Lys,2018-07-17 00:00:00: <codeur_seul><br>2017-01-01 00:00:00: <fin_feuille_limni><br>1996-06-06 00:00:00: <limni=OTT X>,DGH,,Comines-Warneton,12.499,---,<echX=0.2 cm/h><echY=1/10><limni=OTTX43>,,DGH,no,Direction de la Gestion hydrologique,-,0,District de l'Escaut,District,Lefèvre C.,,3891,---,yes,978307200000,Lys,Active,,1990-01-01 00:00:00: Active,Belgique,12.499,WALLONIE,Lys et affluents / 0,Limnimètre,Lys,HAINAUT,1450453,"<ACCES>
Rue d'Houplines.
</ACCES>",---,Escaut-Lys / EL,Lys,Navigable,,,,,,,,,,,,,,,
185978010,2026-06-05T10:00:00.000+02:00,,0.328,171681.0,128177.0,15595,Direction des Cours d'Eau Non Navigables,Jemeppe-sur-Sambre,L7241,05a-Hauteur.Complet.Alarmes,Cmd.Rel.Abs.Comp-Alarmes,DCENN,Hauteur,H,m,H,GN_STATION,DCENN/L7241/H/Cmd.Rel.Abs.Comp-Alarmes,Orneau,,DCENN,"210,75 km²",,89.23,DNG,Mise en service,DNG,DCENN,yes,Station appartenant à la DCENN,-,12,District de la Meuse,District,,432210,L7241,---,yes,1183248000000,Orneau,Active,432210,2007-07-01 00:00:00: Active,Belgique,89.23,WALLONIE,Affluents de la Basse Sambre / 12,Limnimètre,Basse Sambre (affluents),NAMUR,1450491,,---,Sambre / SA,Basse Sambre (affluents),Catégorie 1,yes,District de la Meuse,5190,MEUSE,t0/?,M,Jemeppe-sur-Sambre,Jemeppe-sur-Sambre,Rue des prairies,t0/Normal,Centre Namur,47/6,,,
165501010,2026-06-05T10:40:00.000+02:00,,0.171,154691.0,104779.0,14773,Direction des Cours d'Eau Non Navigables,Walcourt,L5640,05a-Hauteur.Complet.Alarmes,Cmd.Rel.Abs.Comp-Alarmes,DCENN,Hauteur,H,m,H,GN_STATION,DCENN/L5640/H/Cmd.Rel.Abs.Comp-Alarmes,Ry d'Yves,,DCENN,"87,00 km²",,164.32,DNG,Mise en service,DNG,DCENN,yes,Station appartenant à la DCENN,-,10,District de la Meuse,District,,363501,L5640,---,yes,1509494400000,Ry d'Yves,Active,363501,1976-05-01 00:00:00: Active,Belgique,164.32,WALLONIE,Eau d'heure et affluents / 10,Limnimètre,Eau d'heure,NAMUR,1450633,,---,Sambre / SA,Eau d'heure,Catégorie 1,yes,District de la Meuse,5650,MEUSE,Stable,M,Walcourt,Walcourt,Rue de la Montagne,t0/Normal,Centre Namur,52/8,,,
167633010,2026-06-05T10:00:00.000+02:00,,0.675,242422.0,39046.0,14870,Direction des Cours d'Eau Non Navigables,Chantemelle,L5880,05a-Hauteur.Complet.Alarmes,Cmd.Rel.Abs.Comp-Alarmes,DCENN,Hauteur,H,m,H,GN_STATION,DCENN/L5880/H/Cmd.Rel.Abs.Comp-Alarmes,Semois,,DCENN,"89,00 km²",,334.65,DNG,Mise en service,DNG,DCENN,yes,Station appartenant à la DCENN,-,18,District de la Meuse,District,,160100,L5880,---,yes,1293840000000,Semois,Active,160100,1979-01-15 00:00:00: Active,Belgique,334.65,WALLONIE,Haute Semois et affluents / 18,Limnimètre,Haute Semois,LUXEMBOURG,1450649,Présence d'algues en été,---,Semois-Chiers / SC,Haute Semois,Catégorie 1,yes,District de la Meuse,6742,MEUSE,Instable,M,Chantemelle,Etalle,Présence d'algues en été,t0/Normal,Centre Marche,68/7,,,
188452010,2026-06-05T10:00:00.000+02:00,,0.259,163103.0,158162.0,15708,Direction des Cours d'Eau Non Navigables,Rosières,L7530,05a-Hauteur.Complet.Alarmes,Cmd.Rel.Abs.Comp-Alarmes,DCENN,Hauteur,H,m,H,GN_STATION,DCENN/L7530/H/Cmd.Rel.Abs.Comp-Alarmes,Lasne,,DCENN,"106,14 km²",,44.105,DNG,Mise en service,DNG,DCENN,yes,Station appartenant à la DCENN,-,6,District de l'Escaut,District,,820230,L7530,---,yes,1637625600000,Lasne,Active,820230,2011-05-09 00:00:00: Active,Belgique,44.105,WALLONIE,Dyle et affluents / 6,Limnimètre,Dyle,BRABANT WALLON,1450439,,---,Dyle-Gette / DG,Dyle,Catégorie 1,yes,District de l'Escaut,1331,ESCOUT,Instable,E,Rosières,Rixensart,Rue de Bierges,t0/Normal,Centre Mons,40/1,,,
254009010,2026-06-05T10:30:00.000+02:00,,0.111,161926.0,79240.0,12707,Direction de la Gestion hydrologique,PETIGNY,9214,05a-Hauteur.Complet.Alarmes,Cmd.Rel.Abs.Comp-Alarmes,DGH,Hauteur,H,m,H,GN_STATION,DGH/9214/H/Cmd.Rel.Abs.Comp-Alarmes,Ry de Rome,,DGH,,Couvin,252.286,DNG,<sonde=VEGA>,DNG,DGH,no,Direction de la Gestion hydrologique,-,23,District de la Meuse,District,Theys D.,321801,9214,---,yes,1066176000000,Ry de Rome,Active,321801,2003-10-15 00:00:00: Active,Belgique,252.286,WALLONIE,Eau Noire et affluents / 23,Limnimètre,Eau Noire,NAMUR,1450629,,---,Meuse amont / MM,Eau Noire,Catégorie 2,,,,,,,,,,,,,,,
162559010,2026-06-05T10:40:00.000+02:00,,0.449,232924.0,43413.0,14641,Direction des Cours d'Eau Non Navigables,Tintigny,L5220,05a-Hauteur.Complet.Alarmes,Cmd.Rel.Abs.Comp-Alarmes,DCENN,Hauteur,H,m,H,GN_STATION,DCENN/L5220/H/Cmd.Rel.Abs.Comp-Alarmes,Rulles,,DCENN,"219,00 km²",,329.02,DNG,Mise en service,DNG,DCENN,yes,Station appartenant à la DCENN,-,18,District de la Meuse,District,,131240,L5220,---,yes,1751976000000,Rulles,Active,131240,1971-02-03 00:00:00: Active,Belgique,329.02,WALLONIE,Haute Semois et affluents / 18,Limnimètre,Haute Semois,LUXEMBOURG,1450619,,---,Semois-Chiers / SC,Haute Semois,Catégorie 1,yes,District de la Meuse,6730,MEUSE,Très stable,M,Tintigny,Tintigny,Rue du Centenaire,t0/Normal,Centre Marche,68/5,,,
240664010,2026-06-05T10:35:00.000+02:00,,0.483,236166.0,131269.0,12121,Direction de la Gestion hydrologique,COMBLAIN-AU-PONT,5904,05a-Hauteur.Complet.Alarmes,Cmd.Rel.Abs.Comp-Alarmes,DGH,Hauteur,H,m,H,GN_STATION,DGH/5904/H/Cmd.Rel.Abs.Comp-Alarmes,Ourthe moyenne,2000-03-21 00:00:00: <fin_feuille_limni><br>2000-03-14 00:00:00: <echX=0.2 cm/h><echY=1/10><limni=OTT X><br>1995-05-12 00:00:00: installation nouveau limniphone<br>2008-08-20 00:00:00: Fin limniphone<br>2021-08-10 00:00:00: <sonde=OTT PLS> (dans le puits limni),DGH,,Comblain-au-Pont,94.916,DNG,<echX=0.25 cm/h><echY=1/10><limni=OTT><limniphone=NEYRPIC>,DNG,DGH,yes,Direction de la Gestion hydrologique,-,44,District de la Meuse,District,Smiejkowski M.,,5904,---,yes,953596800000,Ourthe moyenne,Active,,1979-09-25 00:00:00: Active,Belgique,94.916,WALLONIE,Ourthe moyenne et affluents / 44,Limnimètre,Ourthe moyenne,LIEGE,1450731,"<ACCES>
EN AVAL DE LA CONFLUENCE DE L'OURTHE ET DE L'AMBLEVE - LE LONG DE LA ROUTE LIEGE COMBLAIN.
A 900 M EN AVAL DU PONT-ROUTE,PRES DE LA GARE,SUR L'OURTHE.RIVE GAUCHE
Le répondeur se trouve sur le toit et la prise de sonde se fait dans la cabine. 
Une échelle se trouve dans la cabine pour accéder au toit. 
</ACCES>


<HISTORIQUE>
La station a été équipée d’un limniphone du 25/09/1979 au 20/08/2008 (Belgacom 04-369 16 11). 
L' appareil a été endommagé lors de la crue de juillet 2021. Il a été remplacé par une sonde à pression hydrostatique.
</HISTORIQUE>

",---,Ourthe / OU,Ourthe moyenne,Navigable,,,,,,,,,,,,,,,
399635010,2026-06-05T10:35:00.000+02:00,,0.282,159661.0,144723.0,11841,Direction de la Gestion hydrologique,BOUSVAL,1081,05a-Hauteur.Complet.Alarmes,Cmd.Rel.Abs.Comp-Alarmes,DGH,Hauteur sonde,H_sonde,m,H,GN_STATION,DGH/1081/H_sonde/Cmd.Rel.Abs.Comp-Alarmes,Dyle,2025-01-24 15:20:00: <Sonde OTT PLS><br>2019-02-26 00:00:00: <pluvio=OTTp2L><br>1982-01-01 00:00:00: <pluvio=PRECIS MECANIQUE><br>2001-08-30 00:00:00: <echX=0.4 cm/h><echY=1/5><br>2018-07-05 00:00:00: <codeur_seul><br>2006-03-08 00:00:00: <echX=0.2 cm/h><echY=1/5><br>2017-01-01 00:00:00: <fin_feuille_limni><br>1980-09-08 00:00:00: <echX=0.4 cm/h><echY=1/5>,DGH,"47,09 km²",Genappe,76.959,DNG,<echX=0.2 cm/h><echY=1/5><limni=OTT>,DNG,DGH,no,Direction de la Gestion hydrologique,-,6,District de l'Escaut,District,Lefèvre C.,854280,1081,---,yes,337219200000,Dyle,Active,854280,1972-05-10 00:00:00: Active,Belgique,76.959,WALLONIE,Dyle et affluents / 6,Limnimètre,Dyle,BRABANT WALLON,1450351,"<ACCES>
Rue de la Forge à Bousval, en RG, à l'aval d'une passerelle, près du RAVEL.
</ACCES>",---,Dyle-Gette / DG,Dyle,Catégorie 2,,,,,,,,,,,,,80.6,,
238127010,2026-06-05T10:30:00.000+02:00,,0.594,125253.0,131161.0,12022,Direction de la Gestion hydrologique,SAINT-DENIS,3778,05a-Hauteur.Complet.Alarmes,Cmd.Rel.Abs.Comp-Alarmes,DGH,Hauteur,H,m,H,GN_STATION,DGH/3778/H/Cmd.Rel.Abs.Comp-Alarmes,Obrecheuil,2025-01-01 00:00:00: <Z_coffret_telem=3.583><bas_coffret_telem=0.2>,DGH,"29,36 km²",Mons,49.063,---,<date_1ere_data><echX=0.2 cm/h><echY=1/10><limni=OTT X>,,DGH,no,Direction de la Gestion hydrologique,-,4,District de l'Escaut,District,Lefèvre C.,914421,3778,---,yes,1237248000000,Obrecheuil,Active,914421,2009-03-17 00:00:00: Active,Belgique,49.063,WALLONIE,Haine et affluents / 4,Limnimètre,Haine,HAINAUT,1450483,"<ACCES>
Rue Frébutte.
</ACCES>",---,Haine / HN,Haine,Catégorie 2,,,,,,,,,,,,,,,
241281010,2026-06-05T10:30:00.000+02:00,,1.055,226294.0,107205.0,12144,Direction de la Gestion hydrologique,HOTTON,5962,05a-Hauteur.Complet.Alarmes,Cmd.Rel.Abs.Comp-Alarmes,DGH,Hauteur,H,m,H,GN_STATION,DGH/5962/H/Cmd.Rel.Abs.Comp-Alarmes,Ourthe moyenne,1991-09-04 00:00:00: <limni=OTT X>,DGH,"939,90 km²",Hotton,173.292,DNG,<echX=0.2 cm/h><echY=1/10><limni=OTT XX>,DNG,DGH,no,Direction de la Gestion hydrologique,-,44,District de la Meuse,District,Smiejkowski M.,,5962,---,yes,890179200000,Ourthe moyenne,Active,,1975-09-24 00:00:00: Active,Belgique,173.292,WALLONIE,Ourthe moyenne et affluents / 44,Limnimètre,Ourthe supérieure,LUXEMBOURG,1450731,"<SITUATION>
EN RIVE DROITE A ENVIRON 650M EN AVAL DUPONT-ROUTE SUR L OURTHE A HOTTON ET A ENVIRON 50M EN AMONT ENTREE CAMPING. 
ECH LIMNI NE COMMENCE QU A 0.200M
</SITUATION>


<DESCRIPTIF>
5962112T : sonde placée dans la rivière
5962122T : sonde placée sous abri
</DESCRIPTIF>",---,Ourthe / OU,Ourthe moyenne,Navigable,,,,,,,,,,,,,,,
165139010,2026-06-05T10:00:00.000+02:00,,0.331,248595.0,58934.0,14757,Direction des Cours d'Eau Non Navigables,Martelange,L5610,05a-Hauteur.Complet.Alarmes,Cmd.Rel.Abs.Comp-Alarmes,DCENN,Hauteur,H,m,H,GN_STATION,DCENN/L5610/H/Cmd.Rel.Abs.Comp-Alarmes,Sûre,,DCENN,"209,00 km²",,361.077,DNG,Mise en service,DNG,DCENN,yes,Station appartenant à la DCENN,-,15,District du Rhin,District,,112210,L5610,---,yes,164246400000,Sûre,Active,112210,1975-03-17 00:00:00: Active,Belgique,361.077,WALLONIE,Sûre et affluents / 15,Limnimètre,Sûre,LUXEMBOURG,1450665,,---,Moselle / ML,Sûre,Catégorie 1,yes,District du Rhin,6630,RHIN,Très stable,R,Martelange,Martelange,Rue de Bastogne,t0/Normal,Centre Marche,65/7,,,
166161010,2026-06-05T10:00:00.000+02:00,,0.113,113968.0,142725.0,14804,Direction des Cours d'Eau Non Navigables,Brugelette,L5690,05a-Hauteur.Complet.Alarmes,Cmd.Rel.Abs.Comp-Alarmes,DCENN,Hauteur,H,m,H,GN_STATION,DCENN/L5690/H/Cmd.Rel.Abs.Comp-Alarmes,Dendre Orientale,,DCENN,"110,00 km²",,42.417,DNG,Mise en service,DNG,DCENN,yes,Station appartenant à la DCENN,-,3,District de l'Escaut,District,,982230,L5690,---,yes,1771891200000,Dendre Orientale,Active,982230,1978-01-01 00:00:00: Active,Belgique,42.417,WALLONIE,Dendre et affluents / 3,Limnimètre,Dendre,HAINAUT,1450347,,---,Dendre / DE,Dendre,Catégorie 1,yes,District de l'Escaut,7940,ESCOUT,Stable,E,Brugelette,Brugelette,Rue du moulin,t0/Normal,Centre Mons,38/6,,,
186448010,2026-06-05T10:00:00.000+02:00,,0.287,274687.0,117920.0,15618,Direction des Cours d'Eau Non Navigables,Monteneau,L7280,05a-Hauteur.Complet.Alarmes,Cmd.Rel.Abs.Comp-Alarmes,DCENN,Hauteur,H,m,H,GN_STATION,DCENN/L7280/H/Cmd.Rel.Abs.Comp-Alarmes,Amblève,,DCENN,"109,14 km²",,417.2,DNG,Mise en service,DNG,DCENN,yes,Station appartenant à la DCENN,-,41,District de la Meuse,District,,535120,L7280,---,yes,946684800000,Amblève,Active,535120,2006-02-20 00:00:00: Active,Belgique,417.2,WALLONIE,Amblève et affluents / 41,Limnimètre,Amblève,LIEGE,1450265,,---,Amblève / AM,Amblève,Catégorie 1,yes,District de la Meuse,4770,MEUSE,t0/?,M,Amel,Amel,Rue de Monteneau,t0/Normal,Centre Liège,56/3,,,
179999010,2026-06-05T10:40:00.000+02:00,,0.467,85287.0,158686.0,15416,Direction des Cours d'Eau Non Navigables,Escanaffles,L6920,05a-Hauteur.Complet.Alarmes,Cmd.Rel.Abs.Comp-Alarmes,DCENN,Hauteur,H,m,H,GN_STATION,DCENN/L6920/H/Cmd.Rel.Abs.Comp-Alarmes,Rieu de la Lhaye,,DCENN,"55,85 km²",,12.306,DNG,Mise en service,DNG,DCENN,yes,Station appartenant à la DCENN,-,2,District de l'Escaut,District,,997300,L6920,---,yes,1764806400000,Rieu de la Lhaye,Active,997300,2003-05-05 00:00:00: Active,Belgique,12.306,WALLONIE,Affluents de l'Escaut / 2,Limnimètre,Escaut (affluents),HAINAUT,1450523,SI h = 0.05m alors Q = 0 m³/s,---,Escaut-Lys / EL,Escaut (affluents),Catégorie 1,yes,District de l'Escaut,7760,ESCOUT,t0/?,E,Escanaffles,Celles,SI h = 0.05m alors Q = 0 m³/s,t0/Normal,Centre Mons,29/7,,,
186830010,2026-06-05T10:00:00.000+02:00,,0.507,111160.0,152651.0,15636,Direction des Cours d'Eau Non Navigables,Papignies,L7310,05a-Hauteur.Complet.Alarmes,Cmd.Rel.Abs.Comp-Alarmes,DCENN,Hauteur,H,m,H,GN_STATION,DCENN/L7310/H/Cmd.Rel.Abs.Comp-Alarmes,Trimpont,,DCENN,"32,19 km²",,21.37,DNG,Mise en service,DNG,DCENN,yes,Station appartenant à la DCENN,-,3,District de l'Escaut,District,,985300,L7310,---,yes,1609459200000,Trimpont,Active,985300,2006-03-29 00:00:00: Active,Belgique,21.37,WALLONIE,Dendre et affluents / 3,Limnimètre,Dendre,HAINAUT,1450687,,---,Dendre / DE,Dendre,Catégorie 2,yes,District de l'Escaut,7861,ESCOUT,t0/?,E,Papignies,Lessines,Rue de l'Ecluse,t0/Normal,Centre Mons,38/2,,,
250652010,2026-06-05T10:35:00.000+02:00,,1.082,188952.0,104948.0,12553,Direction de la Gestion hydrologique,DINANT,8059,05a-Hauteur.Complet.Alarmes,Cmd.Rel.Abs.Comp-Alarmes,DGH,Hauteur,H,m,H,GN_STATION,DGH/8059/H/Cmd.Rel.Abs.Comp-Alarmes,Haute Meuse (aval Dinant),2018-07-18 00:00:00: <codeur_seul><br>2017-01-01 00:00:00: <fin_feuille_limni><br>2012-12-31 00:00:00: Démontage limniphone en 2012.<br>1997-10-02 00:00:00: Mise en service de la télémesure<br>2025-08-12 12:00:00: <sonde=OTT PLS>,DGH,,Dinant,90.002,DNG,<date_1ere_data><echX=0.2 cm/h><echY=1/10><limni=OTT X>,DNG,DGH,no,Direction de la Gestion hydrologique,-,50,District de la Meuse,District,Theys D.,,8059,---,yes,869788800000,Haute Meuse (aval Dinant),Active,,1997-07-25 00:00:00: Active,Belgique,90.002,WALLONIE,Haute Meuse aval / 50,Limnimètre,"Haute Meuse (NA, aval Lesse)",NAMUR,5681861,,---,Meuse amont / MM,"Haute Meuse (NA, aval Lesse)",Navigable,,,,,,,,,,,,,,,
236507010,2026-06-05T10:30:00.000+02:00,,0.226,108196.0,147152.0,11945,Direction de la Gestion hydrologique,ATH,2971,05a-Hauteur.Complet.Alarmes,Cmd.Rel.Abs.Comp-Alarmes,DGH,Hauteur,H,m,H,GN_STATION,DGH/2971/H/Cmd.Rel.Abs.Comp-Alarmes,Dendre Orientale,2025-01-01 00:00:00: <Z_coffret_telem=2.717><bas_coffret_telem=0.2>,DGH,"228,94 km²",Ath,28.846,DNG,<date_1ere_data><echX=0.2 cm/h><echY=1/5><limni=OTT>,DNG,DGH,yes,Direction de la Gestion hydrologique,-,3,District de l'Escaut,District,Lefèvre C.,982230,2971,---,yes,157766400000,Dendre Orientale,Active,982230,1975-01-01 00:00:00: Active,Belgique,28.846,WALLONIE,Dendre et affluents / 3,Limnimètre,Dendre,HAINAUT,1450347,"<ACCES>
RIVE DROITE - EN AMONT DU PONT DE LA CLINIQUE DE LA MADELEINE Bld du Parc. Parking délicat (en ville).
</ACCES>


",---,Dendre / DE,Dendre,Catégorie 1,,,,,,,,,,,,,,,
187150010,2026-05-07T09:40:00.000+02:00,,0.209,182093.0,76885.0,15650,Direction des Cours d'Eau Non Navigables,Willerzie,L7370,05a-Hauteur.Complet.Alarmes,Cmd.Rel.Abs.Comp-Alarmes,DCENN,Hauteur,H,m,H,GN_STATION,DCENN/L7370/H/Cmd.Rel.Abs.Comp-Alarmes,Hulle,,DCENN,"38,00 km²",,277.31,DNG,Mise en service,DNG,DCENN,yes,Station appartenant à la DCENN,-,28,District de la Meuse,District,,201300,L7370,---,no,1526342400000,Hulle,Active,201300,2009-06-01 00:00:00: Active,Belgique,277.31,WALLONIE,Affluents de la Haute Meuse / 28,Limnimètre,Houille,NAMUR,1450435,,---,Meuse amont / MM,Houille,Catégorie 2,yes,District de la Meuse,5575,MEUSE,Stable,M,Willerzie,Gedinne,Rue du Pont Colin,t0/Normal,Centre Namur,63/3,,,
383430010,2026-06-05T10:20:00.000+02:00,,0.614,221327.0,158495.0,9021826,Direction des Cours d'Eau Non Navigables,Otrange,L9120,05a-Hauteur.Complet.Alarmes,Cmd.Rel.Abs.Comp-Alarmes,DCENN,Hauteur,H,m,H,GN_STATION,DCENN/L9120/H/Cmd.Rel.Abs.Comp-Alarmes,Geer,,DCENN,,,94.677,DNG,Station installée et activée,DNG,DCENN,no,Station appartenant à la DCENN,-,37,District de la Meuse,District,,711210,L9120,---,yes,1693234646000,Geer,Active,711210,2023-09-15 10:00:00: Active,,94.677,,Geer et affluents / 37,Limnimètre,Dyle,,1450377,,---,Meuse aval / MA,Geer,Catégorie 1,yes,,,,t0/?,,,,Rue de Conchibois,t0/Normal,Centre Liège,,,,
250781010,2026-06-05T10:35:00.000+02:00,,1.34,187472.0,103560.0,12559,Direction de la Gestion hydrologique,ANSEREMME Monia,8067,05a-Hauteur.Complet.Alarmes,Cmd.Rel.Abs.Comp-Alarmes,DGH,Hauteur,H,m,H,GN_STATION,DGH/8067/H/Cmd.Rel.Abs.Comp-Alarmes,Haute Meuse (amont Dinant),2004-11-23 00:00:00: <fin_feuille_limni><br>2004-10-07 00:00:00: <echX=0.2 cm/h><echY=1/10><limni=OTT X 25>,DGH,,Dinant,92.0,---,,,DGH,no,Direction de la Gestion hydrologique,-,29,District de la Meuse,District,Theys D.,,8067,---,yes,725846400000,Haute Meuse (amont Dinant),Active,,1993-01-01 00:00:00: Active<br>1998-06-10 00:00:00: Inactive<br>1998-06-23 00:00:00: Active,Belgique,92.0,WALLONIE,Haute Meuse amont / 29,Limnimètre,"Haute Meuse (NA, amont Lesse)",NAMUR,1450727,"<ACCES>
Le long de la route Dinant-Givet, juste avant une aire de parking.
</ACCES>",---,Meuse amont / MM,"Haute Meuse (NA, amont Lesse)",Navigable,,,,,,,,,,,,,,,
192418010,2026-06-05T10:00:00.000+02:00,,0.387,213736.0,129153.0,15890,Direction des Cours d'Eau Non Navigables,Modave,L7860,05a-Hauteur.Complet.Alarmes,Cmd.Rel.Abs.Comp-Alarmes,DCENN,Hauteur,H,m,H,GN_STATION,DCENN/L7860/H/Cmd.Rel.Abs.Comp-Alarmes,Triffoys,,DCENN,"30,36 km²",,146.38,DNG,Mise en service,DNG,DCENN,yes,Station appartenant à la DCENN,-,35,District de la Meuse,District,,,L7860,---,yes,1356998400000,Triffoys,Active,,2013-02-25 00:00:00: Active,Belgique,146.38,WALLONIE,Hoyoux et affluents / 35,Limnimètre,Hoyoux,LIEGE,1450685,,---,Meuse aval / MA,Hoyoux,Catégorie 2,yes,District de la Meuse,4577,MEUSE,Instable,M,Modave,Modave,Rue de Triffoys,t0/Normal,Centre Liège,,,,
248412010,2026-06-05T10:35:00.000+02:00,,1.102,137642.0,111503.0,12451,Direction de la Gestion hydrologique,LA BUISSIERE Av B-E,7474,05a-Hauteur.Complet.Alarmes,Cmd.Rel.Abs.Comp-Alarmes,DGH,Hauteur,H,m,H,GN_STATION,DGH/7474/H/Cmd.Rel.Abs.Comp-Alarmes,Haute Sambre,2007-07-03 00:00:00: <echX=0.2 cm/h><echY=1/10><limni=OTT X><br>2017-01-01 00:00:00: <fin_feuille_limni><br>2000-07-26 00:00:00: remplacement du fût<br>2023-03-02 12:30:00: <codeur_seul>,DGH,,Merbes-le-Château,118.0,DNG,<date_1ere_data><echX=0.291667 cm/h><echY=1/10><limni=RITTMEYER>,DNG,DGH,no,Direction de la Gestion hydrologique,-,8,District de la Meuse,District,Lefèvre C.,,7474,---,yes,964656000000,Haute Sambre,Active,,1982-05-20 00:00:00: Active,Belgique,118.0,WALLONIE,Haute Sambre / 8,Limnimètre,Haute Sambre (NA),HAINAUT,1450403,"<ACCES>
RIVE GAUCHE - EN AVAL DU BARRAGE Accès par la Place.
</ACCES>",---,Sambre / SA,Haute Sambre (NA),Navigable,,,,,,,,,,,,,,,
235311010,2026-06-05T10:35:00.000+02:00,,0.365,140336.0,143393.0,11899,Direction de la Gestion hydrologique,RONQUIERES Anc Canal,2492,05a-Hauteur.Complet.Alarmes,Cmd.Rel.Abs.Comp-Alarmes,DGH,Hauteur sonde,H_sonde,m,H,GN_STATION,DGH/2492/H_sonde/Cmd.Rel.Abs.Comp-Alarmes,Ancien canal Charleroi-Bruxelles,,DGH,,Braine-le-Comte,,,<date_1ere_data>,,DGH,no,Direction de la Gestion hydrologique,-,51,District de l'Escaut,District,Lefèvre C.,,2492,---,yes,,Ancien canal Charleroi-Bruxelles,Active,,2019-09-25 00:00:00: Active,Belgique,,WALLONIE,Sennette et Canal Charleroi Bruxelles / 51,Limnimètre,Sennette,HAINAUT,1450267,"<ACCES>
Accès en remontant l'ancien canal en RG à partir de la route Baccara. Affichage dans boîtier répondeur (petite clé).
</ACCES>",---,Senne / SN,Sennette,Navigable,,,,,,,,,,,,,,,
172311010,2026-06-05T10:00:00.000+02:00,,0.289,233071.0,121039.0,15075,Direction des Cours d'Eau Non Navigables,Vieuxville,L6300,05a-Hauteur.Complet.Alarmes,Cmd.Rel.Abs.Comp-Alarmes,DCENN,Hauteur,H,m,H,GN_STATION,DCENN/L6300/H/Cmd.Rel.Abs.Comp-Alarmes,Ruisseau de Lembrée,,DCENN,"51,00 km²",,130.153,DNG,Mise en service,DNG,DCENN,yes,Station appartenant à la DCENN,-,44,District de la Meuse,District,,642300,L6300,---,yes,1626998400000,Ruisseau de Lembrée,Active,642300,1991-09-03 00:00:00: Active,Belgique,130.153,WALLONIE,Ourthe moyenne et affluents / 44,Limnimètre,Ourthe moyenne,LIEGE,2621488,,---,Ourthe / OU,Ourthe moyenne,Catégorie 1,yes,District de la Meuse,4190,MEUSE,Instable,M,Vieuxville,Ferrières,Route de Logne,t0/Normal,Centre Liège,49/5,,,
169817010,2026-06-05T10:00:00.000+02:00,,0.383,256923.0,118926.0,14965,Direction des Cours d'Eau Non Navigables,Trois-Ponts,L6070,05a-Hauteur.Complet.Alarmes,Cmd.Rel.Abs.Comp-Alarmes,DCENN,Hauteur,H,m,H,GN_STATION,DCENN/L6070/H/Cmd.Rel.Abs.Comp-Alarmes,Salm,,DCENN,"202,00 km²",,246.318,DNG,Mise en service,DNG,DCENN,,Station appartenant à la DCENN,-,41,District de la Meuse,District,,523220,L6070,---,yes,682905600000,Salm,Active,523220,1991-08-23 00:00:00: Active,Belgique,246.318,WALLONIE,Amblève et affluents / 41,Limnimètre,Amblève,LIEGE,1450639,,---,Amblève / AM,Amblève,Catégorie 1,yes,District de la Meuse,4980,MEUSE,Très stable,M,Trois-Ponts,Trois-Ponts,Rue de la gare,t0/Normal,Centre Liège,49/8,,,
202030010,2026-06-05T10:00:00.000+02:00,,0.243,197485.0,121147.0,1964146,Direction des Cours d'Eau Non Navigables,Gesves,L8630,05a-Hauteur.Complet.Alarmes,Cmd.Rel.Abs.Comp-Alarmes,DCENN,Hauteur,H,m,H,GN_STATION,DCENN/L8630/H/Cmd.Rel.Abs.Comp-Alarmes,Samson,,DCENN,,,186.752,DNG,Mise en service,DNG,DCENN,yes,Station appartenant à la Province de Namur,-,28,District de la Meuse,District,,465240,L8630,---,yes,1591833600000,Samson,Active,465240,2020-06-11 00:00:00: Active,Belgique,186.752,WALLONIE,Affluents de la Haute Meuse / 28,Limnimètre,Samson,NAMUR,1450643,,---,Meuse amont / MM,Samson,Catégorie 2,yes,District de la Meuse,5340,MEUSE,t0/?,M,Gesves,Gesves,Rue Cochaute,,,,,,
182493010,2026-06-05T10:00:00.000+02:00,,0.531,221540.0,55377.0,15526,Direction des Cours d'Eau Non Navigables,Martilly,L7130,05a-Hauteur.Complet.Alarmes,Cmd.Rel.Abs.Comp-Alarmes,DCENN,Hauteur,H,m,H,GN_STATION,DCENN/L7130/H/Cmd.Rel.Abs.Comp-Alarmes,Vierre,,DCENN,"173,98 km²",,351.41,DNG,Mise en service,DNG,DCENN,yes,Station appartenant à la DCENN,-,19,District de la Meuse,District,,135250,L7130,---,yes,1600214400000,Vierre,Active,135250,2003-12-19 00:00:00: Active,Belgique,351.41,WALLONIE,Vierre et affluents / 19,Limnimètre,Vierre,LUXEMBOURG,1450701,,---,Semois-Chiers / SC,Vierre,Catégorie 1,yes,District de la Meuse,6887,MEUSE,t0/?,M,Straimont,Herbeumont,Rue de la Cochette,t0/Normal,Centre Marche,67/4,,,
251705010,2026-06-05T10:30:00.000+02:00,,0.062,179075.0,109790.0,12596,Direction de la Gestion hydrologique,SOSOYE,8166,05a-Hauteur.Complet.Alarmes,Cmd.Rel.Abs.Comp-Alarmes,DGH,Hauteur,H,m,H,GN_STATION,DGH/8166/H/Cmd.Rel.Abs.Comp-Alarmes,Molignée,2017-01-01 00:00:00: <fin_feuille_limni><br>2000-11-23 00:00:00: <echX=0.2 cm/h><echY=1/5><limni=OTT X><br>2025-01-01 00:00:00: <Z_coffret_telem=2.192><bas_coffret_telem=0.2><br>2023-04-12 00:00:00: <codeur_seul>,DGH,"50,59 km²",Anhée,147.802,---,<date_1ere_data><echX=0.2 cm/h><echY=1/10><limni=OTT X>,,DGH,no,Direction de la Gestion hydrologique,-,28,District de la Meuse,District,Theys D.,400300,8166,---,yes,911520000000,Molignée,Active,400300,1998-11-20 00:00:00: Active,Belgique,147.802,WALLONIE,Affluents de la Haute Meuse / 28,Limnimètre,Molignée,NAMUR,1450471,"<DESCRIPTIF>
Il n’y a pas de pont ni de passerelle pour y jauger en crue.
</DESCRIPTIF>
",---,Meuse amont / MM,Molignée,Catégorie 2,,,,,,,,,,,,,,,
193534010,2026-06-05T10:00:00.000+02:00,,0.642,137500.0,87405.0,15943,Direction des Cours d'Eau Non Navigables,Moustier-en-Fagne,L7950,05a-Hauteur.Complet.Alarmes,Cmd.Rel.Abs.Comp-Alarmes,DCENN,Hauteur,H,m,H,GN_STATION,DCENN/L7950/H/Cmd.Rel.Abs.Comp-Alarmes,Helpe,,DCENN,"68,50 km²",,181.68,DNG,Mise en service,DNG,DCENN,yes,Station appartenant à la Province du Hainaut,-,9,District de la Meuse,District,,350492,L7950,---,yes,1388534400000,Helpe,Active,350492,2014-04-15 00:00:00: Active,France,181.68,HAUTS-DE-FRANCE,Affluents de la Haute Sambre / 9,Limnimètre,Haute Sambre (affluents),NORD,1450411,,---,Sambre / SA,Haute Sambre (affluents),Non classé,yes,District de la Meuse,59132,MEUSE,t0/?,M,Moustier-en-Fagne,Moustier-en-Fagne,D83,t0/Normal,Centre Mons,,,,
168217010,2026-06-05T10:00:00.000+02:00,,0.366,240091.0,46759.0,14898,Direction des Cours d'Eau Non Navigables,Habay-la-Vieille,L5970,05a-Hauteur.Complet.Alarmes,Cmd.Rel.Abs.Comp-Alarmes,DCENN,Hauteur,H,m,H,GN_STATION,DCENN/L5970/H/Cmd.Rel.Abs.Comp-Alarmes,Rulles,,DCENN,"96,00 km²",,357.98,DNG,Mise en service,DNG,DCENN,yes,Station appartenant à la DCENN,-,18,District de la Meuse,District,,131240,L5970,---,yes,374198400000,Rulles,Active,131240,1981-11-10 00:00:00: Active,Belgique,357.98,WALLONIE,Haute Semois et affluents / 18,Limnimètre,Haute Semois,LUXEMBOURG,1450619,,---,Semois-Chiers / SC,Haute Semois,Catégorie 1,yes,District de la Meuse,6723,MEUSE,Stable,M,Habay-la-Vieille,Habay,Rue de la Rochette (Chateau de la Trapperie),t0/Normal,Centre Marche,68/6,,,
243785010,2026-06-05T10:30:00.000+02:00,,0.97,257829.0,119662.0,12259,Direction de la Gestion hydrologique,STAVELOT,6732,05a-Hauteur.Complet.Alarmes,Cmd.Rel.Abs.Comp-Alarmes,DGH,Hauteur,H,m,H,GN_STATION,DGH/6732/H/Cmd.Rel.Abs.Comp-Alarmes,Amblève,2017-01-06 00:00:00: <fin_feuille_limni>,DGH,"471,67 km²",Trois-Ponts,245.253,---,<date_1ere_data><echX=0.2 cm/h><echY=1/10><limni=OTT X>,,DGH,no,Direction de la Gestion hydrologique,-,41,District de la Meuse,District,Smiejkowski M.,535120,6732,---,yes,1048809600000,Amblève,Active,535120,1996-11-13 00:00:00: Active,Belgique,245.253,WALLONIE,Amblève et affluents / 41,Limnimètre,Amblève,LIEGE,1450265,"<ACCES>
Cadenas : la clé se trouve dans la cabine limni.
</ACCES>

<TARAGE>
20260302
Extrapolation du sommet de courbe : de 3.55 m à 4.6m (prolongation libre du dernier segment).
Correspond à l'altitude de la plaque limni.
</TARAGE>",---,Amblève / AM,Amblève,Catégorie 1,,,,,,,,,,,,,,,
377502010,2026-06-05T10:35:00.000+02:00,,0.338,248729.057,121539.428,7393872,Direction de la Gestion hydrologique,CHEVRON Pont,6804,05a-Hauteur.Complet.Alarmes,Cmd.Rel.Abs.Comp-Alarmes,DGH,Hauteur sonde,H_sonde,m,H,GN_STATION,DGH/6804/H_sonde/Cmd.Rel.Abs.Comp-Alarmes,Lienne,,DGH,"141,82 km²",Stoumont,215.562,DNG,<sonde=OTT PLS><Z_coffret_telem=6.307><bas_coffret_telem=0.2>,DNG,DGH,no,Direction de la Gestion hydrologique,-,41,District de la Meuse,District,Smiejkowski M.,542230,6804,---,yes,1686182400000,Lienne,Active,542230,2023-06-08 00:00:00: Active,Belgique,215.562,WALLONIE,Amblève et affluents / 41,Limnimètre,Amblève,LIEGE,1450445,"Entre 1.1m et 1.25m (hauteur limni), la sonde hydrostatique est perturbée par des remous occasionnés par l'infrastructure de la station (échelle et tube vertical) et celle du pont.


<ACCES>
5M EN AVAL DU PONT-ROUTE DE STOUMONT A LIERNEUX. A ENVIRON 5KM DE L'AMBLEVE. 
DEUXIEME PONT-ROUTE SUR LA LIENNE EN PARTANT DE TARGNON. COT2 AVAL DU PONT EN RIVE GAUCHE.
</ACCES>

<TARAGE>
20260303
Le sommet de courbe est prolongé arbitrairement jusqu'à 3m (prolongation mathématique du segment supérieur).
</TARAGE>",---,Amblève / AM,Amblève,,,,,,,,,,,,,,,,
190156010,2026-06-05T10:40:00.000+02:00,,0.406,231479.0,28512.0,15789,Direction des Cours d'Eau Non Navigables,Dampicourt,L7660,05a-Hauteur.Complet.Alarmes,Cmd.Rel.Abs.Comp-Alarmes,DCENN,Hauteur,H,m,H,GN_STATION,DCENN/L7660/H/Cmd.Rel.Abs.Comp-Alarmes,Chavratte,,DCENN,"54,42 km²",,201.07,DNG,Mise en service,DNG,DCENN,,Station appartenant à la DCENN,-,20,District de la Meuse,District,,124300,L7660,---,yes,1307750400000,Chavratte,Active,124300,2011-06-20 00:00:00: Active,Belgique,201.07,WALLONIE,Chiers et affluents / 20,Limnimètre,Chiers,LUXEMBOURG,1450337,,---,Semois-Chiers / SC,Chiers,Catégorie 1,yes,District de la Meuse,6767,MEUSE,Stable,M,Dampicourt,Rouvroy,Rue du moulin,t0/Normal,Centre Marche,71/5,,,
178079010,2026-06-05T10:40:00.000+02:00,,0.176,245581.0,156748.0,15332,Direction des Cours d'Eau Non Navigables,Dalhem,L6770,05a-Hauteur.Complet.Alarmes,Cmd.Rel.Abs.Comp-Alarmes,DCENN,Hauteur,H,m,H,GN_STATION,DCENN/L6770/H/Cmd.Rel.Abs.Comp-Alarmes,Bolland,,DCENN,"29,26 km²",,88.65,DNG,Mise en service,DNG,DCENN,yes,Station appartenant à la DCENN,-,30,District de la Meuse,District,,702511,L6770,---,yes,1626912000000,Bolland,Active,702511,2001-12-27 00:00:00: Active,Belgique,88.65,WALLONIE,Affluents de la Basse Meuse / 30,Limnimètre,Berwinne,LIEGE,1450295,,---,Meuse aval / MA,Berwinne,Catégorie 2,yes,District de la Meuse,4607,MEUSE,Stable,M,Dalhem,Dalhem,Rue Francotte H.,t0/Normal,Centre Liège,42/3,,,
172187010,2026-06-05T10:00:00.000+02:00,,0.312,232932.0,81130.0,15069,Direction des Cours d'Eau Non Navigables,Amberloup,L6290,05a-Hauteur.Complet.Alarmes,Cmd.Rel.Abs.Comp-Alarmes,DCENN,Hauteur,H,m,H,GN_STATION,DCENN/L6290/H/Cmd.Rel.Abs.Comp-Alarmes,Ourthe Occidentale,,DCENN,"109,00 km²",,371.902,DNG,Mise en service,DNG,DCENN,,Station appartenant à la DCENN,-,45,District de la Meuse,District,,604200,L6290,---,yes,690508800000,Ourthe Occidentale,Active,604200,1991-11-19 00:00:00: Active,Belgique,371.902,WALLONIE,Ourthe supérieure et affluents / 45,Limnimètre,Ourthe supérieure,LUXEMBOURG,1450497,,---,Ourthe / OU,Ourthe supérieure,Catégorie 1,yes,District de la Meuse,6680,MEUSE,Stable,M,Amberloup,Sainte-Ode,Amberloup,t0/Normal,Centre Marche,60/5,,,
253474010,2026-06-05T10:30:00.000+02:00,,0.194,159381.0,81078.0,12683,Direction de la Gestion hydrologique,COUVIN,9071,05a-Hauteur.Complet.Alarmes,Cmd.Rel.Abs.Comp-Alarmes,DGH,Hauteur,H,m,H,GN_STATION,DGH/9071/H/Cmd.Rel.Abs.Comp-Alarmes,Eau Noire,2017-01-01 00:00:00: <fin_feuille_limni><br>2005-12-09 00:00:00: <echX=0.2 cm/h><echY=1/10><limni=OTT X><br>2025-01-01 00:00:00: <Z_coffret_telem=3.038><bas_coffret_telem=0.2><br>1980-11-30 00:00:00: <echX=0.291667 cm/h><echY=1/5><zeroFeuille=-0.25><limni=RITTMEYER>,DGH,"175,89 km²",Couvin,191.085,DNG,,DNG,DGH,yes,Direction de la Gestion hydrologique,-,23,District de la Meuse,District,Theys D.,16057,9071,---,yes,934416000000,Eau Noire,Active,16057,1968-03-13 00:00:00: Active<br>1979-08-18 00:00:00: Inactive<br>1983-06-07 00:00:00: Inactive<br>1983-10-10 00:00:00: Active,Belgique,191.085,WALLONIE,Eau Noire et affluents / 23,Limnimètre,Eau Noire,NAMUR,1450359,"<SITUATION>
La sonde de température  9071112T est placéd dans le puits.
</<SITUATION>>

<ACCES>
Limni accessible par une propriété privée et portillon avec clé spécifique ; en rive droite.
</ACCES>


<HISTORIQUE>
12/09/2022
Mise en service du nouveau puits limnigraphique un peu en amont de la passe à poissons.
Lors de très faibles débits, l'eau ne passait plus sur le déversoir et tout le débit passait via l'échelle à poissons.
L'ancien limnigraphe n'était plus alimenté.
</HISTORIQUE>
",---,Meuse amont / MM,Eau Noire,Catégorie 1,,,,,,,,,,,,,,,
186210010,2026-06-05T10:40:00.000+02:00,,0.248,104942.0,114062.0,15606,Direction des Cours d'Eau Non Navigables,Gussignies,L7260,05a-Hauteur.Complet.Alarmes,Cmd.Rel.Abs.Comp-Alarmes,DCENN,Hauteur,H,m,H,GN_STATION,DCENN/L7260/H/Cmd.Rel.Abs.Comp-Alarmes,Grande Honnelle,,DCENN,"91,20 km²",,64.463,DNG,Mise en service,DNG,DCENN,yes,Station appartenant à la DCENN,-,4,District de l'Escaut,District,,924300,L7260,---,yes,1117584000000,Grande Honnelle,Active,924300,2005-06-01 00:00:00: Active,France,64.463,HAUTS-DE-FRANCE,Haine et affluents / 4,Limnimètre,Haine,NORD,1450389,,---,Haine / HN,Haine,Catégorie 1,yes,District de l'Escaut,59570,ESCOUT,t0/?,E,Gussignies,Gussignies,Rue des Sartiaux,t0/Normal,Centre Mons,51/5,,,
169197010,2026-06-05T10:20:00.000+02:00,,0.287,255767.0,29235.0,1964135,Direction des Cours d'Eau Non Navigables,Athus,L6023,05a-Hauteur.Complet.Alarmes,Cmd.Rel.Abs.Comp-Alarmes,DCENN,Hauteur,H,m,H,GN_STATION,DCENN/L6023/H/Cmd.Rel.Abs.Comp-Alarmes,Messancy,,DCENN,"62,00 km²",,266.42,DNG,Mise en service,DNG,DCENN,yes,Station appartenant à la DCENN,-,20,District de la Meuse,District,,120300,L6023,---,yes,1590969600000,Messancy,Active,120300,2020-07-28 00:00:00: Active,Belgique,266.42,WALLONIE,Chiers et affluents / 20,Limnimètre,Chiers,LUXEMBOURG,1450467,,---,Semois-Chiers / SC,Chiers,Catégorie 1,yes,District de la Meuse,6791,MEUSE,Très stable,M,Athus,Aubange,Quartier Schlauss,,Centre Marche,71/4,,,
178951010,2026-06-05T10:00:00.000+02:00,,0.073,203558.0,79880.0,15368,Direction des Cours d'Eau Non Navigables,Daverdisse,L6840,05a-Hauteur.Complet.Alarmes,Cmd.Rel.Abs.Comp-Alarmes,DCENN,Hauteur,H,m,H,GN_STATION,DCENN/L6840/H/Cmd.Rel.Abs.Comp-Alarmes,Ruisseau de Gembes,,DCENN,"87,23 km²",,223.154,DNG,Mise en service,DNG,DCENN,yes,Station appartenant à la DCENN,-,26,District de la Meuse,District,,212311,L6840,---,yes,1046736000000,Ruisseau de Gembes,Active,212311,2003-03-04 00:00:00: Active,Belgique,223.154,WALLONIE,Haute Lesse et affluents / 26,Limnimètre,Haute Lesse,LUXEMBOURG,1450549,,---,Lesse / LE,Haute Lesse,Catégorie 1,yes,District de la Meuse,6929,MEUSE,Stable,M,Daverdisse,Daverdisse,Rue de la Lesse,t0/Normal,Centre Namur,59/6,,,
180939010,2026-06-05T10:00:00.000+02:00,,0.376,190945.0,62564.0,15460,Direction des Cours d'Eau Non Navigables,Vresse-sur-Semois,L7000,05a-Hauteur.Complet.Alarmes,Cmd.Rel.Abs.Comp-Alarmes,DCENN,Hauteur,H,m,H,GN_STATION,DCENN/L7000/H/Cmd.Rel.Abs.Comp-Alarmes,Ruisseau du Moulin,,DCENN,"61,78 km²",,184.69,DNG,Mise en service,DNG,DCENN,yes,Station appartenant à la DCENN,-,13,District de la Meuse,District,,143311,L7000,---,yes,1293840000000,Ruisseau du Moulin,Active,143311,2003-09-04 00:00:00: Active,Belgique,184.69,WALLONIE,Basse Semois et affluents / 13,Limnimètre,Haute Semois,NAMUR,1450605,,---,Semois-Chiers / SC,Basse Semois,Catégorie 1,yes,District de la Meuse,5550,MEUSE,t0/?,M,Vresse-sur-Semois,Vresse-sur-Semois,Rue de Petit-Fayt,t0/Normal,Centre Marche,63/8,,,
371308010,2026-06-05T10:30:00.000+02:00,,0.173,269034.0,146854.0,7115645,Direction de la Gestion hydrologique,EUPEN Bellmerin,6392,05a-Hauteur.Complet.Alarmes,Cmd.Rel.Abs.Comp-Alarmes,DGH,Hauteur sonde,H_sonde,m,H,GN_STATION,DGH/6392/H_sonde/Cmd.Rel.Abs.Comp-Alarmes,Vesdre,2025-01-01 00:00:00: <Z_coffret_telem=4.295><bas_coffret_telem=0.2>,DGH,,,269.556,DNG,<sonde=OTT PLS>,DNG,DGH,no,Direction de la Gestion hydrologique,-,38,District de la Meuse,District,Smiejkowski M.,560260,6392,---,yes,1669248000000,Vesdre,Active,560260,2022-11-24 00:00:00: Active,,269.556,,Vesdre et affluents / 38,Limnimètre,Meuse moyenne (NA),,1450697,"<ACCES>
Se situe sur le pont Bellmerin, côté aval en rive droite. 
</ACCES>

<TARAGE>
20260120 - extrapolation
Le sommet de CT a été revu : de 0.81 à 1.800m - 160 m³/s
</TARAGE>",---,Vesdre / VE,Vesdre,,,,,,,,,,,,,,,,
246534010,2026-06-05T10:35:00.000+02:00,,0.582,207779.0,138112.0,12380,Direction de la Gestion hydrologique,MOHA,7242,05a-Hauteur.Complet.Alarmes,Cmd.Rel.Abs.Comp-Alarmes,DGH,Hauteur,H,m,H,GN_STATION,DGH/7242/H/Cmd.Rel.Abs.Comp-Alarmes,Mehaigne,2017-01-05 00:00:00: <fin_feuille_limni><br>2007-06-19 00:00:00: <echX=0.2 cm/h><echY=1/5><limni=OTT X><br>1990-01-01 00:00:00: <echX=0.291667 cm/h><echY=1/5><limni=RITTMEYER>,DGH,"343,27 km²",Wanze,81.257,---,<date_1ere_data>,,DGH,no,Direction de la Gestion hydrologique,-,36,District de la Meuse,District,Smiejkowski M.,451230,7242,---,yes,631152000000,Mehaigne,Active,451230,1968-01-01 00:00:00: Active,Belgique,81.257,WALLONIE,Mehaigne et affluents / 36,Limnimètre,Mehaigne,LIEGE,1450463,,---,Meuse aval / MA,Mehaigne,Catégorie 1,,,,,,,,,,,,,,,
194386010,2026-06-05T10:00:00.000+02:00,,0.129,138215.0,152697.0,15982,Direction des Cours d'Eau Non Navigables,Tubize Coeurcq,L8020,05a-Hauteur.Complet.Alarmes,Cmd.Rel.Abs.Comp-Alarmes,DCENN,Hauteur,H,m,H,GN_STATION,DCENN/L8020/H/Cmd.Rel.Abs.Comp-Alarmes,Coeurcq,,DCENN,"17,21 km²",,39.51,DNG,Mise en service,DNG,DCENN,yes,Station appartenant à la Province du Brabant Wallon,-,5,District de l'Escaut,District,,845661,L8020,---,yes,1451606400000,Coeurcq,Active,845661,2016-03-01 00:00:00: Active,Belgique,39.51,WALLONIE,Senne et affluents / 5,Limnimètre,Senne,BRABANT WALLON,1450341,,---,Senne / SN,Senne,Catégorie 2,yes,District de l'Escaut,1480,ESCOUT,t0/?,E,Tubize,Tubize,Rue des Ponts,t0/Normal,,39/2S,,,
166719010,2026-06-05T10:40:00.000+02:00,,0.595,185522.0,159384.0,14830,Direction des Cours d'Eau Non Navigables,Saint-Rémy-Geest,L5720,05a-Hauteur.Complet.Alarmes,Cmd.Rel.Abs.Comp-Alarmes,DCENN,Hauteur,H,m,H,GN_STATION,DCENN/L5720/H/Cmd.Rel.Abs.Comp-Alarmes,Grande Gette,,DCENN,"135,00 km²",,55.426,DNG,Mise en service,DNG,DCENN,yes,Station appartenant à la DCENN,-,7,District de l'Escaut,District,,810210,L5720,---,yes,254188800000,Grande Gette,Active,810210,1978-01-21 00:00:00: Active,Belgique,55.426,WALLONIE,Gette et affluents / 7,Limnimètre,Gette,BRABANT WALLON,1450387,,---,Dyle-Gette / DG,Gette,Catégorie 1,yes,District de l'Escaut,1370,ESCOUT,Instable,E,Saint-Remy-Geest,Jodoigne,Rue Sainte-Marie,t0/Normal,Centre Mons,32/7,,,
189072010,2026-06-05T10:00:00.000+02:00,,0.393,124273.0,128727.0,15738,Direction des Cours d'Eau Non Navigables,Obourg,L7570,05a-Hauteur.Complet.Alarmes,Cmd.Rel.Abs.Comp-Alarmes,DCENN,Hauteur,H,m,H,GN_STATION,DCENN/L7570/H/Cmd.Rel.Abs.Comp-Alarmes,Haine,,DCENN,"236,10 km²",,36.5,DNG,Mise en service,DNG,DCENN,yes,Station appartenant à la DCENN,-,4,District de l'Escaut,District,,914140,L7570,---,yes,1293840000000,Haine,Active,914140,2012-08-02 00:00:00: Active,Belgique,36.5,WALLONIE,Haine et affluents / 4,Limnimètre,Haine,HAINAUT,1450397,,---,Haine / HN,Haine,Catégorie 1,yes,District de l'Escaut,7034,ESCOUT,Stable,E,Obourg,Mons,Rue de Beauval,t0/Normal,Centre Mons,,,,
240474010,2026-06-05T10:30:00.000+02:00,,0.497,236544.0,143595.0,12113,Direction de la Gestion hydrologique,SAUHEID,5826,05a-Hauteur.Complet.Alarmes,Cmd.Rel.Abs.Comp-Alarmes,DGH,Hauteur,H,m,H,GN_STATION,DGH/5826/H/Cmd.Rel.Abs.Comp-Alarmes,Ourthe inférieure,"2007-11-20 00:00:00: <echX=0.2 cm/h><echY=1/10><limni=OTT X><br>2022-08-10 00:00:00: <echX=0.2 cm/h><echY=1/10><zeroFeuille=-0.2>
Pour éviter des hauteurs négatives, Thalimedes et feuille augmentés de 20cm, télémesure (B) diminuée de 20cm.
Soustraire 20cm de la valeur lue lors des contrôles.<br>2022-09-23 00:00:00: <echX=0.2 cm/h><echY=1/10><zeroFeuille=0>",DGH,"2903,80 km²",Liège,67.234,---,<echX=0.291667 cm/h><echY=1/10><limni=RITTMEYER>,,DGH,yes,Direction de la Gestion hydrologique,-,43,District de la Meuse,District,Smiejkowski M.,,5826,---,yes,986083200000,Ourthe inférieure,Active,,1972-01-21 00:00:00: Active,Belgique,67.234,WALLONIE,Ourthe inférieure et affluents / 43,Limnimètre,Ourthe inférieure,LIEGE,1450733,"<ACCES>
Environ 50m EN AMONT DU BARRAGE CAMPANA (CENTRE ADEPS) SUR L'OURTHE FACE A L'ARRET S.N.C.B. ""SAUHEID"" - RIVE GAUCHE
</ACCES>


<CONTACT>
MAVA club : Vincent Radoux 0496-577276 (vincent.radoux@pfizer.com). 
Pour plus de détails sur les opérations 'terrain', on peut contacter Jean-pierre Lespineux (jp.lespi@hotmail.com).
</CONTACT>
",---,Ourthe / OU,Ourthe inférieure,Navigable,,,,,,,,,,,,,,,
254647010,2026-06-05T10:30:00.000+02:00,,0.461,188341.0,61505.0,12736,Direction de la Gestion hydrologique,MEMBRE Pont,9434,05a-Hauteur.Complet.Alarmes,Cmd.Rel.Abs.Comp-Alarmes,DGH,Hauteur,H,m,H,GN_STATION,DGH/9434/H/Cmd.Rel.Abs.Comp-Alarmes,Basse Semois,2007-10-31 00:00:00: <echX=0.2 cm/h><echY=1/10><limni=OTT X><br>2005-03-24 00:00:00: remplacement cabine et fût,DGH,"1226,05 km²",Vresse-sur-Semois,175.59,---,<date_1ere_data><echX=0.291667 cm/h><echY=1/10><limni=RITTMEYER>,,DGH,yes,Direction de la Gestion hydrologique,-,13,District de la Meuse,District,Theys D.,,9434,---,yes,1059696000000,Basse Semois,Active,,1929-01-01 00:00:00: Active,Belgique,175.59,WALLONIE,Basse Semois et affluents / 13,Limnimètre,Basse Semois,NAMUR,1450737,"SITUATION 94341011
EN RG COTE AVAL DU PONT DE MEMBRE

Calcul possible de Q à partir des H de Membre amont. Utiliser les val journ pour les bas et moyens Q et les val hor pour les pics de crue sans décalage temporel. Voir aussi tab conversion QH dans le dossier station.

Il n'y a pas d'arche au pont limni et l'eau n'atteint pas le pont en crue.

Une sonde de température mesure l'air sous le boîtier du répondeur et une autre la température de l'eau dans le puits limnigraphique.

(Du 01/05/2005 au 31/05/2005) PNG. Les premières feuilles limnigraphiques datent de 1965 (station 9434) et de 1968 (station 9435). Les débits journaliers de 1929 à 1967 ne sont pas vérifiables par les CT et par précaution, ils seront repropagés.

SITUATION 9434112T
Sonde placée dans le puits

SITUATION 9434122T
Sonde placée sous abri


<TARAGE>
20250604 - Résilience crue
HMHmax à ce jour = 3.885m (= 179.480 mDNG). La limite sup de la CT est portée de 3.91m à 4.500m (extrapolation arbitraire).
</TARAGE>


<DEBIT_SUBSTITUTION>
20250604
Les débits de Membre amont 9435 sont calculés avec les jaugeages de Membre pont 9434 associés aux hauteurs de Membre amont 9435.
</DEBIT_SUBSTITUTION>",---,Semois-Chiers / SC,Basse Semois,Navigable,,,,,,,,,,,,,,,
254518010,2026-06-05T06:00:00.000+02:00,,0.214,160532.0,76315.0,12729,Direction de la Gestion hydrologique,BRULY,9232,05a-Hauteur.Complet.Alarmes,Cmd.Rel.Abs.Comp-Alarmes,DGH,Hauteur,H,m,H,GN_STATION,DGH/9232/H/Cmd.Rel.Abs.Comp-Alarmes,Ry de Pernelle,2007-09-14 00:00:00: <echX=0.2 cm/h><echY=1/5><limni=OTT X><br>2025-01-01 00:00:00: <Z_coffret_telem=2.019><bas_coffret_telem=0.2>,DGH,"38,52 km²",Couvin,266.052,DNG,<date_1ere_data><echX=0.291667 cm/h><echY=1/5><limni=RITTMEYER>,DNG,DGH,no,Direction de la Gestion hydrologique,-,23,District de la Meuse,District,Theys D.,,9232,---,yes,344476800000,Ry de Pernelle,Active,,1980-12-01 00:00:00: Active,Belgique,266.052,WALLONIE,Eau Noire et affluents / 23,Limnimètre,Eau Noire,NAMUR,1450627,"<HISTORIQUE>

2005
L’ensemble de la station a été nivelé durant l’été 2005 par BELP ; les résultats suivants sont obtenus :
Niveau plaque limni = 268.201m
Zéro échelle limni = 266.053 (soit un Zv = 2.148m)
Zéro du déversoir = 266.051m
Niveau inférieur du tablier du pont = 267.540m (correspond à environ 1.5m au limni)
Il faut noter qu’un nivellement avait été effectué en 1999 par l'hydrographe du secteur(Ch. G.) : 
les résultats ‘relatifs’ obtenus correspondent aux données du nivellement de BELP, mais dans l’absolu, tout est décalé d’environ 10cm : 
altitude du seuil : 265.953m DNG ; le zéro de l’échelle : 265.953m depuis le 12/06/01 ; le bas du pont est 267.450m.

200511 : PNG hauteurs. Peu de corrections à effectuer sur les hauteurs de la BD.

200605 : PNG débits. Uniformisation des courbes à hauts débits (selon équation théorique, débordement et rapport BV). Révision de quelques corrections saisonnières.

20240327 : le limnigraphe a été déplacé de rive gauche en rive droite, en face de son ancien emplacement, suite à des problèmes d'envasement de la prise d'eau.

</HISTORIQUE>



<ACCES>
Limnigraphe situé en rive gauche, au bout d'un chemin forestier carrossable, à 100 m de la route ; accès par une barrière levante non cadenassée.
</ACCES>


<TARAGE>
20011214 : débits de crue
Lors d’une révision des données de la période 1999-2001, le sommet de courbe a été calculé en fonction des BV et en tenant compte d’un débordement entre 1m et 1.1m.

20260320 - extrapolation
Le sommet de CT est porté de 1.2 à 1.5m, extrapol math du dernier segment qui ne présente pas d'inflexion au-delà de 1.5m. Il y a débordement vers 1.1m.
</TARAGE>",---,Meuse amont / MM,Eau Noire,Catégorie 2,,,,,,,,,,,,,,,
183583010,2026-06-05T10:20:00.000+02:00,,0.16,169852.0,165133.0,15577,Direction des Cours d'Eau Non Navigables,Nethen,L7220,05a-Hauteur.Complet.Alarmes,Cmd.Rel.Abs.Comp-Alarmes,DCENN,Hauteur,H,m,H,GN_STATION,DCENN/L7220/H/Cmd.Rel.Abs.Comp-Alarmes,Nethen,,DCENN,"56,43 km²",,29.265,DNG,Mise en service,DNG,DCENN,yes,Station appartenant à la DCENN,-,6,District de l'Escaut,District,,856461,L7220,---,yes,1095033600000,Nethen,Active,856461,2004-09-13 00:00:00: Active,Belgique,29.265,VLAANDEREN,Dyle et affluents / 6,Limnimètre,Dyle,VLAAMS BRABANT,1450477,,---,Dyle-Gette / DG,Dyle,Catégorie 1,yes,District de l'Escaut,3051,ESCOUT,Stable,E,Sint-Joris-Weert,Oud-Heverlee,Rue de Weert-Saint-Georges,t0/Normal,Centre Mons,32/5,,,
360612010,2026-06-05T10:20:00.000+02:00,,0.593,208047.0,91195.0,5720735,Direction des Cours d'Eau Non Navigables,Han-sur-Lesse,L8930,05a-Hauteur.Complet.Alarmes,Cmd.Rel.Abs.Comp-Alarmes,DCENN,Hauteur,H,m,H,GN_STATION,DCENN/L8930/H/Cmd.Rel.Abs.Comp-Alarmes,Haute Lesse,,DCENN,,,0.0,DNG,,DNG,DCENN,no,Station appartenant à la DCENN,-,26,District de la Meuse,District,,,L8930,---,yes,1662508800000,Haute Lesse,Active,,2021-07-29 00:00:00: Active,Belgique,0.0,WALLONIE,Haute Lesse et affluents / 26,Limnimètre,Basse Lesse,NAMUR,5681859,,---,Lesse / LE,Haute Lesse,Catégorie 1,yes,,5580,,Stable,,Han-sur-Lesse,Rochefort,Rue des Sarrasins,t0/Normal,,59/2,,,
176541010,2026-06-05T10:00:00.000+02:00,,0.748,211155.0,94457.0,15267,Direction des Cours d'Eau Non Navigables,Rochefort,L6650,05a-Hauteur.Complet.Alarmes,Cmd.Rel.Abs.Comp-Alarmes,DCENN,Hauteur,H,m,H,GN_STATION,DCENN/L6650/H/Cmd.Rel.Abs.Comp-Alarmes,Lhomme,,DCENN,"424,87 km²",,0.0,DNG,Mise en service,DNG,DCENN,yes,Station appartenant à la DCENN,-,27,District de la Meuse,District,,230210,L6650,---,yes,1661385600000,Lhomme,Active,230210,1996-07-04 00:00:00: Active,Belgique,0.0,WALLONIE,Lhomme et affluents / 27,Limnimètre,Lhomme,NAMUR,1450443,,---,Lesse / LE,Lhomme,Catégorie 1,yes,District de la Meuse,5580,MEUSE,Très stable,M,Rochefort,Rochefort,Rue du Hableau,t0/Normal,Centre Namur,59/3,,,
250462010,2026-06-05T10:35:00.000+02:00,,1.442,186116.0,119470.0,12547,Direction de la Gestion hydrologique,PROFONDEVILLE,8017,05a-Hauteur.Complet.Alarmes,Cmd.Rel.Abs.Comp-Alarmes,DGH,Hauteur,H,m,H,GN_STATION,DGH/8017/H/Cmd.Rel.Abs.Comp-Alarmes,Haute Meuse (aval Dinant),2018-07-18 00:00:00: <codeur_seul><br>2017-01-01 00:00:00: <fin_feuille_limni>,DGH,,Profondeville,81.0,---,<echX=0.2 cm/h><echY=1/10><limni=OTT X>,,DGH,no,Direction de la Gestion hydrologique,-,50,District de la Meuse,District,Theys D.,,8017,---,yes,746841600000,Haute Meuse (aval Dinant),Active,,1993-09-01 00:00:00: Active<br>1998-06-06 00:00:00: Inactive<br>1999-12-15 00:00:00: Active,Belgique,81.0,WALLONIE,Haute Meuse aval / 50,Limnimètre,"Haute Meuse (NA, aval Lesse)",NAMUR,5681861,,---,Meuse amont / MM,"Haute Meuse (NA, aval Lesse)",Navigable,,,,,,,,,,,,,,,
244488010,2026-06-05T10:30:00.000+02:00,,0.328,267447.0,125199.0,12290,Direction de la Gestion hydrologique,MALMEDY,6933,05a-Hauteur.Complet.Alarmes,Cmd.Rel.Abs.Comp-Alarmes,DGH,Hauteur,H,m,H,GN_STATION,DGH/6933/H/Cmd.Rel.Abs.Comp-Alarmes,Warche,2025-01-01 00:00:00: <Z_coffret_telem=3.774><bas_coffret_telem=0.2><br>1999-06-02 00:00:00: Mise en service de la télémesure.<br>2019-08-01 00:00:00: Mise hors service du limniphone.<br>2017-01-01 00:00:00: <fin_feuille_limni><br>1994-10-26 00:00:00: Mise en service d'un limniphone : n° appel=080-771132,DGH,"183,08 km²",Malmédy,329.445,DNG,<date_1ere_data><echX=0.2 cm/h><echY=1/10><limni=OTT X>,DNG,DGH,no,Direction de la Gestion hydrologique,-,41,District de la Meuse,District,Smiejkowski M.,512210,6933,---,yes,1104451200000,Warche,Active,512210,1994-08-17 00:00:00: Active,Belgique,329.445,WALLONIE,Amblève et affluents / 41,Limnimètre,Amblève,LIEGE,1450713,"<DESCRIPTIF>
La station se trouve en rive droite, à l'aval du confluent avec la Warchenne, à l'amont du pont-route.
Elle est influencée par les turbinages de la centrale électrique de Bevercé. L'eau est pompée du lac de Robertville. 
En crue, il peut y avoir des lachures qui doivent se voir sur l'hydrogramme de Bévercé. Le turbinage peut être continu, le maximum étant de l'ordre de 10 m³/s.

Influence du pont : à une cote approximative de 2.100m, l'eau atteint le bas du tablier du pont.

En étiage, les pierres font barrage devant la prise d'eau et provoque un écart entre limni et échelle.
</DESCRIPTIF>


<HISTORIQUE>
Le 8/7/2004, le limnigraphe est déplacé en rive gauche en prévision de travaux importants de réfection des berges ; le limniphone restera débranché pendant cette période, prévue pour quelques mois. 
Le Zv est modifié mais le système est inchangé. En fin d’année, après l’achèvement des travaux, le limnigraphe est replacé en rive droite, avec un nouveau Zv mais dans le même système. 
Pendant cette période, les hauteurs ont été perturbées ; de ce fait, aucun débit ne sera calculé par une courbe classique. D’ailleurs la section étant encombrée, il n’aurait pas été possible de jauger. 
La courbe 2003 reste valable jusqu’au 30/6/2004, tandis qu’une correction saisonnière (type 9) est établie de juillet à décembre 2004.

Après les travaux aux berges, un nivellement a été refait. Le Zv qui avait été fixé à 4.455m à la suite des travaux est redéfini à 4.464m. 
Le réglage de l’appareil est effectué le 14/03/2005, ainsi qu’une correction de +9mm sur les hauteurs de la BD depuis le 31/12/2004 et sur les jaugeages effectués pendant cette période.

2005-2007 : puits bouché.
Lors de la remise en service de la station début 2005, il est vite apparu que le puits était partiellement bouché ; le 3 août 2007, la station est remise en état et l’appareil est à nouveau opérationnel.
Les données du 1/8/2007-12h au 3/8/2007-11h étaient manquantes (appareil démonté) ; elles ont été reconstituées à partir de l'hydrogramme de Stavelot.
!! Les données de cette période (hauteurs et débits), du 1/1/2005 au 3/8/2007, sont à utiliser avec PRUDENCE.
</HISTORIQUE>


<TARAGE>
201102
Les débits de crue sont remis en cause suite aux jaugeages de la crue de janvier 2011.
Les anciennes courbes concernées sont aussi revues.

20260304
Prolongation mathématique du segment supérieur jusqu'à la hauteur du bas du coffret.
</TARAGE>

",---,Amblève / AM,Amblève,Catégorie 1,,,,,,,,,,,,,,,
195238010,2026-06-05T10:00:00.000+02:00,,0.157,196266.0,143493.0,16017,Direction des Cours d'Eau Non Navigables,Meeffe,L8100,05a-Hauteur.Complet.Alarmes,Cmd.Rel.Abs.Comp-Alarmes,DCENN,Hauteur,H,m,H,GN_STATION,DCENN/L8100/H/Cmd.Rel.Abs.Comp-Alarmes,Rhée,,DCENN,"16,97 km²",,137.54,DNG,Donnèes de (mise en service indéfinie),DNG,DCENN,yes,Station appartenant à la DCENN,-,36,District de la Meuse,District,,452300,L8100,---,yes,1468281600000,Rhée,Active,452300,2016-07-12 00:00:00: Active,Belgique,137.54,WALLONIE,Mehaigne et affluents / 36,Limnimètre,Mehaigne,LIEGE,1450517,,---,Meuse aval / MA,Mehaigne,Catégorie 2,yes,District de la Meuse,4219,MEUSE,t0/?,M,Meeffe,Wasseiges,Rue du de la Grande Rhée,t0/Normal,Centre Liège,,,,
163111010,2026-06-05T10:00:00.000+02:00,,0.37,165526.0,121590.0,14666,Direction des Cours d'Eau Non Navigables,Aiseau,L5442,05a-Hauteur.Complet.Alarmes,Cmd.Rel.Abs.Comp-Alarmes,DCENN,Hauteur,H,m,H,GN_STATION,DCENN/L5442/H/Cmd.Rel.Abs.Comp-Alarmes,Biesme,,DCENN,"77,50 km²",,105.07,DNG,Mise en service,DNG,DCENN,yes,Station appartenant à la DCENN,-,12,District de la Meuse,District,,384290,L5442,---,yes,63936000000,Biesme,Active,384290,1972-01-11 00:00:00: Active,Belgique,105.07,WALLONIE,Affluents de la Basse Sambre / 12,Limnimètre,Basse Sambre (affluents),HAINAUT,1450285,,---,Sambre / SA,Basse Sambre (affluents),Catégorie 1,yes,District de la Meuse,6250,MEUSE,Stable,M,Aiseau,Aiseau-Presles,Rue des Forges,t0/Normal,Centre Namur,47/5,,,
178291010,2026-06-05T10:00:00.000+02:00,,0.215,252933.0,135496.0,15342,Direction des Cours d'Eau Non Navigables,Spixhe,L6790,05a-Hauteur.Complet.Alarmes,Cmd.Rel.Abs.Comp-Alarmes,DCENN,Hauteur,H,m,H,GN_STATION,DCENN/L6790/H/Cmd.Rel.Abs.Comp-Alarmes,Wayai,,DCENN,"93,78 km²",,172.132,DNG,Mise en service,DNG,DCENN,yes,Station appartenant à la DCENN,-,38,District de la Meuse,District,,552250,L6790,---,yes,1626998400000,Wayai,Active,552250,2002-03-29 00:00:00: Active,Belgique,172.132,WALLONIE,Vesdre et affluents / 38,Limnimètre,Vesdre,LIEGE,1450719,,---,Vesdre / VE,Vesdre,Catégorie 1,yes,District de la Meuse,4910,MEUSE,t0/?,M,Theux,Theux,Quai du Wayai,t0/Normal,Centre Liège,49/4,,,
254328010,2026-06-05T10:35:00.000+02:00,,0.107,162454.0,78028.0,12721,Direction de la Gestion hydrologique,PETIGNY Ermitage,9223,05a-Hauteur.Complet.Alarmes,Cmd.Rel.Abs.Comp-Alarmes,DGH,Hauteur,H,m,H,GN_STATION,DGH/9223/H/Cmd.Rel.Abs.Comp-Alarmes,Ry de l'Ermitage,1999-09-02 00:00:00: Mise en service de la télémesure.<br>2000-11-28 00:00:00: <echX=0.2 cm/h><echY=1/5><limni=OTT X><br>2025-01-01 00:00:00: <Z_coffret_telem=2.175><bas_coffret_telem=0.2>,DGH,"1,36 km²",Couvin,280.127,---,<echX=0.2 cm/h><echY=1/10><limni=OTT X>,,DGH,no,Direction de la Gestion hydrologique,-,23,District de la Meuse,District,Theys D.,,9223,---,yes,929318400000,Ry de l'Ermitage,Active,,1975-09-26 00:00:00: Active<br>1999-04-29 00:00:00: Inactive<br>1999-06-14 00:00:00: Active,Belgique,280.127,WALLONIE,Eau Noire et affluents / 23,Limnimètre,Eau Noire,NAMUR,1450625,"<ACCES>
Le long du chemin macadamisé bordant le lac ; accès par barrière levante avec badge spécifique.
</ACCES>",---,Meuse amont / MM,Eau Noire,Catégorie 3,,,,,,,,,,,,,,,
234474010,2026-06-05T10:30:00.000+02:00,,0.333,137825.0,153311.0,11855,Direction de la Gestion hydrologique,TUBIZE,1951,05a-Hauteur.Complet.Alarmes,Cmd.Rel.Abs.Comp-Alarmes,DGH,Hauteur,H,m,H,GN_STATION,DGH/1951/H/Cmd.Rel.Abs.Comp-Alarmes,Senne,2025-01-01 00:00:00: <Z_coffret_telem=4.165><bas_coffret_telem=0.2>,DGH,"214,78 km²",Tubize,35.768,DNG,<echX=0.2 cm/h><echY=1/10>,DNG,DGH,yes,Direction de la Gestion hydrologique,-,5,District de l'Escaut,District,Lefèvre C.,840270,1951,---,yes,877046400000,Senne,Active,840270,1997-10-17 00:00:00: Active,Belgique,35.768,WALLONIE,Senne et affluents / 5,Limnimètre,Senne,BRABANT WALLON,1450651,"<ACCES>
Parking pompiers, par la rue Ferrer.
</ACCES>


<DESCRIPTIF>
L’appareil est installé en rive droite côté amont du pont situé à côté de la caserne des pompiers. 
Un seuil en gabions a été construit en même temps que le pont. En crue, il y a débordement partout ; toute l’eau ne passe pas sous le pont.
Les jaugeages de crue sont faits au pont de Scandiano sous lequel tout le débit s’écoule. 
Une station d’épuration, mise en service le 15/10/2005, cause parfois de petites variations de débit. 
</DESCRIPTIF>",---,Senne / SN,Senne,Catégorie 1,,,,,,,,,,,,,,,
252087010,2026-06-05T10:35:00.000+02:00,,0.469,195619.0,97864.0,12614,Direction de la Gestion hydrologique,HOUYET,8231,05a-Hauteur.Complet.Alarmes,Cmd.Rel.Abs.Comp-Alarmes,DGH,Hauteur,H,m,H,GN_STATION,DGH/8231/H/Cmd.Rel.Abs.Comp-Alarmes,Basse Lesse,2012-12-31 00:00:00: Démontage limniphone.<br>2012-03-31 00:00:00: <fin_feuille_limni><br>2003-03-19 00:00:00: <echX=0.2 cm/h><echY=1/10><limni=OTT R20><br>1995-07-03 00:00:00: installation nouveau limniphone et nouveau répondeur (type NEI)<br>1996-08-12 00:00:00: <echX=0.25 cm/h><echY=1/10><zeroFeuille=-0.2><br>2021-08-10 00:00:00: <sonde=OTT PLS>,DGH,"1208,05 km²",Houyet,114.581,DNG,<date_1ere_data><echX=0.25 cm/h><echY=1/10>,DNG,DGH,no,Direction de la Gestion hydrologique,-,25,District de la Meuse,District,Theys D.,,8231,---,yes,378691200000,Basse Lesse,Active,,1982-01-01 00:00:00: Active,Belgique,114.581,WALLONIE,Basse Lesse et affluents / 25,Limnimètre,Basse Lesse,NAMUR,1450729,"<ACCES>
Sonde et boitier sur le garde-corps coté amont du pont.
</ACCES>


<DESCRIPTIF>
Historiquement, le limnigraphe était installé dans un mini local dans l’infrastructure du pont de Houyet, sous le trottoir piéton.
L'appareil a été endommagé lors de la crue de juillet 2021 ; il a été remplacé par une sonde à pression.
Deuis mars 2012, l'appareil fonctionnait sans papier suite à des problèmes mécaniques irréparables.

La station a été équipée d'un limniphone jusqu'en 2012 (BELGACOM = 082- 666 318).

Barrages vacanciers récurrents pendant l'été en aval de la station.
</DESCRIPTIF>



",---,Lesse / LE,Basse Lesse,Catégorie 1,,,,,,,,,,,,,,,
173401010,2026-06-05T10:00:00.000+02:00,,0.224,245623.0,157426.0,15127,Direction des Cours d'Eau Non Navigables,Dalhem,L6390,05a-Hauteur.Complet.Alarmes,Cmd.Rel.Abs.Comp-Alarmes,DCENN,Hauteur,H,m,H,GN_STATION,DCENN/L6390/H/Cmd.Rel.Abs.Comp-Alarmes,Berwinne,,DCENN,"118,00 km²",,83.926,DNG,Mise en service,DNG,DCENN,yes,Station appartenant à la DCENN,-,30,District de la Meuse,District,,701200,L6390,---,yes,693532800000,Berwinne,Active,701200,1991-12-24 00:00:00: Active,Belgique,83.926,WALLONIE,Affluents de la Basse Meuse / 30,Limnimètre,Berwinne,LIEGE,1450281,,---,Meuse aval / MA,Berwinne,Catégorie 1,yes,District de la Meuse,4607,MEUSE,Stable,M,Dalhem,Dalhem,Rue de Cronwez,t0/Normal,Centre Liège,42/3,,,
238765010,2026-06-05T10:35:00.000+02:00,,0.505,242573.0,161861.0,12048,Direction de la Gestion hydrologique,LIXHE Aval,5436,05a-Hauteur.Complet.Alarmes,Cmd.Rel.Abs.Comp-Alarmes,DGH,Hauteur,H,m,H,GN_STATION,DGH/5436/H/Cmd.Rel.Abs.Comp-Alarmes,Basse Meuse,,DGH,,Visé,46.0,DNG,<date_1ere_data><echX=0.2 cm/h><echY=1/10><limni=OTT X>,DNG,DGH,no,Direction de la Gestion hydrologique,-,31,District de la Meuse,District,Smiejkowski M.,,5436,---,yes,915148800000,Basse Meuse,Active,,1995-12-14 00:00:00: Active,Belgique,46.0,WALLONIE,Basse Meuse / 31,Limnimètre,Basse Meuse (NA),LIEGE,1450277,,---,Meuse aval / MA,Basse Meuse (NA),Navigable,,,,,,,,,,,,,,,
234924010,2026-06-05T10:30:00.000+02:00,,0.724,139811.0,143926.0,11880,Direction de la Gestion hydrologique,RONQUIERES,2371,05a-Hauteur.Complet.Alarmes,Cmd.Rel.Abs.Comp-Alarmes,DGH,Hauteur,H,m,H,GN_STATION,DGH/2371/H/Cmd.Rel.Abs.Comp-Alarmes,Samme,2007-10-24 00:00:00: <echX=0.2 cm/h><echY=1/10><limni=OTT><br>1988-10-07 00:00:00: Déplacement du limnigraphe.,DGH,"135,00 km²",Braine-le-Comte,57.488,---,<date_1ere_data><echX=0.291667 cm/h><echY=1/10><limni=RITTMEYER>,,DGH,yes,Direction de la Gestion hydrologique,-,51,District de l'Escaut,District,Lefèvre C.,831250,2371,---,yes,592185600000,Samme,Active,831250,1971-09-06 00:00:00: Active,Belgique,57.488,WALLONIE,Sennette et Canal Charleroi Bruxelles / 51,Limnimètre,Sennette,HAINAUT,1450641,"<ACCES>
En rive droite, Route Baccara, aval plan incliné.
</ACCES>

<DESCRIPTIF>
En rive droite, un peu en amont de la confluence avec le canal Charleroi-Bruxelles ; pertuis rectangulaire en béton avec déversoir en escaliers.
Le comportement de la rivière à cette station n’est pas naturel ; il y a des connexions entre la Samme en amont du limnigraphe et l’ancien canal Charleroi-Bruxelles.
Cela a pour conséquences que tout le débit de la Samme ne passe pas par la station de Ronquières et que l’hydrogramme présente parfois des variations brutales. 
Il n’y a pas de débordement en crue. La construction du seuil daterait de sept 1973.
Depuis le 25/09/2019, les variations subites du niveau sont à comparer avec la station 2492, où une variation inverse doit s'observer, conséquence de transfert entre les deux voies d'eau.
</DESCRIPTIF>",---,Senne / SN,Sennette,Catégorie 1,,,,,,,,,,,,,,,
165609010,2026-06-05T10:40:00.000+02:00,,0.404,128947.0,147983.0,14779,Direction des Cours d'Eau Non Navigables,Steenkerque,L5660,05a-Hauteur.Complet.Alarmes,Cmd.Rel.Abs.Comp-Alarmes,DCENN,Hauteur,H,m,H,GN_STATION,DCENN/L5660/H/Cmd.Rel.Abs.Comp-Alarmes,Senne,,DCENN,"145,30 km²",,52.53,DNG,Mise en service,DNG,DCENN,yes,Station appartenant à la DCENN,-,5,District de l'Escaut,District,,840270,L5660,---,yes,226022400000,Senne,Active,840270,1977-03-01 00:00:00: Active,Belgique,52.53,WALLONIE,Senne et affluents / 5,Limnimètre,Senne,HAINAUT,1450651,,---,Senne / SN,Senne,Catégorie 1,yes,District de l'Escaut,7090,ESCOUT,Stable,E,Steenkerque,Braine-le-Comte,Rue d'Enghien,t0/Normal,Centre Mons,38/8,,,
192186010,2026-06-05T10:40:00.000+02:00,,0.22,149371.0,154110.0,15879,Direction des Cours d'Eau Non Navigables,Braine l'Alleud,L7840,05a-Hauteur.Complet.Alarmes,Cmd.Rel.Abs.Comp-Alarmes,DCENN,Hauteur,H,m,H,GN_STATION,DCENN/L7840/H/Cmd.Rel.Abs.Comp-Alarmes,Hain,,DCENN,"49,34 km²",,73.28,DNG,Mise en service,DNG,DCENN,yes,Station appartenant à la DCENN,-,51,District de l'Escaut,District,,836260,L7840,---,yes,1356998400000,Hain,Active,836260,2013-05-27 00:00:00: Active,Belgique,73.28,WALLONIE,Sennette et Canal Charleroi Bruxelles / 51,Limnimètre,Sennette,BRABANT WALLON,1450395,,---,Senne / SN,Sennette,Catégorie 1,yes,District de l'Escaut,1420,ESCOUT,Stable,E,Braine-l'Alleud,Braine l'Alleud,Rue de la Grainette,t0/Normal,,,,,
241946010,2026-06-05T10:30:00.000+02:00,,0.698,241396.0,89185.0,12173,Direction de la Gestion hydrologique,ORTHO,6122,05a-Hauteur.Complet.Alarmes,Cmd.Rel.Abs.Comp-Alarmes,DGH,Hauteur,H,m,H,GN_STATION,DGH/6122/H/Cmd.Rel.Abs.Comp-Alarmes,Ourthe Occidentale,1984-09-01 00:00:00: Mise en service de la télémesure.<br>2007-04-24 00:00:00: <echX=0.2 cm/h><echY=1/10><limni=OTT X>,DGH,"378,58 km²",Bertogne,293.113,---,<echX=0.291667 cm/h><echY=1/10><limni=RITTMEYER>,,DGH,yes,Direction de la Gestion hydrologique,-,45,District de la Meuse,District,Smiejkowski M.,604200,6122,---,yes,986083200000,Ourthe Occidentale,Active,604200,1981-11-05 00:00:00: Active,Belgique,293.113,WALLONIE,Ourthe supérieure et affluents / 45,Limnimètre,Ourthe supérieure,LUXEMBOURG,1450497,"<SITUATION>
A 3.5KM AU DELA DE ORTHO SUR LA ROUTE LAROCHE-BASTOGNE (DIRECTION BASTOGNE) EN AMONT DU PONT - RIVE DROITE. AU LIEU-DIT LA FERME-AU-PONT.
</SITUATION>


<DESCRIPTIF>
6122112T : Sonde placée dans la rivière (pas à l'échelle limnigraphique ni à la prise d'eau)
6122122T : Sonde placée sous abri, sous le boîitier du répondeur
</DESCRIPTIF>


",---,Ourthe / OU,Ourthe supérieure,Catégorie 1,,,,,,,,,,,,,,,
175131010,2026-06-05T10:00:00.000+02:00,,0.881,152353.0,83282.0,15202,Direction des Cours d'Eau Non Navigables,Aublain,L6530,05a-Hauteur.Complet.Alarmes,Cmd.Rel.Abs.Comp-Alarmes,DCENN,Hauteur,H,m,H,GN_STATION,DCENN/L6530/H/Cmd.Rel.Abs.Comp-Alarmes,Eau Blanche,,DCENN,"106,22 km²",,0.0,DNG,Ré-installation après travaux (reméandration du cours d'eau),DNG,DCENN,yes,Station appartenant à la DCENN,-,22,District de la Meuse,District,,311200,L6530,---,yes,1765364400000,Eau Blanche,Active,311200,1994-03-25 00:00:00: Active<br>2025-12-10 12:00:00: Active,Belgique,0.0,WALLONIE,Eau Blanche et affluents / 22,Limnimètre,Eau Blanche,NAMUR,1450353,,---,Meuse amont / MM,Eau Blanche,Catégorie 1,yes,District de la Meuse,5660,MEUSE,Très stable,M,Aublain,Couvin,Rue de Bailleux,t0/Normal,Centre Namur,57/7,,,
390606010,2026-06-05T10:35:00.000+02:00,,278.066,161983.031,79141.154,12714,Direction de la Gestion hydrologique,PETIGNY (Lac),9216,05a-Hauteur absolue.Complet.Alarmes,Cmd.Abs.Comp-Alarmes,DGH,Hauteur,Habs,m,H,GN_STATION,DGH/9216/Habs/Cmd.Abs.Comp-Alarmes,Ry de Rome,2002-01-01 00:00:00: <fin_feuille_limni><br>2025-02-21 14:20:00: <radar=RLS>,DGH,,Couvin,0.0,DNG,<date_1ere_data><echX=0.5 cm/h><echY=1/40>,DNG,DGH,no,Direction de la Gestion hydrologique,-,23,District de la Meuse,District,Theys D.,321801,9216,---,yes,997315200000,Ry de Rome,Active,321801,2001-08-09 00:00:00: Active,Belgique,0.0,WALLONIE,Eau Noire et affluents / 23,Limnimètre,Eau Noire,NAMUR,1450629,,---,Meuse amont / MM,Eau Noire,Catégorie 2,,,,,,,,,,,,,,,
244892010,2026-06-05T10:30:00.000+02:00,,0.133,284647.0,123811.0,12310,Direction de la Gestion hydrologique,BULLINGEN,6981,05a-Hauteur.Complet.Alarmes,Cmd.Rel.Abs.Comp-Alarmes,DGH,Hauteur,H,m,H,GN_STATION,DGH/6981/H/Cmd.Rel.Abs.Comp-Alarmes,Warche,2015-05-06 00:00:00: <echX=0.2 cm/h><echY=1/10><zeroFeuille=0><br>2010-08-10 00:00:00: <echX=0.2 cm/h><echY=1/10><zeroFeuille=-0.5><br>1997-05-15 00:00:00: Mise en service de la télémesure.,DGH,"22,59 km²",Büllingen,556.247,DNG,,DNG,DGH,no,Direction de la Gestion hydrologique,-,41,District de la Meuse,District,Smiejkowski M.,512210,6981,---,yes,1416960000000,Warche,Active,512210,1997-02-04 00:00:00: Active<br>2013-11-23 06:00:00: Inactive<br>2014-11-26 00:00:00: Active,Belgique,556.247,WALLONIE,Amblève et affluents / 41,Limnimètre,Amblève,LIEGE,1450713,"<DESCRIPTIF>
Une sonde de température de l'air est placée dans le puits limnigraphique.
</DESCRIPTIF>


<HISTORIQUE>
20131123
L'appareil a été démoli suite à un accident de la circulation. Un nouvel appareil est remis en service le 26/11/2014.
</HISTORIQUE>





",---,Amblève / AM,Amblève,Catégorie 2,,,,,,,,,,,,,,,
359546010,2026-06-05T10:00:00.000+02:00,,0.279,146098.0,107311.0,5720595,Direction des Cours d'Eau Non Navigables,Donstiennes,L8900,05a-Hauteur.Complet.Alarmes,Cmd.Rel.Abs.Comp-Alarmes,DCENN,Hauteur,H,m,H,GN_STATION,DCENN/L8900/H/Cmd.Rel.Abs.Comp-Alarmes,Ruisseau du Moulin de Donstiennes,,DCENN,,,160.324,DNG,,DNG,,no,Station appartenant à la Province de Namur,-,,,District,,357541,,---,yes,1625788800000,Ruisseau du Moulin de Donstiennes,Active,357541,2021-07-09 00:00:00: Active,,160.324,,,Limnimètre,,,5720584,,---,,,Catégorie 2,,,,,,,Donstiennes,,Rue Bout Troué,,,,,,
193766010,2026-06-05T10:00:00.000+02:00,,0.363,133294.0,150292.0,15953,Direction des Cours d'Eau Non Navigables,Rebecq,L7970,05a-Hauteur.Complet.Alarmes,Cmd.Rel.Abs.Comp-Alarmes,DCENN,Hauteur,H,m,H,GN_STATION,DCENN/L7970/H/Cmd.Rel.Abs.Comp-Alarmes,Senne,,DCENN,"164,84 km²",,43.54,DNG,Mise en service,DNG,DCENN,yes,Station appartenant à la DCENN,-,5,District de l'Escaut,District,,840270,L7970,---,yes,1420070400000,Senne,Active,840270,2015-03-05 00:00:00: Active,Belgique,43.54,WALLONIE,Senne et affluents / 5,Limnimètre,Senne,BRABANT WALLON,1450651,,---,Senne / SN,Senne,Catégorie 1,yes,District de l'Escaut,1430,ESCOUT,t0/?,E,Rebecq,Rebecq,Rue Docteur Colson,t0/Normal,Centre Mons,,,,
189924010,2026-06-05T10:00:00.000+02:00,,0.371,216681.0,97266.0,15778,Direction des Cours d'Eau Non Navigables,Hargimont,L7640,05a-Hauteur.Complet.Alarmes,Cmd.Rel.Abs.Comp-Alarmes,DCENN,Hauteur,H,m,H,GN_STATION,DCENN/L7640/H/Cmd.Rel.Abs.Comp-Alarmes,Wamme,,DCENN,"130,55 km²",,0.0,DNG,Mise en service,DNG,DCENN,yes,Station appartenant à la DCENN,-,27,District de la Meuse,District,,221752,L7640,---,yes,1661299200000,Wamme,Active,221752,2011-06-15 00:00:00: Active,Belgique,0.0,WALLONIE,Lhomme et affluents / 27,Limnimètre,Lhomme,LUXEMBOURG,2621494,,---,Lesse / LE,Lhomme,Catégorie 1,yes,District de la Meuse,6900,MEUSE,Très stable,M,Hargimont,Marche-en-Famenne,Rue du Presbytère,t0/Normal,Centre Namur,,,,
