{
  "type": "FeatureCollection",
  "generator": "overpass-turbo",
  "copyright": "The data included in this document is from www.openstreetmap.org. The data is made available under ODbL.",
  "timestamp": "2026-06-13T11:18:29Z",
  "features": [
    {
      "type": "Feature",
      "properties": {
        "@id": "way/8071480",
        "boat": "no",
        "name": "Ourthe",
        "name:ru": "Урт",
        "waterway": "river"
      },
      "geometry": {
        "type": "LineString",
        "coordinates": [
          [
            5.567927,
            50.5478124
          ],
          [
            5.5690414,
            50.546997
          ],
          [
            5.5696358,
            50.5461492
          ],
          [
            5.569918,
            50.5452331
          ],
          [
            5.5697205,
            50.5443272
          ],
          [
            5.56705,
            50.5415575
          ],
          [
            5.5654182,
            50.5403168
          ],
          [
            5.5641477,
            50.5394298
          ],
          [
            5.5640119,
            50.5391325
          ],
          [
            5.5640324,
            50.5388036
          ],
          [
            5.5641392,
            50.5385735
          ],
          [
            5.5643811,
            50.5383795
          ],
          [
            5.5646432,
            50.538293
          ],
          [
            5.566076,
            50.5380507
          ],
          [
            5.5675283,
            50.5378644
          ],
          [
            5.5686967,
            50.5377023
          ],
          [
            5.5702203,
            50.5375628
          ],
          [
            5.5721725,
            50.5375603
          ],
          [
            5.5740216,
            50.5377836
          ],
          [
            5.5764107,
            50.5381214
          ],
          [
            5.5772794,
            50.5382877
          ],
          [
            5.5804116,
            50.5390477
          ],
          [
            5.5828425,
            50.5400383
          ],
          [
            5.5841379,
            50.5415309
          ],
          [
            5.5851557,
            50.5419844
          ],
          [
            5.589403,
            50.5430787
          ],
          [
            5.5898305,
            50.5433894
          ],
          [
            5.5909066,
            50.5456474
          ],
          [
            5.5909373,
            50.5463491
          ],
          [
            5.5904323,
            50.5469747
          ],
          [
            5.5890718,
            50.5479576
          ],
          [
            5.5881268,
            50.5486348
          ],
          [
            5.585569,
            50.5510017
          ],
          [
            5.5854428,
            50.5513111
          ],
          [
            5.584994,
            50.5524523
          ],
          [
            5.5844018,
            50.5530567
          ],
          [
            5.5837992,
            50.5533802
          ],
          [
            5.5830708,
            50.5537602
          ],
          [
            5.5826508,
            50.5539793
          ],
          [
            5.5805737,
            50.5554407
          ],
          [
            5.5787198,
            50.5560406
          ],
          [
            5.5761448,
            50.5567931
          ],
          [
            5.5748543,
            50.5574225
          ],
          [
            5.574221,
            50.5579298
          ],
          [
            5.5735512,
            50.5587312
          ],
          [
            5.5732919,
            50.5592586
          ],
          [
            5.5729519,
            50.5599502
          ],
          [
            5.5728575,
            50.5609317
          ],
          [
            5.5729949,
            50.561695
          ],
          [
            5.5733382,
            50.5627364
          ],
          [
            5.5744454,
            50.5641758
          ],
          [
            5.5755869,
            50.5653643
          ],
          [
            5.5774495,
            50.566989
          ],
          [
            5.5795437,
            50.5684118
          ],
          [
            5.5819985,
            50.5694476
          ],
          [
            5.5839812,
            50.5700691
          ],
          [
            5.5845112,
            50.5701948
          ],
          [
            5.5848696,
            50.5702798
          ],
          [
            5.5857314,
            50.5702386
          ],
          [
            5.5865603,
            50.570199
          ],
          [
            5.5871889,
            50.5703174
          ],
          [
            5.5880219,
            50.5704827
          ],
          [
            5.5906714,
            50.5706221
          ],
          [
            5.5918136,
            50.5708215
          ],
          [
            5.5949587,
            50.5710308
          ],
          [
            5.5963866,
            50.5714446
          ],
          [
            5.5984265,
            50.5713992
          ],
          [
            5.5994135,
            50.5712684
          ],
          [
            5.59998,
            50.5713556
          ],
          [
            5.6006924,
            50.5715955
          ],
          [
            5.6013018,
            50.571868
          ],
          [
            5.6016795,
            50.5721079
          ],
          [
            5.6019885,
            50.5723913
          ],
          [
            5.6023489,
            50.5729364
          ],
          [
            5.6024004,
            50.5733725
          ],
          [
            5.6024863,
            50.573983
          ],
          [
            5.6029645,
            50.5752405
          ],
          [
            5.6039783,
            50.5762779
          ],
          [
            5.6042141,
            50.5768909
          ],
          [
            5.6040255,
            50.5777632
          ],
          [
            5.6032003,
            50.5788241
          ],
          [
            5.6018092,
            50.5796965
          ],
          [
            5.6002981,
            50.5805328
          ],
          [
            5.5997139,
            50.5808561
          ]
        ]
      },
      "id": "way/8071480"
    },
    {
      "type": "Feature",
      "properties": {
        "@id": "way/8087965",
        "boat": "no",
        "name": "Ourthe",
        "name:ru": "Урт",
        "tidal": "no",
        "waterway": "river"
      },
      "geometry": {
        "type": "LineString",
        "coordinates": [
          [
            5.5465167,
            50.5479176
          ],
          [
            5.5470256,
            50.5486936
          ],
          [
            5.5477089,
            50.5493273
          ],
          [
            5.5484592,
            50.5498899
          ],
          [
            5.5493474,
            50.5503111
          ],
          [
            5.5504357,
            50.5506085
          ],
          [
            5.551448,
            50.5507298
          ],
          [
            5.5531873,
            50.5507558
          ],
          [
            5.5541616,
            50.5507489
          ],
          [
            5.5551563,
            50.5506505
          ],
          [
            5.5565604,
            50.5502333
          ],
          [
            5.5580088,
            50.5496492
          ],
          [
            5.5592276,
            50.5492566
          ],
          [
            5.5603476,
            50.5490683
          ],
          [
            5.5623175,
            50.5488584
          ],
          [
            5.5640084,
            50.5485748
          ],
          [
            5.5655791,
            50.5483294
          ],
          [
            5.5669266,
            50.5481821
          ],
          [
            5.567927,
            50.5478124
          ]
        ]
      },
      "id": "way/8087965"
    },
    {
      "type": "Feature",
      "properties": {
        "@id": "way/26463018",
        "boat": "no",
        "intermittent": "no",
        "name": "L'Ourthe",
        "name:fr": "L'Ourthe",
        "name:ru": "Урт",
        "source": "Landsat",
        "waterway": "river"
      },
      "geometry": {
        "type": "LineString",
        "coordinates": [
          [
            5.4575241,
            50.2662025
          ],
          [
            5.4560148,
            50.2661207
          ],
          [
            5.4551458,
            50.2660727
          ],
          [
            5.4543948,
            50.2661344
          ],
          [
            5.4535365,
            50.2663265
          ],
          [
            5.4527533,
            50.266347
          ],
          [
            5.451613,
            50.2662553
          ],
          [
            5.4509424,
            50.2662604
          ],
          [
            5.4502397,
            50.2663581
          ],
          [
            5.4496389,
            50.2664696
          ],
          [
            5.4491266,
            50.2665845
          ],
          [
            5.4486036,
            50.2667628
          ],
          [
            5.44822,
            50.2669925
          ],
          [
            5.4467451,
            50.2682193
          ]
        ]
      },
      "id": "way/26463018"
    },
    {
      "type": "Feature",
      "properties": {
        "@id": "way/30325604",
        "boat": "no",
        "intermittent": "no",
        "name": "L'Ourthe",
        "name:fr": "L'Ourthe",
        "name:ru": "Урт",
        "waterway": "river"
      },
      "geometry": {
        "type": "LineString",
        "coordinates": [
          [
            5.5377413,
            50.3887585
          ],
          [
            5.5378997,
            50.3890096
          ],
          [
            5.538192,
            50.3894731
          ],
          [
            5.5380506,
            50.3896526
          ],
          [
            5.5368215,
            50.3899707
          ],
          [
            5.5358662,
            50.3904339
          ],
          [
            5.5356664,
            50.3913018
          ],
          [
            5.5357143,
            50.3923293
          ],
          [
            5.5356067,
            50.3927266
          ],
          [
            5.5354649,
            50.3929978
          ],
          [
            5.5344757,
            50.3933807
          ],
          [
            5.5334243,
            50.393651
          ],
          [
            5.5324635,
            50.3941884
          ],
          [
            5.5313939,
            50.3949365
          ],
          [
            5.5305551,
            50.3957306
          ],
          [
            5.5292116,
            50.3976912
          ],
          [
            5.5292923,
            50.3979808
          ],
          [
            5.5294674,
            50.3982004
          ],
          [
            5.5296733,
            50.3983375
          ],
          [
            5.5299787,
            50.3984752
          ],
          [
            5.5314661,
            50.3988229
          ],
          [
            5.532707,
            50.398951
          ],
          [
            5.5339454,
            50.3990327
          ],
          [
            5.5344737,
            50.3991406
          ],
          [
            5.5356734,
            50.3995485
          ],
          [
            5.5363712,
            50.399997
          ],
          [
            5.536721,
            50.4003704
          ],
          [
            5.5369485,
            50.4010073
          ],
          [
            5.536284,
            50.4020143
          ],
          [
            5.5339345,
            50.4037841
          ],
          [
            5.5334121,
            50.4041776
          ],
          [
            5.5330709,
            50.4042594
          ],
          [
            5.5320119,
            50.4041776
          ],
          [
            5.5309259,
            50.4035412
          ],
          [
            5.5296313,
            50.403078
          ],
          [
            5.5274971,
            50.4018485
          ],
          [
            5.5265453,
            50.4016264
          ],
          [
            5.523273,
            50.401929
          ],
          [
            5.5207376,
            50.4024925
          ],
          [
            5.5194939,
            50.4028795
          ],
          [
            5.5191159,
            50.4031318
          ],
          [
            5.5188777,
            50.4034035
          ],
          [
            5.5184136,
            50.4046242
          ],
          [
            5.5184969,
            50.4047942
          ],
          [
            5.5206539,
            50.4059098
          ],
          [
            5.5209274,
            50.4064314
          ],
          [
            5.5210171,
            50.4067744
          ],
          [
            5.5207971,
            50.4071392
          ],
          [
            5.5205436,
            50.4074148
          ],
          [
            5.520489,
            50.4074884
          ],
          [
            5.5200822,
            50.4080361
          ],
          [
            5.519762,
            50.4085982
          ],
          [
            5.5188817,
            50.4103255
          ],
          [
            5.5187401,
            50.4104237
          ],
          [
            5.518551,
            50.4104959
          ],
          [
            5.5171591,
            50.4108853
          ],
          [
            5.5134857,
            50.4119234
          ],
          [
            5.5124353,
            50.4122479
          ],
          [
            5.5121357,
            50.4123943
          ],
          [
            5.5119249,
            50.4125496
          ],
          [
            5.5113299,
            50.4133157
          ],
          [
            5.5111856,
            50.4134953
          ],
          [
            5.5110926,
            50.4136926
          ],
          [
            5.5109151,
            50.4141156
          ],
          [
            5.5108624,
            50.4143813
          ],
          [
            5.5108361,
            50.4147492
          ],
          [
            5.5108291,
            50.4151314
          ],
          [
            5.5108728,
            50.4155738
          ],
          [
            5.51102,
            50.4159897
          ],
          [
            5.5112379,
            50.4163384
          ],
          [
            5.5116458,
            50.4169472
          ],
          [
            5.5121392,
            50.4174774
          ],
          [
            5.5126614,
            50.4178611
          ],
          [
            5.5159038,
            50.4191564
          ],
          [
            5.5189588,
            50.4198906
          ],
          [
            5.5220303,
            50.4203141
          ],
          [
            5.5257213,
            50.420375
          ],
          [
            5.5286005,
            50.4201922
          ],
          [
            5.5298816,
            50.4204299
          ],
          [
            5.5308146,
            50.4209969
          ],
          [
            5.5310843,
            50.4212063
          ],
          [
            5.5313008,
            50.4213743
          ],
          [
            5.5316358,
            50.4216343
          ],
          [
            5.5321436,
            50.4222767
          ],
          [
            5.532156,
            50.4222924
          ],
          [
            5.5328592,
            50.4226296
          ],
          [
            5.5339258,
            50.4229228
          ],
          [
            5.5346991,
            50.4231953
          ],
          [
            5.5350405,
            50.4234763
          ],
          [
            5.5353584,
            50.4237292
          ],
          [
            5.5359818,
            50.4246
          ],
          [
            5.5367331,
            50.4261702
          ],
          [
            5.5373693,
            50.4278148
          ],
          [
            5.5381387,
            50.4288827
          ],
          [
            5.5386238,
            50.4300304
          ],
          [
            5.5387591,
            50.4307673
          ],
          [
            5.538746,
            50.4315853
          ],
          [
            5.5377418,
            50.4331656
          ],
          [
            5.5378779,
            50.4336938
          ],
          [
            5.5382196,
            50.4340666
          ],
          [
            5.5384125,
            50.4341804
          ],
          [
            5.5387605,
            50.4343858
          ],
          [
            5.538994,
            50.434954
          ],
          [
            5.5390906,
            50.4356427
          ],
          [
            5.5391184,
            50.435841
          ],
          [
            5.5387978,
            50.4365746
          ],
          [
            5.5385306,
            50.4369624
          ],
          [
            5.5382421,
            50.4370252
          ],
          [
            5.5365159,
            50.4374945
          ],
          [
            5.5360424,
            50.437713
          ],
          [
            5.5359294,
            50.4377651
          ],
          [
            5.535297,
            50.4381175
          ],
          [
            5.5346406,
            50.4385858
          ],
          [
            5.5338632,
            50.4390712
          ],
          [
            5.5328314,
            50.4395351
          ],
          [
            5.5324043,
            50.4400669
          ],
          [
            5.532319,
            50.440373
          ],
          [
            5.5325601,
            50.4421352
          ],
          [
            5.5327011,
            50.4427811
          ],
          [
            5.532973,
            50.4432621
          ],
          [
            5.5335926,
            50.4437237
          ],
          [
            5.5346929,
            50.4441526
          ],
          [
            5.5361355,
            50.4446166
          ],
          [
            5.5369769,
            50.4448284
          ],
          [
            5.5379377,
            50.4449782
          ],
          [
            5.5389372,
            50.4450088
          ],
          [
            5.5399924,
            50.4449379
          ],
          [
            5.5407851,
            50.444711
          ],
          [
            5.5415207,
            50.4443891
          ],
          [
            5.5430923,
            50.443586
          ],
          [
            5.5442337,
            50.4430027
          ],
          [
            5.5453783,
            50.4419529
          ],
          [
            5.5454788,
            50.4418833
          ],
          [
            5.546059,
            50.4414812
          ],
          [
            5.546817,
            50.4412275
          ],
          [
            5.548164,
            50.4410238
          ],
          [
            5.5487682,
            50.4409983
          ],
          [
            5.5502052,
            50.441104
          ],
          [
            5.5519144,
            50.4412528
          ],
          [
            5.5532706,
            50.4416211
          ],
          [
            5.5561699,
            50.4430388
          ],
          [
            5.558409,
            50.4443584
          ],
          [
            5.5611764,
            50.4452133
          ],
          [
            5.5642335,
            50.4459036
          ],
          [
            5.566376,
            50.446244
          ],
          [
            5.5677302,
            50.4471212
          ],
          [
            5.5679509,
            50.4475898
          ],
          [
            5.5680664,
            50.4478351
          ],
          [
            5.5687828,
            50.4483542
          ],
          [
            5.5692401,
            50.4491885
          ],
          [
            5.5690508,
            50.4503175
          ],
          [
            5.5689623,
            50.4506148
          ],
          [
            5.5682053,
            50.4516712
          ],
          [
            5.5672734,
            50.4528094
          ],
          [
            5.5662123,
            50.4554701
          ],
          [
            5.5663271,
            50.4571039
          ],
          [
            5.5659049,
            50.4589343
          ],
          [
            5.5656006,
            50.4597357
          ],
          [
            5.5654336,
            50.4605111
          ],
          [
            5.5652589,
            50.4618194
          ],
          [
            5.5645056,
            50.4632702
          ],
          [
            5.5645888,
            50.4634867
          ],
          [
            5.5657245,
            50.4644374
          ],
          [
            5.5668119,
            50.4650501
          ],
          [
            5.5683396,
            50.465461
          ],
          [
            5.569725,
            50.4656373
          ],
          [
            5.5731689,
            50.4658225
          ],
          [
            5.5779535,
            50.4659481
          ],
          [
            5.5785597,
            50.4660154
          ],
          [
            5.5790513,
            50.4661401
          ],
          [
            5.5800695,
            50.4666824
          ],
          [
            5.580588,
            50.4671041
          ],
          [
            5.5810167,
            50.4675478
          ],
          [
            5.5815806,
            50.4682862
          ],
          [
            5.5819435,
            50.4694743
          ],
          [
            5.5820468,
            50.4715136
          ],
          [
            5.5817391,
            50.4721011
          ],
          [
            5.5811015,
            50.472638
          ],
          [
            5.5797731,
            50.4734212
          ],
          [
            5.5781773,
            50.4745607
          ],
          [
            5.5779384,
            50.4748672
          ],
          [
            5.5779226,
            50.4751848
          ],
          [
            5.5781848,
            50.4756784
          ],
          [
            5.5786881,
            50.4764291
          ],
          [
            5.5791656,
            50.4768417
          ],
          [
            5.5798151,
            50.4772785
          ],
          [
            5.5803785,
            50.4773982
          ],
          [
            5.5811223,
            50.4773857
          ],
          [
            5.5841821,
            50.4762722
          ],
          [
            5.5848994,
            50.476079
          ],
          [
            5.5857257,
            50.4759528
          ],
          [
            5.5865049,
            50.4759091
          ],
          [
            5.5873267,
            50.4759664
          ],
          [
            5.5878497,
            50.4761478
          ],
          [
            5.5883415,
            50.4764523
          ],
          [
            5.5890673,
            50.4772404
          ],
          [
            5.5895775,
            50.478185
          ],
          [
            5.5894764,
            50.478899
          ],
          [
            5.588181,
            50.4803858
          ],
          [
            5.5856828,
            50.481641
          ],
          [
            5.5846239,
            50.4827357
          ],
          [
            5.5843941,
            50.4831311
          ],
          [
            5.5837145,
            50.4838893
          ],
          [
            5.5834095,
            50.4844697
          ],
          [
            5.5832563,
            50.4867116
          ],
          [
            5.5843411,
            50.4893212
          ],
          [
            5.5861814,
            50.4914661
          ],
          [
            5.5873373,
            50.4931047
          ],
          [
            5.588817,
            50.4945375
          ],
          [
            5.5905098,
            50.4956802
          ],
          [
            5.5916502,
            50.4962833
          ],
          [
            5.5924398,
            50.4970288
          ],
          [
            5.5934545,
            50.4977831
          ],
          [
            5.5951268,
            50.4995416
          ],
          [
            5.5954831,
            50.5002444
          ],
          [
            5.5958473,
            50.5009629
          ],
          [
            5.5958929,
            50.501343
          ],
          [
            5.5960784,
            50.5028906
          ],
          [
            5.595967,
            50.5046196
          ],
          [
            5.5947802,
            50.5063572
          ],
          [
            5.593707,
            50.5081078
          ],
          [
            5.5922381,
            50.5094456
          ],
          [
            5.591516,
            50.5100347
          ],
          [
            5.5902975,
            50.5106314
          ],
          [
            5.5891711,
            50.5112706
          ],
          [
            5.5887659,
            50.5115005
          ],
          [
            5.5879572,
            50.5118628
          ],
          [
            5.5873817,
            50.511985
          ],
          [
            5.5843045,
            50.5117038
          ],
          [
            5.5826417,
            50.5114434
          ],
          [
            5.5817586,
            50.5113051
          ],
          [
            5.5778098,
            50.5109953
          ],
          [
            5.5760438,
            50.5107525
          ],
          [
            5.5753608,
            50.5105785
          ],
          [
            5.5700275,
            50.5082777
          ],
          [
            5.5669975,
            50.507196
          ],
          [
            5.5661677,
            50.507147
          ],
          [
            5.565632,
            50.5073045
          ],
          [
            5.5638259,
            50.5082334
          ],
          [
            5.5606867,
            50.5099818
          ],
          [
            5.5598548,
            50.5108018
          ],
          [
            5.5595044,
            50.511676
          ],
          [
            5.5596405,
            50.5129731
          ],
          [
            5.5598059,
            50.5136276
          ],
          [
            5.5602337,
            50.5141736
          ],
          [
            5.5626743,
            50.5168304
          ],
          [
            5.5635752,
            50.517976
          ],
          [
            5.5650197,
            50.5205676
          ],
          [
            5.5653599,
            50.5208317
          ],
          [
            5.5668801,
            50.522042
          ],
          [
            5.5677395,
            50.5228462
          ],
          [
            5.5680199,
            50.5231086
          ],
          [
            5.5683318,
            50.5245815
          ],
          [
            5.5702246,
            50.5273946
          ],
          [
            5.5707983,
            50.5282471
          ],
          [
            5.570773,
            50.529676
          ],
          [
            5.570358,
            50.5306513
          ],
          [
            5.5697077,
            50.5312484
          ],
          [
            5.5689403,
            50.5316633
          ],
          [
            5.5676773,
            50.5321117
          ],
          [
            5.5644063,
            50.5323535
          ],
          [
            5.5615492,
            50.5324568
          ],
          [
            5.5581977,
            50.5323902
          ],
          [
            5.5574133,
            50.5324815
          ],
          [
            5.5567966,
            50.5326474
          ],
          [
            5.5555702,
            50.5332544
          ],
          [
            5.5547626,
            50.5338334
          ],
          [
            5.5546577,
            50.5342744
          ],
          [
            5.554192,
            50.5353799
          ],
          [
            5.5538175,
            50.5361279
          ],
          [
            5.5525077,
            50.5380802
          ],
          [
            5.5519611,
            50.5386843
          ],
          [
            5.5509433,
            50.5396944
          ],
          [
            5.5506627,
            50.5400397
          ],
          [
            5.5503314,
            50.5406966
          ],
          [
            5.5502212,
            50.5416801
          ],
          [
            5.5498422,
            50.5426042
          ],
          [
            5.549287,
            50.5434982
          ],
          [
            5.5483251,
            50.5444319
          ],
          [
            5.5470434,
            50.5456761
          ],
          [
            5.5464814,
            50.54621
          ],
          [
            5.5463868,
            50.5471429
          ],
          [
            5.5465167,
            50.5479176
          ]
        ]
      },
      "id": "way/30325604"
    },
    {
      "type": "Feature",
      "properties": {
        "@id": "way/50340973",
        "boat": "no",
        "name": "Vesdre",
        "name:de": "Weser",
        "name:en": "Vesdre",
        "name:fr": "Vesdre",
        "name:lb": "Weser",
        "name:nl": "Vesder",
        "name:wa": "Vesse",
        "source": "survey, landsat, srtm, PPNC",
        "waterway": "river",
        "wikidata": "Q707598"
      },
      "geometry": {
        "type": "LineString",
        "coordinates": [
          [
            5.8439231,
            50.5877577
          ],
          [
            5.8436296,
            50.5878151
          ],
          [
            5.843362,
            50.5878887
          ]
        ]
      },
      "id": "way/50340973"
    },
    {
      "type": "Feature",
      "properties": {
        "@id": "way/50340974",
        "boat": "no",
        "layer": "-1",
        "name": "Vesdre",
        "name:de": "Weser",
        "name:en": "Vesdre",
        "name:fr": "Vesdre",
        "name:lb": "Weser",
        "name:nl": "Vesder",
        "name:wa": "Vesse",
        "source": "survey, landsat, srtm, PPNC",
        "waterway": "river",
        "wikidata": "Q707598"
      },
      "geometry": {
        "type": "LineString",
        "coordinates": [
          [
            5.8452706,
            50.5886889
          ],
          [
            5.8450575,
            50.5884269
          ],
          [
            5.8449956,
            50.5883419
          ],
          [
            5.8446478,
            50.5879584
          ],
          [
            5.8445286,
            50.5878885
          ],
          [
            5.8443998,
            50.5878295
          ],
          [
            5.844346,
            50.587812
          ],
          [
            5.8442054,
            50.58777
          ],
          [
            5.844065,
            50.5877553
          ],
          [
            5.8439231,
            50.5877577
          ]
        ]
      },
      "id": "way/50340974"
    },
    {
      "type": "Feature",
      "properties": {
        "@id": "way/50340975",
        "boat": "no",
        "name": "Vesdre",
        "name:de": "Weser",
        "name:en": "Vesdre",
        "name:fr": "Vesdre",
        "name:lb": "Weser",
        "name:nl": "Vesder",
        "name:wa": "Vesse",
        "source": "survey, landsat, srtm, PPNC",
        "waterway": "river",
        "wikidata": "Q707598"
      },
      "geometry": {
        "type": "LineString",
        "coordinates": [
          [
            5.8453951,
            50.588964
          ],
          [
            5.8452706,
            50.5886889
          ]
        ]
      },
      "id": "way/50340975"
    },
    {
      "type": "Feature",
      "properties": {
        "@id": "way/55489604",
        "intermittent": "no",
        "name": "L'Ourthe",
        "name:fr": "L'Ourthe",
        "name:ru": "Урт",
        "source": "yahoo imagery/survey",
        "waterway": "river",
        "width": "10"
      },
      "geometry": {
        "type": "LineString",
        "coordinates": [
          [
            5.3925073,
            50.3073186
          ],
          [
            5.3923477,
            50.3070055
          ],
          [
            5.3917271,
            50.306285
          ],
          [
            5.3910862,
            50.3058939
          ],
          [
            5.390928,
            50.3052591
          ],
          [
            5.3913626,
            50.3040978
          ],
          [
            5.3916679,
            50.3030475
          ],
          [
            5.3917331,
            50.3024083
          ],
          [
            5.3920177,
            50.3020556
          ],
          [
            5.392318,
            50.3019823
          ],
          [
            5.3927053,
            50.3014905
          ],
          [
            5.3929117,
            50.3011425
          ],
          [
            5.3935527,
            50.3002873
          ],
          [
            5.3938279,
            50.300007
          ],
          [
            5.3939352,
            50.2995905
          ],
          [
            5.3940272,
            50.2993623
          ],
          [
            5.3938969,
            50.2988213
          ],
          [
            5.3935815,
            50.2986542
          ],
          [
            5.3933611,
            50.2985933
          ],
          [
            5.3925576,
            50.2984238
          ],
          [
            5.3916707,
            50.298466
          ],
          [
            5.3903168,
            50.2990425
          ],
          [
            5.3895278,
            50.2990645
          ],
          [
            5.3890895,
            50.2989892
          ],
          [
            5.3888182,
            50.298838
          ],
          [
            5.3885391,
            50.2984142
          ],
          [
            5.3883267,
            50.2981087
          ],
          [
            5.3884273,
            50.2978271
          ],
          [
            5.3887915,
            50.2975616
          ],
          [
            5.389093,
            50.2975169
          ],
          [
            5.3893807,
            50.2973759
          ],
          [
            5.3896399,
            50.2970966
          ],
          [
            5.3906553,
            50.2967723
          ],
          [
            5.3906216,
            50.2966432
          ],
          [
            5.3905425,
            50.2963399
          ],
          [
            5.3896458,
            50.296359
          ],
          [
            5.3888501,
            50.2963759
          ],
          [
            5.3860295,
            50.2972768
          ],
          [
            5.3837731,
            50.2979255
          ],
          [
            5.3835516,
            50.2981901
          ],
          [
            5.3835474,
            50.298502
          ],
          [
            5.3838485,
            50.298761
          ],
          [
            5.3842808,
            50.2990065
          ],
          [
            5.384388,
            50.299212
          ],
          [
            5.3845841,
            50.2997164
          ],
          [
            5.3845271,
            50.2999742
          ],
          [
            5.3843066,
            50.3003697
          ],
          [
            5.3840188,
            50.3011879
          ],
          [
            5.3837851,
            50.3013525
          ],
          [
            5.3836967,
            50.3016788
          ],
          [
            5.3836024,
            50.302215
          ],
          [
            5.3834346,
            50.3025378
          ],
          [
            5.3832369,
            50.303041
          ],
          [
            5.3826428,
            50.3034323
          ],
          [
            5.381451,
            50.3037108
          ],
          [
            5.3808448,
            50.3040008
          ],
          [
            5.3807172,
            50.3041815
          ],
          [
            5.380614,
            50.3044114
          ],
          [
            5.3804642,
            50.3049695
          ],
          [
            5.3799371,
            50.3069335
          ],
          [
            5.3790716,
            50.3088267
          ],
          [
            5.3783999,
            50.3099541
          ],
          [
            5.3783597,
            50.3110668
          ],
          [
            5.3785872,
            50.3118353
          ],
          [
            5.3795944,
            50.3127237
          ],
          [
            5.3798301,
            50.3133734
          ],
          [
            5.3801489,
            50.3138097
          ],
          [
            5.3804661,
            50.3138891
          ],
          [
            5.3810907,
            50.3140455
          ],
          [
            5.3821266,
            50.3140044
          ],
          [
            5.3841887,
            50.314732
          ],
          [
            5.3850659,
            50.3152144
          ],
          [
            5.3858452,
            50.3159587
          ],
          [
            5.3854676,
            50.3162436
          ],
          [
            5.3853932,
            50.3164282
          ],
          [
            5.3854488,
            50.3165608
          ],
          [
            5.3859162,
            50.3168669
          ],
          [
            5.3860702,
            50.3172486
          ],
          [
            5.3865501,
            50.3177656
          ],
          [
            5.386905,
            50.3180235
          ],
          [
            5.3871558,
            50.3181064
          ],
          [
            5.3873952,
            50.3181513
          ],
          [
            5.3876814,
            50.3182022
          ],
          [
            5.3880474,
            50.3184853
          ],
          [
            5.3883008,
            50.3185783
          ],
          [
            5.3908443,
            50.3187829
          ],
          [
            5.3922809,
            50.3188853
          ],
          [
            5.393783,
            50.3185168
          ],
          [
            5.3950293,
            50.3178938
          ],
          [
            5.396148,
            50.3171752
          ],
          [
            5.3968593,
            50.3165364
          ],
          [
            5.3979409,
            50.3156656
          ],
          [
            5.3982305,
            50.315553
          ],
          [
            5.3986743,
            50.3155318
          ],
          [
            5.3989382,
            50.3155849
          ],
          [
            5.3993363,
            50.316017
          ],
          [
            5.3991107,
            50.3167933
          ],
          [
            5.3990593,
            50.3171441
          ],
          [
            5.3993224,
            50.3174517
          ],
          [
            5.4012588,
            50.3183541
          ],
          [
            5.4015917,
            50.3183755
          ],
          [
            5.4044936,
            50.3194045
          ],
          [
            5.4074697,
            50.3201127
          ],
          [
            5.4087452,
            50.3205612
          ],
          [
            5.4092997,
            50.3218949
          ],
          [
            5.4092997,
            50.3226502
          ],
          [
            5.4096509,
            50.3231931
          ],
          [
            5.4111101,
            50.324904
          ],
          [
            5.4111383,
            50.3251876
          ],
          [
            5.4110794,
            50.3254167
          ],
          [
            5.4106541,
            50.3257311
          ],
          [
            5.4102741,
            50.3260695
          ],
          [
            5.4094435,
            50.3266528
          ],
          [
            5.4089142,
            50.3270907
          ],
          [
            5.4082646,
            50.3274888
          ],
          [
            5.4071924,
            50.3279844
          ],
          [
            5.4058615,
            50.328421
          ],
          [
            5.4046415,
            50.328539
          ],
          [
            5.4038224,
            50.3284444
          ],
          [
            5.4033845,
            50.3285744
          ],
          [
            5.4029543,
            50.3288867
          ],
          [
            5.4027532,
            50.3292622
          ],
          [
            5.4028115,
            50.3298017
          ],
          [
            5.402628,
            50.3307168
          ],
          [
            5.4029799,
            50.3312017
          ],
          [
            5.4043102,
            50.3317208
          ],
          [
            5.4054464,
            50.331964
          ],
          [
            5.4064066,
            50.3322222
          ],
          [
            5.406683,
            50.3332117
          ],
          [
            5.4064755,
            50.3333687
          ],
          [
            5.4066279,
            50.333634
          ],
          [
            5.4068358,
            50.3337254
          ],
          [
            5.4066513,
            50.33508
          ],
          [
            5.4059281,
            50.3358086
          ],
          [
            5.4053981,
            50.3359045
          ],
          [
            5.4050612,
            50.3360608
          ],
          [
            5.4048488,
            50.3363229
          ],
          [
            5.4046615,
            50.3365594
          ],
          [
            5.4047222,
            50.3368735
          ],
          [
            5.4049,
            50.3370814
          ],
          [
            5.4054121,
            50.3372652
          ],
          [
            5.4063534,
            50.337592
          ],
          [
            5.4067513,
            50.3376513
          ],
          [
            5.4073158,
            50.3376947
          ],
          [
            5.4079022,
            50.3376713
          ],
          [
            5.4092487,
            50.3372467
          ],
          [
            5.4096918,
            50.337257
          ],
          [
            5.410714,
            50.3371208
          ],
          [
            5.4113013,
            50.3370194
          ],
          [
            5.411888,
            50.3370755
          ],
          [
            5.4122333,
            50.3372598
          ],
          [
            5.4124298,
            50.337511
          ],
          [
            5.4121155,
            50.3378089
          ],
          [
            5.4117297,
            50.3379668
          ],
          [
            5.4114527,
            50.3379929
          ],
          [
            5.411244,
            50.3380029
          ],
          [
            5.4109386,
            50.3378832
          ],
          [
            5.4104731,
            50.3380274
          ],
          [
            5.4101667,
            50.3382609
          ],
          [
            5.4099939,
            50.3384304
          ],
          [
            5.4097583,
            50.3387304
          ],
          [
            5.4097524,
            50.3389075
          ],
          [
            5.4099886,
            50.3390505
          ],
          [
            5.4104794,
            50.3391103
          ],
          [
            5.410754,
            50.3392052
          ],
          [
            5.4122378,
            50.3394339
          ],
          [
            5.4135499,
            50.3394181
          ],
          [
            5.4159886,
            50.33863
          ],
          [
            5.4174606,
            50.3378329
          ],
          [
            5.4190205,
            50.337357
          ],
          [
            5.4204882,
            50.3370105
          ],
          [
            5.422178,
            50.3366181
          ],
          [
            5.4232745,
            50.3360812
          ],
          [
            5.4238914,
            50.3355007
          ],
          [
            5.4246473,
            50.334953
          ],
          [
            5.4249678,
            50.3346342
          ],
          [
            5.4250705,
            50.3342336
          ],
          [
            5.4248756,
            50.3335821
          ],
          [
            5.4248541,
            50.3334096
          ],
          [
            5.4249675,
            50.3333289
          ],
          [
            5.4253139,
            50.3332106
          ],
          [
            5.4255799,
            50.333176
          ],
          [
            5.4259044,
            50.333246
          ],
          [
            5.4270288,
            50.3334469
          ],
          [
            5.4281261,
            50.3334659
          ],
          [
            5.42926,
            50.3342445
          ],
          [
            5.4291475,
            50.3344483
          ],
          [
            5.4288364,
            50.3352759
          ],
          [
            5.4288095,
            50.3354558
          ],
          [
            5.4288805,
            50.3356159
          ],
          [
            5.4289775,
            50.335733
          ],
          [
            5.4291193,
            50.3358102
          ],
          [
            5.4294232,
            50.335899
          ],
          [
            5.4301206,
            50.3360264
          ],
          [
            5.4303841,
            50.3360939
          ],
          [
            5.4306031,
            50.3362463
          ],
          [
            5.4308039,
            50.3364359
          ],
          [
            5.4309825,
            50.3366863
          ],
          [
            5.4310068,
            50.3368611
          ],
          [
            5.431292,
            50.3370283
          ],
          [
            5.4317092,
            50.3371303
          ],
          [
            5.4321615,
            50.3371567
          ],
          [
            5.4332948,
            50.337699
          ],
          [
            5.4336212,
            50.3379003
          ],
          [
            5.4337823,
            50.3380954
          ],
          [
            5.4338071,
            50.3381807
          ],
          [
            5.4337768,
            50.3383397
          ],
          [
            5.4337299,
            50.3385041
          ],
          [
            5.4334477,
            50.3391791
          ],
          [
            5.4332921,
            50.3394005
          ],
          [
            5.4330607,
            50.3395543
          ],
          [
            5.4314192,
            50.3404058
          ],
          [
            5.4313511,
            50.340852
          ],
          [
            5.4314821,
            50.3411033
          ],
          [
            5.4318824,
            50.3416524
          ],
          [
            5.4319953,
            50.3417165
          ],
          [
            5.4322036,
            50.3417648
          ],
          [
            5.433215,
            50.3418867
          ],
          [
            5.4342941,
            50.3421838
          ],
          [
            5.4357565,
            50.3420797
          ],
          [
            5.4360216,
            50.3422424
          ],
          [
            5.4365643,
            50.3432245
          ],
          [
            5.4366409,
            50.3437096
          ],
          [
            5.4365987,
            50.344057
          ],
          [
            5.4364564,
            50.3442538
          ],
          [
            5.4364586,
            50.3444196
          ],
          [
            5.4365817,
            50.3448465
          ],
          [
            5.4369677,
            50.345246
          ],
          [
            5.4373803,
            50.3455034
          ],
          [
            5.4376674,
            50.3457983
          ],
          [
            5.4378056,
            50.3460167
          ],
          [
            5.4380426,
            50.3464932
          ],
          [
            5.438219,
            50.3467734
          ],
          [
            5.4385121,
            50.3468901
          ],
          [
            5.4405859,
            50.3474054
          ],
          [
            5.4409986,
            50.347508
          ],
          [
            5.4420878,
            50.3477786
          ],
          [
            5.4428466,
            50.3479377
          ],
          [
            5.4436409,
            50.347933
          ],
          [
            5.4449835,
            50.3479192
          ],
          [
            5.4451424,
            50.3478926
          ],
          [
            5.4460624,
            50.3478067
          ],
          [
            5.4467377,
            50.3477974
          ],
          [
            5.447019,
            50.3478645
          ],
          [
            5.4474325,
            50.3480191
          ],
          [
            5.4483671,
            50.3484953
          ],
          [
            5.4502951,
            50.3496162
          ],
          [
            5.4512077,
            50.3500549
          ],
          [
            5.4526096,
            50.3507665
          ],
          [
            5.4529008,
            50.3509589
          ],
          [
            5.4528263,
            50.351233
          ],
          [
            5.4528831,
            50.3514737
          ],
          [
            5.4532639,
            50.3518673
          ],
          [
            5.4533912,
            50.3519634
          ],
          [
            5.4542482,
            50.352237
          ],
          [
            5.4548042,
            50.3524789
          ],
          [
            5.4553025,
            50.3527743
          ],
          [
            5.4557448,
            50.3530772
          ],
          [
            5.4558834,
            50.3532164
          ],
          [
            5.4563084,
            50.3537644
          ],
          [
            5.4564168,
            50.3539271
          ],
          [
            5.4564701,
            50.3541015
          ],
          [
            5.4564701,
            50.3542313
          ],
          [
            5.4564038,
            50.3543564
          ],
          [
            5.4560851,
            50.3547882
          ],
          [
            5.4553271,
            50.3556648
          ],
          [
            5.4552461,
            50.3559413
          ],
          [
            5.4553571,
            50.3562843
          ],
          [
            5.4557311,
            50.3566876
          ],
          [
            5.4565092,
            50.3573174
          ],
          [
            5.4566679,
            50.3574223
          ],
          [
            5.4567981,
            50.3574526
          ],
          [
            5.4575711,
            50.3575227
          ],
          [
            5.4588103,
            50.3576044
          ],
          [
            5.459867,
            50.3579026
          ],
          [
            5.4601762,
            50.3579297
          ],
          [
            5.4607786,
            50.3579053
          ],
          [
            5.4611944,
            50.3578565
          ],
          [
            5.4616463,
            50.3576931
          ],
          [
            5.4618553,
            50.3575468
          ],
          [
            5.4620329,
            50.3573345
          ],
          [
            5.4622532,
            50.3569688
          ],
          [
            5.4626982,
            50.3564784
          ],
          [
            5.4631538,
            50.3559937
          ],
          [
            5.4635492,
            50.355819
          ],
          [
            5.4642582,
            50.3558416
          ],
          [
            5.4647707,
            50.3558932
          ],
          [
            5.465481,
            50.356051
          ],
          [
            5.4663846,
            50.3563149
          ],
          [
            5.4670393,
            50.3567323
          ],
          [
            5.4671965,
            50.3569284
          ],
          [
            5.4671781,
            50.3571137
          ],
          [
            5.467023,
            50.3572829
          ],
          [
            5.4665031,
            50.3576252
          ],
          [
            5.4653387,
            50.3582654
          ],
          [
            5.4647881,
            50.3585635
          ],
          [
            5.4645854,
            50.3590053
          ],
          [
            5.464509,
            50.3592915
          ],
          [
            5.4648893,
            50.3597381
          ],
          [
            5.4648938,
            50.3598224
          ],
          [
            5.4653093,
            50.3602786
          ],
          [
            5.466805,
            50.3604172
          ],
          [
            5.467207,
            50.3606399
          ],
          [
            5.4674653,
            50.3610434
          ],
          [
            5.4677373,
            50.3613558
          ],
          [
            5.468705,
            50.3622388
          ],
          [
            5.469126,
            50.3625432
          ],
          [
            5.4695007,
            50.3626964
          ],
          [
            5.4701419,
            50.3628435
          ],
          [
            5.4712463,
            50.3630739
          ],
          [
            5.4721189,
            50.3631574
          ],
          [
            5.4727738,
            50.3631614
          ],
          [
            5.4742028,
            50.3630537
          ],
          [
            5.475121,
            50.3629009
          ],
          [
            5.4768412,
            50.3624896
          ],
          [
            5.4782804,
            50.3623083
          ],
          [
            5.4799774,
            50.3622486
          ],
          [
            5.4807166,
            50.3621391
          ],
          [
            5.4812048,
            50.3619776
          ],
          [
            5.4817509,
            50.361583
          ],
          [
            5.4821108,
            50.3612449
          ],
          [
            5.4825317,
            50.3610714
          ],
          [
            5.4827441,
            50.3610972
          ],
          [
            5.4829363,
            50.361185
          ],
          [
            5.4836497,
            50.3617292
          ],
          [
            5.483994,
            50.3620798
          ],
          [
            5.4841482,
            50.3624108
          ],
          [
            5.4842346,
            50.3630234
          ],
          [
            5.4841076,
            50.3633771
          ],
          [
            5.4839056,
            50.363589
          ],
          [
            5.4837277,
            50.3638153
          ],
          [
            5.4832168,
            50.3643017
          ],
          [
            5.4823581,
            50.3646868
          ],
          [
            5.4821436,
            50.3647901
          ],
          [
            5.4816887,
            50.3651663
          ],
          [
            5.4815337,
            50.3655096
          ],
          [
            5.4815171,
            50.3658636
          ],
          [
            5.4815128,
            50.366001
          ],
          [
            5.4814903,
            50.366722
          ],
          [
            5.4815132,
            50.3669118
          ],
          [
            5.481543,
            50.3671404
          ],
          [
            5.481653,
            50.3673278
          ],
          [
            5.4818145,
            50.3675901
          ],
          [
            5.4819814,
            50.36786
          ],
          [
            5.482239,
            50.3680875
          ],
          [
            5.4828705,
            50.368286
          ],
          [
            5.4834337,
            50.3683413
          ],
          [
            5.4844674,
            50.3682189
          ],
          [
            5.484894,
            50.3680943
          ],
          [
            5.4853695,
            50.3677894
          ],
          [
            5.485663,
            50.367423
          ],
          [
            5.4856341,
            50.3667722
          ],
          [
            5.4856579,
            50.3665277
          ],
          [
            5.4858907,
            50.36624
          ],
          [
            5.4865479,
            50.3659514
          ],
          [
            5.4871668,
            50.3658089
          ],
          [
            5.4873675,
            50.3657119
          ],
          [
            5.4879951,
            50.3651364
          ],
          [
            5.488723,
            50.3646879
          ],
          [
            5.4887978,
            50.3646314
          ],
          [
            5.4892934,
            50.364257
          ],
          [
            5.4896284,
            50.3638919
          ],
          [
            5.4899027,
            50.363291
          ],
          [
            5.4900164,
            50.3626886
          ],
          [
            5.4901892,
            50.3617734
          ],
          [
            5.4900979,
            50.3609311
          ],
          [
            5.4898538,
            50.3603616
          ],
          [
            5.4896846,
            50.3596195
          ],
          [
            5.4895688,
            50.359385
          ],
          [
            5.4895421,
            50.3590391
          ],
          [
            5.4895386,
            50.3584739
          ],
          [
            5.4894129,
            50.3579645
          ],
          [
            5.4893207,
            50.357463
          ],
          [
            5.4892738,
            50.3567161
          ],
          [
            5.4892091,
            50.3564668
          ],
          [
            5.4889423,
            50.3556961
          ],
          [
            5.4885967,
            50.3549428
          ],
          [
            5.4881558,
            50.3541887
          ],
          [
            5.4881317,
            50.3539698
          ],
          [
            5.4881384,
            50.3537502
          ],
          [
            5.4881893,
            50.35351
          ],
          [
            5.4882895,
            50.3532821
          ],
          [
            5.4883919,
            50.3531199
          ],
          [
            5.4885588,
            50.3529364
          ],
          [
            5.4886803,
            50.352852
          ],
          [
            5.4888738,
            50.3527718
          ],
          [
            5.4894803,
            50.3525357
          ],
          [
            5.4900682,
            50.3522787
          ],
          [
            5.4911755,
            50.351915
          ],
          [
            5.492561,
            50.3516321
          ],
          [
            5.493042,
            50.3515919
          ],
          [
            5.4939023,
            50.3515892
          ],
          [
            5.4957106,
            50.3519692
          ],
          [
            5.4966714,
            50.3521736
          ],
          [
            5.4975485,
            50.3523144
          ],
          [
            5.4985089,
            50.3524568
          ],
          [
            5.4994294,
            50.3526713
          ],
          [
            5.4999081,
            50.35287
          ],
          [
            5.5003364,
            50.3531957
          ],
          [
            5.5010376,
            50.3538302
          ],
          [
            5.5013606,
            50.3539232
          ],
          [
            5.5018928,
            50.3539225
          ],
          [
            5.502292,
            50.3538659
          ],
          [
            5.5026611,
            50.3537366
          ],
          [
            5.5029003,
            50.3532886
          ],
          [
            5.5031383,
            50.3529909
          ],
          [
            5.5034678,
            50.3528476
          ],
          [
            5.5037459,
            50.3527831
          ],
          [
            5.5040059,
            50.3527741
          ],
          [
            5.5043921,
            50.3527938
          ],
          [
            5.5047591,
            50.3529011
          ],
          [
            5.5049625,
            50.353009
          ],
          [
            5.5050955,
            50.3531677
          ],
          [
            5.5053474,
            50.3535647
          ],
          [
            5.5059177,
            50.3541249
          ],
          [
            5.5061228,
            50.3543275
          ],
          [
            5.5061832,
            50.3544243
          ],
          [
            5.5061978,
            50.3545437
          ],
          [
            5.5060666,
            50.3547084
          ],
          [
            5.5058739,
            50.3548236
          ],
          [
            5.5056031,
            50.3549343
          ],
          [
            5.5051654,
            50.3550395
          ],
          [
            5.5049075,
            50.3551823
          ],
          [
            5.504763,
            50.3554362
          ],
          [
            5.5046627,
            50.3557518
          ],
          [
            5.5046366,
            50.3561227
          ],
          [
            5.50469,
            50.3563826
          ],
          [
            5.504742,
            50.3564877
          ],
          [
            5.5048768,
            50.3566811
          ],
          [
            5.5050735,
            50.3568532
          ],
          [
            5.5053783,
            50.3570441
          ],
          [
            5.5056341,
            50.3571702
          ],
          [
            5.506047,
            50.3572915
          ],
          [
            5.5063848,
            50.3574201
          ],
          [
            5.5066148,
            50.3575616
          ],
          [
            5.5067423,
            50.3576401
          ],
          [
            5.5068786,
            50.3577369
          ],
          [
            5.506984,
            50.3578588
          ],
          [
            5.5073244,
            50.3584364
          ],
          [
            5.5072228,
            50.3587953
          ],
          [
            5.5072622,
            50.3589841
          ],
          [
            5.507463,
            50.3593322
          ],
          [
            5.5076482,
            50.3595853
          ],
          [
            5.5079911,
            50.360194
          ],
          [
            5.5081084,
            50.3604021
          ],
          [
            5.5084281,
            50.3617477
          ],
          [
            5.5084006,
            50.3628038
          ],
          [
            5.5077907,
            50.3639578
          ],
          [
            5.507125,
            50.3652172
          ],
          [
            5.5071279,
            50.3657674
          ],
          [
            5.5072254,
            50.3661956
          ],
          [
            5.5077438,
            50.3669685
          ],
          [
            5.5081411,
            50.3677678
          ],
          [
            5.50909,
            50.3686634
          ],
          [
            5.5101117,
            50.3695184
          ],
          [
            5.5123091,
            50.3703204
          ],
          [
            5.5127058,
            50.3708308
          ],
          [
            5.5131442,
            50.3712798
          ],
          [
            5.5133883,
            50.3714188
          ],
          [
            5.5135514,
            50.3714813
          ],
          [
            5.5136267,
            50.3715877
          ],
          [
            5.5135955,
            50.3718526
          ],
          [
            5.5136057,
            50.3720233
          ],
          [
            5.5137023,
            50.3721129
          ],
          [
            5.5142393,
            50.3723651
          ],
          [
            5.5147099,
            50.3723382
          ],
          [
            5.5154642,
            50.3716976
          ],
          [
            5.5156384,
            50.3716539
          ],
          [
            5.5158897,
            50.3716463
          ],
          [
            5.5160813,
            50.3717024
          ],
          [
            5.5163218,
            50.3718049
          ],
          [
            5.5169511,
            50.3724511
          ],
          [
            5.5172087,
            50.3733219
          ],
          [
            5.5174111,
            50.3738407
          ],
          [
            5.5177932,
            50.3739789
          ],
          [
            5.5189088,
            50.3737625
          ],
          [
            5.5198502,
            50.3737137
          ],
          [
            5.5201452,
            50.3738761
          ],
          [
            5.520304,
            50.3741008
          ],
          [
            5.520301,
            50.3748027
          ],
          [
            5.5201102,
            50.3756482
          ],
          [
            5.5201383,
            50.3773288
          ],
          [
            5.5203378,
            50.377748
          ],
          [
            5.5208241,
            50.3787701
          ],
          [
            5.5215676,
            50.3796075
          ],
          [
            5.521752,
            50.3797282
          ],
          [
            5.5219202,
            50.3798465
          ],
          [
            5.52254,
            50.3802668
          ],
          [
            5.5236315,
            50.3808161
          ],
          [
            5.5247898,
            50.3812487
          ],
          [
            5.5276607,
            50.3818362
          ],
          [
            5.5297333,
            50.3819622
          ],
          [
            5.5309842,
            50.3822737
          ],
          [
            5.5315445,
            50.3824746
          ],
          [
            5.5326521,
            50.3829422
          ],
          [
            5.5336272,
            50.3835179
          ],
          [
            5.5342452,
            50.3845155
          ],
          [
            5.5346495,
            50.3861054
          ],
          [
            5.5348289,
            50.3865205
          ],
          [
            5.5351258,
            50.3869958
          ],
          [
            5.5354898,
            50.387306
          ],
          [
            5.5366813,
            50.3880398
          ],
          [
            5.5377413,
            50.3887585
          ]
        ]
      },
      "id": "way/55489604"
    },
    {
      "type": "Feature",
      "properties": {
        "@id": "way/55489605",
        "boat": "no",
        "intermittent": "no",
        "name": "L'Ourthe",
        "name:fr": "L'Ourthe",
        "name:ru": "Урт",
        "source": "Landsat",
        "waterway": "river"
      },
      "geometry": {
        "type": "LineString",
        "coordinates": [
          [
            5.5417939,
            50.1905267
          ],
          [
            5.5407503,
            50.1912234
          ],
          [
            5.5403322,
            50.1916913
          ],
          [
            5.5402684,
            50.192806
          ],
          [
            5.5404221,
            50.1935439
          ],
          [
            5.5401611,
            50.1939874
          ],
          [
            5.5399465,
            50.1944545
          ],
          [
            5.5400538,
            50.1951138
          ],
          [
            5.5404615,
            50.1956495
          ],
          [
            5.5412984,
            50.1960616
          ],
          [
            5.5416846,
            50.1963947
          ],
          [
            5.5408639,
            50.19737
          ],
          [
            5.540598,
            50.1976299
          ],
          [
            5.5401182,
            50.1981633
          ],
          [
            5.539453,
            50.1988707
          ],
          [
            5.5388308,
            50.1992415
          ],
          [
            5.5386577,
            50.1994374
          ],
          [
            5.5383694,
            50.1997635
          ],
          [
            5.537833,
            50.2004777
          ],
          [
            5.5372965,
            50.2009584
          ],
          [
            5.5368137,
            50.2015215
          ],
          [
            5.5366957,
            50.2020023
          ],
          [
            5.5368137,
            50.2024898
          ],
          [
            5.5369747,
            50.2027989
          ],
          [
            5.5375413,
            50.2036844
          ],
          [
            5.5376164,
            50.204117
          ],
          [
            5.5374233,
            50.2047488
          ],
          [
            5.5373804,
            50.205154
          ],
          [
            5.5375735,
            50.2055797
          ],
          [
            5.5380401,
            50.2062795
          ],
          [
            5.5382816,
            50.2068432
          ],
          [
            5.5383782,
            50.207468
          ],
          [
            5.5387617,
            50.2081431
          ],
          [
            5.5391302,
            50.2082722
          ],
          [
            5.5393705,
            50.208434
          ],
          [
            5.5395953,
            50.2088055
          ],
          [
            5.5395611,
            50.2094012
          ],
          [
            5.5395232,
            50.2095986
          ],
          [
            5.5394048,
            50.2097411
          ],
          [
            5.5391372,
            50.2099363
          ],
          [
            5.5385284,
            50.2103244
          ],
          [
            5.5380106,
            50.210449
          ],
          [
            5.5377344,
            50.2104394
          ],
          [
            5.5366931,
            50.2104032
          ],
          [
            5.536621,
            50.2104009
          ],
          [
            5.535307,
            50.2103593
          ],
          [
            5.5340332,
            50.2102397
          ],
          [
            5.5327935,
            50.2100464
          ],
          [
            5.5314075,
            50.2098291
          ],
          [
            5.53028,
            50.209552
          ],
          [
            5.529003,
            50.2093029
          ],
          [
            5.5277758,
            50.209249
          ],
          [
            5.5266222,
            50.2092284
          ],
          [
            5.5261442,
            50.2092773
          ],
          [
            5.5257296,
            50.2094158
          ],
          [
            5.5252688,
            50.2096608
          ],
          [
            5.5250628,
            50.2098424
          ],
          [
            5.5249217,
            50.2100808
          ],
          [
            5.5248551,
            50.2102804
          ],
          [
            5.5248575,
            50.2104835
          ],
          [
            5.5249746,
            50.2109413
          ],
          [
            5.5251169,
            50.2113511
          ],
          [
            5.5250315,
            50.2115397
          ],
          [
            5.5247418,
            50.2117389
          ],
          [
            5.5243341,
            50.2118624
          ],
          [
            5.5237869,
            50.2120204
          ],
          [
            5.5232934,
            50.2120135
          ],
          [
            5.5225102,
            50.2117595
          ],
          [
            5.5218343,
            50.2117251
          ],
          [
            5.5212674,
            50.2117751
          ],
          [
            5.5210633,
            50.2121444
          ],
          [
            5.5210824,
            50.2124709
          ],
          [
            5.5211929,
            50.2126556
          ],
          [
            5.5215875,
            50.212843
          ],
          [
            5.5217457,
            50.2131234
          ],
          [
            5.521465,
            50.2135859
          ],
          [
            5.5215661,
            50.2140252
          ],
          [
            5.5218343,
            50.2142586
          ],
          [
            5.5229072,
            50.2145813
          ],
          [
            5.5232076,
            50.2148696
          ],
          [
            5.523229,
            50.2150619
          ],
          [
            5.5231903,
            50.2152523
          ],
          [
            5.5229394,
            50.2154738
          ],
          [
            5.522639,
            50.2158651
          ],
          [
            5.5225901,
            50.2161582
          ],
          [
            5.5224854,
            50.2168294
          ],
          [
            5.5221467,
            50.2176905
          ],
          [
            5.5219952,
            50.2180757
          ],
          [
            5.5218128,
            50.2192633
          ],
          [
            5.5216158,
            50.2197415
          ],
          [
            5.5211906,
            50.2200734
          ],
          [
            5.520777,
            50.220789
          ],
          [
            5.5213197,
            50.2216461
          ],
          [
            5.5219094,
            50.2221602
          ],
          [
            5.5221454,
            50.2223318
          ],
          [
            5.5225317,
            50.2225378
          ],
          [
            5.5231647,
            50.2227231
          ],
          [
            5.5253748,
            50.2230457
          ],
          [
            5.5260421,
            50.2231834
          ],
          [
            5.5265482,
            50.2232878
          ],
          [
            5.5280187,
            50.2235679
          ],
          [
            5.5281321,
            50.2236772
          ],
          [
            5.5283378,
            50.2241981
          ],
          [
            5.5290224,
            50.2249528
          ],
          [
            5.5291084,
            50.2251736
          ],
          [
            5.5290012,
            50.2255374
          ],
          [
            5.5287973,
            50.2259218
          ],
          [
            5.5275206,
            50.2281868
          ],
          [
            5.526875,
            50.2292399
          ],
          [
            5.5255291,
            50.229919
          ],
          [
            5.5245893,
            50.230309
          ],
          [
            5.523193,
            50.230989
          ],
          [
            5.5227757,
            50.2312962
          ],
          [
            5.5225552,
            50.2313733
          ],
          [
            5.5219937,
            50.2313994
          ],
          [
            5.5208636,
            50.2313498
          ],
          [
            5.5197784,
            50.2314701
          ],
          [
            5.5187055,
            50.2318545
          ],
          [
            5.5176326,
            50.2323761
          ],
          [
            5.5174247,
            50.2326537
          ],
          [
            5.517195,
            50.2327986
          ],
          [
            5.5170108,
            50.2330121
          ],
          [
            5.5163948,
            50.2334921
          ],
          [
            5.5158798,
            50.2336225
          ],
          [
            5.5150859,
            50.2336705
          ],
          [
            5.5142737,
            50.233968
          ],
          [
            5.5139746,
            50.2342447
          ],
          [
            5.5137126,
            50.234645
          ],
          [
            5.5137448,
            50.2350156
          ],
          [
            5.5137057,
            50.2352975
          ],
          [
            5.5136554,
            50.23566
          ],
          [
            5.513264,
            50.2360335
          ],
          [
            5.5127416,
            50.2363572
          ],
          [
            5.5126868,
            50.2363864
          ],
          [
            5.5113173,
            50.2371198
          ],
          [
            5.5101296,
            50.2376757
          ],
          [
            5.5094732,
            50.2378103
          ],
          [
            5.5084627,
            50.2379205
          ],
          [
            5.5082229,
            50.2379451
          ],
          [
            5.5080822,
            50.2379595
          ],
          [
            5.507861,
            50.2380101
          ],
          [
            5.5077717,
            50.238067
          ],
          [
            5.5067925,
            50.238536
          ],
          [
            5.5058953,
            50.2392797
          ],
          [
            5.5056378,
            50.2397463
          ],
          [
            5.5058095,
            50.2402815
          ],
          [
            5.5061099,
            50.2406658
          ],
          [
            5.5069105,
            50.2411435
          ],
          [
            5.5076548,
            50.2413383
          ],
          [
            5.508037,
            50.2414591
          ],
          [
            5.5080411,
            50.2417911
          ],
          [
            5.5074403,
            50.2425596
          ],
          [
            5.5068354,
            50.2433255
          ],
          [
            5.5065605,
            50.2437535
          ],
          [
            5.5063633,
            50.2441763
          ],
          [
            5.5062024,
            50.2449173
          ],
          [
            5.5058805,
            50.245226
          ],
          [
            5.5052638,
            50.2455508
          ],
          [
            5.5049471,
            50.245624
          ],
          [
            5.5045823,
            50.2457063
          ],
          [
            5.5034129,
            50.2457543
          ],
          [
            5.5019967,
            50.2458092
          ],
          [
            5.5011491,
            50.2457818
          ],
          [
            5.5000407,
            50.2458886
          ],
          [
            5.4999066,
            50.2459015
          ],
          [
            5.4984132,
            50.2459876
          ],
          [
            5.4978017,
            50.246166
          ],
          [
            5.4975013,
            50.2465022
          ],
          [
            5.4970829,
            50.2476479
          ],
          [
            5.4964814,
            50.248125
          ],
          [
            5.4957418,
            50.2483203
          ],
          [
            5.4948351,
            50.2484652
          ],
          [
            5.4938964,
            50.2486153
          ],
          [
            5.4926411,
            50.2493425
          ],
          [
            5.4909138,
            50.2503167
          ],
          [
            5.4897658,
            50.2510919
          ],
          [
            5.4891543,
            50.251531
          ],
          [
            5.4880277,
            50.2520524
          ],
          [
            5.4868154,
            50.2527315
          ],
          [
            5.4863809,
            50.2532032
          ],
          [
            5.4863326,
            50.2544945
          ],
          [
            5.4860751,
            50.2554411
          ],
          [
            5.4858176,
            50.2562986
          ],
          [
            5.4856781,
            50.256765
          ],
          [
            5.4855386,
            50.2569297
          ],
          [
            5.4849915,
            50.2571903
          ],
          [
            5.4843585,
            50.257355
          ],
          [
            5.4838323,
            50.25735
          ],
          [
            5.4831082,
            50.2571081
          ],
          [
            5.4829008,
            50.2568731
          ],
          [
            5.4828389,
            50.2564823
          ],
          [
            5.4827158,
            50.2561114
          ],
          [
            5.4823752,
            50.2558235
          ],
          [
            5.4818532,
            50.255663
          ],
          [
            5.4810974,
            50.2556603
          ],
          [
            5.4805161,
            50.2557549
          ],
          [
            5.4794344,
            50.2565065
          ],
          [
            5.4791018,
            50.2567946
          ],
          [
            5.478383,
            50.2571307
          ],
          [
            5.4777403,
            50.2573583
          ],
          [
            5.4771942,
            50.257516
          ],
          [
            5.4767584,
            50.2576291
          ],
          [
            5.4766614,
            50.257789
          ],
          [
            5.4766068,
            50.2578959
          ],
          [
            5.4765894,
            50.2579731
          ],
          [
            5.4766128,
            50.2580463
          ],
          [
            5.4767715,
            50.2582532
          ],
          [
            5.4769594,
            50.2588379
          ],
          [
            5.4769238,
            50.2591885
          ],
          [
            5.4768563,
            50.2593687
          ],
          [
            5.4767435,
            50.2595411
          ],
          [
            5.4765316,
            50.2597489
          ],
          [
            5.4761151,
            50.2599065
          ],
          [
            5.4755452,
            50.2600436
          ],
          [
            5.4750307,
            50.2601179
          ],
          [
            5.4739653,
            50.2601646
          ],
          [
            5.4733414,
            50.2602931
          ],
          [
            5.4729102,
            50.2603907
          ],
          [
            5.4724751,
            50.2604892
          ],
          [
            5.4716948,
            50.260753
          ],
          [
            5.4710766,
            50.2609512
          ],
          [
            5.470508,
            50.2611227
          ],
          [
            5.4700359,
            50.2611776
          ],
          [
            5.4689094,
            50.2610404
          ],
          [
            5.4684398,
            50.2609967
          ],
          [
            5.4665491,
            50.2608209
          ],
          [
            5.4661306,
            50.2608484
          ],
          [
            5.4656907,
            50.2608758
          ],
          [
            5.4648754,
            50.2608209
          ],
          [
            5.464414,
            50.2608346
          ],
          [
            5.4640937,
            50.260922
          ],
          [
            5.4634714,
            50.261409
          ],
          [
            5.4621947,
            50.2624515
          ],
          [
            5.4619694,
            50.2628082
          ],
          [
            5.461817,
            50.2633794
          ],
          [
            5.4617333,
            50.2636929
          ],
          [
            5.4614222,
            50.2643239
          ],
          [
            5.4613421,
            50.2645076
          ],
          [
            5.4610467,
            50.2651469
          ],
          [
            5.4608428,
            50.2656201
          ],
          [
            5.4602986,
            50.2659
          ],
          [
            5.4575241,
            50.2662025
          ],
          [
            5.4567873,
            50.2663951
          ],
          [
            5.4560256,
            50.2665665
          ],
          [
            5.4552209,
            50.2666625
          ],
          [
            5.4543122,
            50.2669092
          ],
          [
            5.4537865,
            50.267063
          ],
          [
            5.4536331,
            50.2672455
          ],
          [
            5.4533327,
            50.2673552
          ],
          [
            5.4530001,
            50.2674443
          ],
          [
            5.4520881,
            50.2675129
          ],
          [
            5.4517632,
            50.2675343
          ],
          [
            5.451415,
            50.2675572
          ],
          [
            5.4509031,
            50.2675253
          ],
          [
            5.4504175,
            50.2675511
          ],
          [
            5.4498528,
            50.2676087
          ],
          [
            5.4495539,
            50.267677
          ],
          [
            5.4489114,
            50.2677817
          ],
          [
            5.4482494,
            50.2679202
          ],
          [
            5.4473501,
            50.2681819
          ],
          [
            5.4472557,
            50.2681806
          ],
          [
            5.4467451,
            50.2682193
          ]
        ]
      },
      "id": "way/55489605"
    },
    {
      "type": "Feature",
      "properties": {
        "@id": "way/76034843",
        "boat": "no",
        "name": "Amblève",
        "name:de": "Amel",
        "name:fr": "Amblève",
        "waterway": "river"
      },
      "geometry": {
        "type": "LineString",
        "coordinates": [
          [
            5.9463696,
            50.3947415
          ],
          [
            5.9452055,
            50.3946636
          ],
          [
            5.9438413,
            50.3946435
          ],
          [
            5.9429953,
            50.3946278
          ],
          [
            5.9423815,
            50.394583
          ],
          [
            5.9422572,
            50.3944886
          ],
          [
            5.9421151,
            50.3943894
          ],
          [
            5.9419449,
            50.3942029
          ],
          [
            5.9414345,
            50.3941115
          ],
          [
            5.9399272,
            50.3939121
          ],
          [
            5.9383876,
            50.3935917
          ],
          [
            5.9376095,
            50.3934752
          ],
          [
            5.9369431,
            50.3934105
          ],
          [
            5.9353839,
            50.3931311
          ],
          [
            5.9340091,
            50.3929207
          ],
          [
            5.9332969,
            50.3928382
          ],
          [
            5.9331062,
            50.3927682
          ],
          [
            5.932801,
            50.3925808
          ],
          [
            5.9322529,
            50.3920766
          ],
          [
            5.932025,
            50.3917938
          ],
          [
            5.9317733,
            50.3913587
          ],
          [
            5.9315954,
            50.3911331
          ],
          [
            5.9311954,
            50.3908856
          ],
          [
            5.9308179,
            50.3907843
          ],
          [
            5.9302736,
            50.3906625
          ],
          [
            5.9297273,
            50.3903108
          ],
          [
            5.9292466,
            50.3898434
          ],
          [
            5.9290674,
            50.3892051
          ],
          [
            5.9291245,
            50.3886167
          ],
          [
            5.9296757,
            50.3879554
          ],
          [
            5.9299868,
            50.3874574
          ],
          [
            5.9301478,
            50.386943
          ],
          [
            5.9303651,
            50.3864281
          ],
          [
            5.9303401,
            50.3861124
          ],
          [
            5.9301514,
            50.3860077
          ],
          [
            5.9291032,
            50.3857693
          ],
          [
            5.9283253,
            50.3855716
          ],
          [
            5.9276815,
            50.3855018
          ],
          [
            5.9268019,
            50.3857676
          ],
          [
            5.9251381,
            50.3860044
          ],
          [
            5.9237078,
            50.3860614
          ],
          [
            5.9229186,
            50.3859838
          ],
          [
            5.9226923,
            50.3858367
          ],
          [
            5.9222514,
            50.3849455
          ],
          [
            5.9218651,
            50.3840972
          ],
          [
            5.9216077,
            50.3835773
          ],
          [
            5.9211356,
            50.3825101
          ],
          [
            5.9207923,
            50.3820175
          ],
          [
            5.9202773,
            50.3816617
          ],
          [
            5.9194619,
            50.3814154
          ],
          [
            5.9178614,
            50.3809761
          ],
          [
            5.9164085,
            50.3804501
          ],
          [
            5.9149129,
            50.3798555
          ],
          [
            5.914623,
            50.3793675
          ],
          [
            5.914446,
            50.3787789
          ],
          [
            5.9145695,
            50.3784598
          ],
          [
            5.9148537,
            50.3779771
          ],
          [
            5.9150233,
            50.3775873
          ],
          [
            5.9151556,
            50.377312
          ],
          [
            5.9149558,
            50.3770367
          ],
          [
            5.914713,
            50.3768061
          ],
          [
            5.9139687,
            50.3763524
          ],
          [
            5.9138137,
            50.3762899
          ],
          [
            5.9135586,
            50.3762899
          ],
          [
            5.913119,
            50.3764957
          ],
          [
            5.9128529,
            50.3767082
          ],
          [
            5.9125182,
            50.3770853
          ],
          [
            5.9120804,
            50.3773103
          ],
          [
            5.9118664,
            50.3773933
          ],
          [
            5.9115143,
            50.377463
          ],
          [
            5.910793,
            50.3775567
          ],
          [
            5.9088618,
            50.3778577
          ],
          [
            5.907443,
            50.3780966
          ],
          [
            5.9069671,
            50.3783736
          ],
          [
            5.906054,
            50.3792055
          ],
          [
            5.9058798,
            50.3798116
          ],
          [
            5.9058317,
            50.3806516
          ],
          [
            5.9052945,
            50.382343
          ],
          [
            5.9050331,
            50.382896
          ],
          [
            5.9041361,
            50.3833079
          ],
          [
            5.902487,
            50.3832855
          ],
          [
            5.9019594,
            50.3830519
          ],
          [
            5.9012749,
            50.381878
          ],
          [
            5.9008733,
            50.3814766
          ],
          [
            5.9003437,
            50.3813764
          ],
          [
            5.8995998,
            50.3811525
          ],
          [
            5.899185,
            50.3807271
          ],
          [
            5.8992098,
            50.3801211
          ],
          [
            5.8994348,
            50.3793482
          ],
          [
            5.899297,
            50.377789
          ],
          [
            5.8988561,
            50.3772067
          ],
          [
            5.8971833,
            50.3767923
          ],
          [
            5.8944382,
            50.3769832
          ],
          [
            5.8931988,
            50.3772642
          ],
          [
            5.8920143,
            50.3775327
          ],
          [
            5.8905529,
            50.3778876
          ],
          [
            5.8890394,
            50.3779806
          ],
          [
            5.8873113,
            50.377934
          ],
          [
            5.8864771,
            50.3779768
          ],
          [
            5.8858776,
            50.3779714
          ],
          [
            5.8832684,
            50.3775948
          ],
          [
            5.8820819,
            50.3769929
          ],
          [
            5.8802693,
            50.3760734
          ],
          [
            5.8780061,
            50.3754
          ],
          [
            5.8765697,
            50.374895
          ],
          [
            5.8758729,
            50.3748038
          ],
          [
            5.8745213,
            50.3751867
          ],
          [
            5.8741211,
            50.3752863
          ],
          [
            5.8738085,
            50.3753945
          ],
          [
            5.8732985,
            50.3757127
          ],
          [
            5.8728044,
            50.376088
          ],
          [
            5.8727377,
            50.376224
          ],
          [
            5.8727399,
            50.3767945
          ],
          [
            5.8727802,
            50.3769808
          ],
          [
            5.8729226,
            50.3771724
          ],
          [
            5.873185,
            50.3773725
          ],
          [
            5.8735304,
            50.3775445
          ],
          [
            5.8739757,
            50.3777367
          ],
          [
            5.8743589,
            50.3779175
          ],
          [
            5.8747289,
            50.3781416
          ],
          [
            5.8751904,
            50.3784563
          ],
          [
            5.8757109,
            50.3787988
          ],
          [
            5.8759727,
            50.3790226
          ],
          [
            5.8768033,
            50.3799117
          ],
          [
            5.8774004,
            50.3807454
          ],
          [
            5.8779359,
            50.3813178
          ],
          [
            5.8783697,
            50.3817824
          ],
          [
            5.8785043,
            50.381912
          ],
          [
            5.8786886,
            50.3821316
          ],
          [
            5.8791211,
            50.3826469
          ],
          [
            5.8791958,
            50.3833221
          ],
          [
            5.8790948,
            50.3836037
          ],
          [
            5.8788211,
            50.3841793
          ],
          [
            5.8787352,
            50.3857664
          ],
          [
            5.8786494,
            50.3863137
          ],
          [
            5.8783363,
            50.3870961
          ],
          [
            5.8781344,
            50.3875997
          ],
          [
            5.8782581,
            50.3881625
          ],
          [
            5.8786935,
            50.3887309
          ],
          [
            5.879626,
            50.3898631
          ],
          [
            5.8801514,
            50.3901444
          ],
          [
            5.8805071,
            50.3904513
          ],
          [
            5.8805283,
            50.3908298
          ],
          [
            5.8802784,
            50.3912794
          ],
          [
            5.879871,
            50.3918084
          ],
          [
            5.8794246,
            50.3921106
          ],
          [
            5.8783396,
            50.3928048
          ],
          [
            5.8781069,
            50.3929425
          ],
          [
            5.8778742,
            50.3930699
          ],
          [
            5.8777263,
            50.3931386
          ],
          [
            5.877565,
            50.3932074
          ],
          [
            5.8772692,
            50.3933107
          ],
          [
            5.877103,
            50.3933448
          ]
        ]
      },
      "id": "way/76034843"
    },
    {
      "type": "Feature",
      "properties": {
        "@id": "way/76035206",
        "boat": "no",
        "name": "Amblève",
        "waterway": "river"
      },
      "geometry": {
        "type": "LineString",
        "coordinates": [
          [
            5.7049955,
            50.4819378
          ],
          [
            5.7042095,
            50.4820706
          ],
          [
            5.7034258,
            50.4820681
          ],
          [
            5.7016404,
            50.4817181
          ],
          [
            5.6999742,
            50.4812866
          ],
          [
            5.6998297,
            50.4811543
          ]
        ]
      },
      "id": "way/76035206"
    },
    {
      "type": "Feature",
      "properties": {
        "@id": "way/76035207",
        "boat": "no",
        "name": "Amblève",
        "waterway": "river"
      },
      "geometry": {
        "type": "LineString",
        "coordinates": [
          [
            5.7114466,
            50.4782586
          ],
          [
            5.7114519,
            50.4784157
          ],
          [
            5.7115368,
            50.4786442
          ],
          [
            5.711452,
            50.478992
          ],
          [
            5.711282,
            50.4792351
          ],
          [
            5.710682,
            50.4798144
          ],
          [
            5.7104697,
            50.479921
          ]
        ]
      },
      "id": "way/76035207"
    },
    {
      "type": "Feature",
      "properties": {
        "@id": "way/76146746",
        "boat": "no",
        "name": "Amblève",
        "waterway": "river"
      },
      "geometry": {
        "type": "LineString",
        "coordinates": [
          [
            5.7049955,
            50.4819378
          ],
          [
            5.7034565,
            50.4815287
          ],
          [
            5.700478,
            50.4811637
          ],
          [
            5.6998297,
            50.4811543
          ],
          [
            5.698535,
            50.4809054
          ],
          [
            5.6966373,
            50.4807853
          ],
          [
            5.6954164,
            50.480708
          ],
          [
            5.6937854,
            50.4803403
          ],
          [
            5.692265,
            50.4799975
          ],
          [
            5.6919015,
            50.4798338
          ],
          [
            5.6897354,
            50.4788582
          ],
          [
            5.6888952,
            50.4787113
          ],
          [
            5.6870356,
            50.4779069
          ],
          [
            5.6853246,
            50.476975
          ],
          [
            5.6835865,
            50.4760283
          ],
          [
            5.6825479,
            50.4751677
          ],
          [
            5.6816317,
            50.4748649
          ],
          [
            5.6805325,
            50.474887
          ],
          [
            5.6797001,
            50.4749228
          ],
          [
            5.6768644,
            50.4752531
          ],
          [
            5.676159,
            50.4753353
          ],
          [
            5.6755264,
            50.4754463
          ],
          [
            5.6747885,
            50.4756665
          ],
          [
            5.6739233,
            50.4759863
          ],
          [
            5.6734005,
            50.4761796
          ],
          [
            5.672827,
            50.4762513
          ],
          [
            5.6723048,
            50.476114
          ],
          [
            5.6720315,
            50.4759848
          ],
          [
            5.6716356,
            50.4757976
          ],
          [
            5.6699399,
            50.4750765
          ],
          [
            5.668898,
            50.4746787
          ],
          [
            5.6672736,
            50.4744147
          ],
          [
            5.6646792,
            50.4741776
          ],
          [
            5.6636722,
            50.4743137
          ],
          [
            5.6622086,
            50.4750642
          ],
          [
            5.6611017,
            50.4756985
          ],
          [
            5.6599042,
            50.4758322
          ],
          [
            5.6584903,
            50.4757586
          ],
          [
            5.6575263,
            50.4761471
          ],
          [
            5.6568684,
            50.4764123
          ],
          [
            5.6545135,
            50.4775489
          ],
          [
            5.6523403,
            50.4785979
          ],
          [
            5.6519025,
            50.4787579
          ],
          [
            5.650578,
            50.4792421
          ],
          [
            5.6502773,
            50.4793318
          ],
          [
            5.6502913,
            50.479507
          ],
          [
            5.6496736,
            50.4800963
          ],
          [
            5.6492295,
            50.4802747
          ],
          [
            5.6485879,
            50.4802338
          ],
          [
            5.6477029,
            50.4801547
          ],
          [
            5.6459228,
            50.4796444
          ],
          [
            5.6452281,
            50.4792759
          ],
          [
            5.6437446,
            50.478489
          ],
          [
            5.6421977,
            50.4776684
          ],
          [
            5.6413927,
            50.4771998
          ],
          [
            5.6410916,
            50.4770856
          ],
          [
            5.6407839,
            50.4770864
          ],
          [
            5.6396797,
            50.4774099
          ],
          [
            5.6381109,
            50.4782743
          ],
          [
            5.6375181,
            50.4788718
          ],
          [
            5.6369321,
            50.4794624
          ],
          [
            5.6362113,
            50.4799817
          ],
          [
            5.6357324,
            50.4802115
          ],
          [
            5.6357029,
            50.4802538
          ],
          [
            5.634788,
            50.4809684
          ],
          [
            5.6326143,
            50.4837955
          ],
          [
            5.6323905,
            50.4844095
          ],
          [
            5.6320271,
            50.4855509
          ],
          [
            5.631254,
            50.4869771
          ],
          [
            5.629815,
            50.4880032
          ],
          [
            5.6288617,
            50.488311
          ],
          [
            5.6278831,
            50.4884994
          ],
          [
            5.6266849,
            50.4885748
          ],
          [
            5.6254573,
            50.4885506
          ],
          [
            5.6234149,
            50.4878129
          ],
          [
            5.6209881,
            50.4861201
          ],
          [
            5.6201063,
            50.4837992
          ],
          [
            5.62009,
            50.4813155
          ],
          [
            5.6197553,
            50.4806516
          ],
          [
            5.61804,
            50.4772491
          ],
          [
            5.6171468,
            50.4769344
          ],
          [
            5.6140915,
            50.4768248
          ],
          [
            5.6117875,
            50.4772143
          ],
          [
            5.6108137,
            50.4778521
          ],
          [
            5.6091267,
            50.4798408
          ],
          [
            5.6087539,
            50.4802802
          ],
          [
            5.606839,
            50.4818885
          ],
          [
            5.6047485,
            50.4825078
          ],
          [
            5.6027874,
            50.4825858
          ],
          [
            5.6026035,
            50.4825499
          ],
          [
            5.600736,
            50.4821851
          ],
          [
            5.5998093,
            50.4817223
          ],
          [
            5.5985841,
            50.4814704
          ],
          [
            5.5956083,
            50.4811808
          ],
          [
            5.5945072,
            50.4813845
          ],
          [
            5.5930632,
            50.4817739
          ],
          [
            5.5902691,
            50.4818346
          ],
          [
            5.5892997,
            50.4820313
          ],
          [
            5.5879934,
            50.4822963
          ],
          [
            5.5863715,
            50.4827775
          ],
          [
            5.5852369,
            50.4828583
          ],
          [
            5.5843941,
            50.4831311
          ]
        ]
      },
      "id": "way/76146746"
    },
    {
      "type": "Feature",
      "properties": {
        "@id": "way/99552163",
        "name": "Hoëgne",
        "waterway": "river"
      },
      "geometry": {
        "type": "LineString",
        "coordinates": [
          [
            5.9567736,
            50.5138561
          ],
          [
            5.9567862,
            50.5139893
          ],
          [
            5.956901,
            50.5141921
          ],
          [
            5.9572184,
            50.5142511
          ]
        ]
      },
      "id": "way/99552163"
    },
    {
      "type": "Feature",
      "properties": {
        "@id": "way/106754884",
        "name": "La Salm",
        "name:de": "Salm",
        "old_name": "Le Glain",
        "waterway": "river",
        "wikipedia": "fr:Salm (rivière de Belgique)"
      },
      "geometry": {
        "type": "LineString",
        "coordinates": [
          [
            5.9060699,
            50.317273
          ],
          [
            5.9059694,
            50.3175451
          ],
          [
            5.9059824,
            50.3176691
          ],
          [
            5.9061385,
            50.3178562
          ],
          [
            5.9063766,
            50.3180086
          ],
          [
            5.9066051,
            50.3181548
          ],
          [
            5.9070557,
            50.3183365
          ],
          [
            5.9074365,
            50.3185729
          ],
          [
            5.9075438,
            50.3188058
          ],
          [
            5.9077477,
            50.3189428
          ],
          [
            5.9080052,
            50.3190867
          ],
          [
            5.9080371,
            50.3193951
          ],
          [
            5.9081229,
            50.3197581
          ],
          [
            5.9080586,
            50.3201897
          ],
          [
            5.9079406,
            50.3204706
          ],
          [
            5.9079298,
            50.3207103
          ],
          [
            5.9078333,
            50.3211008
          ],
          [
            5.9076187,
            50.3214091
          ],
          [
            5.9075007,
            50.3217173
          ],
          [
            5.9074041,
            50.3220941
          ],
          [
            5.9075543,
            50.3223407
          ],
          [
            5.9077582,
            50.322601
          ],
          [
            5.9080157,
            50.3228202
          ],
          [
            5.9081659,
            50.3230805
          ],
          [
            5.9081873,
            50.3234024
          ],
          [
            5.9079191,
            50.3236353
          ],
          [
            5.907805,
            50.3236561
          ],
          [
            5.9074685,
            50.3237175
          ],
          [
            5.9068462,
            50.3239093
          ],
          [
            5.9063059,
            50.3241284
          ],
          [
            5.9061972,
            50.3242024
          ],
          [
            5.9059308,
            50.3243623
          ],
          [
            5.9058399,
            50.3244168
          ],
          [
            5.9055051,
            50.324608
          ],
          [
            5.9053871,
            50.324834
          ],
          [
            5.9052822,
            50.3250175
          ],
          [
            5.9052102,
            50.3251435
          ],
          [
            5.9051312,
            50.3254573
          ],
          [
            5.9051014,
            50.3256594
          ],
          [
            5.9050867,
            50.3257587
          ],
          [
            5.9050438,
            50.3260327
          ],
          [
            5.9049258,
            50.3262584
          ],
          [
            5.9048936,
            50.326594
          ],
          [
            5.9049258,
            50.3268817
          ],
          [
            5.9050531,
            50.327127
          ],
          [
            5.9049597,
            50.3273394
          ],
          [
            5.9047546,
            50.3274311
          ],
          [
            5.9039145,
            50.3275964
          ],
          [
            5.903455,
            50.3277894
          ],
          [
            5.9033299,
            50.3278337
          ],
          [
            5.9032278,
            50.3279028
          ],
          [
            5.903104,
            50.3280053
          ],
          [
            5.9030215,
            50.3280381
          ],
          [
            5.9023993,
            50.3280543
          ],
          [
            5.9021383,
            50.3282018
          ],
          [
            5.9017308,
            50.3285906
          ],
          [
            5.9015984,
            50.329027
          ],
          [
            5.9014682,
            50.3293663
          ],
          [
            5.9012829,
            50.3296535
          ],
          [
            5.9009978,
            50.3298031
          ],
          [
            5.9007077,
            50.3299092
          ],
          [
            5.900437,
            50.3299621
          ],
          [
            5.9003286,
            50.3299682
          ],
          [
            5.9001958,
            50.3300016
          ],
          [
            5.9001152,
            50.3300665
          ],
          [
            5.900063,
            50.3301402
          ],
          [
            5.8999799,
            50.3302986
          ],
          [
            5.8998263,
            50.3306099
          ],
          [
            5.8997584,
            50.330954
          ],
          [
            5.8997462,
            50.3311505
          ],
          [
            5.8997167,
            50.3316401
          ],
          [
            5.8998402,
            50.3319219
          ],
          [
            5.8999963,
            50.3321338
          ],
          [
            5.9003311,
            50.3324276
          ],
          [
            5.9005539,
            50.3325732
          ],
          [
            5.9007622,
            50.3326819
          ],
          [
            5.9011045,
            50.3328002
          ],
          [
            5.9012211,
            50.3329779
          ],
          [
            5.9011634,
            50.3331442
          ],
          [
            5.900983,
            50.3334984
          ],
          [
            5.9008931,
            50.3339561
          ],
          [
            5.9008448,
            50.3343192
          ],
          [
            5.9008545,
            50.3344061
          ],
          [
            5.900774,
            50.334649
          ],
          [
            5.900796,
            50.3347841
          ],
          [
            5.9009239,
            50.335107
          ],
          [
            5.9013333,
            50.335657
          ],
          [
            5.90149,
            50.3358851
          ],
          [
            5.9018037,
            50.3361479
          ],
          [
            5.9020827,
            50.3364704
          ],
          [
            5.9020804,
            50.3365329
          ],
          [
            5.9018937,
            50.3368383
          ],
          [
            5.9020856,
            50.3372992
          ],
          [
            5.90223,
            50.3379087
          ],
          [
            5.9022795,
            50.3380109
          ],
          [
            5.9024921,
            50.3381997
          ],
          [
            5.9026235,
            50.3383236
          ],
          [
            5.9027994,
            50.338495
          ],
          [
            5.9028293,
            50.33854
          ],
          [
            5.9029283,
            50.3387315
          ],
          [
            5.9031532,
            50.339326
          ],
          [
            5.9032662,
            50.3394154
          ],
          [
            5.9034859,
            50.3395188
          ],
          [
            5.9035803,
            50.3396465
          ],
          [
            5.9036039,
            50.3397118
          ],
          [
            5.9036277,
            50.3397777
          ],
          [
            5.9035886,
            50.3400645
          ],
          [
            5.9035301,
            50.3402545
          ],
          [
            5.9034453,
            50.3404282
          ],
          [
            5.90326,
            50.3406329
          ],
          [
            5.9029517,
            50.3408664
          ],
          [
            5.9024779,
            50.3410548
          ],
          [
            5.9021746,
            50.3410894
          ],
          [
            5.9016487,
            50.3412358
          ],
          [
            5.9012806,
            50.3413111
          ],
          [
            5.901132,
            50.3411976
          ],
          [
            5.9008559,
            50.3412027
          ],
          [
            5.9006003,
            50.3412647
          ],
          [
            5.9003529,
            50.3413426
          ],
          [
            5.900132,
            50.3414121
          ],
          [
            5.9000749,
            50.3414301
          ],
          [
            5.8997357,
            50.3415542
          ],
          [
            5.8995478,
            50.3417706
          ],
          [
            5.8994048,
            50.3420886
          ],
          [
            5.8991215,
            50.342722
          ],
          [
            5.8989393,
            50.3430189
          ],
          [
            5.8988373,
            50.3433005
          ],
          [
            5.8988533,
            50.3435847
          ],
          [
            5.8986999,
            50.3439935
          ],
          [
            5.8985349,
            50.344403
          ],
          [
            5.8982739,
            50.34485
          ],
          [
            5.8981056,
            50.3452485
          ],
          [
            5.8980244,
            50.3454549
          ],
          [
            5.8979001,
            50.3456686
          ],
          [
            5.8976076,
            50.3459023
          ],
          [
            5.8972287,
            50.3460188
          ],
          [
            5.8969482,
            50.34605
          ],
          [
            5.896729,
            50.3460222
          ],
          [
            5.8959136,
            50.3460769
          ],
          [
            5.8948342,
            50.3461365
          ],
          [
            5.8937428,
            50.3461977
          ],
          [
            5.8932634,
            50.3462156
          ],
          [
            5.8924793,
            50.3462104
          ],
          [
            5.8922185,
            50.3462214
          ],
          [
            5.8919511,
            50.3462718
          ],
          [
            5.89115,
            50.346611
          ],
          [
            5.8903656,
            50.3471284
          ],
          [
            5.8899377,
            50.3475235
          ],
          [
            5.8898304,
            50.347768
          ],
          [
            5.8897875,
            50.3482336
          ],
          [
            5.88953,
            50.3486717
          ],
          [
            5.8892617,
            50.349103
          ],
          [
            5.8891995,
            50.3495508
          ],
          [
            5.8893368,
            50.350171
          ],
          [
            5.8894844,
            50.3504631
          ],
          [
            5.8896802,
            50.3507639
          ],
          [
            5.8897237,
            50.3511512
          ],
          [
            5.8897553,
            50.3515608
          ],
          [
            5.889781,
            50.3519085
          ],
          [
            5.8898034,
            50.3523054
          ],
          [
            5.8899484,
            50.352923
          ],
          [
            5.8899165,
            50.3533139
          ],
          [
            5.8898218,
            50.3535241
          ],
          [
            5.8896408,
            50.3538382
          ],
          [
            5.88953,
            50.3541073
          ],
          [
            5.8892838,
            50.3546355
          ],
          [
            5.8891717,
            50.3548225
          ],
          [
            5.8888992,
            50.3551644
          ],
          [
            5.8881817,
            50.3556897
          ],
          [
            5.8876846,
            50.3560582
          ],
          [
            5.8871525,
            50.3565292
          ],
          [
            5.8869946,
            50.3567544
          ],
          [
            5.8869271,
            50.3569166
          ],
          [
            5.8869765,
            50.3573656
          ],
          [
            5.8870087,
            50.35779
          ],
          [
            5.8871052,
            50.3582965
          ],
          [
            5.8873627,
            50.3589742
          ],
          [
            5.8874876,
            50.3592953
          ],
          [
            5.8875988,
            50.3595902
          ],
          [
            5.887684,
            50.3598989
          ],
          [
            5.8876701,
            50.3601271
          ],
          [
            5.8877139,
            50.360368
          ],
          [
            5.8877981,
            50.360503
          ],
          [
            5.8879521,
            50.3606524
          ],
          [
            5.888197,
            50.3609109
          ],
          [
            5.8883927,
            50.3610823
          ],
          [
            5.8885858,
            50.3614108
          ],
          [
            5.8885429,
            50.3619721
          ],
          [
            5.8883249,
            50.3622601
          ],
          [
            5.8879465,
            50.3625464
          ],
          [
            5.8876524,
            50.3626734
          ],
          [
            5.8871106,
            50.3630807
          ],
          [
            5.8866761,
            50.3634126
          ],
          [
            5.8863435,
            50.3637377
          ],
          [
            5.8859626,
            50.3640423
          ],
          [
            5.8855357,
            50.3642292
          ],
          [
            5.8853461,
            50.3642835
          ],
          [
            5.8849369,
            50.3643154
          ],
          [
            5.8844434,
            50.3642818
          ],
          [
            5.8841554,
            50.3642273
          ],
          [
            5.8838651,
            50.3641312
          ],
          [
            5.8832429,
            50.3638335
          ],
          [
            5.8827332,
            50.3634571
          ],
          [
            5.882406,
            50.3631662
          ],
          [
            5.8818642,
            50.3629506
          ],
          [
            5.881258,
            50.362824
          ],
          [
            5.8807092,
            50.3626503
          ],
          [
            5.880519,
            50.3624075
          ],
          [
            5.8805124,
            50.3621122
          ],
          [
            5.8804158,
            50.3618829
          ],
          [
            5.88011,
            50.3616502
          ],
          [
            5.8797238,
            50.3614688
          ],
          [
            5.8793288,
            50.3613466
          ],
          [
            5.8792249,
            50.361332
          ],
          [
            5.8785973,
            50.3612053
          ],
          [
            5.8778945,
            50.3611129
          ],
          [
            5.8772723,
            50.3611266
          ],
          [
            5.8766017,
            50.3612732
          ],
          [
            5.8762691,
            50.3614312
          ],
          [
            5.8761457,
            50.3615749
          ],
          [
            5.8759994,
            50.3619206
          ],
          [
            5.8758339,
            50.3621207
          ],
          [
            5.8756495,
            50.3623378
          ],
          [
            5.87533,
            50.3626115
          ],
          [
            5.8751688,
            50.3627444
          ],
          [
            5.8751554,
            50.3628002
          ],
          [
            5.8751795,
            50.3630179
          ],
          [
            5.8752767,
            50.3631012
          ],
          [
            5.8756368,
            50.3632979
          ],
          [
            5.8758614,
            50.3634674
          ],
          [
            5.8763101,
            50.3638391
          ],
          [
            5.8763281,
            50.3638541
          ],
          [
            5.8763909,
            50.3639023
          ],
          [
            5.87665,
            50.3641013
          ],
          [
            5.876792,
            50.3643328
          ],
          [
            5.8768074,
            50.364576
          ],
          [
            5.8768116,
            50.3646994
          ],
          [
            5.8767506,
            50.3649977
          ],
          [
            5.8766822,
            50.3651612
          ],
          [
            5.8764515,
            50.3653118
          ],
          [
            5.8760384,
            50.3655223
          ],
          [
            5.8756201,
            50.3657173
          ],
          [
            5.8753035,
            50.3659209
          ],
          [
            5.8748422,
            50.3662392
          ],
          [
            5.8745648,
            50.3665097
          ],
          [
            5.8742494,
            50.3667011
          ],
          [
            5.873882,
            50.3668824
          ],
          [
            5.8733992,
            50.3670433
          ],
          [
            5.8730429,
            50.3672041
          ],
          [
            5.8728681,
            50.3674404
          ],
          [
            5.8724389,
            50.3678099
          ],
          [
            5.8722029,
            50.3680084
          ],
          [
            5.8717238,
            50.3686253
          ],
          [
            5.8717182,
            50.3687848
          ],
          [
            5.8720191,
            50.3691533
          ],
          [
            5.8722844,
            50.3695408
          ],
          [
            5.8722673,
            50.3697876
          ],
          [
            5.8719164,
            50.3712544
          ],
          [
            5.8718059,
            50.3719774
          ],
          [
            5.871471,
            50.3727068
          ],
          [
            5.8713029,
            50.3733477
          ],
          [
            5.8712198,
            50.3737003
          ],
          [
            5.8711837,
            50.3744887
          ],
          [
            5.8713768,
            50.374906
          ],
          [
            5.8719025,
            50.3754394
          ],
          [
            5.8725615,
            50.375959
          ],
          [
            5.8728044,
            50.376088
          ]
        ]
      },
      "id": "way/106754884"
    },
    {
      "type": "Feature",
      "properties": {
        "@id": "way/106777575",
        "alt_name": "Le Glain",
        "name": "La Salm",
        "waterway": "river",
        "wikidata": "Q552315",
        "wikipedia": "fr:Salm (rivière de Belgique)"
      },
      "geometry": {
        "type": "LineString",
        "coordinates": [
          [
            5.9133009,
            50.2887647
          ],
          [
            5.9132577,
            50.2889211
          ],
          [
            5.9132676,
            50.2890241
          ],
          [
            5.9133467,
            50.2893404
          ],
          [
            5.9133602,
            50.2894001
          ],
          [
            5.9134257,
            50.2896898
          ],
          [
            5.9134184,
            50.2898155
          ],
          [
            5.913348,
            50.2899632
          ],
          [
            5.9131558,
            50.2901808
          ],
          [
            5.9130208,
            50.2903025
          ],
          [
            5.9128952,
            50.2904142
          ],
          [
            5.9128599,
            50.2906884
          ],
          [
            5.9124575,
            50.2910051
          ],
          [
            5.9121571,
            50.2912964
          ],
          [
            5.911905,
            50.2915363
          ],
          [
            5.9114291,
            50.2918929
          ],
          [
            5.9112763,
            50.2918997
          ],
          [
            5.9109457,
            50.2918513
          ],
          [
            5.9106548,
            50.291788
          ],
          [
            5.910031,
            50.2916139
          ],
          [
            5.9096197,
            50.2916083
          ],
          [
            5.9094096,
            50.2916023
          ],
          [
            5.9089267,
            50.2916251
          ],
          [
            5.9086542,
            50.29167
          ],
          [
            5.9082196,
            50.291718
          ],
          [
            5.9077905,
            50.2918071
          ],
          [
            5.9073707,
            50.2919322
          ],
          [
            5.9070834,
            50.2919801
          ],
          [
            5.9067933,
            50.2919959
          ],
          [
            5.9064655,
            50.2920915
          ],
          [
            5.9063646,
            50.2921896
          ],
          [
            5.9062455,
            50.2923657
          ],
          [
            5.9061256,
            50.292525
          ],
          [
            5.9061114,
            50.2925439
          ],
          [
            5.9058432,
            50.2926604
          ],
          [
            5.9054628,
            50.2926368
          ],
          [
            5.9051685,
            50.2926049
          ],
          [
            5.9047748,
            50.2926039
          ],
          [
            5.9046255,
            50.2926913
          ],
          [
            5.904313,
            50.29285
          ],
          [
            5.904159,
            50.2930471
          ],
          [
            5.9041022,
            50.2933445
          ],
          [
            5.9040628,
            50.2936306
          ],
          [
            5.9038683,
            50.2941325
          ],
          [
            5.9038199,
            50.2942945
          ],
          [
            5.9036599,
            50.2945488
          ],
          [
            5.9035071,
            50.2946765
          ],
          [
            5.9032107,
            50.2949361
          ],
          [
            5.9030859,
            50.2951382
          ],
          [
            5.9029303,
            50.2954089
          ],
          [
            5.9028606,
            50.2957516
          ],
          [
            5.9028107,
            50.2960541
          ],
          [
            5.9028069,
            50.2960772
          ],
          [
            5.9028069,
            50.2963034
          ],
          [
            5.9028606,
            50.2964918
          ],
          [
            5.9027015,
            50.2967343
          ],
          [
            5.9025334,
            50.2969784
          ],
          [
            5.902356,
            50.2971696
          ],
          [
            5.9021552,
            50.2973491
          ],
          [
            5.9020069,
            50.2974394
          ],
          [
            5.9019408,
            50.2975643
          ],
          [
            5.9020184,
            50.2977735
          ],
          [
            5.9021632,
            50.2980956
          ],
          [
            5.9023671,
            50.2984348
          ],
          [
            5.9026365,
            50.2986906
          ],
          [
            5.9028608,
            50.2988989
          ],
          [
            5.9030308,
            50.2989623
          ],
          [
            5.903257,
            50.2990005
          ],
          [
            5.9038251,
            50.2991292
          ],
          [
            5.9040051,
            50.2992079
          ],
          [
            5.9042881,
            50.2993647
          ],
          [
            5.904638,
            50.2995339
          ],
          [
            5.9050011,
            50.299608
          ],
          [
            5.9053803,
            50.2997657
          ],
          [
            5.9055471,
            50.2998371
          ],
          [
            5.9056776,
            50.2998629
          ],
          [
            5.9062107,
            50.2998679
          ],
          [
            5.906385,
            50.2999081
          ],
          [
            5.9065825,
            50.2999767
          ],
          [
            5.9066961,
            50.3000692
          ],
          [
            5.9068708,
            50.3002385
          ],
          [
            5.9070665,
            50.3003204
          ],
          [
            5.9073198,
            50.3003865
          ],
          [
            5.9076188,
            50.3003741
          ],
          [
            5.907734,
            50.3003122
          ],
          [
            5.9078245,
            50.3001631
          ],
          [
            5.9079244,
            50.3000724
          ],
          [
            5.9082304,
            50.2999664
          ],
          [
            5.9083791,
            50.2999062
          ],
          [
            5.9086036,
            50.2998712
          ],
          [
            5.908821,
            50.2999148
          ],
          [
            5.9090243,
            50.3000109
          ],
          [
            5.9094229,
            50.3001458
          ],
          [
            5.9098665,
            50.3005009
          ],
          [
            5.9099705,
            50.3006706
          ],
          [
            5.9099953,
            50.3008367
          ],
          [
            5.9099394,
            50.3011285
          ],
          [
            5.9098611,
            50.3014295
          ],
          [
            5.9098933,
            50.3016248
          ],
          [
            5.9101562,
            50.3018476
          ],
          [
            5.9105102,
            50.3020806
          ],
          [
            5.9109018,
            50.3023136
          ],
          [
            5.9111754,
            50.3024712
          ],
          [
            5.9112559,
            50.3026562
          ],
          [
            5.911213,
            50.3030228
          ],
          [
            5.911095,
            50.3035128
          ],
          [
            5.9109555,
            50.3038657
          ],
          [
            5.9108643,
            50.3042632
          ],
          [
            5.910639,
            50.3046161
          ],
          [
            5.9104244,
            50.3049279
          ],
          [
            5.9102903,
            50.3056679
          ],
          [
            5.9102474,
            50.3061476
          ],
          [
            5.910301,
            50.3064902
          ],
          [
            5.9105533,
            50.3066902
          ],
          [
            5.9106504,
            50.3068416
          ],
          [
            5.9107463,
            50.3070418
          ],
          [
            5.910757,
            50.3073022
          ],
          [
            5.9106336,
            50.3075455
          ],
          [
            5.9105639,
            50.3077647
          ],
          [
            5.9105424,
            50.3079669
          ],
          [
            5.9105566,
            50.308128
          ],
          [
            5.9103794,
            50.3083233
          ],
          [
            5.9100585,
            50.3086193
          ],
          [
            5.9097587,
            50.3088508
          ],
          [
            5.9093453,
            50.3091268
          ],
          [
            5.9088945,
            50.3093892
          ],
          [
            5.9083484,
            50.3095434
          ],
          [
            5.9079295,
            50.3095276
          ],
          [
            5.9076182,
            50.3094058
          ],
          [
            5.9073345,
            50.3093818
          ],
          [
            5.9069483,
            50.3094983
          ],
          [
            5.9062938,
            50.3099162
          ],
          [
            5.9059129,
            50.3100122
          ],
          [
            5.9053765,
            50.3102828
          ],
          [
            5.9047163,
            50.3106991
          ],
          [
            5.9045086,
            50.3109485
          ],
          [
            5.9043888,
            50.3111604
          ],
          [
            5.9043894,
            50.3113071
          ],
          [
            5.9043251,
            50.3115504
          ],
          [
            5.9041105,
            50.3117285
          ],
          [
            5.9039549,
            50.3119066
          ],
          [
            5.9039817,
            50.3121533
          ],
          [
            5.9038959,
            50.3123588
          ],
          [
            5.9037296,
            50.3124925
          ],
          [
            5.9035849,
            50.3126947
          ],
          [
            5.9037244,
            50.3129261
          ],
          [
            5.9037886,
            50.3130112
          ]
        ]
      },
      "id": "way/106777575"
    },
    {
      "type": "Feature",
      "properties": {
        "@id": "way/112872736",
        "intermittent": "no",
        "name": "Hoëgne",
        "tidal": "no",
        "waterway": "river",
        "width": "3",
        "wikipedia": "de:Hoëgne"
      },
      "geometry": {
        "type": "LineString",
        "coordinates": [
          [
            6.0343529,
            50.5002735
          ],
          [
            6.0341876,
            50.5002479
          ],
          [
            6.0338178,
            50.5003132
          ],
          [
            6.0335807,
            50.500367
          ],
          [
            6.0335241,
            50.5004292
          ],
          [
            6.033433,
            50.5004523
          ],
          [
            6.0332632,
            50.5004124
          ],
          [
            6.0329959,
            50.5003858
          ],
          [
            6.0328248,
            50.5003446
          ],
          [
            6.0326833,
            50.5002248
          ],
          [
            6.0325512,
            50.5000906
          ],
          [
            6.0322873,
            50.5000228
          ],
          [
            6.032092,
            50.4999692
          ],
          [
            6.0317665,
            50.4999791
          ],
          [
            6.0316844,
            50.4999624
          ],
          [
            6.0315988,
            50.4999451
          ],
          [
            6.0315224,
            50.4998567
          ],
          [
            6.0314071,
            50.4998176
          ],
          [
            6.0312728,
            50.4998615
          ],
          [
            6.0310605,
            50.4998617
          ],
          [
            6.0308913,
            50.4998338
          ],
          [
            6.0308095,
            50.4997441
          ],
          [
            6.0306918,
            50.4996264
          ],
          [
            6.0306672,
            50.4996019
          ],
          [
            6.0304751,
            50.4995147
          ],
          [
            6.0304068,
            50.4994837
          ],
          [
            6.0302876,
            50.4994505
          ],
          [
            6.0300723,
            50.4994601
          ],
          [
            6.0299503,
            50.4994655
          ],
          [
            6.0298699,
            50.4994521
          ],
          [
            6.0298125,
            50.4994425
          ],
          [
            6.0297375,
            50.4992955
          ],
          [
            6.0294533,
            50.4990059
          ],
          [
            6.0292864,
            50.4989145
          ],
          [
            6.0291181,
            50.4988734
          ],
          [
            6.0289989,
            50.4988612
          ],
          [
            6.0289299,
            50.4989323
          ],
          [
            6.0288091,
            50.4989684
          ],
          [
            6.0286856,
            50.4989707
          ],
          [
            6.0285638,
            50.4989729
          ],
          [
            6.0284245,
            50.4989243
          ],
          [
            6.0282594,
            50.4988153
          ],
          [
            6.0281337,
            50.4987826
          ],
          [
            6.0279346,
            50.4987523
          ],
          [
            6.0278108,
            50.4987054
          ],
          [
            6.0277316,
            50.4986754
          ],
          [
            6.0274764,
            50.4986335
          ],
          [
            6.0274425,
            50.4986283
          ],
          [
            6.0271809,
            50.4985885
          ],
          [
            6.0271012,
            50.4985137
          ],
          [
            6.0271165,
            50.4984151
          ],
          [
            6.027237,
            50.4983065
          ],
          [
            6.0274453,
            50.4981819
          ],
          [
            6.0276436,
            50.4981262
          ],
          [
            6.0276519,
            50.498072
          ],
          [
            6.0276846,
            50.4979394
          ],
          [
            6.0277426,
            50.4978432
          ],
          [
            6.0276609,
            50.4977988
          ],
          [
            6.0275029,
            50.4978058
          ],
          [
            6.0269544,
            50.4976483
          ],
          [
            6.026821,
            50.4976498
          ],
          [
            6.0267247,
            50.4977261
          ],
          [
            6.0265176,
            50.4976975
          ],
          [
            6.0262757,
            50.4976457
          ],
          [
            6.026125,
            50.4974995
          ],
          [
            6.0259298,
            50.4971701
          ],
          [
            6.025823,
            50.4970559
          ],
          [
            6.0257242,
            50.4970272
          ],
          [
            6.0255696,
            50.4970869
          ],
          [
            6.0254265,
            50.4971272
          ],
          [
            6.0252209,
            50.4971378
          ],
          [
            6.0249085,
            50.4971394
          ],
          [
            6.0245521,
            50.4971288
          ],
          [
            6.0241491,
            50.4971899
          ],
          [
            6.0238926,
            50.4971842
          ],
          [
            6.0236561,
            50.4971102
          ],
          [
            6.023483,
            50.4970106
          ],
          [
            6.0232969,
            50.4969105
          ],
          [
            6.0230689,
            50.4968721
          ],
          [
            6.0229602,
            50.4967974
          ],
          [
            6.022988,
            50.4966863
          ],
          [
            6.0229033,
            50.4965018
          ],
          [
            6.0227581,
            50.4963715
          ],
          [
            6.0225725,
            50.4962968
          ],
          [
            6.0223489,
            50.4961884
          ],
          [
            6.0221156,
            50.4961328
          ],
          [
            6.0218726,
            50.4960938
          ],
          [
            6.0217044,
            50.496074
          ],
          [
            6.0216002,
            50.4960861
          ],
          [
            6.0215313,
            50.496102
          ],
          [
            6.0215106,
            50.4961233
          ],
          [
            6.0214908,
            50.4961599
          ],
          [
            6.0214923,
            50.4962417
          ],
          [
            6.0214455,
            50.4962943
          ],
          [
            6.0213728,
            50.496344
          ],
          [
            6.021211,
            50.4963904
          ],
          [
            6.0209708,
            50.4963922
          ],
          [
            6.0208527,
            50.4963588
          ],
          [
            6.0207401,
            50.4963269
          ],
          [
            6.020569,
            50.496116
          ],
          [
            6.0204754,
            50.4959244
          ],
          [
            6.020299,
            50.4958237
          ],
          [
            6.0200689,
            50.4957838
          ],
          [
            6.0197978,
            50.4957589
          ],
          [
            6.0195403,
            50.4956568
          ],
          [
            6.0193763,
            50.4955122
          ],
          [
            6.0192226,
            50.4954264
          ],
          [
            6.0189599,
            50.4953487
          ],
          [
            6.0188026,
            50.4953133
          ],
          [
            6.0186972,
            50.4952711
          ],
          [
            6.0186366,
            50.4952275
          ],
          [
            6.0185796,
            50.4951624
          ],
          [
            6.018547,
            50.4951261
          ],
          [
            6.0184942,
            50.4950913
          ],
          [
            6.0184199,
            50.4950523
          ],
          [
            6.0182857,
            50.4950265
          ],
          [
            6.0181348,
            50.4949977
          ],
          [
            6.0179848,
            50.4949641
          ],
          [
            6.0178165,
            50.4949132
          ],
          [
            6.017617,
            50.4948213
          ],
          [
            6.0174352,
            50.4947235
          ],
          [
            6.0170828,
            50.4944782
          ],
          [
            6.016961,
            50.4943433
          ],
          [
            6.0167433,
            50.4942167
          ],
          [
            6.0164229,
            50.4941921
          ],
          [
            6.0162371,
            50.4942494
          ],
          [
            6.0160577,
            50.4943842
          ],
          [
            6.0158912,
            50.4943842
          ],
          [
            6.0157438,
            50.4943679
          ],
          [
            6.0156413,
            50.4943025
          ],
          [
            6.0155836,
            50.4940532
          ],
          [
            6.0153914,
            50.4938611
          ],
          [
            6.0152249,
            50.4937916
          ],
          [
            6.0148597,
            50.4937181
          ],
          [
            6.0146547,
            50.4937508
          ],
          [
            6.0145073,
            50.4937508
          ],
          [
            6.0140332,
            50.4937058
          ],
          [
            6.0134182,
            50.4936077
          ],
          [
            6.0131491,
            50.4934892
          ],
          [
            6.0130541,
            50.4934554
          ],
          [
            6.0129704,
            50.4934257
          ],
          [
            6.0127006,
            50.4933299
          ],
          [
            6.0115217,
            50.4930519
          ],
          [
            6.0112719,
            50.4929375
          ],
          [
            6.0109965,
            50.4926882
          ],
          [
            6.0107722,
            50.4925533
          ],
          [
            6.0101766,
            50.4922437
          ],
          [
            6.0100004,
            50.4921934
          ],
          [
            6.0096988,
            50.4920898
          ],
          [
            6.0094946,
            50.4919684
          ],
          [
            6.0091513,
            50.4917849
          ],
          [
            6.0089054,
            50.491708
          ],
          [
            6.0086919,
            50.4917405
          ],
          [
            6.0085528,
            50.4917553
          ],
          [
            6.0084832,
            50.4917376
          ],
          [
            6.008395,
            50.4916843
          ],
          [
            6.0082883,
            50.4915984
          ],
          [
            6.0080935,
            50.4915274
          ],
          [
            6.0074393,
            50.4914209
          ],
          [
            6.007263,
            50.4913587
          ],
          [
            6.0072026,
            50.4913025
          ],
          [
            6.0071887,
            50.491113
          ],
          [
            6.0071052,
            50.4910036
          ],
          [
            6.0068176,
            50.4907875
          ],
          [
            6.0065949,
            50.4907046
          ],
          [
            6.0063536,
            50.4906839
          ],
          [
            6.0059221,
            50.4905744
          ],
          [
            6.0052911,
            50.4903761
          ],
          [
            6.004985,
            50.4902754
          ],
          [
            6.0045674,
            50.4901393
          ],
          [
            6.0039457,
            50.4901038
          ],
          [
            6.0034307,
            50.4900475
          ],
          [
            6.0030735,
            50.4899735
          ],
          [
            6.0024842,
            50.4899025
          ],
          [
            6.0019739,
            50.4898345
          ],
          [
            6.0017605,
            50.4897486
          ],
          [
            6.0013615,
            50.4895385
          ],
          [
            6.0010957,
            50.4894231
          ],
          [
            6.0008093,
            50.4892987
          ],
          [
            6.0005078,
            50.4891744
          ],
          [
            6.000081,
            50.488982
          ],
          [
            5.9997701,
            50.4889109
          ],
          [
            5.9994825,
            50.4889465
          ],
          [
            5.9992366,
            50.4889879
          ],
          [
            5.9986612,
            50.4890176
          ],
          [
            5.9980071,
            50.4890767
          ],
          [
            5.9970142,
            50.489204
          ],
          [
            5.9968147,
            50.4891951
          ],
          [
            5.9967219,
            50.4891477
          ],
          [
            5.996592,
            50.4889702
          ],
          [
            5.996128,
            50.4886328
          ],
          [
            5.9958543,
            50.4884818
          ],
          [
            5.9955839,
            50.4883297
          ],
          [
            5.9952594,
            50.4882137
          ],
          [
            5.9949954,
            50.4882207
          ],
          [
            5.9948515,
            50.4882871
          ],
          [
            5.9947462,
            50.4883943
          ],
          [
            5.9944903,
            50.4884226
          ],
          [
            5.9943351,
            50.4884244
          ],
          [
            5.9940693,
            50.4883857
          ],
          [
            5.9939026,
            50.4883676
          ],
          [
            5.993718,
            50.4882666
          ],
          [
            5.9935096,
            50.4882142
          ],
          [
            5.9934102,
            50.4882154
          ],
          [
            5.993227,
            50.4882852
          ],
          [
            5.9929192,
            50.4885243
          ],
          [
            5.9922843,
            50.4890059
          ],
          [
            5.9921079,
            50.4892353
          ],
          [
            5.9919378,
            50.489795
          ],
          [
            5.9916347,
            50.4909724
          ],
          [
            5.9915018,
            50.4912134
          ],
          [
            5.9912778,
            50.4915076
          ],
          [
            5.9909175,
            50.4918734
          ],
          [
            5.9905592,
            50.4926178
          ],
          [
            5.9904003,
            50.4927514
          ],
          [
            5.9901044,
            50.4930667
          ],
          [
            5.9897701,
            50.4933339
          ],
          [
            5.9894781,
            50.4935267
          ],
          [
            5.9891685,
            50.493626
          ],
          [
            5.9886679,
            50.493719
          ],
          [
            5.9884295,
            50.4938434
          ],
          [
            5.98834,
            50.4942147
          ],
          [
            5.988208,
            50.494414
          ],
          [
            5.9879255,
            50.4945739
          ],
          [
            5.9877488,
            50.4947092
          ],
          [
            5.9877151,
            50.4949124
          ],
          [
            5.9875466,
            50.4951062
          ],
          [
            5.9874335,
            50.4953325
          ],
          [
            5.9872089,
            50.4955052
          ],
          [
            5.9869508,
            50.4956246
          ],
          [
            5.9867869,
            50.4958315
          ],
          [
            5.9866764,
            50.4959333
          ],
          [
            5.9865804,
            50.4959453
          ],
          [
            5.986552,
            50.4959694
          ],
          [
            5.9866089,
            50.4960448
          ],
          [
            5.9865653,
            50.4960848
          ],
          [
            5.9863541,
            50.4960727
          ],
          [
            5.986227,
            50.4961195
          ],
          [
            5.9861692,
            50.4961617
          ],
          [
            5.9860672,
            50.4961843
          ],
          [
            5.9858868,
            50.4962375
          ],
          [
            5.9854332,
            50.496279
          ],
          [
            5.9843385,
            50.4964436
          ],
          [
            5.9826479,
            50.4968692
          ],
          [
            5.9811882,
            50.4973181
          ],
          [
            5.9803906,
            50.4978101
          ],
          [
            5.9800898,
            50.498467
          ],
          [
            5.979411,
            50.4990296
          ],
          [
            5.9786662,
            50.4995336
          ],
          [
            5.9784359,
            50.4997196
          ],
          [
            5.9777947,
            50.4999855
          ],
          [
            5.9775132,
            50.5000247
          ],
          [
            5.9768445,
            50.5003215
          ],
          [
            5.9763034,
            50.5005616
          ],
          [
            5.9747613,
            50.5006367
          ],
          [
            5.9738406,
            50.5006495
          ],
          [
            5.9728157,
            50.5009151
          ],
          [
            5.9718491,
            50.5010595
          ],
          [
            5.9713966,
            50.5015041
          ],
          [
            5.9700907,
            50.5018951
          ],
          [
            5.9689693,
            50.5024614
          ],
          [
            5.9688271,
            50.5025332
          ],
          [
            5.9683928,
            50.5025685
          ],
          [
            5.9681636,
            50.5025638
          ],
          [
            5.9671246,
            50.5025427
          ],
          [
            5.9670177,
            50.502569
          ],
          [
            5.9664222,
            50.5027376
          ],
          [
            5.9658763,
            50.5028891
          ],
          [
            5.9653642,
            50.5029371
          ],
          [
            5.9652295,
            50.5029497
          ],
          [
            5.9643873,
            50.503305
          ],
          [
            5.9640948,
            50.5034295
          ],
          [
            5.9627182,
            50.5044611
          ],
          [
            5.9627208,
            50.5048691
          ],
          [
            5.9628789,
            50.5052157
          ],
          [
            5.9627915,
            50.5053367
          ],
          [
            5.9626294,
            50.5054925
          ],
          [
            5.9620602,
            50.5060237
          ],
          [
            5.9620014,
            50.5061438
          ],
          [
            5.9616169,
            50.5063779
          ],
          [
            5.9611188,
            50.5066067
          ],
          [
            5.9609811,
            50.5066971
          ],
          [
            5.9607731,
            50.5068117
          ],
          [
            5.960588,
            50.5069853
          ],
          [
            5.9604743,
            50.5072013
          ],
          [
            5.9604465,
            50.5073793
          ],
          [
            5.9603826,
            50.5074966
          ],
          [
            5.9602725,
            50.5076519
          ],
          [
            5.9601658,
            50.5078464
          ],
          [
            5.9601133,
            50.5081161
          ],
          [
            5.9601119,
            50.5081909
          ],
          [
            5.9601072,
            50.5082674
          ],
          [
            5.9600654,
            50.5085813
          ],
          [
            5.9598348,
            50.5088306
          ],
          [
            5.9597361,
            50.5089987
          ],
          [
            5.9596996,
            50.5091255
          ],
          [
            5.9595952,
            50.5092958
          ],
          [
            5.9594024,
            50.509384
          ],
          [
            5.9591381,
            50.5094402
          ],
          [
            5.95892,
            50.5094912
          ],
          [
            5.9586722,
            50.5095419
          ],
          [
            5.9584567,
            50.5097086
          ],
          [
            5.9583006,
            50.5098349
          ],
          [
            5.9578312,
            50.5099961
          ],
          [
            5.9574685,
            50.5101822
          ],
          [
            5.9573005,
            50.5102968
          ],
          [
            5.9572081,
            50.5103658
          ],
          [
            5.9570511,
            50.5105016
          ],
          [
            5.9568888,
            50.510559
          ],
          [
            5.9565598,
            50.5106469
          ],
          [
            5.9563443,
            50.5107268
          ],
          [
            5.9561979,
            50.5108066
          ],
          [
            5.9561454,
            50.5108882
          ],
          [
            5.9560807,
            50.5109924
          ],
          [
            5.9560456,
            50.5112106
          ],
          [
            5.9559976,
            50.5113675
          ],
          [
            5.9559267,
            50.5115653
          ],
          [
            5.9558951,
            50.5118443
          ],
          [
            5.9559775,
            50.5120648
          ],
          [
            5.9561088,
            50.5121486
          ],
          [
            5.9563591,
            50.5122663
          ],
          [
            5.9566003,
            50.5123834
          ],
          [
            5.9566668,
            50.5126604
          ],
          [
            5.9567088,
            50.5129928
          ],
          [
            5.9565442,
            50.51343
          ],
          [
            5.956613,
            50.5136948
          ],
          [
            5.9567736,
            50.5138561
          ],
          [
            5.9571216,
            50.5140964
          ],
          [
            5.9572184,
            50.5142511
          ],
          [
            5.9574006,
            50.5145841
          ],
          [
            5.9574888,
            50.5148027
          ],
          [
            5.9575386,
            50.5149367
          ],
          [
            5.9575072,
            50.5152874
          ],
          [
            5.957452,
            50.5153796
          ],
          [
            5.9570636,
            50.5158722
          ],
          [
            5.9570091,
            50.5160123
          ],
          [
            5.9569252,
            50.5161474
          ],
          [
            5.9568053,
            50.5163285
          ],
          [
            5.9566868,
            50.516397
          ],
          [
            5.9564632,
            50.5166165
          ],
          [
            5.9565067,
            50.5167939
          ],
          [
            5.9564918,
            50.51693
          ],
          [
            5.9562276,
            50.5171432
          ],
          [
            5.9556601,
            50.5173075
          ],
          [
            5.955487,
            50.5173586
          ],
          [
            5.9554508,
            50.5174209
          ],
          [
            5.9553402,
            50.5174483
          ],
          [
            5.9552564,
            50.5175693
          ],
          [
            5.9552802,
            50.5176158
          ],
          [
            5.9554261,
            50.5178957
          ],
          [
            5.9555802,
            50.5180351
          ],
          [
            5.9557892,
            50.5181639
          ],
          [
            5.955852,
            50.5181881
          ],
          [
            5.9558784,
            50.5182886
          ],
          [
            5.9558328,
            50.5183685
          ],
          [
            5.9557238,
            50.5183858
          ],
          [
            5.9555647,
            50.5184737
          ],
          [
            5.9554968,
            50.5185741
          ],
          [
            5.9554482,
            50.5187024
          ],
          [
            5.9554414,
            50.5188364
          ],
          [
            5.955519,
            50.5189453
          ],
          [
            5.9556233,
            50.5190524
          ],
          [
            5.9555459,
            50.5192879
          ],
          [
            5.9554378,
            50.5193897
          ],
          [
            5.9554097,
            50.5196099
          ],
          [
            5.9552436,
            50.5199437
          ],
          [
            5.9550216,
            50.5200614
          ],
          [
            5.954493,
            50.5201306
          ],
          [
            5.9543192,
            50.520246
          ],
          [
            5.954312,
            50.5204215
          ],
          [
            5.954493,
            50.5207677
          ],
          [
            5.9545567,
            50.5214052
          ],
          [
            5.9543627,
            50.5217187
          ],
          [
            5.9542624,
            50.5220358
          ],
          [
            5.9543075,
            50.5225333
          ],
          [
            5.9543982,
            50.522692
          ],
          [
            5.9544061,
            50.5228733
          ],
          [
            5.9542648,
            50.5231593
          ],
          [
            5.9539973,
            50.523325
          ],
          [
            5.953992,
            50.5234521
          ],
          [
            5.9540744,
            50.5236194
          ],
          [
            5.9540947,
            50.5237868
          ],
          [
            5.9540107,
            50.5243267
          ],
          [
            5.953922,
            50.5247385
          ],
          [
            5.9540048,
            50.5257924
          ],
          [
            5.954551,
            50.526418
          ],
          [
            5.9544771,
            50.5265847
          ],
          [
            5.9540906,
            50.5267349
          ],
          [
            5.954257,
            50.5273528
          ],
          [
            5.9542541,
            50.5277843
          ],
          [
            5.9537399,
            50.5284075
          ],
          [
            5.9530795,
            50.5290135
          ],
          [
            5.9528348,
            50.5292105
          ],
          [
            5.9523816,
            50.5295597
          ],
          [
            5.9519316,
            50.5299065
          ],
          [
            5.9510823,
            50.5306525
          ],
          [
            5.9508357,
            50.5308718
          ],
          [
            5.9503345,
            50.5311812
          ],
          [
            5.9498253,
            50.5314217
          ],
          [
            5.9493637,
            50.5316594
          ],
          [
            5.9489763,
            50.5317584
          ],
          [
            5.9487115,
            50.531895
          ],
          [
            5.9484661,
            50.5319706
          ],
          [
            5.9482837,
            50.5320036
          ],
          [
            5.9481014,
            50.5319774
          ],
          [
            5.9478691,
            50.5319
          ],
          [
            5.947459,
            50.5317686
          ],
          [
            5.9469507,
            50.5315999
          ],
          [
            5.9466925,
            50.5315491
          ],
          [
            5.9465293,
            50.5315406
          ],
          [
            5.9464235,
            50.5315033
          ],
          [
            5.9463625,
            50.5314731
          ],
          [
            5.9462018,
            50.531383
          ],
          [
            5.9459302,
            50.5312371
          ],
          [
            5.9457127,
            50.5311733
          ],
          [
            5.9454779,
            50.5311453
          ],
          [
            5.9453317,
            50.5311136
          ],
          [
            5.9449996,
            50.5310092
          ],
          [
            5.944752,
            50.5309224
          ],
          [
            5.9445145,
            50.5308689
          ],
          [
            5.9442925,
            50.5308227
          ],
          [
            5.9439909,
            50.5307731
          ],
          [
            5.9436165,
            50.5306571
          ],
          [
            5.9433139,
            50.5305463
          ],
          [
            5.9427887,
            50.5303179
          ],
          [
            5.9425584,
            50.5302543
          ],
          [
            5.942256,
            50.5301402
          ],
          [
            5.9418917,
            50.5299811
          ],
          [
            5.9415285,
            50.5298097
          ],
          [
            5.9413668,
            50.5297289
          ],
          [
            5.9409084,
            50.5295014
          ],
          [
            5.940645,
            50.5293241
          ],
          [
            5.9403438,
            50.5291333
          ],
          [
            5.9400454,
            50.5290803
          ],
          [
            5.9397761,
            50.5291445
          ],
          [
            5.9395776,
            50.5292727
          ],
          [
            5.9392933,
            50.5293194
          ],
          [
            5.9387962,
            50.5293167
          ],
          [
            5.9385264,
            50.5293609
          ],
          [
            5.938172,
            50.5294854
          ],
          [
            5.9378838,
            50.5296596
          ],
          [
            5.9374423,
            50.5299403
          ],
          [
            5.9372322,
            50.5300523
          ],
          [
            5.9367425,
            50.530342
          ],
          [
            5.9363564,
            50.530578
          ],
          [
            5.936216,
            50.5306368
          ],
          [
            5.9356788,
            50.5307792
          ],
          [
            5.9355254,
            50.5308181
          ],
          [
            5.9354776,
            50.5308843
          ],
          [
            5.9354514,
            50.5310386
          ],
          [
            5.9354266,
            50.5312017
          ],
          [
            5.9352399,
            50.5316921
          ],
          [
            5.9350123,
            50.5322368
          ],
          [
            5.9347698,
            50.532922
          ],
          [
            5.934755,
            50.5330001
          ],
          [
            5.9345361,
            50.5340153
          ],
          [
            5.9344491,
            50.5351137
          ],
          [
            5.9343768,
            50.5360044
          ],
          [
            5.9344636,
            50.5366043
          ],
          [
            5.9345361,
            50.5370335
          ],
          [
            5.9346592,
            50.5372181
          ],
          [
            5.9351283,
            50.5374812
          ],
          [
            5.9354991,
            50.5376888
          ],
          [
            5.9355499,
            50.5377903
          ],
          [
            5.9352675,
            50.5381918
          ],
          [
            5.9349633,
            50.538478
          ],
          [
            5.9346809,
            50.5387134
          ],
          [
            5.9342609,
            50.5389302
          ],
          [
            5.9336671,
            50.5391241
          ],
          [
            5.9333413,
            50.5392348
          ],
          [
            5.9330443,
            50.5394471
          ],
          [
            5.9329864,
            50.5396455
          ],
          [
            5.932791,
            50.539807
          ],
          [
            5.9323999,
            50.5399408
          ],
          [
            5.932074,
            50.5400608
          ],
          [
            5.9314079,
            50.5402685
          ],
          [
            5.9309733,
            50.5403285
          ],
          [
            5.9304231,
            50.5402546
          ],
          [
            5.92967,
            50.5401301
          ],
          [
            5.9287503,
            50.5399316
          ],
          [
            5.928019,
            50.5397424
          ],
          [
            5.9274541,
            50.5397055
          ],
          [
            5.9266286,
            50.5397332
          ],
          [
            5.9261434,
            50.5396317
          ],
          [
            5.9256583,
            50.5394425
          ],
          [
            5.925318,
            50.5392071
          ],
          [
            5.924659,
            50.5387226
          ],
          [
            5.9242463,
            50.5384918
          ],
          [
            5.9240833,
            50.5384124
          ],
          [
            5.9236235,
            50.5383027
          ],
          [
            5.9227183,
            50.5383211
          ],
          [
            5.9220956,
            50.5382242
          ],
          [
            5.9217045,
            50.538215
          ],
          [
            5.9216828,
            50.538358
          ],
          [
            5.9217457,
            50.5386075
          ],
          [
            5.9218398,
            50.5389479
          ],
          [
            5.9218527,
            50.5394452
          ],
          [
            5.9216221,
            50.5398189
          ],
          [
            5.9211542,
            50.5401301
          ],
          [
            5.9208356,
            50.5402592
          ],
          [
            5.9202418,
            50.5403885
          ],
          [
            5.9199159,
            50.5405177
          ],
          [
            5.9197277,
            50.5407346
          ],
          [
            5.9195522,
            50.5410017
          ],
          [
            5.919467,
            50.5411314
          ],
          [
            5.9190253,
            50.541376
          ],
          [
            5.9186415,
            50.5415467
          ],
          [
            5.9182867,
            50.5419943
          ],
          [
            5.9181163,
            50.5422292
          ],
          [
            5.9178626,
            50.5423932
          ]
        ]
      },
      "id": "way/112872736"
    },
    {
      "type": "Feature",
      "properties": {
        "@id": "way/134885547",
        "intermittent": "no",
        "name": "L'Ourthe",
        "name:fr": "L'Ourthe",
        "waterway": "river"
      },
      "geometry": {
        "type": "LineString",
        "coordinates": [
          [
            5.4436409,
            50.347933
          ],
          [
            5.4437199,
            50.3478471
          ],
          [
            5.4438486,
            50.3477102
          ],
          [
            5.4441276,
            50.3476075
          ],
          [
            5.4443184,
            50.3475657
          ],
          [
            5.4445272,
            50.3475579
          ],
          [
            5.4447847,
            50.3476178
          ],
          [
            5.4450158,
            50.3477369
          ],
          [
            5.4451081,
            50.3478237
          ],
          [
            5.4451424,
            50.3478926
          ]
        ]
      },
      "id": "way/134885547"
    },
    {
      "type": "Feature",
      "properties": {
        "@id": "way/147056120",
        "alt_name": "Le Glain",
        "name": "La Salm",
        "waterway": "river",
        "wikidata": "Q552315",
        "wikipedia": "fr:Salm (rivière de Belgique)"
      },
      "geometry": {
        "type": "LineString",
        "coordinates": [
          [
            5.9150705,
            50.2516703
          ],
          [
            5.915178,
            50.2520409
          ],
          [
            5.9152031,
            50.2521476
          ],
          [
            5.9152031,
            50.2522015
          ],
          [
            5.9151935,
            50.2522857
          ],
          [
            5.9151527,
            50.2523089
          ],
          [
            5.914975,
            50.2523348
          ],
          [
            5.9149488,
            50.2523393
          ],
          [
            5.914924,
            50.2523436
          ],
          [
            5.9148666,
            50.2523798
          ],
          [
            5.9147818,
            50.2524509
          ],
          [
            5.9147598,
            50.2524772
          ],
          [
            5.9147464,
            50.2524965
          ],
          [
            5.9147582,
            50.2525332
          ],
          [
            5.9147496,
            50.2525721
          ],
          [
            5.9146939,
            50.2526348
          ],
          [
            5.9145592,
            50.2527893
          ],
          [
            5.9145901,
            50.2530937
          ],
          [
            5.9146415,
            50.2532914
          ],
          [
            5.9147137,
            50.2534682
          ],
          [
            5.9147443,
            50.2535247
          ],
          [
            5.914814,
            50.2536785
          ],
          [
            5.9148531,
            50.2537798
          ],
          [
            5.9147303,
            50.2539018
          ],
          [
            5.9146793,
            50.2539405
          ],
          [
            5.9146086,
            50.2539685
          ],
          [
            5.9145229,
            50.2539851
          ],
          [
            5.9143912,
            50.2539931
          ],
          [
            5.9142293,
            50.2539872
          ],
          [
            5.9137063,
            50.2539358
          ],
          [
            5.9130692,
            50.2538749
          ],
          [
            5.9127273,
            50.253784
          ],
          [
            5.9122445,
            50.2536356
          ],
          [
            5.9117872,
            50.2535027
          ],
          [
            5.9114479,
            50.2534204
          ],
          [
            5.9110817,
            50.2532644
          ],
          [
            5.9107716,
            50.2532801
          ],
          [
            5.910442,
            50.2532863
          ],
          [
            5.9101584,
            50.2532901
          ],
          [
            5.9099793,
            50.2532784
          ],
          [
            5.9096396,
            50.2533869
          ],
          [
            5.9094469,
            50.2537523
          ],
          [
            5.9093222,
            50.2539435
          ],
          [
            5.9089628,
            50.2545917
          ],
          [
            5.9087965,
            50.2548798
          ],
          [
            5.9084478,
            50.255162
          ],
          [
            5.9082118,
            50.2553712
          ],
          [
            5.9077786,
            50.255619
          ],
          [
            5.907446,
            50.2557296
          ],
          [
            5.9069672,
            50.2558599
          ],
          [
            5.9065582,
            50.2559551
          ],
          [
            5.9062497,
            50.2561
          ],
          [
            5.905944,
            50.256389
          ],
          [
            5.9056704,
            50.2566814
          ],
          [
            5.9056114,
            50.2569051
          ],
          [
            5.9056315,
            50.2572498
          ],
          [
            5.9055698,
            50.2574822
          ],
          [
            5.9054638,
            50.257904
          ],
          [
            5.9053807,
            50.258115
          ],
          [
            5.9054022,
            50.2584931
          ],
          [
            5.9053378,
            50.2588455
          ],
          [
            5.9052265,
            50.2590214
          ],
          [
            5.9051876,
            50.259083
          ],
          [
            5.9049757,
            50.2595245
          ],
          [
            5.9049006,
            50.2597706
          ],
          [
            5.9048711,
            50.260063
          ],
          [
            5.9049703,
            50.2603579
          ],
          [
            5.904973,
            50.2605114
          ],
          [
            5.9047598,
            50.2607626
          ],
          [
            5.9046645,
            50.2609169
          ],
          [
            5.9046297,
            50.2610815
          ],
          [
            5.9046485,
            50.2612898
          ],
          [
            5.9047423,
            50.2615916
          ],
          [
            5.9047048,
            50.2618454
          ],
          [
            5.9046592,
            50.2620897
          ],
          [
            5.9046699,
            50.2622672
          ],
          [
            5.904737,
            50.2624532
          ],
          [
            5.9048951,
            50.2625724
          ],
          [
            5.9049622,
            50.2626746
          ],
          [
            5.9050549,
            50.2628159
          ],
          [
            5.9050372,
            50.2630114
          ],
          [
            5.9052132,
            50.2632926
          ],
          [
            5.9054224,
            50.2635755
          ],
          [
            5.9056337,
            50.263943
          ],
          [
            5.9058014,
            50.2641284
          ],
          [
            5.905841,
            50.2642255
          ],
          [
            5.9058377,
            50.2643045
          ],
          [
            5.9058154,
            50.2643193
          ],
          [
            5.9056929,
            50.2643841
          ],
          [
            5.9054519,
            50.2646746
          ],
          [
            5.905181,
            50.2649215
          ],
          [
            5.9049208,
            50.2651563
          ],
          [
            5.9047518,
            50.2653227
          ],
          [
            5.9046285,
            50.265609
          ],
          [
            5.9046617,
            50.2658662
          ],
          [
            5.90514,
            50.2664639
          ],
          [
            5.90535,
            50.2666789
          ],
          [
            5.9055791,
            50.2669169
          ],
          [
            5.9059669,
            50.2672429
          ],
          [
            5.9061117,
            50.2673869
          ],
          [
            5.9062102,
            50.2674857
          ],
          [
            5.9063247,
            50.2675481
          ],
          [
            5.9063944,
            50.2675721
          ],
          [
            5.9068075,
            50.2676218
          ],
          [
            5.9074527,
            50.2677007
          ],
          [
            5.9077436,
            50.2677367
          ],
          [
            5.9080788,
            50.2677247
          ],
          [
            5.908252,
            50.2677847
          ],
          [
            5.9086771,
            50.2680253
          ],
          [
            5.9087996,
            50.2681739
          ],
          [
            5.9089254,
            50.2683987
          ],
          [
            5.9089577,
            50.2685897
          ],
          [
            5.908944,
            50.2689145
          ],
          [
            5.9087106,
            50.2693774
          ],
          [
            5.9085062,
            50.2697844
          ],
          [
            5.9081876,
            50.2701146
          ],
          [
            5.9080406,
            50.2702478
          ],
          [
            5.9077558,
            50.2705275
          ],
          [
            5.9075349,
            50.2707809
          ],
          [
            5.9073497,
            50.27107
          ],
          [
            5.907163,
            50.2715512
          ],
          [
            5.9071281,
            50.2718478
          ],
          [
            5.907053,
            50.2720793
          ],
          [
            5.907104,
            50.2725918
          ],
          [
            5.9083176,
            50.2739701
          ],
          [
            5.9086099,
            50.274253
          ],
          [
            5.9088084,
            50.2746044
          ],
          [
            5.9089774,
            50.2747912
          ],
          [
            5.9091934,
            50.2750775
          ],
          [
            5.9094134,
            50.2752181
          ],
          [
            5.9096453,
            50.2753792
          ],
          [
            5.9098518,
            50.275566
          ],
          [
            5.9101403,
            50.2758969
          ],
          [
            5.9102207,
            50.2761163
          ],
          [
            5.9102273,
            50.2762397
          ],
          [
            5.9102273,
            50.276526
          ],
          [
            5.9102246,
            50.2767454
          ],
          [
            5.9100637,
            50.2769459
          ],
          [
            5.9100261,
            50.2770265
          ],
          [
            5.9099859,
            50.2772219
          ],
          [
            5.9099778,
            50.2775922
          ],
          [
            5.910061,
            50.2779041
          ],
          [
            5.9102514,
            50.278163
          ],
          [
            5.9103373,
            50.2784869
          ],
          [
            5.9103185,
            50.2788829
          ],
          [
            5.9103212,
            50.2790749
          ],
          [
            5.9104177,
            50.2794897
          ],
          [
            5.9105894,
            50.2799319
          ],
          [
            5.9106323,
            50.2804564
          ],
          [
            5.9105619,
            50.2806887
          ],
          [
            5.9105229,
            50.2808118
          ],
          [
            5.9104081,
            50.2810558
          ],
          [
            5.9103033,
            50.2812663
          ],
          [
            5.9102758,
            50.2816675
          ],
          [
            5.9110158,
            50.2833537
          ],
          [
            5.9132357,
            50.2862888
          ],
          [
            5.9138361,
            50.2871898
          ],
          [
            5.9138954,
            50.2875647
          ],
          [
            5.9139314,
            50.2877722
          ],
          [
            5.9138737,
            50.2879432
          ],
          [
            5.9135339,
            50.2883004
          ]
        ]
      },
      "id": "way/147056120"
    },
    {
      "type": "Feature",
      "properties": {
        "@id": "way/150796394",
        "CEMT": "Va",
        "boat": "yes",
        "name": "La Meuse",
        "name:br": "Ar Meuse",
        "name:de": "Maas",
        "name:en": "Meuse",
        "name:fr": "La Meuse",
        "name:nl": "Maas",
        "name:uk": "Мез (Маас)",
        "waterway": "river"
      },
      "geometry": {
        "type": "LineString",
        "coordinates": [
          [
            5.4475146,
            50.5900469
          ],
          [
            5.4493846,
            50.5897487
          ],
          [
            5.4500418,
            50.5897743
          ],
          [
            5.4517146,
            50.5899665
          ],
          [
            5.4593425,
            50.5907968
          ]
        ]
      },
      "id": "way/150796394"
    },
    {
      "type": "Feature",
      "properties": {
        "@id": "way/151233764",
        "boat": "no",
        "name": "Ourthe",
        "name:ru": "Урт",
        "waterway": "river"
      },
      "geometry": {
        "type": "LineString",
        "coordinates": [
          [
            5.5997139,
            50.5808561
          ],
          [
            5.5985485,
            50.5813689
          ],
          [
            5.5972802,
            50.5817756
          ],
          [
            5.5956885,
            50.5823112
          ],
          [
            5.594135,
            50.583167
          ],
          [
            5.5933539,
            50.5836684
          ],
          [
            5.5925642,
            50.5841751
          ],
          [
            5.591411,
            50.5848012
          ]
        ]
      },
      "id": "way/151233764"
    },
    {
      "type": "Feature",
      "properties": {
        "@id": "way/151233765",
        "boat": "no",
        "name": "Ourthe",
        "name:ru": "Урт",
        "waterway": "river"
      },
      "geometry": {
        "type": "LineString",
        "coordinates": [
          [
            5.5938257,
            50.6169614
          ],
          [
            5.5883583,
            50.6193958
          ],
          [
            5.5858863,
            50.6203216
          ],
          [
            5.582968,
            50.6211928
          ],
          [
            5.5813802,
            50.6220804
          ],
          [
            5.5803853,
            50.6226865
          ],
          [
            5.5801562,
            50.6228146
          ],
          [
            5.5796611,
            50.6230914
          ]
        ]
      },
      "id": "way/151233765"
    },
    {
      "type": "Feature",
      "properties": {
        "@id": "way/151300684",
        "boat": "no",
        "name": "Vesdre",
        "name:de": "Weser",
        "name:en": "Vesdre",
        "name:fr": "Vesdre",
        "name:lb": "Weser",
        "name:nl": "Vesder",
        "name:wa": "Vesse",
        "waterway": "river",
        "wikidata": "Q707598"
      },
      "geometry": {
        "type": "LineString",
        "coordinates": [
          [
            5.8059782,
            50.5695339
          ],
          [
            5.8047506,
            50.5694677
          ],
          [
            5.8038511,
            50.5692653
          ],
          [
            5.8023766,
            50.56913
          ],
          [
            5.8018895,
            50.5690663
          ],
          [
            5.8013843,
            50.5695418
          ],
          [
            5.8003233,
            50.5701112
          ],
          [
            5.7979541,
            50.5705589
          ],
          [
            5.7975302,
            50.5706305
          ],
          [
            5.7970601,
            50.5706402
          ],
          [
            5.7967627,
            50.5704708
          ],
          [
            5.7968048,
            50.5701315
          ],
          [
            5.7966802,
            50.5687399
          ],
          [
            5.7966498,
            50.5684051
          ],
          [
            5.7963746,
            50.5677657
          ],
          [
            5.7960818,
            50.5674405
          ],
          [
            5.7956927,
            50.5670883
          ],
          [
            5.7947915,
            50.5665153
          ],
          [
            5.7932771,
            50.5658841
          ],
          [
            5.7919426,
            50.5654338
          ],
          [
            5.7907788,
            50.565095
          ],
          [
            5.7890152,
            50.5648183
          ],
          [
            5.7887323,
            50.5647633
          ],
          [
            5.7884939,
            50.5647114
          ],
          [
            5.7866725,
            50.5641997
          ],
          [
            5.7851907,
            50.563803
          ],
          [
            5.7841599,
            50.5635545
          ],
          [
            5.7840201,
            50.5635378
          ],
          [
            5.7838745,
            50.5635486
          ],
          [
            5.7837206,
            50.5635757
          ],
          [
            5.7836112,
            50.5636132
          ],
          [
            5.7835062,
            50.5636669
          ],
          [
            5.783448,
            50.5637162
          ],
          [
            5.7833431,
            50.5638444
          ],
          [
            5.7831521,
            50.5640919
          ],
          [
            5.7828911,
            50.5646423
          ],
          [
            5.7827393,
            50.5650611
          ],
          [
            5.7827308,
            50.5651559
          ],
          [
            5.7827433,
            50.5652783
          ],
          [
            5.782721,
            50.5655292
          ],
          [
            5.7828191,
            50.5662478
          ],
          [
            5.7826188,
            50.5682348
          ],
          [
            5.7825364,
            50.568515
          ],
          [
            5.7823584,
            50.5688486
          ],
          [
            5.782194,
            50.5689934
          ],
          [
            5.7819519,
            50.5691239
          ],
          [
            5.781363,
            50.5691443
          ],
          [
            5.781072,
            50.5691422
          ],
          [
            5.7804715,
            50.5691378
          ],
          [
            5.7800257,
            50.5690885
          ],
          [
            5.7796305,
            50.5689943
          ],
          [
            5.7792775,
            50.5688484
          ],
          [
            5.77912,
            50.5687574
          ],
          [
            5.7789936,
            50.5686467
          ],
          [
            5.7788197,
            50.5684493
          ],
          [
            5.7786954,
            50.5680699
          ],
          [
            5.778538,
            50.5667519
          ],
          [
            5.7785488,
            50.5666767
          ],
          [
            5.7785782,
            50.5666009
          ],
          [
            5.7786367,
            50.5665177
          ],
          [
            5.7787313,
            50.5664416
          ],
          [
            5.7796904,
            50.5658447
          ],
          [
            5.7798337,
            50.5656982
          ],
          [
            5.7800869,
            50.5653812
          ],
          [
            5.7808064,
            50.5642601
          ],
          [
            5.780678,
            50.5632243
          ],
          [
            5.7798613,
            50.5626005
          ],
          [
            5.7795112,
            50.5624373
          ],
          [
            5.779116,
            50.5623484
          ],
          [
            5.7781806,
            50.5622033
          ],
          [
            5.7754461,
            50.5621162
          ],
          [
            5.7745304,
            50.5622929
          ],
          [
            5.7742319,
            50.5623875
          ],
          [
            5.7739053,
            50.5625119
          ],
          [
            5.7736442,
            50.56269
          ],
          [
            5.7735858,
            50.5627714
          ],
          [
            5.7732819,
            50.5631211
          ],
          [
            5.7731378,
            50.5633094
          ],
          [
            5.7730353,
            50.5637883
          ],
          [
            5.7728972,
            50.5639828
          ],
          [
            5.7726827,
            50.5642776
          ],
          [
            5.7723443,
            50.5646122
          ],
          [
            5.7721145,
            50.5647533
          ],
          [
            5.7716094,
            50.5652064
          ],
          [
            5.7700757,
            50.5660901
          ],
          [
            5.7691706,
            50.5666881
          ],
          [
            5.7688261,
            50.5668922
          ],
          [
            5.7686012,
            50.5669546
          ],
          [
            5.7683666,
            50.566978
          ],
          [
            5.7679682,
            50.5669323
          ],
          [
            5.7677854,
            50.5668494
          ],
          [
            5.7676188,
            50.5667481
          ],
          [
            5.7675062,
            50.5666511
          ],
          [
            5.7674232,
            50.5664443
          ],
          [
            5.7674158,
            50.5662433
          ],
          [
            5.7677004,
            50.5653223
          ],
          [
            5.7676771,
            50.5649198
          ],
          [
            5.7676618,
            50.5646258
          ],
          [
            5.7676497,
            50.5644594
          ],
          [
            5.7675405,
            50.5641945
          ],
          [
            5.7672029,
            50.5637362
          ],
          [
            5.7668375,
            50.5634852
          ],
          [
            5.7665197,
            50.5633728
          ],
          [
            5.7660822,
            50.5632947
          ],
          [
            5.7654042,
            50.563158
          ],
          [
            5.7640661,
            50.5629445
          ],
          [
            5.7638181,
            50.5629362
          ],
          [
            5.7633899,
            50.5629752
          ],
          [
            5.7631438,
            50.5630451
          ],
          [
            5.7627327,
            50.5631998
          ],
          [
            5.7624515,
            50.563426
          ],
          [
            5.7622414,
            50.5637746
          ],
          [
            5.7621905,
            50.5639771
          ],
          [
            5.7621548,
            50.564297
          ],
          [
            5.7622947,
            50.5648211
          ],
          [
            5.7623452,
            50.5657049
          ],
          [
            5.7626939,
            50.5668398
          ],
          [
            5.7628511,
            50.567433
          ],
          [
            5.7624999,
            50.5684167
          ],
          [
            5.762585,
            50.5690972
          ],
          [
            5.7637584,
            50.5711466
          ],
          [
            5.764107,
            50.5715471
          ],
          [
            5.7645931,
            50.5718475
          ],
          [
            5.7654882,
            50.5722173
          ],
          [
            5.7659622,
            50.5725833
          ],
          [
            5.7661173,
            50.5728182
          ],
          [
            5.7659405,
            50.5732303
          ],
          [
            5.7659211,
            50.5732486
          ],
          [
            5.7655581,
            50.5736077
          ],
          [
            5.7650252,
            50.5739309
          ],
          [
            5.7639641,
            50.5745515
          ],
          [
            5.7630583,
            50.5749136
          ],
          [
            5.7620238,
            50.575188
          ],
          [
            5.7604196,
            50.575476
          ],
          [
            5.7588933,
            50.5756179
          ],
          [
            5.7574101,
            50.5754352
          ],
          [
            5.7561926,
            50.5748025
          ],
          [
            5.7542003,
            50.5731155
          ],
          [
            5.7533792,
            50.5724716
          ],
          [
            5.7530957,
            50.5721946
          ],
          [
            5.7524801,
            50.5721339
          ],
          [
            5.7512984,
            50.5724022
          ],
          [
            5.7497694,
            50.5727241
          ],
          [
            5.7470554,
            50.5728987
          ],
          [
            5.7450563,
            50.573188
          ],
          [
            5.742141,
            50.5740662
          ],
          [
            5.7412095,
            50.5741124
          ],
          [
            5.739499,
            50.5738237
          ],
          [
            5.7389263,
            50.5732789
          ],
          [
            5.737116,
            50.572378
          ],
          [
            5.7362397,
            50.571757
          ],
          [
            5.7359809,
            50.5714167
          ],
          [
            5.7359954,
            50.5711362
          ],
          [
            5.7363175,
            50.5706826
          ],
          [
            5.7364191,
            50.5704146
          ],
          [
            5.7364433,
            50.570091
          ],
          [
            5.7365501,
            50.5697474
          ],
          [
            5.73666,
            50.5696868
          ],
          [
            5.736938,
            50.569501
          ],
          [
            5.737052,
            50.5694254
          ],
          [
            5.7372438,
            50.5692314
          ],
          [
            5.7375873,
            50.568709
          ],
          [
            5.7376158,
            50.5683812
          ],
          [
            5.7374403,
            50.5680631
          ],
          [
            5.7372296,
            50.5676642
          ],
          [
            5.7372432,
            50.5671902
          ],
          [
            5.7368665,
            50.566294
          ],
          [
            5.7364002,
            50.565591
          ],
          [
            5.7357538,
            50.5649136
          ],
          [
            5.7343384,
            50.5639504
          ],
          [
            5.7332617,
            50.5636654
          ],
          [
            5.7326646,
            50.5636349
          ],
          [
            5.7319773,
            50.5639281
          ],
          [
            5.7314185,
            50.5643652
          ],
          [
            5.731048,
            50.5645823
          ],
          [
            5.7303706,
            50.5649444
          ],
          [
            5.7300793,
            50.5649913
          ],
          [
            5.7296525,
            50.5649736
          ],
          [
            5.7285681,
            50.5649367
          ],
          [
            5.7279269,
            50.5654298
          ],
          [
            5.725689,
            50.5659538
          ],
          [
            5.7236083,
            50.5664083
          ],
          [
            5.7211405,
            50.5675949
          ],
          [
            5.7200015,
            50.5685964
          ],
          [
            5.71949,
            50.5687819
          ],
          [
            5.7185283,
            50.5688886
          ],
          [
            5.7166209,
            50.5684625
          ],
          [
            5.715012,
            50.5678069
          ],
          [
            5.7125516,
            50.5665085
          ],
          [
            5.7116201,
            50.5665162
          ],
          [
            5.7106101,
            50.5664185
          ],
          [
            5.7093822,
            50.565923
          ],
          [
            5.7082461,
            50.5656868
          ],
          [
            5.7070188,
            50.565717
          ],
          [
            5.7063831,
            50.5658179
          ],
          [
            5.7052473,
            50.566038
          ],
          [
            5.7039788,
            50.5663675
          ],
          [
            5.7038021,
            50.5664362
          ],
          [
            5.702482,
            50.5671889
          ],
          [
            5.7012903,
            50.5683082
          ],
          [
            5.7003746,
            50.5693492
          ],
          [
            5.6998001,
            50.5698945
          ],
          [
            5.6990467,
            50.5705116
          ],
          [
            5.6984741,
            50.5707481
          ],
          [
            5.6976876,
            50.5710026
          ],
          [
            5.6965621,
            50.5712528
          ],
          [
            5.6953649,
            50.5713738
          ],
          [
            5.6950376,
            50.5713904
          ],
          [
            5.6947104,
            50.5713835
          ],
          [
            5.6943985,
            50.5713428
          ],
          [
            5.6941373,
            50.5712661
          ],
          [
            5.6937253,
            50.5711135
          ],
          [
            5.6930476,
            50.5706861
          ],
          [
            5.6930159,
            50.5704603
          ],
          [
            5.6929588,
            50.5703178
          ],
          [
            5.6924868,
            50.5699439
          ],
          [
            5.6923602,
            50.5698649
          ],
          [
            5.6922397,
            50.5698208
          ],
          [
            5.6920963,
            50.5697864
          ],
          [
            5.6902842,
            50.5696817
          ],
          [
            5.6900148,
            50.5696827
          ],
          [
            5.689848,
            50.5696972
          ],
          [
            5.6896558,
            50.5697554
          ],
          [
            5.6895153,
            50.5698237
          ],
          [
            5.6893813,
            50.5699472
          ],
          [
            5.6893132,
            50.5700834
          ],
          [
            5.6893447,
            50.5702804
          ],
          [
            5.6894588,
            50.5704581
          ],
          [
            5.6901365,
            50.571475
          ],
          [
            5.6902938,
            50.572
          ],
          [
            5.6905188,
            50.5723863
          ],
          [
            5.690574,
            50.5728778
          ],
          [
            5.6896329,
            50.5742467
          ],
          [
            5.6884186,
            50.5755384
          ],
          [
            5.6868206,
            50.5765697
          ],
          [
            5.6858775,
            50.576839
          ],
          [
            5.6850416,
            50.5769364
          ],
          [
            5.6842171,
            50.5769274
          ],
          [
            5.6832505,
            50.5767225
          ],
          [
            5.680059,
            50.5753527
          ],
          [
            5.6791516,
            50.5753142
          ],
          [
            5.6780145,
            50.5754451
          ],
          [
            5.6767005,
            50.5756733
          ],
          [
            5.6758734,
            50.5756994
          ],
          [
            5.6746969,
            50.5754998
          ],
          [
            5.6720628,
            50.5760229
          ],
          [
            5.6702577,
            50.5766871
          ],
          [
            5.6693918,
            50.5770057
          ],
          [
            5.6685667,
            50.5773093
          ],
          [
            5.6665781,
            50.5784319
          ],
          [
            5.6656149,
            50.5792694
          ],
          [
            5.6647683,
            50.5811683
          ],
          [
            5.6638852,
            50.5815149
          ],
          [
            5.6624094,
            50.5817383
          ],
          [
            5.6611627,
            50.5817702
          ],
          [
            5.6592668,
            50.5817331
          ],
          [
            5.6584913,
            50.5818789
          ],
          [
            5.658272,
            50.5820231
          ],
          [
            5.6561498,
            50.5833061
          ],
          [
            5.65475,
            50.5841607
          ],
          [
            5.6534656,
            50.5849495
          ],
          [
            5.6531261,
            50.585158
          ],
          [
            5.6530378,
            50.5857892
          ],
          [
            5.6533316,
            50.5878971
          ],
          [
            5.6535423,
            50.5895089
          ],
          [
            5.6534106,
            50.5899611
          ],
          [
            5.6531718,
            50.5900581
          ],
          [
            5.652635,
            50.5901021
          ],
          [
            5.6517823,
            50.5899583
          ],
          [
            5.6514285,
            50.58982
          ],
          [
            5.6512315,
            50.5895771
          ],
          [
            5.651133,
            50.5883623
          ],
          [
            5.6507144,
            50.5876883
          ],
          [
            5.6494957,
            50.5865362
          ],
          [
            5.6485946,
            50.5858215
          ],
          [
            5.6477721,
            50.5854546
          ],
          [
            5.6469707,
            50.5853683
          ],
          [
            5.6461841,
            50.5853841
          ],
          [
            5.644947,
            50.5857355
          ],
          [
            5.6445445,
            50.5858825
          ],
          [
            5.6438246,
            50.5859302
          ],
          [
            5.6424784,
            50.5862384
          ],
          [
            5.6402625,
            50.5868262
          ],
          [
            5.6378414,
            50.5871589
          ],
          [
            5.6366073,
            50.587626
          ],
          [
            5.6346035,
            50.5882887
          ],
          [
            5.6344214,
            50.5882678
          ],
          [
            5.634081,
            50.5882288
          ],
          [
            5.6322463,
            50.5883412
          ],
          [
            5.6318754,
            50.5884193
          ],
          [
            5.6312889,
            50.5885428
          ],
          [
            5.6300067,
            50.5891159
          ],
          [
            5.6295053,
            50.5893956
          ],
          [
            5.6292524,
            50.5896768
          ],
          [
            5.629231,
            50.5899165
          ],
          [
            5.6293396,
            50.5900935
          ],
          [
            5.6295398,
            50.5903033
          ],
          [
            5.6298541,
            50.5905052
          ],
          [
            5.6316615,
            50.5915514
          ],
          [
            5.6320706,
            50.5916955
          ],
          [
            5.6323519,
            50.5917899
          ],
          [
            5.6329017,
            50.5919384
          ],
          [
            5.6332067,
            50.5921875
          ],
          [
            5.6333435,
            50.5922907
          ],
          [
            5.6333706,
            50.5924274
          ],
          [
            5.6332668,
            50.5925838
          ],
          [
            5.6331371,
            50.5928932
          ],
          [
            5.6329762,
            50.5930118
          ],
          [
            5.6329376,
            50.5931085
          ],
          [
            5.6328518,
            50.5938216
          ],
          [
            5.6328088,
            50.5944051
          ],
          [
            5.6327799,
            50.5949867
          ],
          [
            5.6328843,
            50.5957928
          ],
          [
            5.6330914,
            50.5961533
          ],
          [
            5.6333407,
            50.5963833
          ],
          [
            5.6345528,
            50.5968268
          ],
          [
            5.6350001,
            50.5970851
          ],
          [
            5.635487,
            50.5974539
          ],
          [
            5.6356741,
            50.5977163
          ],
          [
            5.6357799,
            50.5981305
          ],
          [
            5.6352116,
            50.5988682
          ],
          [
            5.6348852,
            50.5992144
          ],
          [
            5.6344252,
            50.5994938
          ],
          [
            5.6339362,
            50.5997927
          ],
          [
            5.6301162,
            50.6011721
          ],
          [
            5.6293661,
            50.601442
          ],
          [
            5.629104,
            50.6016227
          ],
          [
            5.6285281,
            50.6023367
          ],
          [
            5.6279906,
            50.6031641
          ],
          [
            5.6273479,
            50.6040895
          ],
          [
            5.6271173,
            50.6045977
          ],
          [
            5.6267181,
            50.6058445
          ],
          [
            5.6267012,
            50.6061961
          ],
          [
            5.6268202,
            50.6076595
          ],
          [
            5.6266091,
            50.6085144
          ],
          [
            5.6261725,
            50.6089554
          ],
          [
            5.6253922,
            50.6093768
          ],
          [
            5.6246682,
            50.6096528
          ],
          [
            5.6241613,
            50.6098466
          ],
          [
            5.6232218,
            50.6102044
          ],
          [
            5.6228636,
            50.6103268
          ],
          [
            5.6225181,
            50.6104332
          ],
          [
            5.6220709,
            50.6105129
          ],
          [
            5.6218267,
            50.6105234
          ],
          [
            5.621323,
            50.6104603
          ],
          [
            5.6207947,
            50.6103
          ],
          [
            5.6187868,
            50.6098006
          ],
          [
            5.6172101,
            50.6094792
          ],
          [
            5.6166951,
            50.6094682
          ],
          [
            5.6160924,
            50.6095743
          ],
          [
            5.6155587,
            50.6097923
          ],
          [
            5.6145569,
            50.6110886
          ],
          [
            5.6131517,
            50.6117218
          ],
          [
            5.6127342,
            50.6119182
          ]
        ]
      },
      "id": "way/151300684"
    },
    {
      "type": "Feature",
      "properties": {
        "@id": "way/151300707",
        "boat": "no",
        "name": "Vesdre",
        "name:de": "Weser",
        "name:en": "Vesdre",
        "name:fr": "Vesdre",
        "name:lb": "Weser",
        "name:nl": "Vesder",
        "name:wa": "Vesse",
        "source": "survey, landsat, srtm, PPNC",
        "waterway": "river",
        "wikidata": "Q707598"
      },
      "geometry": {
        "type": "LineString",
        "coordinates": [
          [
            5.843362,
            50.5878887
          ],
          [
            5.8431927,
            50.5879383
          ],
          [
            5.8427187,
            50.5880632
          ],
          [
            5.8423685,
            50.5881335
          ],
          [
            5.8416273,
            50.5881917
          ],
          [
            5.8407902,
            50.588251
          ],
          [
            5.83967,
            50.5882432
          ],
          [
            5.8391959,
            50.5882137
          ],
          [
            5.8385737,
            50.5881879
          ],
          [
            5.8380433,
            50.5881029
          ],
          [
            5.8372879,
            50.5878829
          ],
          [
            5.8367599,
            50.5877232
          ],
          [
            5.8360615,
            50.5874189
          ],
          [
            5.8358573,
            50.5872154
          ],
          [
            5.8357643,
            50.5869401
          ],
          [
            5.8359167,
            50.5866796
          ],
          [
            5.8364191,
            50.5862945
          ],
          [
            5.8373386,
            50.5856508
          ],
          [
            5.8375531,
            50.5853901
          ],
          [
            5.8378234,
            50.5846994
          ],
          [
            5.8379639,
            50.5843346
          ],
          [
            5.8382037,
            50.5839944
          ],
          [
            5.8382756,
            50.5838744
          ],
          [
            5.8384701,
            50.5834776
          ],
          [
            5.8386153,
            50.5832591
          ],
          [
            5.8387796,
            50.5827254
          ],
          [
            5.838781,
            50.582409
          ],
          [
            5.838761,
            50.5821708
          ],
          [
            5.838717,
            50.5820927
          ],
          [
            5.8384332,
            50.5818182
          ],
          [
            5.8381339,
            50.5814675
          ],
          [
            5.8375331,
            50.5806837
          ],
          [
            5.8365899,
            50.5795404
          ],
          [
            5.835963,
            50.5785739
          ],
          [
            5.8357485,
            50.5781117
          ],
          [
            5.8357718,
            50.5778226
          ],
          [
            5.8359055,
            50.5774963
          ],
          [
            5.8361505,
            50.5769644
          ],
          [
            5.8361617,
            50.57678
          ],
          [
            5.8360113,
            50.5766169
          ],
          [
            5.835137,
            50.5762836
          ],
          [
            5.8345558,
            50.5760552
          ],
          [
            5.8341123,
            50.575943
          ],
          [
            5.8332572,
            50.5758562
          ],
          [
            5.8323718,
            50.5757049
          ],
          [
            5.8309442,
            50.5754308
          ],
          [
            5.8308246,
            50.5753117
          ],
          [
            5.8309052,
            50.5741088
          ],
          [
            5.831151,
            50.5737475
          ],
          [
            5.8313238,
            50.5734447
          ],
          [
            5.8317226,
            50.5724849
          ],
          [
            5.8319763,
            50.5719684
          ],
          [
            5.8323304,
            50.5713074
          ],
          [
            5.832273,
            50.5711219
          ],
          [
            5.8321409,
            50.5710349
          ],
          [
            5.8310657,
            50.5707128
          ],
          [
            5.8299729,
            50.5702816
          ],
          [
            5.829353,
            50.5701131
          ],
          [
            5.8288437,
            50.5700485
          ],
          [
            5.8272433,
            50.5702381
          ],
          [
            5.826378,
            50.5703786
          ],
          [
            5.8259358,
            50.5705201
          ],
          [
            5.8256162,
            50.5707325
          ],
          [
            5.8254588,
            50.5707961
          ],
          [
            5.825203,
            50.5708212
          ],
          [
            5.8245043,
            50.5708648
          ],
          [
            5.8239373,
            50.5708513
          ],
          [
            5.8232566,
            50.5709748
          ],
          [
            5.8223585,
            50.5710653
          ],
          [
            5.8220363,
            50.5710435
          ],
          [
            5.8217356,
            50.5709709
          ],
          [
            5.8207554,
            50.5705545
          ],
          [
            5.8203853,
            50.570392
          ],
          [
            5.8187439,
            50.5696128
          ],
          [
            5.8182572,
            50.5694267
          ],
          [
            5.8175497,
            50.5692445
          ],
          [
            5.8166548,
            50.5691843
          ],
          [
            5.8157079,
            50.5691016
          ],
          [
            5.8132667,
            50.5690367
          ],
          [
            5.8103886,
            50.5689296
          ],
          [
            5.8078102,
            50.5693598
          ],
          [
            5.8059782,
            50.5695339
          ]
        ]
      },
      "id": "way/151300707"
    },
    {
      "type": "Feature",
      "properties": {
        "@id": "way/208867054",
        "intermittent": "no",
        "name": "L'Ourthe",
        "name:fr": "L'Ourthe",
        "waterway": "river"
      },
      "geometry": {
        "type": "LineString",
        "coordinates": [
          [
            5.3858452,
            50.3159587
          ],
          [
            5.3860271,
            50.3161902
          ],
          [
            5.3861328,
            50.3164422
          ],
          [
            5.3861665,
            50.3166489
          ],
          [
            5.3860901,
            50.3167859
          ],
          [
            5.3859162,
            50.3168669
          ]
        ]
      },
      "id": "way/208867054"
    },
    {
      "type": "Feature",
      "properties": {
        "@id": "way/246289262",
        "CEMT": "IV",
        "boat": "yes",
        "name": "La Meuse",
        "name:af": "Die Maas",
        "name:ar": "نهر الميز",
        "name:be": "Мёз (Маас)",
        "name:bg": "Мьоз (Маас)",
        "name:bn": "মোজ নদী",
        "name:br": "Ar Meuse",
        "name:ca": "Mosa",
        "name:cs": "Máza",
        "name:cy": "Afon Meuse (Maas)",
        "name:da": "Maas",
        "name:de": "Maas",
        "name:el": "Μεύσης",
        "name:en": "Meuse",
        "name:eo": "Mozo",
        "name:es": "río Mosa",
        "name:et": "Maas",
        "name:eu": "Mosa",
        "name:fa": "رود) موز)",
        "name:fi": "Maas",
        "name:fr": "La Meuse",
        "name:fy": "Maas",
        "name:gl": "Río Mosa",
        "name:he": "מז",
        "name:hr": "Meuse",
        "name:hu": "Maas (Meuse)",
        "name:hy": "Մաաս",
        "name:it": "Mosa",
        "name:ja": "マース川",
        "name:ka": "მაასი",
        "name:ko": "뫼즈 강 (마스 강)",
        "name:la": "Mosa",
        "name:language": "fr",
        "name:lb": "Meuse",
        "name:li": "Maos (Maas)",
        "name:lt": "Masas (Mezas)",
        "name:lv": "Māsa (Mēza)",
        "name:mk": "Меза (Мас)",
        "name:nl": "Maas",
        "name:nn": "Maas (Meuse)",
        "name:no": "Meuse (Maas)",
        "name:oc": "Mòsa",
        "name:pl": "Moza",
        "name:pt": "Mosa",
        "name:ro": "Meuse",
        "name:ru": "Мёз (Маас)",
        "name:sh": "Meza (Maas)",
        "name:sk": "Mása",
        "name:sr": "Меза (Маас)",
        "name:sv": "Meuse",
        "name:ta": "மியூசே ஆறு",
        "name:th": "แม่น้ำเมิซ",
        "name:tl": "Ilog Mosa",
        "name:tr": "Maas Nehri",
        "name:uk": "Мез (Маас)",
        "name:vi": "Sông Maas",
        "name:wa": "Mouze",
        "name:zh": "默兹河",
        "waterway": "river"
      },
      "geometry": {
        "type": "LineString",
        "coordinates": [
          [
            5.0767473,
            50.4927428
          ],
          [
            5.082393,
            50.4924959
          ],
          [
            5.0853113,
            50.492141
          ],
          [
            5.0892166,
            50.492414
          ],
          [
            5.0922828,
            50.4929747
          ],
          [
            5.0931371,
            50.4932581
          ],
          [
            5.0940816,
            50.4935714
          ],
          [
            5.1085285,
            50.4962634
          ],
          [
            5.1107007,
            50.4968504
          ],
          [
            5.1199439,
            50.4993482
          ],
          [
            5.1291778,
            50.502916
          ],
          [
            5.1316169,
            50.5033608
          ],
          [
            5.1392129,
            50.505135
          ],
          [
            5.1434186,
            50.5076187
          ],
          [
            5.1459936,
            50.5088742
          ],
          [
            5.148826,
            50.509884
          ],
          [
            5.1522163,
            50.5108938
          ],
          [
            5.1610998,
            50.5122583
          ],
          [
            5.1671079,
            50.5133499
          ],
          [
            5.1796821,
            50.5164063
          ],
          [
            5.1871065,
            50.5175797
          ],
          [
            5.1895097,
            50.5180981
          ],
          [
            5.1913551,
            50.5187803
          ],
          [
            5.1928571,
            50.5200082
          ],
          [
            5.1939985,
            50.5212252
          ],
          [
            5.1956466,
            50.5229823
          ],
          [
            5.1976207,
            50.5244829
          ],
          [
            5.2006677,
            50.5259289
          ],
          [
            5.2047017,
            50.5269929
          ],
          [
            5.2093366,
            50.527784
          ],
          [
            5.2120403,
            50.5278386
          ],
          [
            5.213214,
            50.5278114
          ],
          [
            5.2143097,
            50.5277326
          ],
          [
            5.2155175,
            50.5276085
          ],
          [
            5.2173346,
            50.5271532
          ],
          [
            5.2186921,
            50.52672
          ],
          [
            5.2207521,
            50.5256833
          ],
          [
            5.2225545,
            50.5243192
          ],
          [
            5.2240136,
            50.522191
          ],
          [
            5.2242282,
            50.5199263
          ],
          [
            5.224829,
            50.5179344
          ],
          [
            5.2266744,
            50.5166246
          ],
          [
            5.2279619,
            50.5162699
          ],
          [
            5.2296356,
            50.5162153
          ],
          [
            5.2322963,
            50.51657
          ],
          [
            5.2342275,
            50.5171431
          ],
          [
            5.2350858,
            50.5177707
          ],
          [
            5.2366308,
            50.5192169
          ],
          [
            5.2374901,
            50.5199293
          ],
          [
            5.2376419,
            50.5200837
          ],
          [
            5.2381328,
            50.5208813
          ],
          [
            5.2402439,
            50.5251327
          ],
          [
            5.2403247,
            50.5253076
          ],
          [
            5.243111,
            50.5303484
          ],
          [
            5.245128,
            50.532258
          ],
          [
            5.2476171,
            50.5334037
          ],
          [
            5.2516082,
            50.5345766
          ],
          [
            5.2581743,
            50.5360223
          ],
          [
            5.2603488,
            50.5363094
          ],
          [
            5.2637533,
            50.5367588
          ],
          [
            5.264037,
            50.5367712
          ],
          [
            5.2689269,
            50.5369847
          ],
          [
            5.2693752,
            50.5370043
          ],
          [
            5.2712438,
            50.5369941
          ],
          [
            5.274162,
            50.536978
          ],
          [
            5.2743533,
            50.536977
          ],
          [
            5.2773696,
            50.5366717
          ],
          [
            5.2803478,
            50.5362316
          ],
          [
            5.282953,
            50.5354109
          ],
          [
            5.2832898,
            50.5353421
          ],
          [
            5.2847228,
            50.5348909
          ],
          [
            5.2906412,
            50.5334983
          ],
          [
            5.2919788,
            50.5332378
          ]
        ]
      },
      "id": "way/246289262"
    },
    {
      "type": "Feature",
      "properties": {
        "@id": "way/255470434",
        "CEMT": "none",
        "boat": "no",
        "name": "La Meuse",
        "name:af": "Die Maas",
        "name:ar": "نهر الميز",
        "name:be": "Мёз (Маас)",
        "name:bg": "Мьоз (Маас)",
        "name:bn": "মোজ নদী",
        "name:br": "Ar Meuse",
        "name:ca": "Mosa",
        "name:cs": "Máza",
        "name:cy": "Afon Meuse (Maas)",
        "name:da": "Maas",
        "name:de": "Maas",
        "name:el": "Μεύσης",
        "name:en": "Meuse",
        "name:eo": "Mozo",
        "name:es": "río Mosa",
        "name:et": "Maas",
        "name:eu": "Mosa",
        "name:fa": "رود) موز)",
        "name:fi": "Maas",
        "name:fr": "La Meuse",
        "name:fy": "Maas",
        "name:gl": "Río Mosa",
        "name:he": "מז",
        "name:hr": "Meuse",
        "name:hu": "Maas (Meuse)",
        "name:hy": "Մաաս",
        "name:it": "Mosa",
        "name:ja": "マース川",
        "name:ka": "მაასი",
        "name:ko": "뫼즈 강 (마스 강)",
        "name:la": "Mosa",
        "name:language": "fr",
        "name:lb": "Meuse",
        "name:li": "Maos (Maas)",
        "name:lt": "Masas (Mezas)",
        "name:lv": "Māsa (Mēza)",
        "name:mk": "Меза (Мас)",
        "name:nl": "Maas",
        "name:nn": "Maas (Meuse)",
        "name:no": "Meuse (Maas)",
        "name:oc": "Mòsa",
        "name:pl": "Moza",
        "name:pt": "Mosa",
        "name:ro": "Meuse",
        "name:ru": "Мёз (Маас)",
        "name:sh": "Meza (Maas)",
        "name:si": "Meuse (Maas)",
        "name:sk": "Mása",
        "name:sr": "Меза (Маас)",
        "name:sv": "Meuse",
        "name:ta": "மியூசே ஆறு",
        "name:th": "แม่น้ำเมิซ",
        "name:tl": "Ilog Mosa",
        "name:tr": "Maas Nehri",
        "name:uk": "Мез (Маас)",
        "name:vi": "Sông Maas",
        "name:wa": "Mouze",
        "name:zh": "默兹河",
        "waterway": "river"
      },
      "geometry": {
        "type": "LineString",
        "coordinates": [
          [
            5.4475146,
            50.5900469
          ],
          [
            5.4551684,
            50.591606
          ],
          [
            5.4583748,
            50.5919864
          ],
          [
            5.4609343,
            50.5921432
          ],
          [
            5.4611703,
            50.5921697
          ],
          [
            5.4636564,
            50.5923328
          ],
          [
            5.4696331,
            50.5921817
          ]
        ]
      },
      "id": "way/255470434"
    },
    {
      "type": "Feature",
      "properties": {
        "@id": "way/269041097",
        "boat": "no",
        "name": "Amblève",
        "waterway": "river"
      },
      "geometry": {
        "type": "LineString",
        "coordinates": [
          [
            5.877103,
            50.3933448
          ],
          [
            5.8769751,
            50.3934531
          ],
          [
            5.8768454,
            50.3935588
          ],
          [
            5.8767375,
            50.3936595
          ],
          [
            5.8766836,
            50.393666
          ],
          [
            5.8766216,
            50.3936729
          ]
        ]
      },
      "id": "way/269041097"
    },
    {
      "type": "Feature",
      "properties": {
        "@id": "way/299236032",
        "CEMT": "IV",
        "boat": "yes",
        "name": "La Meuse",
        "name:af": "Die Maas",
        "name:ar": "نهر الميز",
        "name:be": "Мёз (Маас)",
        "name:bg": "Мьоз (Маас)",
        "name:bn": "মোজ নদী",
        "name:br": "Ar Meuse",
        "name:ca": "Mosa",
        "name:cs": "Máza",
        "name:cy": "Afon Meuse (Maas)",
        "name:da": "Maas",
        "name:de": "Maas",
        "name:el": "Μεύσης",
        "name:en": "Meuse",
        "name:eo": "Mozo",
        "name:es": "río Mosa",
        "name:et": "Maas",
        "name:eu": "Mosa",
        "name:fa": "رود) موز)",
        "name:fi": "Maas",
        "name:fr": "La Meuse",
        "name:fy": "Maas",
        "name:gl": "Río Mosa",
        "name:he": "מז",
        "name:hr": "Meuse",
        "name:hu": "Maas (Meuse)",
        "name:hy": "Մաաս",
        "name:it": "Mosa",
        "name:ja": "マース川",
        "name:ka": "მაასი",
        "name:ko": "뫼즈 강 (마스 강)",
        "name:la": "Mosa",
        "name:language": "fr",
        "name:lb": "Meuse",
        "name:li": "Maos (Maas)",
        "name:lt": "Masas (Mezas)",
        "name:lv": "Māsa (Mēza)",
        "name:mk": "Меза (Мас)",
        "name:nl": "Maas",
        "name:nn": "Maas (Meuse)",
        "name:no": "Meuse (Maas)",
        "name:oc": "Mòsa",
        "name:pl": "Moza",
        "name:pt": "Mosa",
        "name:ro": "Meuse",
        "name:ru": "Мёз (Маас)",
        "name:sh": "Meza (Maas)",
        "name:si": "Meuse (Maas)",
        "name:sk": "Mása",
        "name:sr": "Меза (Маас)",
        "name:sv": "Meuse",
        "name:ta": "மியூசே ஆறு",
        "name:th": "แม่น้ำเมิซ",
        "name:tl": "Ilog Mosa",
        "name:tr": "Maas Nehri",
        "name:uk": "Мез (Маас)",
        "name:vi": "Sông Maas",
        "name:wa": "Mouze",
        "name:zh": "默兹河",
        "waterway": "river"
      },
      "geometry": {
        "type": "LineString",
        "coordinates": [
          [
            4.9033403,
            50.2700192
          ],
          [
            4.901447,
            50.2722498
          ],
          [
            4.8974988,
            50.2754315
          ],
          [
            4.8955257,
            50.2772218
          ],
          [
            4.894182,
            50.2792575
          ],
          [
            4.8935193,
            50.2820231
          ],
          [
            4.8932149,
            50.2846904
          ],
          [
            4.8929238,
            50.2863032
          ],
          [
            4.8928261,
            50.2880658
          ],
          [
            4.8935074,
            50.290355
          ],
          [
            4.8939257,
            50.290927
          ],
          [
            4.8946552,
            50.2919244
          ],
          [
            4.8952285,
            50.2936494
          ]
        ]
      },
      "id": "way/299236032"
    },
    {
      "type": "Feature",
      "properties": {
        "@id": "way/299236035",
        "name": "La Meuse",
        "name:af": "Die Maas",
        "name:ar": "نهر الميز",
        "name:be": "Мёз (Маас)",
        "name:bg": "Мьоз (Маас)",
        "name:bn": "মোজ নদী",
        "name:br": "Ar Meuse",
        "name:ca": "Mosa",
        "name:cs": "Máza",
        "name:cy": "Afon Meuse (Maas)",
        "name:da": "Maas",
        "name:de": "Maas",
        "name:el": "Μεύσης",
        "name:en": "Meuse",
        "name:eo": "Mozo",
        "name:es": "río Mosa",
        "name:et": "Maas",
        "name:eu": "Mosa",
        "name:fa": "رود) موز)",
        "name:fi": "Maas",
        "name:fr": "La Meuse",
        "name:fy": "Maas",
        "name:gl": "Río Mosa",
        "name:he": "מז",
        "name:hr": "Meuse",
        "name:hu": "Maas (Meuse)",
        "name:hy": "Մաաս",
        "name:it": "Mosa",
        "name:ja": "マース川",
        "name:ka": "მაასი",
        "name:ko": "뫼즈 강 (마스 강)",
        "name:la": "Mosa",
        "name:language": "fr",
        "name:lb": "Meuse",
        "name:li": "Maos (Maas)",
        "name:lt": "Masas (Mezas)",
        "name:lv": "Māsa (Mēza)",
        "name:mk": "Меза (Мас)",
        "name:nl": "Maas",
        "name:nn": "Maas (Meuse)",
        "name:no": "Meuse (Maas)",
        "name:oc": "Mòsa",
        "name:pl": "Moza",
        "name:pt": "Mosa",
        "name:ro": "Meuse",
        "name:ru": "Мёз (Маас)",
        "name:sh": "Meza (Maas)",
        "name:si": "Meuse (Maas)",
        "name:sk": "Mása",
        "name:sr": "Меза (Маас)",
        "name:sv": "Meuse",
        "name:ta": "மியூசே ஆறு",
        "name:th": "แม่น้ำเมิซ",
        "name:tl": "Ilog Mosa",
        "name:tr": "Maas Nehri",
        "name:uk": "Мез (Маас)",
        "name:vi": "Sông Maas",
        "name:wa": "Mouze",
        "name:zh": "默兹河",
        "waterway": "river"
      },
      "geometry": {
        "type": "LineString",
        "coordinates": [
          [
            4.9066823,
            50.26491
          ],
          [
            4.9053471,
            50.2672199
          ],
          [
            4.904638,
            50.268572
          ],
          [
            4.9033403,
            50.2700192
          ]
        ]
      },
      "id": "way/299236035"
    },
    {
      "type": "Feature",
      "properties": {
        "@id": "way/299236279",
        "CEMT": "IV",
        "boat": "yes",
        "name": "La Meuse",
        "name:af": "Die Maas",
        "name:ar": "نهر الميز",
        "name:be": "Мёз (Маас)",
        "name:bg": "Мьоз (Маас)",
        "name:bn": "মোজ নদী",
        "name:br": "Ar Meuse",
        "name:ca": "Mosa",
        "name:cs": "Máza",
        "name:cy": "Afon Meuse (Maas)",
        "name:da": "Maas",
        "name:de": "Maas",
        "name:el": "Μεύσης",
        "name:en": "Meuse",
        "name:eo": "Mozo",
        "name:es": "río Mosa",
        "name:et": "Maas",
        "name:eu": "Mosa",
        "name:fa": "رود) موز)",
        "name:fi": "Maas",
        "name:fr": "La Meuse",
        "name:fy": "Maas",
        "name:gl": "Río Mosa",
        "name:he": "מז",
        "name:hr": "Meuse",
        "name:hu": "Maas (Meuse)",
        "name:hy": "Մաաս",
        "name:it": "Mosa",
        "name:ja": "マース川",
        "name:ka": "მაასი",
        "name:ko": "뫼즈 강 (마스 강)",
        "name:la": "Mosa",
        "name:language": "fr",
        "name:lb": "Meuse",
        "name:li": "Maos (Maas)",
        "name:lt": "Masas (Mezas)",
        "name:lv": "Māsa (Mēza)",
        "name:mk": "Меза (Мас)",
        "name:nl": "Maas",
        "name:nn": "Maas (Meuse)",
        "name:no": "Meuse (Maas)",
        "name:oc": "Mòsa",
        "name:pl": "Moza",
        "name:pt": "Mosa",
        "name:ro": "Meuse",
        "name:ru": "Мёз (Маас)",
        "name:sh": "Meza (Maas)",
        "name:si": "Meuse (Maas)",
        "name:sk": "Mása",
        "name:sr": "Меза (Маас)",
        "name:sv": "Meuse",
        "name:ta": "மியூசே ஆறு",
        "name:th": "แม่น้ำเมิซ",
        "name:tl": "Ilog Mosa",
        "name:tr": "Maas Nehri",
        "name:uk": "Мез (Маас)",
        "name:vi": "Sông Maas",
        "name:wa": "Mouze",
        "name:zh": "默兹河",
        "waterway": "river"
      },
      "geometry": {
        "type": "LineString",
        "coordinates": [
          [
            4.9175228,
            50.2506519
          ],
          [
            4.915517,
            50.25236
          ],
          [
            4.9140587,
            50.2540312
          ],
          [
            4.9128324,
            50.2560573
          ]
        ]
      },
      "id": "way/299236279"
    },
    {
      "type": "Feature",
      "properties": {
        "@id": "way/299236282",
        "name": "La Meuse",
        "name:af": "Die Maas",
        "name:ar": "نهر الميز",
        "name:be": "Мёз (Маас)",
        "name:bg": "Мьоз (Маас)",
        "name:bn": "মোজ নদী",
        "name:br": "Ar Meuse",
        "name:ca": "Mosa",
        "name:cs": "Máza",
        "name:cy": "Afon Meuse (Maas)",
        "name:da": "Maas",
        "name:de": "Maas",
        "name:el": "Μεύσης",
        "name:en": "Meuse",
        "name:eo": "Mozo",
        "name:es": "río Mosa",
        "name:et": "Maas",
        "name:eu": "Mosa",
        "name:fa": "رود) موز)",
        "name:fi": "Maas",
        "name:fr": "La Meuse",
        "name:fy": "Maas",
        "name:gl": "Río Mosa",
        "name:he": "מז",
        "name:hr": "Meuse",
        "name:hu": "Maas (Meuse)",
        "name:hy": "Մաաս",
        "name:it": "Mosa",
        "name:ja": "マース川",
        "name:ka": "მაასი",
        "name:ko": "뫼즈 강 (마스 강)",
        "name:la": "Mosa",
        "name:language": "fr",
        "name:lb": "Meuse",
        "name:li": "Maos (Maas)",
        "name:lt": "Masas (Mezas)",
        "name:lv": "Māsa (Mēza)",
        "name:mk": "Меза (Мас)",
        "name:nl": "Maas",
        "name:nn": "Maas (Meuse)",
        "name:no": "Meuse (Maas)",
        "name:oc": "Mòsa",
        "name:pl": "Moza",
        "name:pt": "Mosa",
        "name:ro": "Meuse",
        "name:ru": "Мёз (Маас)",
        "name:sh": "Meza (Maas)",
        "name:si": "Meuse (Maas)",
        "name:sk": "Mása",
        "name:sr": "Меза (Маас)",
        "name:sv": "Meuse",
        "name:ta": "மியூசே ஆறு",
        "name:th": "แม่น้ำเมิซ",
        "name:tl": "Ilog Mosa",
        "name:tr": "Maas Nehri",
        "name:uk": "Мез (Маас)",
        "name:vi": "Sông Maas",
        "name:wa": "Mouze",
        "name:zh": "默兹河",
        "waterway": "river"
      },
      "geometry": {
        "type": "LineString",
        "coordinates": [
          [
            4.904,
            50.2401389
          ],
          [
            4.9064301,
            50.2394932
          ],
          [
            4.9092259,
            50.2395723
          ],
          [
            4.9125412,
            50.2398896
          ],
          [
            4.9138446,
            50.2400109
          ]
        ]
      },
      "id": "way/299236282"
    },
    {
      "type": "Feature",
      "properties": {
        "@id": "way/299236508",
        "CEMT": "IV",
        "boat": "yes",
        "name": "La Meuse",
        "name:af": "Die Maas",
        "name:ar": "نهر الميز",
        "name:be": "Мёз (Маас)",
        "name:bg": "Мьоз (Маас)",
        "name:bn": "মোজ নদী",
        "name:br": "Ar Meuse",
        "name:ca": "Mosa",
        "name:cs": "Máza",
        "name:cy": "Afon Meuse (Maas)",
        "name:da": "Maas",
        "name:de": "Maas",
        "name:el": "Μεύσης",
        "name:en": "Meuse",
        "name:eo": "Mozo",
        "name:es": "río Mosa",
        "name:et": "Maas",
        "name:eu": "Mosa",
        "name:fa": "رود) موز)",
        "name:fi": "Maas",
        "name:fr": "La Meuse",
        "name:fy": "Maas",
        "name:gl": "Río Mosa",
        "name:he": "מז",
        "name:hr": "Meuse",
        "name:hu": "Maas (Meuse)",
        "name:hy": "Մաաս",
        "name:it": "Mosa",
        "name:ja": "マース川",
        "name:ka": "მაასი",
        "name:ko": "뫼즈 강 (마스 강)",
        "name:la": "Mosa",
        "name:language": "fr",
        "name:lb": "Meuse",
        "name:li": "Maos (Maas)",
        "name:lt": "Masas (Mezas)",
        "name:lv": "Māsa (Mēza)",
        "name:mk": "Меза (Мас)",
        "name:nl": "Maas",
        "name:nn": "Maas (Meuse)",
        "name:no": "Meuse (Maas)",
        "name:oc": "Mòsa",
        "name:pl": "Moza",
        "name:pt": "Mosa",
        "name:ro": "Meuse",
        "name:ru": "Мёз (Маас)",
        "name:sh": "Meza (Maas)",
        "name:si": "Meuse (Maas)",
        "name:sk": "Mása",
        "name:sr": "Меза (Маас)",
        "name:sv": "Meuse",
        "name:ta": "மியூசே ஆறு",
        "name:th": "แม่น้ำเมิซ",
        "name:tl": "Ilog Mosa",
        "name:tr": "Maas Nehri",
        "name:uk": "Мез (Маас)",
        "name:vi": "Sông Maas",
        "name:wa": "Mouze",
        "name:zh": "默兹河",
        "waterway": "river"
      },
      "geometry": {
        "type": "LineString",
        "coordinates": [
          [
            4.8643412,
            50.2010537
          ],
          [
            4.8647996,
            50.2014541
          ],
          [
            4.8661937,
            50.2026716
          ],
          [
            4.8674377,
            50.204201
          ],
          [
            4.8681508,
            50.2059045
          ],
          [
            4.8682535,
            50.2061497
          ],
          [
            4.8685737,
            50.2071182
          ],
          [
            4.8695507,
            50.210073
          ],
          [
            4.870683,
            50.2132688
          ],
          [
            4.8713036,
            50.214397
          ],
          [
            4.8721996,
            50.2154052
          ],
          [
            4.874166,
            50.216417
          ],
          [
            4.8762719,
            50.2170875
          ],
          [
            4.8810539,
            50.2174656
          ],
          [
            4.8851854,
            50.2179077
          ],
          [
            4.8864313,
            50.2180896
          ],
          [
            4.8879677,
            50.2186434
          ],
          [
            4.8895732,
            50.219671
          ],
          [
            4.8909464,
            50.22055
          ],
          [
            4.8917165,
            50.2212245
          ],
          [
            4.8921355,
            50.2220812
          ],
          [
            4.8924215,
            50.2236789
          ],
          [
            4.8898572,
            50.2270256
          ],
          [
            4.8881483,
            50.229863
          ],
          [
            4.8880975,
            50.2320705
          ],
          [
            4.888073,
            50.2331362
          ],
          [
            4.8886808,
            50.2361088
          ],
          [
            4.8912559,
            50.2394629
          ],
          [
            4.8928175,
            50.2407001
          ],
          [
            4.8951928,
            50.2418126
          ],
          [
            4.8961763,
            50.2420511
          ],
          [
            4.8969852,
            50.2421166
          ],
          [
            4.8980544,
            50.2420509
          ],
          [
            4.89887,
            50.2418797
          ],
          [
            4.8995889,
            50.2416193
          ],
          [
            4.9032548,
            50.2403518
          ],
          [
            4.904,
            50.2401389
          ]
        ]
      },
      "id": "way/299236508"
    },
    {
      "type": "Feature",
      "properties": {
        "@id": "way/299521873",
        "boat": "no",
        "name": "Amblève",
        "name:de": "Amel",
        "name:fr": "Amblève",
        "waterway": "river"
      },
      "geometry": {
        "type": "LineString",
        "coordinates": [
          [
            6.0091168,
            50.3870145
          ],
          [
            6.008842,
            50.3870128
          ],
          [
            6.0086722,
            50.3869971
          ],
          [
            6.0084903,
            50.3869647
          ],
          [
            6.0083282,
            50.3869071
          ],
          [
            6.007736,
            50.3867009
          ],
          [
            6.0075914,
            50.3866731
          ],
          [
            6.0074299,
            50.3866719
          ],
          [
            6.0072592,
            50.3867211
          ],
          [
            6.0069661,
            50.3868532
          ],
          [
            6.0067631,
            50.386979
          ],
          [
            6.0066049,
            50.3871055
          ],
          [
            6.0064486,
            50.387198
          ],
          [
            6.0057435,
            50.3873689
          ],
          [
            6.0053355,
            50.3874356
          ],
          [
            6.0049181,
            50.3875385
          ],
          [
            6.0044772,
            50.3876014
          ],
          [
            6.0041599,
            50.3875909
          ],
          [
            6.0038577,
            50.38754
          ],
          [
            6.0035847,
            50.3875267
          ],
          [
            6.0032699,
            50.3875435
          ],
          [
            6.0028464,
            50.3875275
          ],
          [
            6.0025056,
            50.3874585
          ],
          [
            6.0020186,
            50.3872737
          ],
          [
            6.0017181,
            50.3871775
          ],
          [
            6.0014531,
            50.3871747
          ],
          [
            6.0013713,
            50.3873575
          ],
          [
            6.0010472,
            50.3875333
          ],
          [
            6.0007065,
            50.387868
          ],
          [
            6.0005348,
            50.3881874
          ],
          [
            6.0003242,
            50.3882739
          ],
          [
            6.0001725,
            50.3882657
          ],
          [
            6.0000857,
            50.3882158
          ],
          [
            6.0000472,
            50.3880512
          ],
          [
            5.9999956,
            50.3878863
          ],
          [
            5.999789,
            50.3877546
          ],
          [
            5.9994965,
            50.3877199
          ],
          [
            5.9989483,
            50.3877518
          ],
          [
            5.9986011,
            50.3877657
          ],
          [
            5.9981437,
            50.3878533
          ],
          [
            5.9978474,
            50.387842
          ],
          [
            5.9976967,
            50.3877796
          ],
          [
            5.9971508,
            50.3875332
          ],
          [
            5.9966851,
            50.3873126
          ],
          [
            5.9962496,
            50.3870534
          ],
          [
            5.9960031,
            50.3869489
          ],
          [
            5.9958145,
            50.386908
          ],
          [
            5.9955672,
            50.3867584
          ],
          [
            5.9955094,
            50.3866179
          ],
          [
            5.9956205,
            50.3864257
          ],
          [
            5.9956708,
            50.3863226
          ],
          [
            5.9955888,
            50.3862143
          ],
          [
            5.9951718,
            50.386111
          ],
          [
            5.99466,
            50.3860449
          ],
          [
            5.9941333,
            50.3860191
          ],
          [
            5.9931237,
            50.3859991
          ],
          [
            5.9925257,
            50.3860149
          ],
          [
            5.9916905,
            50.3860602
          ],
          [
            5.991601,
            50.3859164
          ],
          [
            5.9914696,
            50.3856096
          ],
          [
            5.9912593,
            50.3848634
          ],
          [
            5.9911268,
            50.3847454
          ],
          [
            5.9909159,
            50.3846619
          ],
          [
            5.9901196,
            50.3848084
          ],
          [
            5.9887235,
            50.3849028
          ],
          [
            5.9873838,
            50.3851055
          ],
          [
            5.9867266,
            50.3851583
          ],
          [
            5.9862811,
            50.3853012
          ],
          [
            5.9859584,
            50.3855875
          ],
          [
            5.985294,
            50.3861769
          ],
          [
            5.9849165,
            50.3867553
          ],
          [
            5.9844504,
            50.3870818
          ],
          [
            5.9831087,
            50.387271
          ],
          [
            5.9811498,
            50.3874971
          ],
          [
            5.9789426,
            50.3879828
          ],
          [
            5.9784705,
            50.3882291
          ],
          [
            5.9783743,
            50.3885481
          ],
          [
            5.9782559,
            50.3889405
          ],
          [
            5.9782093,
            50.3890771
          ],
          [
            5.9780413,
            50.3895698
          ],
          [
            5.9774405,
            50.3902538
          ],
          [
            5.9771184,
            50.3908146
          ],
          [
            5.976668,
            50.391102
          ],
          [
            5.9753145,
            50.3914765
          ],
          [
            5.9743935,
            50.3917313
          ],
          [
            5.9731919,
            50.392169
          ],
          [
            5.9718615,
            50.3933181
          ],
          [
            5.9703764,
            50.3933166
          ],
          [
            5.9694685,
            50.3930059
          ],
          [
            5.9686429,
            50.3923058
          ],
          [
            5.9669982,
            50.3912298
          ],
          [
            5.9659392,
            50.3906095
          ],
          [
            5.9658359,
            50.3905259
          ],
          [
            5.9652672,
            50.390555
          ],
          [
            5.964932,
            50.390555
          ],
          [
            5.9646866,
            50.3905223
          ],
          [
            5.9640656,
            50.3904285
          ],
          [
            5.9638242,
            50.3904661
          ],
          [
            5.9633643,
            50.3905821
          ],
          [
            5.9626236,
            50.390792
          ],
          [
            5.9622056,
            50.3909105
          ],
          [
            5.9618142,
            50.3911642
          ],
          [
            5.9603489,
            50.3921696
          ],
          [
            5.9593052,
            50.3928954
          ],
          [
            5.958429,
            50.3937012
          ],
          [
            5.9578282,
            50.3941389
          ],
          [
            5.9574425,
            50.3941675
          ],
          [
            5.955725,
            50.3937299
          ],
          [
            5.9554249,
            50.3933455
          ],
          [
            5.9546728,
            50.392758
          ],
          [
            5.9536202,
            50.3923618
          ],
          [
            5.9523486,
            50.3921201
          ],
          [
            5.9508759,
            50.3918681
          ],
          [
            5.9504815,
            50.391918
          ],
          [
            5.9500695,
            50.3920969
          ],
          [
            5.9493376,
            50.3925506
          ],
          [
            5.9484817,
            50.3931035
          ],
          [
            5.9477806,
            50.3936533
          ],
          [
            5.9474249,
            50.3939981
          ],
          [
            5.9472938,
            50.3941432
          ],
          [
            5.9470837,
            50.3943636
          ],
          [
            5.9469016,
            50.3945053
          ],
          [
            5.9467753,
            50.3945803
          ],
          [
            5.9466227,
            50.3946546
          ],
          [
            5.9463696,
            50.3947415
          ]
        ]
      },
      "id": "way/299521873"
    },
    {
      "type": "Feature",
      "properties": {
        "@id": "way/368740239",
        "boat": "no",
        "name": "Ourthe",
        "name:ru": "Урт",
        "waterway": "river"
      },
      "geometry": {
        "type": "LineString",
        "coordinates": [
          [
            5.591411,
            50.5848012
          ],
          [
            5.5907017,
            50.585265
          ],
          [
            5.5897575,
            50.5866439
          ],
          [
            5.5893879,
            50.5871566
          ],
          [
            5.5890709,
            50.5876955
          ],
          [
            5.5892512,
            50.5882187
          ],
          [
            5.5892768,
            50.5883277
          ],
          [
            5.5893198,
            50.5888618
          ],
          [
            5.5894486,
            50.5898643
          ],
          [
            5.5895601,
            50.592736
          ],
          [
            5.5897662,
            50.5941636
          ],
          [
            5.5908132,
            50.595542
          ],
          [
            5.5912873,
            50.5960887
          ],
          [
            5.5925134,
            50.5975065
          ],
          [
            5.5926292,
            50.5976404
          ],
          [
            5.5932251,
            50.5983152
          ],
          [
            5.594135,
            50.5990562
          ],
          [
            5.5949675,
            50.5996173
          ],
          [
            5.5956139,
            50.5998605
          ],
          [
            5.5957057,
            50.5998951
          ],
          [
            5.596624,
            50.6001022
          ],
          [
            5.5978825,
            50.6002827
          ],
          [
            5.5984995,
            50.6003448
          ],
          [
            5.5990201,
            50.6003971
          ],
          [
            5.6007479,
            50.6006988
          ],
          [
            5.6016371,
            50.6008588
          ],
          [
            5.6025732,
            50.6011081
          ],
          [
            5.6034733,
            50.6015335
          ],
          [
            5.6046459,
            50.6021652
          ],
          [
            5.6050466,
            50.6024291
          ],
          [
            5.6053884,
            50.6027162
          ],
          [
            5.6056027,
            50.6028925
          ],
          [
            5.6064109,
            50.603641
          ],
          [
            5.6066576,
            50.6038883
          ],
          [
            5.6077391,
            50.6047271
          ],
          [
            5.6098076,
            50.6061871
          ],
          [
            5.6107346,
            50.606966
          ],
          [
            5.6117732,
            50.60799
          ],
          [
            5.6123739,
            50.6087744
          ],
          [
            5.6125628,
            50.6094063
          ],
          [
            5.6127476,
            50.6101062
          ],
          [
            5.6128116,
            50.6103485
          ],
          [
            5.6128975,
            50.6112092
          ],
          [
            5.6127996,
            50.6116342
          ],
          [
            5.6127342,
            50.6119182
          ],
          [
            5.6112063,
            50.6131492
          ],
          [
            5.6098384,
            50.614197
          ],
          [
            5.6089265,
            50.6144075
          ],
          [
            5.6069149,
            50.6146415
          ],
          [
            5.6033271,
            50.6147831
          ],
          [
            5.6007179,
            50.6150554
          ],
          [
            5.5975163,
            50.615747
          ],
          [
            5.5938257,
            50.6169614
          ]
        ]
      },
      "id": "way/368740239"
    },
    {
      "type": "Feature",
      "properties": {
        "@id": "way/371714162",
        "CEMT": "Va",
        "boat": "yes",
        "name": "La Meuse",
        "name:af": "Die Maas",
        "name:ar": "نهر الميز",
        "name:be": "Мёз (Маас)",
        "name:bg": "Мьоз (Маас)",
        "name:bn": "মোজ নদী",
        "name:br": "Ar Meuse",
        "name:ca": "Mosa",
        "name:cs": "Máza",
        "name:cy": "Afon Meuse (Maas)",
        "name:da": "Maas",
        "name:de": "Maas",
        "name:el": "Μεύσης",
        "name:en": "Meuse",
        "name:eo": "Mozo",
        "name:es": "río Mosa",
        "name:et": "Maas",
        "name:eu": "Mosa",
        "name:fa": "رود) موز)",
        "name:fi": "Maas",
        "name:fr": "La Meuse",
        "name:fy": "Maas",
        "name:gl": "Río Mosa",
        "name:he": "מז",
        "name:hr": "Meuse",
        "name:hu": "Maas (Meuse)",
        "name:hy": "Մաաս",
        "name:it": "Mosa",
        "name:ja": "マース川",
        "name:ka": "მაასი",
        "name:ko": "뫼즈 강 (마스 강);뫼즈 강 (마스 강)",
        "name:la": "Mosa",
        "name:language": "fr",
        "name:lb": "Meuse",
        "name:li": "Maos (Maas)",
        "name:lt": "Masas (Mezas)",
        "name:lv": "Māsa (Mēza)",
        "name:mk": "Меза (Мас)",
        "name:nl": "Maas",
        "name:nn": "Maas (Meuse)",
        "name:no": "Meuse (Maas)",
        "name:oc": "Mòsa",
        "name:pl": "Moza",
        "name:pt": "Mosa",
        "name:ro": "Meuse",
        "name:ru": "Мёз (Маас)",
        "name:sh": "Meza (Maas)",
        "name:si": "Meuse (Maas)",
        "name:sk": "Mása",
        "name:sr": "Меза (Маас)",
        "name:sv": "Meuse",
        "name:ta": "மியூசே ஆறு",
        "name:th": "แม่น้ำเมิซ",
        "name:tl": "Ilog Mosa",
        "name:tr": "Maas Nehri",
        "name:uk": "Мез (Маас)",
        "name:vi": "Sông Maas",
        "name:wa": "Mouze",
        "name:zh": "默兹河",
        "waterway": "river"
      },
      "geometry": {
        "type": "LineString",
        "coordinates": [
          [
            5.6433317,
            50.669067
          ],
          [
            5.643434,
            50.67047
          ],
          [
            5.6439929,
            50.671939
          ],
          [
            5.6443957,
            50.6726775
          ],
          [
            5.6446106,
            50.673002
          ],
          [
            5.646002,
            50.6753833
          ],
          [
            5.647583,
            50.677465
          ],
          [
            5.6492092,
            50.6789375
          ],
          [
            5.6516156,
            50.6804733
          ],
          [
            5.6530183,
            50.6815153
          ],
          [
            5.6540161,
            50.6820854
          ],
          [
            5.657712,
            50.683708
          ],
          [
            5.6596636,
            50.6841494
          ],
          [
            5.6655308,
            50.6860134
          ],
          [
            5.6687387,
            50.687536
          ],
          [
            5.6699383,
            50.6882499
          ],
          [
            5.6707558,
            50.6888818
          ],
          [
            5.6722899,
            50.690649
          ],
          [
            5.6741245,
            50.6943191
          ],
          [
            5.6753074,
            50.6965785
          ],
          [
            5.6766978,
            50.7001894
          ],
          [
            5.6793677,
            50.7051202
          ],
          [
            5.6826118,
            50.7104837
          ],
          [
            5.684607,
            50.713488
          ],
          [
            5.6864855,
            50.7157229
          ],
          [
            5.6885217,
            50.7177803
          ],
          [
            5.6900708,
            50.7201333
          ],
          [
            5.6907443,
            50.721463
          ],
          [
            5.6908678,
            50.7219287
          ],
          [
            5.6912631,
            50.7238013
          ],
          [
            5.6920351,
            50.7303659
          ],
          [
            5.6920791,
            50.7315103
          ],
          [
            5.6919827,
            50.7334372
          ],
          [
            5.691854,
            50.7349095
          ],
          [
            5.6909018,
            50.7373591
          ],
          [
            5.6907357,
            50.7378325
          ],
          [
            5.6901789,
            50.7393666
          ],
          [
            5.6881467,
            50.7448421
          ],
          [
            5.687373,
            50.748369
          ],
          [
            5.6865401,
            50.7505825
          ]
        ]
      },
      "id": "way/371714162"
    },
    {
      "type": "Feature",
      "properties": {
        "@id": "way/376246754",
        "name": "Hoëgne",
        "waterway": "river",
        "wikipedia": "de:Hoëgne"
      },
      "geometry": {
        "type": "LineString",
        "coordinates": [
          [
            5.8763042,
            50.5348041
          ],
          [
            5.8757026,
            50.5348603
          ]
        ]
      },
      "id": "way/376246754"
    },
    {
      "type": "Feature",
      "properties": {
        "@id": "way/376246757",
        "name": "Hoëgne",
        "waterway": "river",
        "wikidata": "Q1577827",
        "wikipedia": "fr:Hoëgne"
      },
      "geometry": {
        "type": "LineString",
        "coordinates": [
          [
            5.8757026,
            50.5348603
          ],
          [
            5.8755922,
            50.5348644
          ],
          [
            5.875254,
            50.5348758
          ],
          [
            5.874676,
            50.5349771
          ],
          [
            5.8738557,
            50.5351259
          ],
          [
            5.8735549,
            50.5352079
          ],
          [
            5.8731508,
            50.5352256
          ],
          [
            5.8727207,
            50.53508
          ],
          [
            5.8723107,
            50.5349445
          ],
          [
            5.8719903,
            50.5348745
          ],
          [
            5.8710626,
            50.5348165
          ],
          [
            5.8701429,
            50.5347232
          ],
          [
            5.8697037,
            50.5345949
          ],
          [
            5.8696168,
            50.5345541
          ],
          [
            5.8692473,
            50.5343186
          ],
          [
            5.8688618,
            50.5340292
          ],
          [
            5.8684958,
            50.5338571
          ],
          [
            5.8679971,
            50.5337842
          ],
          [
            5.8675258,
            50.5337639
          ],
          [
            5.8668853,
            50.5337814
          ],
          [
            5.8664461,
            50.5337755
          ],
          [
            5.8658238,
            50.5336763
          ],
          [
            5.864927,
            50.533379
          ],
          [
            5.8635988,
            50.5329226
          ],
          [
            5.8630911,
            50.5327664
          ],
          [
            5.8627744,
            50.5326492
          ],
          [
            5.8625617,
            50.5324568
          ],
          [
            5.862342,
            50.5323
          ],
          [
            5.8620217,
            50.5321862
          ],
          [
            5.8616462,
            50.5321049
          ],
          [
            5.8611535,
            50.5318145
          ],
          [
            5.8607714,
            50.5316498
          ],
          [
            5.8604952,
            50.5315701
          ],
          [
            5.8601297,
            50.5315127
          ],
          [
            5.8599304,
            50.5314996
          ],
          [
            5.8596925,
            50.5315133
          ],
          [
            5.8593474,
            50.531532
          ],
          [
            5.8590689,
            50.5315151
          ],
          [
            5.8587754,
            50.5314691
          ],
          [
            5.858517,
            50.5314031
          ],
          [
            5.858014,
            50.5312579
          ],
          [
            5.8578011,
            50.5312127
          ],
          [
            5.8575637,
            50.5311986
          ],
          [
            5.8573111,
            50.5312069
          ],
          [
            5.8570135,
            50.5313091
          ],
          [
            5.8568462,
            50.5314248
          ],
          [
            5.8567519,
            50.5315654
          ],
          [
            5.8566892,
            50.5317862
          ],
          [
            5.8566026,
            50.5318967
          ],
          [
            5.8564756,
            50.5319649
          ],
          [
            5.8562166,
            50.531949
          ],
          [
            5.8553553,
            50.5317604
          ],
          [
            5.8544952,
            50.5315242
          ],
          [
            5.8536075,
            50.5312092
          ],
          [
            5.852784,
            50.5308418
          ],
          [
            5.8521617,
            50.530448
          ],
          [
            5.8516768,
            50.5301769
          ],
          [
            5.8513427,
            50.5299581
          ],
          [
            5.8509901,
            50.5297545
          ],
          [
            5.8507723,
            50.5296449
          ],
          [
            5.8503161,
            50.5294621
          ],
          [
            5.850091,
            50.5293685
          ],
          [
            5.8497903,
            50.5291942
          ],
          [
            5.8495782,
            50.5290192
          ],
          [
            5.8493799,
            50.5287836
          ],
          [
            5.8492701,
            50.5286492
          ],
          [
            5.8491714,
            50.5285336
          ],
          [
            5.8490947,
            50.5284009
          ],
          [
            5.8490314,
            50.5281684
          ],
          [
            5.8489838,
            50.5280803
          ],
          [
            5.8489241,
            50.5279953
          ],
          [
            5.8488021,
            50.5279108
          ],
          [
            5.8486729,
            50.5278339
          ],
          [
            5.8484824,
            50.5277604
          ],
          [
            5.8482773,
            50.527707
          ],
          [
            5.8478709,
            50.5276125
          ],
          [
            5.8475001,
            50.5275972
          ],
          [
            5.8470609,
            50.5275876
          ],
          [
            5.8467334,
            50.5276072
          ],
          [
            5.8464384,
            50.5276653
          ],
          [
            5.8461812,
            50.5277179
          ],
          [
            5.8459833,
            50.5277173
          ],
          [
            5.8457999,
            50.5277011
          ],
          [
            5.8456587,
            50.5276652
          ],
          [
            5.8455808,
            50.5276277
          ],
          [
            5.8454527,
            50.5275745
          ],
          [
            5.8453686,
            50.5274981
          ],
          [
            5.8450713,
            50.5272374
          ],
          [
            5.8448703,
            50.5270345
          ],
          [
            5.8447436,
            50.5267434
          ],
          [
            5.8447017,
            50.5261793
          ],
          [
            5.8446718,
            50.5258629
          ],
          [
            5.8444267,
            50.5255885
          ],
          [
            5.8440859,
            50.5253407
          ],
          [
            5.8436972,
            50.5250739
          ],
          [
            5.8432666,
            50.5248871
          ],
          [
            5.8426867,
            50.5247156
          ],
          [
            5.8423278,
            50.5245898
          ],
          [
            5.8421185,
            50.5245303
          ],
          [
            5.8419273,
            50.524506
          ],
          [
            5.8416581,
            50.5245211
          ],
          [
            5.8414549,
            50.5245898
          ],
          [
            5.8412755,
            50.5246774
          ],
          [
            5.8408793,
            50.5248262
          ],
          [
            5.8407422,
            50.524861
          ],
          [
            5.8406237,
            50.5248528
          ],
          [
            5.8404503,
            50.524807
          ],
          [
            5.8404287,
            50.5247923
          ],
          [
            5.840235,
            50.5246508
          ],
          [
            5.839948,
            50.5244754
          ],
          [
            5.8397507,
            50.5243954
          ],
          [
            5.8392843,
            50.5243115
          ],
          [
            5.8386325,
            50.5241972
          ],
          [
            5.8380345,
            50.5241019
          ],
          [
            5.8375143,
            50.5240942
          ],
          [
            5.8373978,
            50.5241067
          ],
          [
            5.837187,
            50.5241819
          ],
          [
            5.8369286,
            50.5242297
          ],
          [
            5.8366835,
            50.5243221
          ],
          [
            5.8364048,
            50.5243711
          ],
          [
            5.8359519,
            50.5244945
          ],
          [
            5.8354514,
            50.5245174
          ],
          [
            5.8348753,
            50.5247101
          ],
          [
            5.8343066,
            50.5249075
          ],
          [
            5.8337549,
            50.525029
          ],
          [
            5.8331014,
            50.5252274
          ],
          [
            5.8330357,
            50.5253064
          ],
          [
            5.8329538,
            50.5254614
          ],
          [
            5.8327665,
            50.5258171
          ],
          [
            5.8326792,
            50.5260061
          ],
          [
            5.8325566,
            50.5261889
          ],
          [
            5.8324625,
            50.5264137
          ],
          [
            5.8323844,
            50.5265091
          ],
          [
            5.8322672,
            50.5266238
          ],
          [
            5.8321314,
            50.5267002
          ],
          [
            5.8319542,
            50.5267735
          ],
          [
            5.8316663,
            50.5268387
          ],
          [
            5.8313076,
            50.5269302
          ],
          [
            5.8309487,
            50.5270789
          ],
          [
            5.8306787,
            50.5271675
          ],
          [
            5.8304404,
            50.5272252
          ],
          [
            5.8300309,
            50.5272905
          ],
          [
            5.8296152,
            50.5273379
          ],
          [
            5.8294689,
            50.5273463
          ],
          [
            5.829325,
            50.5273484
          ],
          [
            5.8291842,
            50.5273346
          ],
          [
            5.8290763,
            50.5273209
          ],
          [
            5.828861,
            50.5272545
          ],
          [
            5.8286945,
            50.5271742
          ],
          [
            5.8284886,
            50.5270544
          ],
          [
            5.8282976,
            50.5269252
          ],
          [
            5.8281542,
            50.5268167
          ],
          [
            5.827962,
            50.5267164
          ],
          [
            5.8276306,
            50.5265925
          ],
          [
            5.8274795,
            50.5265686
          ],
          [
            5.8273083,
            50.5265561
          ],
          [
            5.8270844,
            50.5265742
          ],
          [
            5.8268606,
            50.526599
          ],
          [
            5.8266457,
            50.5266107
          ],
          [
            5.8264224,
            50.5266129
          ],
          [
            5.8262129,
            50.5266002
          ],
          [
            5.8260098,
            50.5265687
          ],
          [
            5.8257493,
            50.5264694
          ],
          [
            5.8254761,
            50.5263715
          ],
          [
            5.8251583,
            50.5262631
          ],
          [
            5.8248819,
            50.5261574
          ],
          [
            5.824532,
            50.5260553
          ],
          [
            5.8242551,
            50.5260333
          ],
          [
            5.8239145,
            50.5260789
          ],
          [
            5.8236092,
            50.5261008
          ],
          [
            5.8233427,
            50.5261107
          ],
          [
            5.8227698,
            50.526166
          ],
          [
            5.8224798,
            50.5262185
          ],
          [
            5.8222305,
            50.5263165
          ],
          [
            5.8218041,
            50.5264792
          ],
          [
            5.8213946,
            50.5265992
          ],
          [
            5.8211304,
            50.5266645
          ],
          [
            5.820768,
            50.5266775
          ],
          [
            5.820521,
            50.5268479
          ],
          [
            5.8203598,
            50.52697
          ],
          [
            5.8198311,
            50.5273012
          ],
          [
            5.8190643,
            50.5277498
          ],
          [
            5.8184357,
            50.5280944
          ],
          [
            5.817958,
            50.528435
          ],
          [
            5.8175776,
            50.5287248
          ],
          [
            5.8174026,
            50.5289814
          ],
          [
            5.8171704,
            50.5293324
          ],
          [
            5.8169975,
            50.5297142
          ],
          [
            5.8169021,
            50.5300616
          ],
          [
            5.8167827,
            50.53037
          ],
          [
            5.8167619,
            50.5305468
          ],
          [
            5.816745,
            50.5306905
          ],
          [
            5.8166256,
            50.5308468
          ],
          [
            5.8165193,
            50.530945
          ],
          [
            5.8164824,
            50.5309791
          ],
          [
            5.8163136,
            50.5310408
          ],
          [
            5.8161813,
            50.5311027
          ],
          [
            5.8159769,
            50.5312791
          ],
          [
            5.8158895,
            50.5315127
          ],
          [
            5.8158692,
            50.5316021
          ],
          [
            5.8158447,
            50.5317672
          ],
          [
            5.8158237,
            50.5319312
          ],
          [
            5.81583,
            50.53218
          ],
          [
            5.815851,
            50.5323257
          ],
          [
            5.8159101,
            50.532499
          ],
          [
            5.8160787,
            50.532942
          ],
          [
            5.8162862,
            50.5334347
          ],
          [
            5.816437,
            50.5337712
          ],
          [
            5.816569,
            50.5340036
          ],
          [
            5.8166164,
            50.5340993
          ],
          [
            5.8166313,
            50.534199
          ],
          [
            5.8166032,
            50.5343138
          ],
          [
            5.816553,
            50.5344228
          ],
          [
            5.8164671,
            50.534583
          ],
          [
            5.8163348,
            50.5347386
          ],
          [
            5.8162558,
            50.5348071
          ],
          [
            5.8161797,
            50.5348577
          ],
          [
            5.8160757,
            50.534931
          ],
          [
            5.8156136,
            50.5351532
          ],
          [
            5.8151925,
            50.5353255
          ],
          [
            5.8149003,
            50.535443
          ],
          [
            5.814517,
            50.5356985
          ],
          [
            5.8141328,
            50.5359747
          ],
          [
            5.8139642,
            50.5360958
          ],
          [
            5.8136155,
            50.5363108
          ],
          [
            5.8133105,
            50.5365019
          ],
          [
            5.8131256,
            50.536626
          ],
          [
            5.8128588,
            50.5367337
          ],
          [
            5.8122382,
            50.5370664
          ],
          [
            5.8118347,
            50.5372927
          ],
          [
            5.8114328,
            50.537521
          ],
          [
            5.8106302,
            50.5379787
          ],
          [
            5.8100343,
            50.5383015
          ],
          [
            5.8092887,
            50.5387239
          ],
          [
            5.8091697,
            50.5388188
          ],
          [
            5.8091036,
            50.5388905
          ],
          [
            5.808975,
            50.5390421
          ],
          [
            5.8089195,
            50.5392504
          ],
          [
            5.8088492,
            50.5394574
          ],
          [
            5.8087114,
            50.5398591
          ],
          [
            5.8084418,
            50.5405583
          ],
          [
            5.8082463,
            50.5411063
          ],
          [
            5.8080824,
            50.5415908
          ],
          [
            5.8080103,
            50.5418291
          ],
          [
            5.8079619,
            50.5420773
          ],
          [
            5.8079837,
            50.542211
          ],
          [
            5.8079113,
            50.5423253
          ],
          [
            5.8078866,
            50.5424797
          ],
          [
            5.8078936,
            50.5426492
          ],
          [
            5.8077886,
            50.5430021
          ],
          [
            5.8077327,
            50.5432294
          ],
          [
            5.8077044,
            50.5434594
          ],
          [
            5.807651,
            50.5438672
          ],
          [
            5.8076816,
            50.5440535
          ],
          [
            5.8078198,
            50.5442096
          ],
          [
            5.808021,
            50.5443378
          ],
          [
            5.8083101,
            50.5445341
          ],
          [
            5.80875,
            50.5448625
          ],
          [
            5.8090958,
            50.5451709
          ],
          [
            5.80911,
            50.5452041
          ],
          [
            5.8091966,
            50.5454068
          ],
          [
            5.8091879,
            50.5455329
          ],
          [
            5.809147,
            50.545663
          ],
          [
            5.8090495,
            50.5458223
          ],
          [
            5.8089358,
            50.5459431
          ],
          [
            5.8086857,
            50.5463668
          ],
          [
            5.8084463,
            50.5467298
          ],
          [
            5.8080162,
            50.5474118
          ],
          [
            5.807718,
            50.5478381
          ],
          [
            5.8075413,
            50.5480163
          ],
          [
            5.8072991,
            50.5481404
          ],
          [
            5.8068102,
            50.5484164
          ],
          [
            5.806658,
            50.5485042
          ],
          [
            5.8065718,
            50.5485533
          ],
          [
            5.8065225,
            50.5486017
          ],
          [
            5.8063154,
            50.5488104
          ],
          [
            5.80607,
            50.5491014
          ],
          [
            5.8058742,
            50.5493444
          ],
          [
            5.8057342,
            50.5495078
          ],
          [
            5.8055147,
            50.5497587
          ],
          [
            5.8053485,
            50.5500167
          ],
          [
            5.8052743,
            50.5501457
          ],
          [
            5.805213,
            50.5502747
          ],
          [
            5.8050952,
            50.5505358
          ],
          [
            5.8049023,
            50.5510524
          ],
          [
            5.8048029,
            50.5513515
          ],
          [
            5.8046579,
            50.5516972
          ],
          [
            5.8045112,
            50.5520687
          ],
          [
            5.8044429,
            50.5524856
          ],
          [
            5.8044342,
            50.5527675
          ],
          [
            5.8044345,
            50.5529071
          ],
          [
            5.8044494,
            50.5530416
          ],
          [
            5.8044966,
            50.553212
          ],
          [
            5.8045705,
            50.5533782
          ],
          [
            5.8046733,
            50.553573
          ],
          [
            5.8047379,
            50.5536689
          ],
          [
            5.8048314,
            50.5537802
          ],
          [
            5.8049474,
            50.5538783
          ],
          [
            5.8052534,
            50.5540831
          ],
          [
            5.8055813,
            50.5542651
          ],
          [
            5.8058946,
            50.5544442
          ],
          [
            5.8060132,
            50.5545211
          ],
          [
            5.8062234,
            50.5546978
          ],
          [
            5.8064307,
            50.554886
          ],
          [
            5.8066193,
            50.5552064
          ],
          [
            5.8066651,
            50.5553328
          ],
          [
            5.8066776,
            50.5554116
          ],
          [
            5.8066508,
            50.5555187
          ],
          [
            5.8065628,
            50.5556508
          ],
          [
            5.806481,
            50.5559551
          ],
          [
            5.8063867,
            50.5563835
          ],
          [
            5.8063993,
            50.5566158
          ],
          [
            5.8065565,
            50.5567759
          ],
          [
            5.8068267,
            50.5570282
          ],
          [
            5.8071347,
            50.5572124
          ],
          [
            5.8076501,
            50.5573965
          ],
          [
            5.8084043,
            50.5576808
          ],
          [
            5.808794,
            50.557801
          ],
          [
            5.8090868,
            50.5578989
          ],
          [
            5.8095483,
            50.5580532
          ],
          [
            5.8102334,
            50.5582374
          ],
          [
            5.8106985,
            50.5583134
          ],
          [
            5.8115031,
            50.5584376
          ],
          [
            5.8120035,
            50.5585157
          ],
          [
            5.8122124,
            50.5585769
          ],
          [
            5.8128607,
            50.5587739
          ],
          [
            5.8136966,
            50.5590381
          ],
          [
            5.8147085,
            50.5594225
          ],
          [
            5.815038,
            50.5595855
          ],
          [
            5.8151394,
            50.5597465
          ],
          [
            5.8150753,
            50.5599612
          ],
          [
            5.8146615,
            50.5605726
          ],
          [
            5.8140389,
            50.5612718
          ],
          [
            5.8136724,
            50.561768
          ],
          [
            5.8134475,
            50.562499
          ],
          [
            5.8133698,
            50.5626895
          ],
          [
            5.8132943,
            50.5628736
          ],
          [
            5.8132503,
            50.5630658
          ],
          [
            5.8131372,
            50.5631259
          ],
          [
            5.8130273,
            50.5631481
          ],
          [
            5.8128795,
            50.5631779
          ],
          [
            5.8126721,
            50.5632059
          ],
          [
            5.8121881,
            50.5632059
          ],
          [
            5.8115408,
            50.5631819
          ],
          [
            5.811027,
            50.5631895
          ],
          [
            5.8105477,
            50.5631899
          ],
          [
            5.8101547,
            50.5631255
          ],
          [
            5.8098246,
            50.5630173
          ],
          [
            5.8094163,
            50.5629017
          ],
          [
            5.8090078,
            50.5628496
          ],
          [
            5.8087249,
            50.5628697
          ],
          [
            5.8085049,
            50.5629177
          ],
          [
            5.8077884,
            50.5630698
          ],
          [
            5.8070027,
            50.5632019
          ],
          [
            5.806481,
            50.563258
          ],
          [
            5.8060317,
            50.5632708
          ],
          [
            5.8056439,
            50.5631334
          ],
          [
            5.8054817,
            50.5630138
          ],
          [
            5.8049097,
            50.5626935
          ],
          [
            5.8039665,
            50.5622388
          ],
          [
            5.8034963,
            50.5620846
          ],
          [
            5.8031649,
            50.5620417
          ],
          [
            5.8023457,
            50.5620604
          ],
          [
            5.8017471,
            50.5620902
          ],
          [
            5.8016005,
            50.5620974
          ],
          [
            5.8009165,
            50.5620731
          ],
          [
            5.8006821,
            50.5621647
          ],
          [
            5.8003731,
            50.5625778
          ],
          [
            5.8003231,
            50.5629462
          ],
          [
            5.7998556,
            50.5643768
          ],
          [
            5.7997077,
            50.5647346
          ],
          [
            5.7993824,
            50.5650738
          ],
          [
            5.7991459,
            50.5653375
          ],
          [
            5.7990867,
            50.5655447
          ],
          [
            5.7992198,
            50.5657707
          ],
          [
            5.7995451,
            50.5660062
          ],
          [
            5.7998556,
            50.5662793
          ],
          [
            5.8001896,
            50.5666868
          ],
          [
            5.8003141,
            50.5668349
          ],
          [
            5.8004471,
            50.5671457
          ],
          [
            5.8009942,
            50.5678144
          ],
          [
            5.801273,
            50.5683366
          ],
          [
            5.8015117,
            50.5684925
          ],
          [
            5.8018895,
            50.5690663
          ]
        ]
      },
      "id": "way/376246757"
    },
    {
      "type": "Feature",
      "properties": {
        "@id": "way/376357069",
        "name": "Hoëgne",
        "waterway": "river",
        "wikipedia": "de:Hoëgne"
      },
      "geometry": {
        "type": "LineString",
        "coordinates": [
          [
            5.9178626,
            50.5423932
          ],
          [
            5.9175905,
            50.542619
          ],
          [
            5.9169616,
            50.5430602
          ],
          [
            5.9165889,
            50.5431299
          ],
          [
            5.9162862,
            50.5430219
          ],
          [
            5.9158457,
            50.5427341
          ],
          [
            5.9155128,
            50.5423676
          ],
          [
            5.9153107,
            50.5421523
          ],
          [
            5.9151185,
            50.5419493
          ],
          [
            5.9149821,
            50.5417964
          ],
          [
            5.9149016,
            50.5416876
          ],
          [
            5.9147752,
            50.5415115
          ],
          [
            5.9147024,
            50.5414155
          ],
          [
            5.9146117,
            50.5413313
          ],
          [
            5.914537,
            50.5412909
          ],
          [
            5.9144461,
            50.5412569
          ],
          [
            5.9143329,
            50.5412196
          ],
          [
            5.9141857,
            50.5411751
          ],
          [
            5.914039,
            50.541142
          ],
          [
            5.913872,
            50.5411133
          ],
          [
            5.9136632,
            50.541088
          ],
          [
            5.9133376,
            50.5410584
          ],
          [
            5.9129892,
            50.5410427
          ],
          [
            5.9127732,
            50.5410488
          ],
          [
            5.9125632,
            50.5410685
          ],
          [
            5.9122977,
            50.541104
          ],
          [
            5.9119511,
            50.5411606
          ],
          [
            5.9116951,
            50.5412158
          ],
          [
            5.9114317,
            50.5412933
          ],
          [
            5.9112552,
            50.5413498
          ],
          [
            5.9110681,
            50.5414042
          ],
          [
            5.9109275,
            50.5414336
          ],
          [
            5.9107269,
            50.5414572
          ],
          [
            5.9105186,
            50.5414611
          ],
          [
            5.9102838,
            50.5414512
          ],
          [
            5.9100944,
            50.5414349
          ],
          [
            5.9097606,
            50.5413991
          ],
          [
            5.9096944,
            50.5413913
          ],
          [
            5.9095549,
            50.5413682
          ],
          [
            5.9094244,
            50.5413458
          ],
          [
            5.9090411,
            50.5412785
          ],
          [
            5.9089175,
            50.5412644
          ],
          [
            5.9088067,
            50.5412519
          ],
          [
            5.9086353,
            50.5412422
          ],
          [
            5.9085145,
            50.5412351
          ],
          [
            5.9082594,
            50.541235
          ],
          [
            5.9081916,
            50.541235
          ],
          [
            5.9079779,
            50.5412402
          ],
          [
            5.9078952,
            50.5412424
          ],
          [
            5.9077377,
            50.5412548
          ],
          [
            5.9076716,
            50.5412603
          ],
          [
            5.9074927,
            50.5412852
          ],
          [
            5.9074177,
            50.5412989
          ],
          [
            5.9071508,
            50.541351
          ],
          [
            5.9068855,
            50.5414057
          ],
          [
            5.9067008,
            50.5414453
          ],
          [
            5.9065722,
            50.5414726
          ],
          [
            5.9063387,
            50.5415254
          ],
          [
            5.9061027,
            50.5415785
          ],
          [
            5.905995,
            50.5416025
          ],
          [
            5.9059034,
            50.541623
          ],
          [
            5.905651,
            50.5416736
          ],
          [
            5.9054734,
            50.541698
          ],
          [
            5.9051458,
            50.541717
          ],
          [
            5.9050191,
            50.541725
          ],
          [
            5.9048069,
            50.5417467
          ],
          [
            5.9046776,
            50.5417664
          ],
          [
            5.9045747,
            50.5417826
          ],
          [
            5.9044145,
            50.541801
          ],
          [
            5.9042445,
            50.541821
          ],
          [
            5.9041129,
            50.5418322
          ],
          [
            5.9038696,
            50.5418534
          ],
          [
            5.9036377,
            50.5418609
          ],
          [
            5.9035231,
            50.5418543
          ],
          [
            5.9034284,
            50.5418332
          ],
          [
            5.9032973,
            50.5417982
          ],
          [
            5.9030022,
            50.5417099
          ],
          [
            5.9028039,
            50.541641
          ],
          [
            5.902688,
            50.5416007
          ],
          [
            5.902612,
            50.5415661
          ],
          [
            5.9025271,
            50.5415096
          ],
          [
            5.9024311,
            50.5414363
          ],
          [
            5.9023254,
            50.5413665
          ],
          [
            5.9021828,
            50.5412962
          ],
          [
            5.9021023,
            50.5412564
          ],
          [
            5.9019719,
            50.5411766
          ],
          [
            5.9018129,
            50.5410547
          ],
          [
            5.9017333,
            50.5409955
          ],
          [
            5.9016172,
            50.5409107
          ],
          [
            5.9014794,
            50.5408104
          ],
          [
            5.9013714,
            50.540744
          ],
          [
            5.9013031,
            50.5407174
          ],
          [
            5.9012552,
            50.5407058
          ],
          [
            5.9012098,
            50.5406957
          ],
          [
            5.9010658,
            50.5406879
          ],
          [
            5.9009303,
            50.5406988
          ],
          [
            5.9008087,
            50.5407295
          ],
          [
            5.9006921,
            50.5407772
          ],
          [
            5.9005349,
            50.5408569
          ],
          [
            5.9003842,
            50.5409119
          ],
          [
            5.9003509,
            50.5409231
          ],
          [
            5.9002344,
            50.5409503
          ],
          [
            5.9000703,
            50.5409864
          ],
          [
            5.8998584,
            50.5410306
          ],
          [
            5.8996388,
            50.5410758
          ],
          [
            5.899418,
            50.5411206
          ],
          [
            5.8991739,
            50.541178
          ],
          [
            5.8989637,
            50.5412395
          ],
          [
            5.8988954,
            50.5412583
          ],
          [
            5.8986864,
            50.5413291
          ],
          [
            5.8985884,
            50.5413778
          ],
          [
            5.8985397,
            50.5414169
          ],
          [
            5.8985,
            50.5414485
          ],
          [
            5.8984401,
            50.5415206
          ],
          [
            5.898374,
            50.5416224
          ],
          [
            5.8983001,
            50.5417377
          ],
          [
            5.8982272,
            50.5418526
          ],
          [
            5.8981661,
            50.541952
          ],
          [
            5.8981045,
            50.5420178
          ],
          [
            5.8980307,
            50.5420775
          ],
          [
            5.8979445,
            50.5421329
          ],
          [
            5.8977736,
            50.5422309
          ],
          [
            5.8977192,
            50.5422628
          ],
          [
            5.8975431,
            50.5423479
          ],
          [
            5.8974193,
            50.5423944
          ],
          [
            5.8973846,
            50.5424068
          ],
          [
            5.8973314,
            50.5424205
          ],
          [
            5.8972388,
            50.5424432
          ],
          [
            5.8971547,
            50.5424582
          ],
          [
            5.8970118,
            50.5424843
          ],
          [
            5.8969268,
            50.5424886
          ],
          [
            5.89685,
            50.5424806
          ],
          [
            5.8967752,
            50.5424617
          ],
          [
            5.8966971,
            50.5424286
          ],
          [
            5.8966408,
            50.5423877
          ],
          [
            5.8965964,
            50.5423415
          ],
          [
            5.8965586,
            50.5422727
          ],
          [
            5.8964871,
            50.5421214
          ],
          [
            5.8964166,
            50.541993
          ],
          [
            5.896338,
            50.5419085
          ],
          [
            5.896217,
            50.5418383
          ],
          [
            5.8960767,
            50.5417866
          ],
          [
            5.8958714,
            50.5417517
          ],
          [
            5.8957048,
            50.5417467
          ],
          [
            5.8955544,
            50.5417601
          ],
          [
            5.8954146,
            50.5417912
          ],
          [
            5.8952621,
            50.5418391
          ],
          [
            5.8950871,
            50.5418889
          ],
          [
            5.8949688,
            50.5419079
          ],
          [
            5.8948328,
            50.5419036
          ],
          [
            5.8947305,
            50.5418837
          ],
          [
            5.8947083,
            50.5418783
          ],
          [
            5.8946449,
            50.5418554
          ],
          [
            5.894567,
            50.5418284
          ],
          [
            5.8944924,
            50.5417869
          ],
          [
            5.8943482,
            50.5417051
          ],
          [
            5.8941838,
            50.5416104
          ],
          [
            5.8940793,
            50.5415685
          ],
          [
            5.8939988,
            50.5415522
          ],
          [
            5.8938666,
            50.5415357
          ],
          [
            5.8937334,
            50.5415176
          ],
          [
            5.8936189,
            50.541491
          ],
          [
            5.8934793,
            50.5414475
          ],
          [
            5.8933824,
            50.541417
          ],
          [
            5.8933139,
            50.5413957
          ],
          [
            5.8932084,
            50.5413676
          ],
          [
            5.8930665,
            50.5413308
          ],
          [
            5.8928482,
            50.5412883
          ],
          [
            5.8927462,
            50.5412688
          ],
          [
            5.8926816,
            50.5412589
          ],
          [
            5.8924968,
            50.5412406
          ],
          [
            5.8923105,
            50.5412645
          ],
          [
            5.8921857,
            50.5413043
          ],
          [
            5.8920674,
            50.5413488
          ],
          [
            5.8918227,
            50.5416239
          ],
          [
            5.8917376,
            50.5416891
          ],
          [
            5.8915983,
            50.5417221
          ],
          [
            5.8913939,
            50.5417615
          ],
          [
            5.8911977,
            50.5417759
          ],
          [
            5.8910748,
            50.5417808
          ],
          [
            5.8909502,
            50.5417773
          ],
          [
            5.8906814,
            50.5417422
          ],
          [
            5.8904634,
            50.541695
          ],
          [
            5.8902815,
            50.5416206
          ],
          [
            5.8899695,
            50.5414625
          ],
          [
            5.8896121,
            50.5413253
          ],
          [
            5.8894033,
            50.5412652
          ],
          [
            5.8893705,
            50.5412558
          ],
          [
            5.8891601,
            50.541195
          ],
          [
            5.8887606,
            50.5411406
          ],
          [
            5.8883458,
            50.5410855
          ],
          [
            5.8879751,
            50.5410542
          ],
          [
            5.8875599,
            50.5410296
          ],
          [
            5.8873196,
            50.5410241
          ],
          [
            5.8869944,
            50.5409687
          ],
          [
            5.8865403,
            50.5408413
          ],
          [
            5.8864541,
            50.5407912
          ],
          [
            5.8863795,
            50.5407348
          ],
          [
            5.8862646,
            50.5406002
          ],
          [
            5.8861348,
            50.5404238
          ],
          [
            5.8860707,
            50.5403387
          ],
          [
            5.8859952,
            50.5402588
          ],
          [
            5.8858907,
            50.5401985
          ],
          [
            5.8857732,
            50.5401445
          ],
          [
            5.8856363,
            50.540098
          ],
          [
            5.885502,
            50.5400635
          ],
          [
            5.8848949,
            50.5398784
          ],
          [
            5.8841582,
            50.539472
          ],
          [
            5.8837926,
            50.5392088
          ],
          [
            5.8836372,
            50.5391195
          ],
          [
            5.8833872,
            50.538949
          ],
          [
            5.883084,
            50.5388155
          ],
          [
            5.8829525,
            50.5387677
          ],
          [
            5.8827181,
            50.538697
          ],
          [
            5.8824331,
            50.5386141
          ],
          [
            5.8821423,
            50.5385034
          ],
          [
            5.8818631,
            50.5383719
          ],
          [
            5.8815373,
            50.5381688
          ],
          [
            5.8813959,
            50.5380419
          ],
          [
            5.881315,
            50.5379484
          ],
          [
            5.881212,
            50.5378177
          ],
          [
            5.8810971,
            50.537706
          ],
          [
            5.8809366,
            50.5376158
          ],
          [
            5.880739,
            50.5374965
          ],
          [
            5.8805277,
            50.5373938
          ],
          [
            5.8801962,
            50.5372411
          ],
          [
            5.8798724,
            50.5370529
          ],
          [
            5.879524,
            50.536847
          ],
          [
            5.8792087,
            50.5366376
          ],
          [
            5.8790226,
            50.5364737
          ],
          [
            5.8786485,
            50.5360213
          ],
          [
            5.8785616,
            50.5358953
          ],
          [
            5.8784925,
            50.5357847
          ],
          [
            5.8784049,
            50.535674
          ],
          [
            5.8779878,
            50.5353592
          ],
          [
            5.8777693,
            50.5352265
          ],
          [
            5.8775435,
            50.5350984
          ],
          [
            5.8773017,
            50.5349821
          ],
          [
            5.8770575,
            50.5348828
          ],
          [
            5.8769374,
            50.5348485
          ],
          [
            5.8768077,
            50.5348174
          ],
          [
            5.8765457,
            50.5348031
          ],
          [
            5.8763042,
            50.5348041
          ]
        ]
      },
      "id": "way/376357069"
    },
    {
      "type": "Feature",
      "properties": {
        "@id": "way/413419026",
        "boat": "no",
        "name": "Vesdre",
        "name:de": "Weser",
        "name:en": "Vesdre",
        "name:fr": "Vesdre",
        "name:lb": "Weser",
        "name:nl": "Vesder",
        "name:wa": "Vesse",
        "source": "survey, landsat, srtm, PPNC",
        "waterway": "river",
        "wikidata": "Q707598"
      },
      "geometry": {
        "type": "LineString",
        "coordinates": [
          [
            6.0205765,
            50.6139507
          ],
          [
            6.0193746,
            50.6135669
          ],
          [
            6.0190288,
            50.6134249
          ],
          [
            6.0187275,
            50.6131931
          ],
          [
            6.0185206,
            50.6129623
          ],
          [
            6.0182229,
            50.6125257
          ],
          [
            6.0180188,
            50.6122712
          ],
          [
            6.0177265,
            50.6120908
          ],
          [
            6.0174576,
            50.6119671
          ],
          [
            6.0170906,
            50.6118807
          ],
          [
            6.0167541,
            50.6118568
          ],
          [
            6.0164209,
            50.6118677
          ],
          [
            6.0162157,
            50.6118682
          ],
          [
            6.0158649,
            50.6118431
          ],
          [
            6.0153672,
            50.6117571
          ],
          [
            6.0145382,
            50.6115452
          ],
          [
            6.013673,
            50.6111719
          ],
          [
            6.0134642,
            50.611132
          ],
          [
            6.0124618,
            50.6110505
          ],
          [
            6.0121285,
            50.6110161
          ],
          [
            6.0117052,
            50.6109517
          ],
          [
            6.0107365,
            50.6108672
          ],
          [
            6.0097976,
            50.6108283
          ],
          [
            6.0092579,
            50.610732
          ],
          [
            6.0087973,
            50.6105624
          ],
          [
            6.0083447,
            50.6103183
          ],
          [
            6.0078767,
            50.6101174
          ],
          [
            6.0077001,
            50.6100228
          ],
          [
            6.0075142,
            50.6099233
          ],
          [
            6.0072972,
            50.609879
          ],
          [
            6.0059632,
            50.6097051
          ],
          [
            6.0036275,
            50.6096217
          ],
          [
            6.0030033,
            50.6097447
          ],
          [
            6.0011824,
            50.6100948
          ],
          [
            6.0007447,
            50.610179
          ],
          [
            5.998752,
            50.6104692
          ],
          [
            5.9983785,
            50.610511
          ],
          [
            5.9977202,
            50.6105371
          ],
          [
            5.9973339,
            50.6105346
          ],
          [
            5.9970212,
            50.610545
          ],
          [
            5.9957611,
            50.6107635
          ],
          [
            5.9954463,
            50.6108352
          ],
          [
            5.9946936,
            50.611005
          ],
          [
            5.9941311,
            50.6110986
          ],
          [
            5.9936131,
            50.6111585
          ],
          [
            5.9929486,
            50.6111819
          ],
          [
            5.991421,
            50.6110762
          ],
          [
            5.9907213,
            50.6109506
          ],
          [
            5.9905758,
            50.6109351
          ],
          [
            5.9905157,
            50.6109318
          ],
          [
            5.9897798,
            50.6109251
          ],
          [
            5.98927,
            50.6108685
          ],
          [
            5.9881549,
            50.6108897
          ],
          [
            5.9873202,
            50.6109119
          ],
          [
            5.9864022,
            50.6111029
          ],
          [
            5.9862601,
            50.6111238
          ],
          [
            5.9860229,
            50.6111707
          ],
          [
            5.9857567,
            50.6111021
          ],
          [
            5.9855634,
            50.611044
          ],
          [
            5.9854137,
            50.6109421
          ],
          [
            5.9845328,
            50.6104444
          ],
          [
            5.9840917,
            50.6102715
          ],
          [
            5.9838446,
            50.6101176
          ],
          [
            5.9837199,
            50.6100297
          ],
          [
            5.9825969,
            50.609191
          ],
          [
            5.9821406,
            50.6088222
          ],
          [
            5.9815904,
            50.6082917
          ],
          [
            5.9811087,
            50.607926
          ],
          [
            5.9809683,
            50.607834
          ],
          [
            5.9804626,
            50.6075175
          ],
          [
            5.9798466,
            50.6069714
          ],
          [
            5.9792346,
            50.6064596
          ],
          [
            5.9786556,
            50.6060333
          ],
          [
            5.9784993,
            50.605933
          ],
          [
            5.9778059,
            50.6054879
          ],
          [
            5.9766166,
            50.6047652
          ],
          [
            5.9754465,
            50.6038607
          ],
          [
            5.9753125,
            50.6037375
          ],
          [
            5.9748331,
            50.6033922
          ],
          [
            5.974504,
            50.6031601
          ],
          [
            5.974403,
            50.6030985
          ],
          [
            5.9743257,
            50.6030658
          ],
          [
            5.9741305,
            50.6030382
          ],
          [
            5.9737268,
            50.6030241
          ],
          [
            5.9735487,
            50.6030143
          ],
          [
            5.9733688,
            50.6030228
          ],
          [
            5.9731966,
            50.60301
          ],
          [
            5.9728292,
            50.6029503
          ],
          [
            5.9725107,
            50.6028811
          ],
          [
            5.9717789,
            50.6026852
          ],
          [
            5.9706081,
            50.6024763
          ],
          [
            5.9701893,
            50.602488
          ],
          [
            5.9697701,
            50.6026119
          ],
          [
            5.9696877,
            50.6026564
          ],
          [
            5.9694978,
            50.6027458
          ],
          [
            5.9691459,
            50.6029855
          ],
          [
            5.9688763,
            50.6032333
          ],
          [
            5.9688706,
            50.6034005
          ],
          [
            5.9687957,
            50.6036775
          ],
          [
            5.9686676,
            50.6038848
          ],
          [
            5.9685941,
            50.6042983
          ],
          [
            5.9685556,
            50.6046356
          ],
          [
            5.9684885,
            50.6047806
          ],
          [
            5.9682962,
            50.6049202
          ],
          [
            5.9676149,
            50.6052344
          ],
          [
            5.9669525,
            50.6054819
          ],
          [
            5.9667333,
            50.605579
          ],
          [
            5.9660296,
            50.6060256
          ],
          [
            5.9652867,
            50.6064593
          ],
          [
            5.9642279,
            50.6071932
          ],
          [
            5.9637582,
            50.6075911
          ],
          [
            5.9634153,
            50.6077721
          ],
          [
            5.9628471,
            50.6080001
          ],
          [
            5.9625979,
            50.6081483
          ],
          [
            5.9624039,
            50.6083205
          ],
          [
            5.9621351,
            50.6088365
          ],
          [
            5.9617908,
            50.609032
          ],
          [
            5.9614999,
            50.609133
          ],
          [
            5.9608343,
            50.6092969
          ],
          [
            5.9598885,
            50.6097307
          ],
          [
            5.9592704,
            50.6099517
          ],
          [
            5.9585219,
            50.6101862
          ],
          [
            5.9582962,
            50.6102442
          ],
          [
            5.9581052,
            50.6102875
          ],
          [
            5.9572499,
            50.6103599
          ],
          [
            5.9564115,
            50.6104398
          ],
          [
            5.9557599,
            50.610551
          ],
          [
            5.9554964,
            50.6106179
          ],
          [
            5.955105,
            50.6107305
          ],
          [
            5.9548008,
            50.6109057
          ],
          [
            5.9544432,
            50.6111648
          ],
          [
            5.9542658,
            50.6114221
          ],
          [
            5.9541794,
            50.6116209
          ],
          [
            5.9540722,
            50.6117849
          ],
          [
            5.9536935,
            50.6119789
          ],
          [
            5.953315,
            50.612135
          ],
          [
            5.95294,
            50.61219
          ],
          [
            5.9526501,
            50.6121913
          ],
          [
            5.95231,
            50.6120999
          ],
          [
            5.9522269,
            50.611985
          ],
          [
            5.9523221,
            50.6117709
          ],
          [
            5.9522607,
            50.6114864
          ],
          [
            5.9522599,
            50.6111799
          ],
          [
            5.9520531,
            50.610836
          ],
          [
            5.9517113,
            50.6104628
          ],
          [
            5.9516173,
            50.6103592
          ],
          [
            5.9509973,
            50.6100465
          ],
          [
            5.9506839,
            50.6099307
          ],
          [
            5.9499769,
            50.6097494
          ],
          [
            5.9493968,
            50.6097369
          ],
          [
            5.9485373,
            50.6098565
          ],
          [
            5.9480586,
            50.6099249
          ],
          [
            5.9475314,
            50.6101665
          ],
          [
            5.9459196,
            50.6112083
          ],
          [
            5.9454093,
            50.6116695
          ],
          [
            5.9451403,
            50.6121327
          ],
          [
            5.9450115,
            50.6122238
          ],
          [
            5.9442719,
            50.6124679
          ],
          [
            5.9437746,
            50.6126066
          ],
          [
            5.9433871,
            50.6127823
          ],
          [
            5.9430145,
            50.6130084
          ],
          [
            5.9426936,
            50.6133561
          ],
          [
            5.9425148,
            50.6139184
          ],
          [
            5.9423731,
            50.6144528
          ],
          [
            5.942348,
            50.6149182
          ],
          [
            5.9423201,
            50.6155033
          ],
          [
            5.9423778,
            50.616028
          ],
          [
            5.941957,
            50.6166346
          ],
          [
            5.9415223,
            50.6172148
          ],
          [
            5.9411247,
            50.6176489
          ],
          [
            5.9406959,
            50.6181771
          ],
          [
            5.9406202,
            50.6184271
          ],
          [
            5.9406277,
            50.618884
          ],
          [
            5.9407921,
            50.6192039
          ],
          [
            5.9409897,
            50.6197216
          ],
          [
            5.9410453,
            50.6198584
          ],
          [
            5.9410763,
            50.6199719
          ],
          [
            5.9410953,
            50.6200298
          ],
          [
            5.9411066,
            50.6203519
          ],
          [
            5.9410104,
            50.6207611
          ],
          [
            5.9410023,
            50.6208244
          ],
          [
            5.940979,
            50.6210057
          ],
          [
            5.9409274,
            50.6211387
          ],
          [
            5.940759,
            50.6213882
          ],
          [
            5.9406178,
            50.6214542
          ],
          [
            5.9399182,
            50.6218578
          ],
          [
            5.9396691,
            50.6219784
          ],
          [
            5.9394979,
            50.622053
          ],
          [
            5.9391534,
            50.6221593
          ]
        ]
      },
      "id": "way/413419026"
    },
    {
      "type": "Feature",
      "properties": {
        "@id": "way/419044619",
        "name": "Amblève",
        "waterway": "river"
      },
      "geometry": {
        "type": "LineString",
        "coordinates": [
          [
            5.7751515,
            50.4151935
          ],
          [
            5.7760244,
            50.4157852
          ],
          [
            5.7763546,
            50.4160189
          ],
          [
            5.776419,
            50.4161112
          ]
        ]
      },
      "id": "way/419044619"
    },
    {
      "type": "Feature",
      "properties": {
        "@id": "way/419044620",
        "boat": "no",
        "name": "Amblève",
        "waterway": "river"
      },
      "geometry": {
        "type": "LineString",
        "coordinates": [
          [
            5.7762143,
            50.4137074
          ],
          [
            5.7759514,
            50.413827
          ],
          [
            5.7756117,
            50.4139513
          ],
          [
            5.775134,
            50.4144896
          ],
          [
            5.775087,
            50.4149474
          ],
          [
            5.7751515,
            50.4151935
          ]
        ]
      },
      "id": "way/419044620"
    },
    {
      "type": "Feature",
      "properties": {
        "@id": "way/456022357",
        "boat": "no",
        "name": "Amblève",
        "name:de": "Amel",
        "name:fr": "Amblève",
        "waterway": "river"
      },
      "geometry": {
        "type": "LineString",
        "coordinates": [
          [
            6.0361939,
            50.3683268
          ],
          [
            6.0361124,
            50.3682654
          ],
          [
            6.036081,
            50.3681723
          ],
          [
            6.0360832,
            50.3679411
          ],
          [
            6.0360905,
            50.367858
          ],
          [
            6.0360258,
            50.367759
          ],
          [
            6.0359102,
            50.3676956
          ],
          [
            6.0357484,
            50.367643
          ],
          [
            6.0351963,
            50.3675463
          ],
          [
            6.0345633,
            50.3674973
          ],
          [
            6.0339856,
            50.3674978
          ],
          [
            6.0334391,
            50.3675791
          ],
          [
            6.0328716,
            50.367729
          ],
          [
            6.0323257,
            50.3678918
          ],
          [
            6.0321217,
            50.3680267
          ],
          [
            6.0319201,
            50.3681842
          ],
          [
            6.0318992,
            50.368317
          ],
          [
            6.0319194,
            50.3684589
          ],
          [
            6.0319954,
            50.3686268
          ],
          [
            6.0321436,
            50.3687824
          ],
          [
            6.0321908,
            50.3689537
          ],
          [
            6.0321874,
            50.3690834
          ],
          [
            6.0322535,
            50.3692247
          ],
          [
            6.0323593,
            50.3693242
          ],
          [
            6.0325003,
            50.369406
          ],
          [
            6.0324924,
            50.3694768
          ],
          [
            6.0324377,
            50.3695603
          ],
          [
            6.0322818,
            50.3696617
          ],
          [
            6.0321357,
            50.369796
          ],
          [
            6.0320705,
            50.3698283
          ],
          [
            6.031985,
            50.3698807
          ],
          [
            6.0317692,
            50.3699955
          ],
          [
            6.0311948,
            50.3702777
          ],
          [
            6.030595,
            50.3705423
          ],
          [
            6.0301516,
            50.3708269
          ],
          [
            6.0296902,
            50.3711064
          ],
          [
            6.0296126,
            50.3711553
          ],
          [
            6.0290771,
            50.3714954
          ],
          [
            6.0287266,
            50.3717814
          ],
          [
            6.028564,
            50.3718599
          ],
          [
            6.0283753,
            50.3719167
          ],
          [
            6.0280521,
            50.3719713
          ],
          [
            6.0276336,
            50.3719901
          ],
          [
            6.0271267,
            50.3719849
          ],
          [
            6.0267998,
            50.3719334
          ],
          [
            6.02663,
            50.3718851
          ],
          [
            6.0265133,
            50.3718609
          ],
          [
            6.0263419,
            50.3718397
          ],
          [
            6.0262215,
            50.3718379
          ],
          [
            6.0261524,
            50.3718406
          ],
          [
            6.0260748,
            50.371856
          ],
          [
            6.0260159,
            50.3718749
          ],
          [
            6.0253699,
            50.3720868
          ],
          [
            6.0245465,
            50.3723525
          ],
          [
            6.023852,
            50.3726048
          ],
          [
            6.0235166,
            50.3727572
          ],
          [
            6.02322,
            50.3728939
          ],
          [
            6.0229401,
            50.3730734
          ],
          [
            6.0223929,
            50.3736194
          ],
          [
            6.0222931,
            50.3737258
          ],
          [
            6.0221686,
            50.3738274
          ],
          [
            6.0219309,
            50.3738982
          ],
          [
            6.021646,
            50.3739795
          ],
          [
            6.0213262,
            50.3740158
          ],
          [
            6.020668,
            50.3739782
          ],
          [
            6.0204494,
            50.3739655
          ],
          [
            6.0202388,
            50.3739822
          ],
          [
            6.0200433,
            50.3740257
          ],
          [
            6.0198427,
            50.3740933
          ],
          [
            6.0196523,
            50.3741934
          ],
          [
            6.0194771,
            50.3743063
          ],
          [
            6.0193017,
            50.3744428
          ],
          [
            6.0191343,
            50.3745957
          ],
          [
            6.0189393,
            50.3748811
          ],
          [
            6.0188973,
            50.3751038
          ],
          [
            6.0188897,
            50.375179
          ],
          [
            6.0188332,
            50.3752499
          ],
          [
            6.0187301,
            50.3753122
          ],
          [
            6.018199,
            50.37542
          ],
          [
            6.0174506,
            50.3755359
          ],
          [
            6.0168412,
            50.3756336
          ],
          [
            6.0163193,
            50.3757151
          ],
          [
            6.0160104,
            50.3757207
          ],
          [
            6.0157087,
            50.3757078
          ],
          [
            6.0151594,
            50.3757258
          ],
          [
            6.0149436,
            50.3757637
          ],
          [
            6.0147337,
            50.3758239
          ],
          [
            6.0145598,
            50.3759108
          ],
          [
            6.014497,
            50.375998
          ],
          [
            6.014438,
            50.3760974
          ],
          [
            6.0143356,
            50.3764215
          ],
          [
            6.0141734,
            50.3767482
          ],
          [
            6.0139307,
            50.3770821
          ],
          [
            6.0136339,
            50.3775684
          ],
          [
            6.0134166,
            50.3778378
          ],
          [
            6.0131154,
            50.3780013
          ],
          [
            6.0127642,
            50.3780829
          ],
          [
            6.0123926,
            50.3781394
          ],
          [
            6.0119695,
            50.3781859
          ],
          [
            6.011424,
            50.3783194
          ],
          [
            6.0113118,
            50.3784076
          ],
          [
            6.0112292,
            50.3785161
          ],
          [
            6.0110624,
            50.3786602
          ],
          [
            6.0107961,
            50.378816
          ],
          [
            6.0106639,
            50.3789726
          ],
          [
            6.0105838,
            50.3791277
          ],
          [
            6.0104658,
            50.3792781
          ],
          [
            6.0102347,
            50.3794111
          ],
          [
            6.0099703,
            50.3794877
          ],
          [
            6.0096956,
            50.3795457
          ],
          [
            6.0093681,
            50.3796741
          ],
          [
            6.0092969,
            50.3797004
          ],
          [
            6.0092116,
            50.3797712
          ],
          [
            6.0090922,
            50.3798632
          ],
          [
            6.0087831,
            50.3800557
          ],
          [
            6.0086749,
            50.3801488
          ],
          [
            6.0085715,
            50.3802679
          ],
          [
            6.0085146,
            50.3803824
          ],
          [
            6.008509,
            50.3804994
          ],
          [
            6.0085679,
            50.38067
          ],
          [
            6.0086608,
            50.3807644
          ],
          [
            6.0087752,
            50.3808351
          ],
          [
            6.0091123,
            50.3809398
          ],
          [
            6.0100078,
            50.3811492
          ],
          [
            6.0104723,
            50.3811717
          ],
          [
            6.0106799,
            50.3812442
          ],
          [
            6.0108481,
            50.3813164
          ],
          [
            6.0108892,
            50.3813974
          ],
          [
            6.0109696,
            50.3815011
          ],
          [
            6.0110768,
            50.3815775
          ],
          [
            6.011337,
            50.3816847
          ],
          [
            6.0116211,
            50.3817741
          ],
          [
            6.0117801,
            50.3818524
          ],
          [
            6.011952,
            50.3819792
          ],
          [
            6.0120858,
            50.3821595
          ],
          [
            6.0121044,
            50.3823529
          ],
          [
            6.0121493,
            50.3825052
          ],
          [
            6.0121877,
            50.38262
          ],
          [
            6.0123568,
            50.3828082
          ],
          [
            6.0124446,
            50.3828893
          ],
          [
            6.012582,
            50.3830514
          ],
          [
            6.0126613,
            50.3831775
          ],
          [
            6.0127278,
            50.3832886
          ],
          [
            6.0128358,
            50.3835387
          ],
          [
            6.0130464,
            50.3839137
          ],
          [
            6.0130751,
            50.3841006
          ],
          [
            6.0130774,
            50.384315
          ],
          [
            6.012988,
            50.3845945
          ],
          [
            6.0128793,
            50.3846184
          ],
          [
            6.0127029,
            50.3846277
          ],
          [
            6.0125531,
            50.3846214
          ],
          [
            6.0124147,
            50.3846272
          ],
          [
            6.0122502,
            50.3846559
          ],
          [
            6.0121436,
            50.3847026
          ],
          [
            6.0117333,
            50.3849602
          ],
          [
            6.0116421,
            50.3850857
          ],
          [
            6.0115782,
            50.3852342
          ],
          [
            6.0115015,
            50.3854296
          ],
          [
            6.0114394,
            50.3855168
          ],
          [
            6.011322,
            50.3856357
          ],
          [
            6.0112323,
            50.3857114
          ],
          [
            6.0111356,
            50.3857439
          ],
          [
            6.010675,
            50.3857485
          ]
        ]
      },
      "id": "way/456022357"
    },
    {
      "type": "Feature",
      "properties": {
        "@id": "way/456022359",
        "boat": "no",
        "layer": "-1",
        "name": "Amblève",
        "name:de": "Amel",
        "name:fr": "Amblève",
        "waterway": "river"
      },
      "geometry": {
        "type": "LineString",
        "coordinates": [
          [
            6.010675,
            50.3857485
          ],
          [
            6.0105034,
            50.3858331
          ]
        ]
      },
      "id": "way/456022359"
    },
    {
      "type": "Feature",
      "properties": {
        "@id": "way/456022364",
        "boat": "no",
        "name": "Amblève",
        "name:de": "Amel",
        "name:fr": "Amblève",
        "waterway": "river"
      },
      "geometry": {
        "type": "LineString",
        "coordinates": [
          [
            6.0105034,
            50.3858331
          ],
          [
            6.0102677,
            50.3860404
          ],
          [
            6.0101109,
            50.386265
          ],
          [
            6.009872,
            50.3866711
          ],
          [
            6.0097723,
            50.3867871
          ],
          [
            6.0096448,
            50.3868753
          ],
          [
            6.0094537,
            50.386954
          ],
          [
            6.0091168,
            50.3870145
          ]
        ]
      },
      "id": "way/456022364"
    },
    {
      "type": "Feature",
      "properties": {
        "@id": "way/481794665",
        "name": "L'Amblève",
        "waterway": "river"
      },
      "geometry": {
        "type": "LineString",
        "coordinates": [
          [
            5.7579576,
            50.4182686
          ],
          [
            5.7579093,
            50.4183438
          ],
          [
            5.7576183,
            50.4186579
          ],
          [
            5.7568619,
            50.4191945
          ],
          [
            5.7557622,
            50.4197482
          ],
          [
            5.7548288,
            50.4201584
          ],
          [
            5.754287,
            50.4202712
          ],
          [
            5.7541278,
            50.420255
          ],
          [
            5.7540366,
            50.4202071
          ]
        ]
      },
      "id": "way/481794665"
    },
    {
      "type": "Feature",
      "properties": {
        "@id": "way/482042673",
        "boat": "no",
        "name": "Amblève",
        "waterway": "river"
      },
      "geometry": {
        "type": "LineString",
        "coordinates": [
          [
            5.877103,
            50.3933448
          ],
          [
            5.8769903,
            50.3933612
          ],
          [
            5.8768727,
            50.3933553
          ],
          [
            5.8767785,
            50.3933331
          ],
          [
            5.8767297,
            50.3933668
          ],
          [
            5.8766178,
            50.3934439
          ],
          [
            5.8765565,
            50.3934915
          ],
          [
            5.8764966,
            50.3936156
          ],
          [
            5.8766216,
            50.3936729
          ],
          [
            5.8763518,
            50.3938523
          ],
          [
            5.8764156,
            50.393903
          ],
          [
            5.8764333,
            50.3939921
          ],
          [
            5.8763395,
            50.3943672
          ],
          [
            5.8764985,
            50.3947532
          ],
          [
            5.8766472,
            50.3952679
          ],
          [
            5.8773011,
            50.3960517
          ],
          [
            5.8780071,
            50.3969638
          ],
          [
            5.8781114,
            50.3974967
          ],
          [
            5.8779576,
            50.3977793
          ],
          [
            5.8777594,
            50.3979725
          ],
          [
            5.8776757,
            50.3980542
          ],
          [
            5.8769837,
            50.3984613
          ],
          [
            5.8766494,
            50.3986302
          ],
          [
            5.8762561,
            50.3988162
          ],
          [
            5.8759334,
            50.3989179
          ],
          [
            5.8755625,
            50.3989928
          ],
          [
            5.8748536,
            50.3990522
          ],
          [
            5.8742691,
            50.3990757
          ],
          [
            5.87369,
            50.3990786
          ],
          [
            5.872599,
            50.3989743
          ],
          [
            5.8721383,
            50.3988991
          ],
          [
            5.8714121,
            50.3987708
          ],
          [
            5.8710131,
            50.3987178
          ],
          [
            5.8703565,
            50.3986118
          ],
          [
            5.8699547,
            50.3986153
          ],
          [
            5.8695642,
            50.3986597
          ],
          [
            5.8692954,
            50.398698
          ],
          [
            5.8688343,
            50.3988502
          ],
          [
            5.8672768,
            50.3995009
          ],
          [
            5.8646161,
            50.400896
          ],
          [
            5.8631999,
            50.4019902
          ],
          [
            5.8619991,
            50.4034973
          ],
          [
            5.8618588,
            50.4036959
          ],
          [
            5.8608395,
            50.4051632
          ],
          [
            5.8595056,
            50.4063966
          ],
          [
            5.8590094,
            50.4065535
          ],
          [
            5.858025,
            50.4068826
          ],
          [
            5.8561234,
            50.4075183
          ],
          [
            5.8557656,
            50.407581
          ],
          [
            5.8555267,
            50.4075581
          ],
          [
            5.8542322,
            50.4071803
          ],
          [
            5.8538047,
            50.4068823
          ],
          [
            5.8529855,
            50.4063114
          ],
          [
            5.8524179,
            50.4046845
          ],
          [
            5.8518273,
            50.4033579
          ],
          [
            5.8514411,
            50.4024826
          ],
          [
            5.8514808,
            50.402236
          ],
          [
            5.8522934,
            50.4018048
          ],
          [
            5.852623,
            50.4015182
          ],
          [
            5.8528403,
            50.4013123
          ],
          [
            5.8531853,
            50.401042
          ],
          [
            5.8533043,
            50.4009156
          ],
          [
            5.8533646,
            50.4008367
          ],
          [
            5.8534577,
            50.4006572
          ],
          [
            5.8534639,
            50.4004678
          ],
          [
            5.8534697,
            50.4003241
          ],
          [
            5.8534499,
            50.4001205
          ],
          [
            5.8532829,
            50.3998443
          ],
          [
            5.8530298,
            50.3995733
          ],
          [
            5.8527311,
            50.3993065
          ],
          [
            5.8523593,
            50.3990509
          ],
          [
            5.8518243,
            50.3988763
          ],
          [
            5.8514559,
            50.3988139
          ],
          [
            5.8509963,
            50.3988261
          ],
          [
            5.8501704,
            50.398792
          ],
          [
            5.8491236,
            50.3988444
          ],
          [
            5.8486563,
            50.398857
          ],
          [
            5.8482997,
            50.3989236
          ],
          [
            5.8480937,
            50.3988991
          ],
          [
            5.8469501,
            50.3988057
          ],
          [
            5.846656,
            50.398887
          ],
          [
            5.8460497,
            50.3992193
          ],
          [
            5.8457644,
            50.39937
          ],
          [
            5.8453621,
            50.399562
          ],
          [
            5.8450212,
            50.3997747
          ],
          [
            5.8434222,
            50.4006438
          ],
          [
            5.8411208,
            50.4023758
          ],
          [
            5.8396119,
            50.4031726
          ],
          [
            5.8380752,
            50.4036859
          ],
          [
            5.8367595,
            50.4045529
          ],
          [
            5.8366633,
            50.4046094
          ],
          [
            5.8353103,
            50.4054044
          ],
          [
            5.834882,
            50.4055093
          ],
          [
            5.8344464,
            50.4055468
          ],
          [
            5.834091,
            50.4054989
          ],
          [
            5.8336608,
            50.4053799
          ],
          [
            5.8327955,
            50.4051444
          ],
          [
            5.8313141,
            50.4048949
          ],
          [
            5.8304967,
            50.4045313
          ],
          [
            5.828721,
            50.403236
          ],
          [
            5.8282572,
            50.4027988
          ],
          [
            5.8276564,
            50.4020911
          ],
          [
            5.8271902,
            50.4017103
          ],
          [
            5.8270406,
            50.401553
          ],
          [
            5.8267383,
            50.4013188
          ],
          [
            5.826627,
            50.4010793
          ],
          [
            5.8266251,
            50.4006621
          ],
          [
            5.8266793,
            50.4002973
          ],
          [
            5.8275458,
            50.3991207
          ],
          [
            5.8278278,
            50.3986171
          ],
          [
            5.8279476,
            50.3973437
          ],
          [
            5.8277718,
            50.3965672
          ],
          [
            5.8264406,
            50.3954898
          ],
          [
            5.8261706,
            50.3954406
          ],
          [
            5.8258497,
            50.3954972
          ],
          [
            5.8255863,
            50.3956124
          ],
          [
            5.8255305,
            50.3956607
          ],
          [
            5.8253741,
            50.3957961
          ],
          [
            5.8253463,
            50.396023
          ],
          [
            5.8252641,
            50.3961458
          ],
          [
            5.8248761,
            50.3964936
          ],
          [
            5.8241853,
            50.3969311
          ],
          [
            5.8230815,
            50.3976019
          ],
          [
            5.8226485,
            50.397936
          ],
          [
            5.8211158,
            50.3989915
          ],
          [
            5.8204101,
            50.399583
          ],
          [
            5.8198659,
            50.4001096
          ],
          [
            5.8196884,
            50.4004448
          ],
          [
            5.8196367,
            50.4008536
          ],
          [
            5.8194883,
            50.40239
          ],
          [
            5.8174182,
            50.4033799
          ],
          [
            5.8162862,
            50.4032881
          ],
          [
            5.8155434,
            50.4030691
          ],
          [
            5.8151826,
            50.4029271
          ],
          [
            5.8149032,
            50.4027716
          ],
          [
            5.8141794,
            50.402134
          ],
          [
            5.8131858,
            50.4011099
          ],
          [
            5.8114061,
            50.3996477
          ],
          [
            5.8100514,
            50.3990017
          ],
          [
            5.8086118,
            50.3984775
          ],
          [
            5.8080667,
            50.3982734
          ],
          [
            5.8078894,
            50.3982719
          ],
          [
            5.8076833,
            50.3983384
          ],
          [
            5.8072139,
            50.3985897
          ],
          [
            5.8068465,
            50.398841
          ],
          [
            5.8065162,
            50.3990832
          ],
          [
            5.8056414,
            50.3994443
          ],
          [
            5.8050009,
            50.3995673
          ],
          [
            5.8044631,
            50.3994207
          ],
          [
            5.8039995,
            50.3988778
          ],
          [
            5.8036353,
            50.3984208
          ],
          [
            5.803086,
            50.3978934
          ],
          [
            5.802766,
            50.3976346
          ],
          [
            5.8024524,
            50.3974642
          ],
          [
            5.8013955,
            50.3974409
          ],
          [
            5.8001563,
            50.3976272
          ],
          [
            5.7990994,
            50.3978718
          ],
          [
            5.7979527,
            50.3984356
          ],
          [
            5.7973197,
            50.3989786
          ],
          [
            5.7971255,
            50.3993004
          ],
          [
            5.7970043,
            50.3995896
          ],
          [
            5.7970053,
            50.3998283
          ],
          [
            5.7972189,
            50.4002626
          ],
          [
            5.7974243,
            50.4005669
          ],
          [
            5.7978944,
            50.4008695
          ],
          [
            5.7979266,
            50.4012403
          ],
          [
            5.7978491,
            50.4015878
          ],
          [
            5.79784,
            50.4016286
          ],
          [
            5.7977993,
            50.4021261
          ],
          [
            5.7976796,
            50.4027012
          ],
          [
            5.7975734,
            50.4034668
          ],
          [
            5.7975601,
            50.4035863
          ],
          [
            5.7975398,
            50.4042276
          ],
          [
            5.7976865,
            50.4045207
          ],
          [
            5.7980333,
            50.404951
          ],
          [
            5.7982066,
            50.4053355
          ],
          [
            5.7981671,
            50.4057384
          ],
          [
            5.7979505,
            50.4062696
          ],
          [
            5.7978588,
            50.4067316
          ],
          [
            5.7977622,
            50.4071675
          ],
          [
            5.7974909,
            50.4075152
          ],
          [
            5.7970541,
            50.4080015
          ],
          [
            5.7963096,
            50.4087836
          ],
          [
            5.7953401,
            50.4093949
          ],
          [
            5.7948321,
            50.41002
          ],
          [
            5.7943135,
            50.4105625
          ],
          [
            5.7940856,
            50.410801
          ],
          [
            5.7932779,
            50.4112759
          ],
          [
            5.7929825,
            50.411392
          ],
          [
            5.7910537,
            50.4118022
          ],
          [
            5.7906042,
            50.4117936
          ],
          [
            5.7903023,
            50.411613
          ],
          [
            5.7898501,
            50.4112158
          ],
          [
            5.788687,
            50.4091627
          ],
          [
            5.7880772,
            50.4087382
          ],
          [
            5.7867445,
            50.4082993
          ],
          [
            5.7834907,
            50.4079869
          ],
          [
            5.781555,
            50.4080316
          ],
          [
            5.7801813,
            50.4085096
          ],
          [
            5.7794796,
            50.4092856
          ],
          [
            5.7785509,
            50.4105881
          ],
          [
            5.7768725,
            50.4116324
          ],
          [
            5.7764154,
            50.4121833
          ],
          [
            5.7764648,
            50.4129955
          ],
          [
            5.7763518,
            50.4133719
          ],
          [
            5.7762143,
            50.4137074
          ],
          [
            5.7763909,
            50.4144268
          ],
          [
            5.7765228,
            50.4150304
          ],
          [
            5.7764108,
            50.4156464
          ],
          [
            5.776419,
            50.4161112
          ],
          [
            5.7764209,
            50.4162199
          ],
          [
            5.7763383,
            50.4166089
          ],
          [
            5.7761409,
            50.4168236
          ],
          [
            5.7758272,
            50.4169575
          ],
          [
            5.7749115,
            50.4169954
          ],
          [
            5.7740547,
            50.4170345
          ],
          [
            5.7731368,
            50.4170932
          ],
          [
            5.7720353,
            50.4169368
          ],
          [
            5.7712092,
            50.4166956
          ],
          [
            5.770332,
            50.4163893
          ],
          [
            5.7694548,
            50.4161221
          ],
          [
            5.7685643,
            50.4160166
          ],
          [
            5.7677972,
            50.4161175
          ],
          [
            5.7669989,
            50.4160883
          ],
          [
            5.7654213,
            50.4158469
          ],
          [
            5.7644165,
            50.4157637
          ],
          [
            5.7631785,
            50.4158247
          ],
          [
            5.7615801,
            50.4159394
          ],
          [
            5.760887,
            50.4161319
          ],
          [
            5.7600046,
            50.4165662
          ],
          [
            5.7598318,
            50.416709
          ],
          [
            5.7596043,
            50.416897
          ],
          [
            5.7592008,
            50.4172838
          ],
          [
            5.7586661,
            50.41776
          ],
          [
            5.7579576,
            50.4182686
          ],
          [
            5.7574252,
            50.4183229
          ],
          [
            5.7565396,
            50.4187366
          ],
          [
            5.7547578,
            50.419778
          ],
          [
            5.7540366,
            50.4202071
          ],
          [
            5.7533402,
            50.4205566
          ],
          [
            5.7526207,
            50.420824
          ],
          [
            5.7514479,
            50.4211043
          ],
          [
            5.7511904,
            50.4213777
          ],
          [
            5.7508243,
            50.4215478
          ],
          [
            5.7497091,
            50.4218305
          ],
          [
            5.7489812,
            50.4219615
          ],
          [
            5.7478732,
            50.4221889
          ],
          [
            5.7475099,
            50.4222609
          ],
          [
            5.7464077,
            50.4225191
          ],
          [
            5.7455372,
            50.4226526
          ],
          [
            5.7443273,
            50.4228774
          ],
          [
            5.7437951,
            50.4229801
          ],
          [
            5.7427531,
            50.4231136
          ],
          [
            5.7418669,
            50.4231373
          ],
          [
            5.7410985,
            50.4229945
          ],
          [
            5.7405191,
            50.4228305
          ],
          [
            5.7399233,
            50.4228371
          ],
          [
            5.7392906,
            50.4229781
          ],
          [
            5.7386273,
            50.4231645
          ],
          [
            5.7373671,
            50.4235723
          ],
          [
            5.736199,
            50.4240906
          ],
          [
            5.7333903,
            50.4256299
          ],
          [
            5.7328503,
            50.4259425
          ],
          [
            5.7325675,
            50.4261092
          ],
          [
            5.7323094,
            50.4262734
          ],
          [
            5.7306748,
            50.4271941
          ],
          [
            5.7299186,
            50.4278453
          ],
          [
            5.7297556,
            50.4282725
          ],
          [
            5.7297797,
            50.4286067
          ],
          [
            5.730093,
            50.4290803
          ],
          [
            5.7306391,
            50.4294578
          ],
          [
            5.731643,
            50.430098
          ],
          [
            5.7319633,
            50.4304127
          ],
          [
            5.7324011,
            50.4311097
          ],
          [
            5.7325833,
            50.4321305
          ],
          [
            5.7327198,
            50.4329023
          ],
          [
            5.732848,
            50.4332638
          ],
          [
            5.7331521,
            50.4335675
          ],
          [
            5.7338106,
            50.4342094
          ],
          [
            5.73424,
            50.434926
          ],
          [
            5.7343796,
            50.4356751
          ],
          [
            5.7343591,
            50.4366131
          ],
          [
            5.7342657,
            50.4372243
          ],
          [
            5.7340546,
            50.4379982
          ],
          [
            5.7338799,
            50.4390657
          ],
          [
            5.7340484,
            50.4397911
          ],
          [
            5.7344118,
            50.4405288
          ],
          [
            5.7348798,
            50.4412202
          ],
          [
            5.7353974,
            50.4419382
          ],
          [
            5.736007,
            50.4424552
          ],
          [
            5.7364721,
            50.4429565
          ],
          [
            5.7368166,
            50.4435375
          ],
          [
            5.7368445,
            50.4436384
          ],
          [
            5.7368337,
            50.4437648
          ],
          [
            5.7368206,
            50.4440532
          ],
          [
            5.7367572,
            50.4446753
          ],
          [
            5.7367404,
            50.4453085
          ],
          [
            5.7370447,
            50.4461302
          ],
          [
            5.7374196,
            50.4469398
          ],
          [
            5.7376648,
            50.4478207
          ],
          [
            5.7377442,
            50.4489034
          ],
          [
            5.7377501,
            50.4494742
          ],
          [
            5.7377523,
            50.4496899
          ],
          [
            5.7377631,
            50.4500204
          ],
          [
            5.7379256,
            50.4503661
          ],
          [
            5.7382443,
            50.4506473
          ],
          [
            5.7389701,
            50.4509824
          ],
          [
            5.7397055,
            50.4513194
          ],
          [
            5.7404807,
            50.4522735
          ],
          [
            5.7408141,
            50.4528249
          ],
          [
            5.741023,
            50.4533558
          ],
          [
            5.7409377,
            50.454012
          ],
          [
            5.740982,
            50.4544016
          ],
          [
            5.7407181,
            50.4550317
          ],
          [
            5.7403718,
            50.4556788
          ],
          [
            5.7396316,
            50.4566948
          ],
          [
            5.7391635,
            50.4577273
          ],
          [
            5.7391554,
            50.4579985
          ],
          [
            5.7391324,
            50.4585203
          ],
          [
            5.7391383,
            50.4591668
          ],
          [
            5.7391957,
            50.4599939
          ],
          [
            5.7391205,
            50.4603011
          ],
          [
            5.7388178,
            50.4609668
          ],
          [
            5.738726,
            50.4616461
          ],
          [
            5.7388494,
            50.4621611
          ],
          [
            5.7389632,
            50.4632038
          ],
          [
            5.7392918,
            50.4639848
          ],
          [
            5.7395865,
            50.4642992
          ],
          [
            5.7403424,
            50.4648204
          ],
          [
            5.7412678,
            50.4653176
          ],
          [
            5.7414564,
            50.465493
          ],
          [
            5.7419576,
            50.465878
          ],
          [
            5.7424236,
            50.466516
          ],
          [
            5.7426878,
            50.4669997
          ],
          [
            5.7427629,
            50.4676982
          ],
          [
            5.7427074,
            50.4678812
          ],
          [
            5.7425445,
            50.4681071
          ],
          [
            5.7422641,
            50.4683343
          ],
          [
            5.7418703,
            50.46865
          ],
          [
            5.7415599,
            50.4689637
          ],
          [
            5.7411315,
            50.4694779
          ],
          [
            5.7408245,
            50.4698486
          ],
          [
            5.7405394,
            50.4700088
          ],
          [
            5.7400675,
            50.4701281
          ],
          [
            5.7398039,
            50.4701948
          ],
          [
            5.7388539,
            50.4702609
          ],
          [
            5.7379068,
            50.4702143
          ],
          [
            5.736154,
            50.4700422
          ],
          [
            5.735519,
            50.4700123
          ],
          [
            5.7344824,
            50.4698416
          ],
          [
            5.7333698,
            50.4696015
          ],
          [
            5.731381,
            50.4694258
          ],
          [
            5.7297502,
            50.4693274
          ],
          [
            5.7280926,
            50.4688975
          ],
          [
            5.7270842,
            50.4685646
          ],
          [
            5.7267008,
            50.4684051
          ],
          [
            5.7262638,
            50.4681015
          ],
          [
            5.7252497,
            50.4675519
          ],
          [
            5.7244324,
            50.4669724
          ],
          [
            5.7241278,
            50.4666335
          ],
          [
            5.7239515,
            50.4662612
          ],
          [
            5.7237825,
            50.4656111
          ],
          [
            5.7236397,
            50.4646411
          ],
          [
            5.7234867,
            50.4633325
          ],
          [
            5.7234969,
            50.4621737
          ],
          [
            5.7235391,
            50.4616041
          ],
          [
            5.7237423,
            50.461172
          ],
          [
            5.7243537,
            50.4605331
          ],
          [
            5.7247209,
            50.4596411
          ],
          [
            5.7248607,
            50.4589921
          ],
          [
            5.7247089,
            50.4583067
          ],
          [
            5.7246332,
            50.4580801
          ],
          [
            5.7245388,
            50.4579472
          ],
          [
            5.7240943,
            50.4575512
          ],
          [
            5.7234654,
            50.4571639
          ],
          [
            5.7228906,
            50.4568676
          ],
          [
            5.7220047,
            50.4564581
          ],
          [
            5.7209913,
            50.4561101
          ],
          [
            5.7204776,
            50.4559744
          ],
          [
            5.7199839,
            50.455844
          ],
          [
            5.7189374,
            50.4556265
          ],
          [
            5.7182142,
            50.4555367
          ],
          [
            5.7176867,
            50.4554808
          ],
          [
            5.7172194,
            50.4554619
          ],
          [
            5.7167295,
            50.4555172
          ],
          [
            5.7155428,
            50.4558548
          ],
          [
            5.7145318,
            50.4562613
          ],
          [
            5.7138796,
            50.4565774
          ],
          [
            5.7133344,
            50.4569004
          ],
          [
            5.7130385,
            50.4570695
          ],
          [
            5.7124387,
            50.4576295
          ],
          [
            5.7116847,
            50.4584938
          ],
          [
            5.7111829,
            50.4590823
          ],
          [
            5.7110292,
            50.4594207
          ],
          [
            5.7109301,
            50.4596388
          ],
          [
            5.7107363,
            50.4603723
          ],
          [
            5.7107323,
            50.4608414
          ],
          [
            5.7109492,
            50.4615708
          ],
          [
            5.7112643,
            50.4621261
          ],
          [
            5.7117579,
            50.4629646
          ],
          [
            5.7120385,
            50.4635924
          ],
          [
            5.7127235,
            50.4645883
          ],
          [
            5.713303,
            50.4653143
          ],
          [
            5.7135464,
            50.4659015
          ],
          [
            5.713675,
            50.4665616
          ],
          [
            5.7139912,
            50.4673558
          ],
          [
            5.7143074,
            50.4679676
          ],
          [
            5.7146949,
            50.468534
          ],
          [
            5.7152865,
            50.4694454
          ],
          [
            5.7156572,
            50.4702081
          ],
          [
            5.7168629,
            50.4715864
          ],
          [
            5.7171109,
            50.4721017
          ],
          [
            5.7170655,
            50.472462
          ],
          [
            5.7147963,
            50.4747151
          ],
          [
            5.7133838,
            50.4753642
          ],
          [
            5.7115852,
            50.4767932
          ],
          [
            5.7115271,
            50.4772612
          ],
          [
            5.7115861,
            50.4779234
          ],
          [
            5.7114466,
            50.4782586
          ],
          [
            5.711087,
            50.478559
          ],
          [
            5.7107426,
            50.4792663
          ],
          [
            5.7106849,
            50.4796986
          ],
          [
            5.7104697,
            50.479921
          ],
          [
            5.7103548,
            50.4800397
          ],
          [
            5.7096549,
            50.4807568
          ],
          [
            5.7091882,
            50.4810572
          ],
          [
            5.7086311,
            50.4813357
          ],
          [
            5.7076647,
            50.4815658
          ],
          [
            5.7068547,
            50.4817365
          ],
          [
            5.7060888,
            50.4818308
          ],
          [
            5.7049955,
            50.4819378
          ]
        ]
      },
      "id": "way/482042673"
    },
    {
      "type": "Feature",
      "properties": {
        "@id": "way/524363772",
        "CEMT": "VIb",
        "boat": "yes",
        "name": "La Meuse",
        "name:af": "Die Maas",
        "name:ar": "نهر الميز",
        "name:be": "Мёз (Маас)",
        "name:bg": "Мьоз (Маас)",
        "name:bn": "মোজ নদী",
        "name:br": "Ar Meuse",
        "name:ca": "Mosa",
        "name:cs": "Máza",
        "name:cy": "Afon Meuse (Maas)",
        "name:da": "Maas",
        "name:de": "Maas",
        "name:el": "Μεύσης",
        "name:en": "Meuse",
        "name:eo": "Mozo",
        "name:es": "río Mosa",
        "name:et": "Maas",
        "name:eu": "Mosa",
        "name:fa": "رود) موز)",
        "name:fi": "Maas",
        "name:fr": "La Meuse",
        "name:fy": "Maas",
        "name:gl": "Río Mosa",
        "name:he": "מז",
        "name:hr": "Meuse",
        "name:hu": "Maas (Meuse)",
        "name:hy": "Մաաս",
        "name:it": "Mosa",
        "name:ja": "マース川",
        "name:ka": "მაასი",
        "name:ko": "뫼즈 강 (마스 강);뫼즈 강 (마스 강)",
        "name:la": "Mosa",
        "name:language": "fr",
        "name:lb": "Meuse",
        "name:li": "Maos (Maas)",
        "name:lt": "Masas (Mezas)",
        "name:lv": "Māsa (Mēza)",
        "name:mk": "Меза (Мас)",
        "name:nl": "Maas",
        "name:nn": "Maas (Meuse)",
        "name:no": "Meuse (Maas)",
        "name:oc": "Mòsa",
        "name:pl": "Moza",
        "name:pt": "Mosa",
        "name:ro": "Meuse",
        "name:ru": "Мёз (Маас)",
        "name:sh": "Meza (Maas)",
        "name:si": "Meuse (Maas)",
        "name:sk": "Mása",
        "name:sr": "Меза (Маас)",
        "name:sv": "Meuse",
        "name:ta": "மியூசே ஆறு",
        "name:th": "แม่น้ำเมิซ",
        "name:tl": "Ilog Mosa",
        "name:tr": "Maas Nehri",
        "name:uk": "Мез (Маас)",
        "name:vi": "Sông Maas",
        "name:wa": "Mouze",
        "name:zh": "默兹河",
        "waterway": "river"
      },
      "geometry": {
        "type": "LineString",
        "coordinates": [
          [
            5.4475146,
            50.5900469
          ],
          [
            5.4505009,
            50.5902017
          ],
          [
            5.4573739,
            50.5909533
          ]
        ]
      },
      "id": "way/524363772"
    },
    {
      "type": "Feature",
      "properties": {
        "@id": "way/524363774",
        "CEMT": "VIb",
        "boat": "yes",
        "name": "La Meuse",
        "name:af": "Die Maas",
        "name:ar": "نهر الميز",
        "name:be": "Мёз (Маас)",
        "name:bg": "Мьоз (Маас)",
        "name:bn": "মোজ নদী",
        "name:br": "Ar Meuse",
        "name:ca": "Mosa",
        "name:cs": "Máza",
        "name:cy": "Afon Meuse (Maas)",
        "name:da": "Maas",
        "name:de": "Maas",
        "name:el": "Μεύσης",
        "name:en": "Meuse",
        "name:eo": "Mozo",
        "name:es": "río Mosa",
        "name:et": "Maas",
        "name:eu": "Mosa",
        "name:fa": "رود) موز)",
        "name:fi": "Maas",
        "name:fr": "La Meuse",
        "name:fy": "Maas",
        "name:gl": "Río Mosa",
        "name:he": "מז",
        "name:hr": "Meuse",
        "name:hu": "Maas (Meuse)",
        "name:hy": "Մաաս",
        "name:it": "Mosa",
        "name:ja": "マース川",
        "name:ka": "მაასი",
        "name:ko": "뫼즈 강 (마스 강);뫼즈 강 (마스 강)",
        "name:la": "Mosa",
        "name:language": "fr",
        "name:lb": "Meuse",
        "name:li": "Maos (Maas)",
        "name:lt": "Masas (Mezas)",
        "name:lv": "Māsa (Mēza)",
        "name:mk": "Меза (Мас)",
        "name:nl": "Maas",
        "name:nn": "Maas (Meuse)",
        "name:no": "Meuse (Maas)",
        "name:oc": "Mòsa",
        "name:pl": "Moza",
        "name:pt": "Mosa",
        "name:ro": "Meuse",
        "name:ru": "Мёз (Маас)",
        "name:sh": "Meza (Maas)",
        "name:si": "Meuse (Maas)",
        "name:sk": "Mása",
        "name:sr": "Меза (Маас)",
        "name:sv": "Meuse",
        "name:ta": "மியூசே ஆறு",
        "name:th": "แม่น้ำเมิซ",
        "name:tl": "Ilog Mosa",
        "name:tr": "Maas Nehri",
        "name:uk": "Мез (Маас)",
        "name:vi": "Sông Maas",
        "name:wa": "Mouze",
        "name:zh": "默兹河",
        "waterway": "river"
      },
      "geometry": {
        "type": "LineString",
        "coordinates": [
          [
            5.4607864,
            50.5913145
          ],
          [
            5.4615356,
            50.5913915
          ],
          [
            5.463339,
            50.591563
          ],
          [
            5.4696331,
            50.5921817
          ]
        ]
      },
      "id": "way/524363774"
    },
    {
      "type": "Feature",
      "properties": {
        "@id": "way/524363778",
        "CEMT": "IV",
        "boat": "yes",
        "name": "La Meuse",
        "name:af": "Die Maas",
        "name:ar": "نهر الميز",
        "name:be": "Мёз (Маас)",
        "name:bg": "Мьоз (Маас)",
        "name:bn": "মোজ নদী",
        "name:br": "Ar Meuse",
        "name:ca": "Mosa",
        "name:cs": "Máza",
        "name:cy": "Afon Meuse (Maas)",
        "name:da": "Maas",
        "name:de": "Maas",
        "name:el": "Μεύσης",
        "name:en": "Meuse",
        "name:eo": "Mozo",
        "name:es": "río Mosa",
        "name:et": "Maas",
        "name:eu": "Mosa",
        "name:fa": "رود) موز)",
        "name:fi": "Maas",
        "name:fr": "La Meuse",
        "name:fy": "Maas",
        "name:gl": "Río Mosa",
        "name:he": "מז",
        "name:hr": "Meuse",
        "name:hu": "Maas (Meuse)",
        "name:hy": "Մաաս",
        "name:it": "Mosa",
        "name:ja": "マース川",
        "name:ka": "მაასი",
        "name:ko": "뫼즈 강 (마스 강);뫼즈 강 (마스 강)",
        "name:la": "Mosa",
        "name:language": "fr",
        "name:lb": "Meuse",
        "name:li": "Maos (Maas)",
        "name:lt": "Masas (Mezas)",
        "name:lv": "Māsa (Mēza)",
        "name:mk": "Меза (Мас)",
        "name:nl": "Maas",
        "name:nn": "Maas (Meuse)",
        "name:no": "Meuse (Maas)",
        "name:oc": "Mòsa",
        "name:pl": "Moza",
        "name:pt": "Mosa",
        "name:ro": "Meuse",
        "name:ru": "Мёз (Маас)",
        "name:sh": "Meza (Maas)",
        "name:si": "Meuse (Maas)",
        "name:sk": "Mása",
        "name:sr": "Меза (Маас)",
        "name:sv": "Meuse",
        "name:ta": "மியூசே ஆறு",
        "name:th": "แม่น้ำเมิซ",
        "name:tl": "Ilog Mosa",
        "name:tr": "Maas Nehri",
        "name:uk": "Мез (Маас)",
        "name:vi": "Sông Maas",
        "name:wa": "Mouze",
        "name:zh": "默兹河",
        "waterway": "river"
      },
      "geometry": {
        "type": "LineString",
        "coordinates": [
          [
            5.4696331,
            50.5921817
          ],
          [
            5.4719627,
            50.5923865
          ],
          [
            5.4731203,
            50.5924789
          ],
          [
            5.4743378,
            50.5927129
          ],
          [
            5.4761854,
            50.593388
          ],
          [
            5.4767272,
            50.5937171
          ],
          [
            5.4775517,
            50.5942036
          ],
          [
            5.4786738,
            50.595341
          ],
          [
            5.4787697,
            50.5955126
          ],
          [
            5.4794171,
            50.5966716
          ],
          [
            5.4799492,
            50.5975596
          ],
          [
            5.4810325,
            50.598673
          ],
          [
            5.4819309,
            50.5994442
          ],
          [
            5.484347,
            50.6010787
          ],
          [
            5.4882315,
            50.6035039
          ],
          [
            5.4890411,
            50.6039686
          ],
          [
            5.494663,
            50.6071953
          ],
          [
            5.4997213,
            50.6096401
          ],
          [
            5.5018257,
            50.6106865
          ],
          [
            5.5027767,
            50.6113671
          ],
          [
            5.504328,
            50.6130914
          ],
          [
            5.5045569,
            50.6133458
          ],
          [
            5.505471,
            50.6143611
          ],
          [
            5.5062526,
            50.6150952
          ],
          [
            5.5074594,
            50.6159005
          ],
          [
            5.5091967,
            50.6165342
          ],
          [
            5.5110708,
            50.617062
          ],
          [
            5.5117391,
            50.6172098
          ],
          [
            5.5120823,
            50.6172863
          ],
          [
            5.5135526,
            50.6176118
          ],
          [
            5.5160559,
            50.6179173
          ],
          [
            5.5174217,
            50.6179977
          ],
          [
            5.5188158,
            50.6179784
          ],
          [
            5.5206237,
            50.6177476
          ],
          [
            5.5224209,
            50.6173268
          ],
          [
            5.5246246,
            50.6164987
          ],
          [
            5.5261655,
            50.6156301
          ],
          [
            5.5282995,
            50.614276
          ],
          [
            5.5288667,
            50.6137773
          ],
          [
            5.529068,
            50.6136002
          ],
          [
            5.5298395,
            50.6129219
          ],
          [
            5.5308247,
            50.6119639
          ],
          [
            5.5319381,
            50.6108813
          ],
          [
            5.5332163,
            50.6098477
          ],
          [
            5.534913,
            50.6090078
          ],
          [
            5.5370848,
            50.6084048
          ],
          [
            5.5382831,
            50.6081577
          ],
          [
            5.5401615,
            50.6078377
          ],
          [
            5.5437732,
            50.6074795
          ],
          [
            5.5472651,
            50.6072347
          ],
          [
            5.5522532,
            50.6070404
          ],
          [
            5.5547048,
            50.6070648
          ],
          [
            5.5577889,
            50.6071606
          ],
          [
            5.5595036,
            50.6072845
          ],
          [
            5.5604449,
            50.6074078
          ],
          [
            5.5627571,
            50.6078245
          ],
          [
            5.5660971,
            50.6084379
          ],
          [
            5.5697853,
            50.609186
          ],
          [
            5.570814,
            50.6094541
          ],
          [
            5.5717812,
            50.6097771
          ],
          [
            5.5726741,
            50.6101754
          ],
          [
            5.5735529,
            50.6106444
          ],
          [
            5.5757503,
            50.6122225
          ],
          [
            5.5769566,
            50.6134376
          ],
          [
            5.5777016,
            50.6143244
          ],
          [
            5.5788481,
            50.6158459
          ],
          [
            5.5791825,
            50.6163469
          ],
          [
            5.5796474,
            50.6171719
          ],
          [
            5.5798622,
            50.6177086
          ],
          [
            5.5799296,
            50.6180287
          ],
          [
            5.5798329,
            50.6190687
          ],
          [
            5.579754,
            50.619886
          ],
          [
            5.5793333,
            50.6209403
          ],
          [
            5.5792041,
            50.6211998
          ],
          [
            5.5788103,
            50.6219665
          ],
          [
            5.5783588,
            50.6227997
          ],
          [
            5.5772072,
            50.6245078
          ],
          [
            5.5755351,
            50.6264125
          ],
          [
            5.5749896,
            50.6271553
          ],
          [
            5.5741642,
            50.6280893
          ],
          [
            5.573115,
            50.630125
          ],
          [
            5.5728919,
            50.6314985
          ],
          [
            5.5729743,
            50.63256
          ],
          [
            5.5732005,
            50.6332781
          ],
          [
            5.573486,
            50.6337639
          ],
          [
            5.5739034,
            50.6343978
          ],
          [
            5.5742688,
            50.6349692
          ],
          [
            5.5748042,
            50.6356591
          ],
          [
            5.5757219,
            50.6365646
          ],
          [
            5.5770562,
            50.6380236
          ],
          [
            5.577286,
            50.638461
          ],
          [
            5.5774385,
            50.6389414
          ],
          [
            5.5779059,
            50.6407684
          ],
          [
            5.5779933,
            50.6412344
          ],
          [
            5.5780945,
            50.6417517
          ],
          [
            5.5783343,
            50.6427619
          ],
          [
            5.5787796,
            50.6436
          ],
          [
            5.5792512,
            50.6440195
          ],
          [
            5.5798754,
            50.6444896
          ],
          [
            5.5810838,
            50.6450571
          ],
          [
            5.5813463,
            50.645182
          ],
          [
            5.5818956,
            50.6454433
          ],
          [
            5.5823593,
            50.6456029
          ],
          [
            5.583386,
            50.645868
          ],
          [
            5.5857818,
            50.6463254
          ],
          [
            5.596984,
            50.648369
          ],
          [
            5.5994771,
            50.6488383
          ],
          [
            5.6019585,
            50.6492874
          ],
          [
            5.6035748,
            50.6495367
          ],
          [
            5.6048475,
            50.6496704
          ],
          [
            5.605555,
            50.6497018
          ],
          [
            5.6069258,
            50.6500989
          ],
          [
            5.60831,
            50.6504495
          ],
          [
            5.6087888,
            50.6506045
          ],
          [
            5.6094083,
            50.6508433
          ],
          [
            5.6105676,
            50.6511883
          ],
          [
            5.616485,
            50.6527252
          ]
        ]
      },
      "id": "way/524363778"
    },
    {
      "type": "Feature",
      "properties": {
        "@id": "way/553059160",
        "boat": "no",
        "intermittent": "no",
        "name": "Amblève",
        "name:de": "Amel",
        "name:fr": "Amblève",
        "name:nl": "Amel",
        "tidal": "no",
        "waterway": "river",
        "width": "1"
      },
      "geometry": {
        "type": "LineString",
        "coordinates": [
          [
            6.1173077,
            50.3772564
          ],
          [
            6.1173535,
            50.3773088
          ],
          [
            6.1173114,
            50.3773608
          ],
          [
            6.1172027,
            50.3774095
          ],
          [
            6.1169072,
            50.3777126
          ],
          [
            6.1168104,
            50.3778649
          ],
          [
            6.1167681,
            50.3779388
          ],
          [
            6.1167685,
            50.3780851
          ],
          [
            6.1166816,
            50.3782462
          ],
          [
            6.1165886,
            50.3783691
          ],
          [
            6.1166347,
            50.378658
          ],
          [
            6.1166899,
            50.3789212
          ],
          [
            6.116659,
            50.3790509
          ],
          [
            6.1166077,
            50.3791369
          ],
          [
            6.116548,
            50.3792027
          ],
          [
            6.1164657,
            50.3792646
          ],
          [
            6.1163673,
            50.379297
          ],
          [
            6.116256,
            50.3793128
          ],
          [
            6.1161472,
            50.3793122
          ],
          [
            6.1160089,
            50.3793014
          ],
          [
            6.1157769,
            50.3792663
          ],
          [
            6.1155208,
            50.3791757
          ],
          [
            6.1153558,
            50.3791372
          ],
          [
            6.1152331,
            50.3791692
          ],
          [
            6.1144908,
            50.3795033
          ],
          [
            6.1139993,
            50.3797353
          ],
          [
            6.1137103,
            50.3799396
          ],
          [
            6.113527,
            50.3799935
          ],
          [
            6.1129915,
            50.3801371
          ],
          [
            6.1129676,
            50.3802039
          ],
          [
            6.1128912,
            50.380252
          ],
          [
            6.1127591,
            50.3802548
          ],
          [
            6.112552,
            50.3801846
          ],
          [
            6.1122256,
            50.3801684
          ],
          [
            6.1120819,
            50.3802129
          ],
          [
            6.1116005,
            50.3804733
          ],
          [
            6.1111887,
            50.3805915
          ],
          [
            6.1109613,
            50.3808295
          ],
          [
            6.1107179,
            50.3809462
          ],
          [
            6.1103925,
            50.3809272
          ],
          [
            6.1101127,
            50.380893
          ],
          [
            6.1095013,
            50.3808566
          ],
          [
            6.1087579,
            50.3808301
          ],
          [
            6.1083942,
            50.3807858
          ],
          [
            6.1079072,
            50.3807793
          ],
          [
            6.1076325,
            50.3806191
          ],
          [
            6.1076826,
            50.3803976
          ],
          [
            6.1074888,
            50.3800657
          ],
          [
            6.1071067,
            50.3797485
          ],
          [
            6.1064313,
            50.379689
          ],
          [
            6.1061384,
            50.3794474
          ],
          [
            6.1053305,
            50.3791916
          ],
          [
            6.1046889,
            50.3791358
          ],
          [
            6.1040307,
            50.3792336
          ],
          [
            6.10366,
            50.3795607
          ],
          [
            6.103465,
            50.3797384
          ],
          [
            6.1029991,
            50.3797926
          ],
          [
            6.1027705,
            50.3796457
          ],
          [
            6.1021324,
            50.3795425
          ],
          [
            6.1016287,
            50.3795882
          ],
          [
            6.1008046,
            50.3794923
          ],
          [
            6.1004325,
            50.3790561
          ],
          [
            6.1001731,
            50.3789258
          ],
          [
            6.0996705,
            50.3789059
          ],
          [
            6.0987263,
            50.3786945
          ],
          [
            6.0980754,
            50.3786835
          ],
          [
            6.0975617,
            50.3785362
          ],
          [
            6.0973643,
            50.3780532
          ],
          [
            6.0964557,
            50.3772179
          ],
          [
            6.0949966,
            50.3761779
          ],
          [
            6.0933831,
            50.3750768
          ],
          [
            6.0927048,
            50.3748584
          ],
          [
            6.0919259,
            50.3745907
          ],
          [
            6.091501,
            50.3744191
          ],
          [
            6.090897,
            50.3742214
          ],
          [
            6.0905537,
            50.3743054
          ],
          [
            6.0901827,
            50.3744237
          ],
          [
            6.0898874,
            50.374533
          ],
          [
            6.0890514,
            50.3743748
          ],
          [
            6.0882159,
            50.3744262
          ],
          [
            6.0874292,
            50.3743982
          ],
          [
            6.0866296,
            50.3744655
          ],
          [
            6.0861605,
            50.3742602
          ],
          [
            6.0859529,
            50.373968
          ],
          [
            6.0855505,
            50.3738625
          ],
          [
            6.0852311,
            50.3737872
          ],
          [
            6.0850128,
            50.3735983
          ],
          [
            6.0846311,
            50.3733645
          ],
          [
            6.0839847,
            50.3732509
          ],
          [
            6.0830661,
            50.3732767
          ],
          [
            6.0805719,
            50.3734505
          ],
          [
            6.0796093,
            50.3735919
          ],
          [
            6.0785611,
            50.3735131
          ],
          [
            6.0780949,
            50.3733139
          ],
          [
            6.0778997,
            50.3732305
          ],
          [
            6.0769942,
            50.373274
          ],
          [
            6.0754895,
            50.3730297
          ],
          [
            6.0745308,
            50.3727892
          ],
          [
            6.0736661,
            50.3726995
          ],
          [
            6.0722864,
            50.3727508
          ],
          [
            6.0719546,
            50.3729114
          ],
          [
            6.0718513,
            50.3731152
          ],
          [
            6.0699582,
            50.373508
          ],
          [
            6.0693458,
            50.373439
          ],
          [
            6.0689583,
            50.3733954
          ],
          [
            6.0677089,
            50.373768
          ],
          [
            6.0673812,
            50.3737691
          ],
          [
            6.0670165,
            50.3736365
          ],
          [
            6.066488,
            50.3734009
          ],
          [
            6.0660329,
            50.373481
          ],
          [
            6.0658064,
            50.3735853
          ],
          [
            6.0656549,
            50.3736155
          ],
          [
            6.0655711,
            50.3736673
          ],
          [
            6.0651497,
            50.3736164
          ],
          [
            6.0648292,
            50.3735708
          ],
          [
            6.0645674,
            50.3736761
          ],
          [
            6.0645774,
            50.3739012
          ],
          [
            6.064147,
            50.3740133
          ],
          [
            6.0635527,
            50.3739686
          ],
          [
            6.0633028,
            50.3740034
          ],
          [
            6.0632885,
            50.3740418
          ],
          [
            6.0634212,
            50.3742155
          ],
          [
            6.0631637,
            50.3744269
          ],
          [
            6.0630073,
            50.3748369
          ],
          [
            6.0628284,
            50.3749521
          ],
          [
            6.061909,
            50.3749988
          ],
          [
            6.061642,
            50.3750124
          ],
          [
            6.0609811,
            50.3751324
          ],
          [
            6.0588681,
            50.3753494
          ],
          [
            6.0582919,
            50.3753751
          ],
          [
            6.0575549,
            50.3753285
          ],
          [
            6.0569736,
            50.3750831
          ],
          [
            6.0567182,
            50.3748052
          ],
          [
            6.0560127,
            50.3746621
          ],
          [
            6.0557095,
            50.3746463
          ],
          [
            6.0544768,
            50.3744842
          ],
          [
            6.0536244,
            50.3743829
          ],
          [
            6.0528039,
            50.3743094
          ],
          [
            6.0525722,
            50.3743006
          ],
          [
            6.0523636,
            50.3742928
          ],
          [
            6.0522255,
            50.3742725
          ],
          [
            6.0521144,
            50.3742411
          ],
          [
            6.0520141,
            50.3741966
          ],
          [
            6.051797,
            50.3740431
          ],
          [
            6.0516532,
            50.3739766
          ],
          [
            6.0514912,
            50.373927
          ],
          [
            6.0513382,
            50.3738983
          ],
          [
            6.0512113,
            50.3738922
          ],
          [
            6.0508346,
            50.3738929
          ],
          [
            6.0506799,
            50.3739048
          ],
          [
            6.0501177,
            50.3739824
          ],
          [
            6.0500381,
            50.3739773
          ],
          [
            6.0499563,
            50.3739538
          ],
          [
            6.0498866,
            50.3739224
          ],
          [
            6.0496114,
            50.3737225
          ],
          [
            6.0494133,
            50.3736115
          ],
          [
            6.0491501,
            50.3734846
          ],
          [
            6.0489337,
            50.3734138
          ],
          [
            6.0486445,
            50.3733822
          ],
          [
            6.0484557,
            50.3733391
          ],
          [
            6.0483319,
            50.3732494
          ],
          [
            6.0481055,
            50.3729672
          ],
          [
            6.0480818,
            50.3728683
          ],
          [
            6.0480968,
            50.3727476
          ],
          [
            6.0481158,
            50.3726685
          ],
          [
            6.0480944,
            50.3726111
          ],
          [
            6.0480121,
            50.3725759
          ],
          [
            6.0479041,
            50.3725568
          ],
          [
            6.0474789,
            50.3724593
          ],
          [
            6.0474124,
            50.3724494
          ],
          [
            6.0473342,
            50.3724629
          ],
          [
            6.0472661,
            50.3724884
          ],
          [
            6.0469724,
            50.3725581
          ],
          [
            6.0466833,
            50.3723896
          ],
          [
            6.0462215,
            50.3724434
          ],
          [
            6.0454495,
            50.3726551
          ],
          [
            6.0450354,
            50.3725795
          ],
          [
            6.0446872,
            50.3720413
          ],
          [
            6.044499,
            50.371123
          ],
          [
            6.0443793,
            50.3706943
          ],
          [
            6.0440076,
            50.3705785
          ],
          [
            6.0435377,
            50.370643
          ],
          [
            6.0427094,
            50.370385
          ],
          [
            6.0423189,
            50.3700206
          ],
          [
            6.0417776,
            50.3697842
          ],
          [
            6.040782,
            50.3696128
          ],
          [
            6.0390718,
            50.3690855
          ],
          [
            6.0380681,
            50.3688169
          ],
          [
            6.0372057,
            50.3687239
          ],
          [
            6.0369382,
            50.3686653
          ],
          [
            6.0367146,
            50.3685488
          ],
          [
            6.0364737,
            50.3684056
          ],
          [
            6.0361939,
            50.3683268
          ]
        ]
      },
      "id": "way/553059160"
    },
    {
      "type": "Feature",
      "properties": {
        "@id": "way/788248805",
        "CEMT": "Va",
        "boat": "yes",
        "name": "La Meuse",
        "name:af": "Die Maas",
        "name:ar": "نهر الميز",
        "name:be": "Мёз (Маас)",
        "name:bg": "Мьоз (Маас)",
        "name:bn": "মোজ নদী",
        "name:br": "Ar Meuse",
        "name:ca": "Mosa",
        "name:cs": "Máza",
        "name:cy": "Afon Meuse (Maas)",
        "name:da": "Maas",
        "name:de": "Maas",
        "name:el": "Μεύσης",
        "name:en": "Meuse",
        "name:eo": "Mozo",
        "name:es": "río Mosa",
        "name:et": "Maas",
        "name:eu": "Mosa",
        "name:fa": "رود) موز)",
        "name:fi": "Maas",
        "name:fr": "La Meuse",
        "name:fy": "Maas",
        "name:gl": "Río Mosa",
        "name:he": "מז",
        "name:hr": "Meuse",
        "name:hu": "Maas (Meuse)",
        "name:hy": "Մաաս",
        "name:it": "Mosa",
        "name:ja": "マース川",
        "name:ka": "მაასი",
        "name:ko": "뫼즈 강 (마스 강)",
        "name:la": "Mosa",
        "name:language": "fr",
        "name:lb": "Meuse",
        "name:li": "Maos (Maas)",
        "name:lt": "Masas (Mezas)",
        "name:lv": "Māsa (Mēza)",
        "name:mk": "Меза (Мас)",
        "name:nl": "Maas",
        "name:nn": "Maas (Meuse)",
        "name:no": "Meuse (Maas)",
        "name:oc": "Mòsa",
        "name:pl": "Moza",
        "name:pt": "Mosa",
        "name:ro": "Meuse",
        "name:ru": "Мёз (Маас)",
        "name:sh": "Meza (Maas)",
        "name:sk": "Mása",
        "name:sr": "Меза (Маас)",
        "name:sv": "Meuse",
        "name:ta": "மியூசே ஆறு",
        "name:th": "แม่น้ำเมิซ",
        "name:tl": "Ilog Mosa",
        "name:tr": "Maas Nehri",
        "name:uk": "Мез (Маас)",
        "name:vi": "Sông Maas",
        "name:wa": "Mouze",
        "name:zh": "默兹河",
        "waterway": "river"
      },
      "geometry": {
        "type": "LineString",
        "coordinates": [
          [
            5.6364644,
            50.6517092
          ],
          [
            5.63851,
            50.6521558
          ],
          [
            5.6395721,
            50.6525697
          ],
          [
            5.6414276,
            50.6533515
          ],
          [
            5.6423108,
            50.6538453
          ],
          [
            5.6439286,
            50.6548151
          ],
          [
            5.6448819,
            50.6559446
          ],
          [
            5.6453748,
            50.6566875
          ],
          [
            5.6457685,
            50.6575805
          ],
          [
            5.6461584,
            50.6585531
          ],
          [
            5.6463174,
            50.6594405
          ],
          [
            5.6463818,
            50.6603099
          ],
          [
            5.646289,
            50.6611505
          ],
          [
            5.6460763,
            50.6619485
          ],
          [
            5.645707,
            50.662697
          ],
          [
            5.6443393,
            50.6653921
          ],
          [
            5.6434124,
            50.6676954
          ],
          [
            5.6433317,
            50.669067
          ]
        ]
      },
      "id": "way/788248805"
    },
    {
      "type": "Feature",
      "properties": {
        "@id": "way/788248806",
        "boat": "yes",
        "name": "La Meuse",
        "name:af": "Die Maas",
        "name:ar": "نهر الميز",
        "name:be": "Мёз (Маас)",
        "name:bg": "Мьоз (Маас)",
        "name:bn": "মোজ নদী",
        "name:br": "Ar Meuse",
        "name:ca": "Mosa",
        "name:cs": "Máza",
        "name:cy": "Afon Meuse (Maas)",
        "name:da": "Maas",
        "name:de": "Maas",
        "name:el": "Μεύσης",
        "name:en": "Meuse",
        "name:eo": "Mozo",
        "name:es": "río Mosa",
        "name:et": "Maas",
        "name:eu": "Mosa",
        "name:fa": "رود) موز)",
        "name:fi": "Maas",
        "name:fr": "La Meuse",
        "name:fy": "Maas",
        "name:gl": "Río Mosa",
        "name:he": "מז",
        "name:hr": "Meuse",
        "name:hu": "Maas (Meuse)",
        "name:hy": "Մաաս",
        "name:it": "Mosa",
        "name:ja": "マース川",
        "name:ka": "მაასი",
        "name:ko": "뫼즈 강 (마스 강)",
        "name:la": "Mosa",
        "name:language": "fr",
        "name:lb": "Meuse",
        "name:li": "Maos (Maas)",
        "name:lt": "Masas (Mezas)",
        "name:lv": "Māsa (Mēza)",
        "name:mk": "Меза (Мас)",
        "name:nl": "Maas",
        "name:nn": "Maas (Meuse)",
        "name:no": "Meuse (Maas)",
        "name:oc": "Mòsa",
        "name:pl": "Moza",
        "name:pt": "Mosa",
        "name:ro": "La Meuse",
        "name:ru": "Мёз (Маас)",
        "name:sh": "Meza (Maas)",
        "name:sk": "Mása",
        "name:sr": "Меза (Маас)",
        "name:sv": "Meuse",
        "name:ta": "மியூசே ஆறு",
        "name:th": "แม่น้ำเมิซ",
        "name:tl": "Ilog Mosa",
        "name:tr": "Maas Nehri",
        "name:uk": "Мез (Маас)",
        "name:vi": "Sông Maas",
        "name:wa": "Mouze",
        "name:zh": "默兹河",
        "waterway": "river"
      },
      "geometry": {
        "type": "LineString",
        "coordinates": [
          [
            5.616485,
            50.6527252
          ],
          [
            5.6184415,
            50.6526835
          ],
          [
            5.6217176,
            50.652568
          ],
          [
            5.6256554,
            50.6522276
          ],
          [
            5.629013,
            50.6517564
          ],
          [
            5.6309004,
            50.6516103
          ],
          [
            5.6315469,
            50.6514993
          ],
          [
            5.6327979,
            50.6514347
          ],
          [
            5.6333578,
            50.6514352
          ],
          [
            5.6351348,
            50.6514369
          ],
          [
            5.6364644,
            50.6517092
          ]
        ]
      },
      "id": "way/788248806"
    },
    {
      "type": "Feature",
      "properties": {
        "@id": "way/788248807",
        "boat": "yes",
        "name": "La Meuse",
        "name:af": "Die Maas",
        "name:ar": "نهر الميز",
        "name:be": "Мёз (Маас)",
        "name:bg": "Мьоз (Маас)",
        "name:bn": "মোজ নদী",
        "name:br": "Ar Meuse",
        "name:ca": "Mosa",
        "name:cs": "Máza",
        "name:cy": "Afon Meuse (Maas)",
        "name:da": "Maas",
        "name:de": "Maas",
        "name:el": "Μεύσης",
        "name:en": "Meuse",
        "name:eo": "Mozo",
        "name:es": "río Mosa",
        "name:et": "Maas",
        "name:eu": "Mosa",
        "name:fa": "رود) موز)",
        "name:fi": "Maas",
        "name:fr": "La Meuse",
        "name:fy": "Maas",
        "name:gl": "Río Mosa",
        "name:he": "מז",
        "name:hr": "Meuse",
        "name:hu": "Maas (Meuse)",
        "name:hy": "Մաաս",
        "name:it": "Mosa",
        "name:ja": "マース川",
        "name:ka": "მაასი",
        "name:ko": "뫼즈 강 (마스 강)",
        "name:la": "Mosa",
        "name:language": "fr",
        "name:lb": "Meuse",
        "name:li": "Maos (Maas)",
        "name:lt": "Masas (Mezas)",
        "name:lv": "Māsa (Mēza)",
        "name:mk": "Меза (Мас)",
        "name:nl": "Maas",
        "name:nn": "Maas (Meuse)",
        "name:no": "Meuse (Maas)",
        "name:oc": "Mòsa",
        "name:pl": "Moza",
        "name:pt": "Mosa",
        "name:ro": "Meuse",
        "name:ru": "Мёз (Маас)",
        "name:sh": "Meza (Maas)",
        "name:sk": "Mása",
        "name:sr": "Меза (Маас)",
        "name:sv": "Meuse",
        "name:ta": "மியூசே ஆறு",
        "name:th": "แม่น้ำเมิซ",
        "name:tl": "Ilog Mosa",
        "name:tr": "Maas Nehri",
        "name:uk": "Мез (Маас)",
        "name:vi": "Sông Maas",
        "name:wa": "Mouze",
        "name:zh": "默兹河",
        "waterway": "river"
      },
      "geometry": {
        "type": "LineString",
        "coordinates": [
          [
            5.6865401,
            50.7505825
          ],
          [
            5.6861898,
            50.7515459
          ],
          [
            5.6859288,
            50.7523249
          ],
          [
            5.6850171,
            50.7531933
          ],
          [
            5.6842618,
            50.7537424
          ],
          [
            5.6835607,
            50.7542641
          ],
          [
            5.6831983,
            50.7547993
          ],
          [
            5.6827236,
            50.755593
          ],
          [
            5.6821901,
            50.7566074
          ],
          [
            5.6819659,
            50.7573787
          ],
          [
            5.6818009,
            50.7587614
          ],
          [
            5.6819919,
            50.7597361
          ],
          [
            5.6828731,
            50.7612446
          ],
          [
            5.6838991,
            50.7623224
          ]
        ]
      },
      "id": "way/788248807"
    },
    {
      "type": "Feature",
      "properties": {
        "@id": "way/791914406",
        "CEMT": "IV",
        "boat": "yes",
        "name": "La Meuse",
        "name:af": "Die Maas",
        "name:ar": "نهر الميز",
        "name:be": "Мёз (Маас)",
        "name:bg": "Мьоз (Маас)",
        "name:bn": "মোজ নদী",
        "name:br": "Ar Meuse",
        "name:ca": "Mosa",
        "name:cs": "Máza",
        "name:cy": "Afon Meuse (Maas)",
        "name:da": "Maas",
        "name:de": "Maas",
        "name:el": "Μεύσης",
        "name:en": "Meuse",
        "name:eo": "Mozo",
        "name:es": "río Mosa",
        "name:et": "Maas",
        "name:eu": "Mosa",
        "name:fa": "رود) موز)",
        "name:fi": "Maas",
        "name:fr": "La Meuse",
        "name:fy": "Maas",
        "name:gl": "Río Mosa",
        "name:he": "מז",
        "name:hr": "Meuse",
        "name:hu": "Maas (Meuse)",
        "name:hy": "Մաաս",
        "name:it": "Mosa",
        "name:ja": "マース川",
        "name:ka": "მაასი",
        "name:ko": "뫼즈 강 (마스 강)",
        "name:la": "Mosa",
        "name:language": "fr",
        "name:lb": "Meuse",
        "name:li": "Maos (Maas)",
        "name:lt": "Masas (Mezas)",
        "name:lv": "Māsa (Mēza)",
        "name:mk": "Меза (Мас)",
        "name:nl": "Maas",
        "name:nn": "Maas (Meuse)",
        "name:no": "Meuse (Maas)",
        "name:oc": "Mòsa",
        "name:pl": "Moza",
        "name:pt": "Mosa",
        "name:ro": "Meuse",
        "name:ru": "Мёз (Маас)",
        "name:sh": "Meza (Maas)",
        "name:sk": "Mása",
        "name:sr": "Меза (Маас)",
        "name:sv": "Meuse",
        "name:ta": "மியூசே ஆறு",
        "name:th": "แม่น้ำเมิซ",
        "name:tl": "Ilog Mosa",
        "name:tr": "Maas Nehri",
        "name:uk": "Мез (Маас)",
        "name:vi": "Sông Maas",
        "name:wa": "Mouze",
        "name:zh": "默兹河",
        "waterway": "river"
      },
      "geometry": {
        "type": "LineString",
        "coordinates": [
          [
            4.8744423,
            50.4627639
          ],
          [
            4.8768349,
            50.4638505
          ],
          [
            4.8785145,
            50.4644772
          ],
          [
            4.8789498,
            50.4646024
          ],
          [
            4.8809236,
            50.4651701
          ],
          [
            4.8827042,
            50.4655932
          ],
          [
            4.8878906,
            50.4661576
          ],
          [
            4.8895464,
            50.4662814
          ],
          [
            4.8921895,
            50.466479
          ],
          [
            4.8953774,
            50.4670812
          ],
          [
            4.8976425,
            50.4669618
          ],
          [
            4.8993916,
            50.4666176
          ],
          [
            4.9000028,
            50.4664974
          ],
          [
            4.9026635,
            50.4656506
          ],
          [
            4.9042898,
            50.4653371
          ],
          [
            4.9084594,
            50.4645334
          ],
          [
            4.9087575,
            50.4644759
          ],
          [
            4.9118474,
            50.4642847
          ],
          [
            4.9157098,
            50.4644213
          ],
          [
            4.9182847,
            50.4648311
          ],
          [
            4.9200013,
            50.4653228
          ],
          [
            4.9230483,
            50.4662516
          ],
          [
            4.9231993,
            50.4663349
          ],
          [
            4.9249795,
            50.4673169
          ],
          [
            4.9337343,
            50.4734081
          ],
          [
            4.9404914,
            50.4782463
          ],
          [
            4.9417351,
            50.4788665
          ],
          [
            4.942568,
            50.4792739
          ],
          [
            4.9444204,
            50.4800622
          ],
          [
            4.9451736,
            50.4802617
          ],
          [
            4.9465963,
            50.4806274
          ],
          [
            4.9488014,
            50.4809968
          ],
          [
            4.9505766,
            50.4813027
          ],
          [
            4.9519733,
            50.4814361
          ],
          [
            4.9536726,
            50.4814413
          ],
          [
            4.9553837,
            50.4814304
          ],
          [
            4.9563058,
            50.4813232
          ],
          [
            4.9576442,
            50.4811524
          ],
          [
            4.9590158,
            50.4809816
          ],
          [
            4.959996,
            50.4807636
          ],
          [
            4.9619158,
            50.4804133
          ],
          [
            4.9705127,
            50.4788703
          ],
          [
            4.9721359,
            50.4782422
          ],
          [
            4.9750813,
            50.4771024
          ],
          [
            4.9768642,
            50.4764124
          ],
          [
            4.9816243,
            50.4739941
          ],
          [
            4.9817565,
            50.473927
          ],
          [
            4.9861768,
            50.470704
          ],
          [
            4.9900392,
            50.4688466
          ],
          [
            4.9929021,
            50.4683311
          ],
          [
            4.9972919,
            50.4681637
          ],
          [
            5.0009826,
            50.4687373
          ],
          [
            5.0041154,
            50.470185
          ],
          [
            5.0063041,
            50.4717966
          ],
          [
            5.0107792,
            50.4754296
          ],
          [
            5.0117544,
            50.4762212
          ],
          [
            5.0140289,
            50.478488
          ],
          [
            5.0175908,
            50.4835128
          ],
          [
            5.0191669,
            50.4860116
          ],
          [
            5.0202087,
            50.4876633
          ],
          [
            5.0226978,
            50.4894926
          ],
          [
            5.03171,
            50.4933969
          ],
          [
            5.0352867,
            50.4942652
          ],
          [
            5.0405935,
            50.4955536
          ],
          [
            5.0439017,
            50.4958598
          ],
          [
            5.0492118,
            50.4959562
          ],
          [
            5.0541976,
            50.4958266
          ],
          [
            5.0595222,
            50.4947875
          ]
        ]
      },
      "id": "way/791914406"
    },
    {
      "type": "Feature",
      "properties": {
        "@id": "way/791914407",
        "CEMT": "IV",
        "boat": "yes",
        "name": "La Meuse",
        "name:af": "Die Maas",
        "name:ar": "نهر الميز",
        "name:be": "Мёз (Маас)",
        "name:bg": "Мьоз (Маас)",
        "name:bn": "মোজ নদী",
        "name:br": "Ar Meuse",
        "name:ca": "Mosa",
        "name:cs": "Máza",
        "name:cy": "Afon Meuse (Maas)",
        "name:da": "Maas",
        "name:de": "Maas",
        "name:el": "Μεύσης",
        "name:en": "Meuse",
        "name:eo": "Mozo",
        "name:es": "río Mosa",
        "name:et": "Maas",
        "name:eu": "Mosa",
        "name:fa": "رود) موز)",
        "name:fi": "Maas",
        "name:fr": "La Meuse",
        "name:fy": "Maas",
        "name:gl": "Río Mosa",
        "name:he": "מז",
        "name:hr": "Meuse",
        "name:hu": "Maas (Meuse)",
        "name:hy": "Մաաս",
        "name:it": "Mosa",
        "name:ja": "マース川",
        "name:ka": "მაასი",
        "name:ko": "뫼즈 강 (마스 강)",
        "name:la": "Mosa",
        "name:language": "fr",
        "name:lb": "Meuse",
        "name:li": "Maos (Maas)",
        "name:lt": "Masas (Mezas)",
        "name:lv": "Māsa (Mēza)",
        "name:mk": "Меза (Мас)",
        "name:nl": "Maas",
        "name:nn": "Maas (Meuse)",
        "name:no": "Meuse (Maas)",
        "name:oc": "Mòsa",
        "name:pl": "Moza",
        "name:pt": "Mosa",
        "name:ro": "Meuse",
        "name:ru": "Мёз (Маас)",
        "name:sh": "Meza (Maas)",
        "name:sk": "Mása",
        "name:sr": "Меза (Маас)",
        "name:sv": "Meuse",
        "name:ta": "மியூசே ஆறு",
        "name:th": "แม่น้ำเมิซ",
        "name:tl": "Ilog Mosa",
        "name:tr": "Maas Nehri",
        "name:uk": "Мез (Маас)",
        "name:vi": "Sông Maas",
        "name:wa": "Mouze",
        "name:zh": "默兹河",
        "waterway": "river"
      },
      "geometry": {
        "type": "LineString",
        "coordinates": [
          [
            5.2997034,
            50.5319353
          ],
          [
            5.3029298,
            50.5316017
          ],
          [
            5.3067945,
            50.5322153
          ],
          [
            5.310085,
            50.5328728
          ],
          [
            5.3124622,
            50.5335673
          ],
          [
            5.3147473,
            50.5344133
          ],
          [
            5.3178087,
            50.5355467
          ],
          [
            5.3205971,
            50.5368021
          ],
          [
            5.3288777,
            50.5416045
          ],
          [
            5.3325134,
            50.5437517
          ],
          [
            5.3326325,
            50.5438185
          ],
          [
            5.3334927,
            50.5443239
          ],
          [
            5.334248,
            50.5448929
          ],
          [
            5.3347243,
            50.5454894
          ],
          [
            5.3350457,
            50.5461351
          ],
          [
            5.3351996,
            50.546672
          ],
          [
            5.3351851,
            50.5473312
          ],
          [
            5.334617,
            50.5489756
          ],
          [
            5.3341356,
            50.5502444
          ],
          [
            5.3337974,
            50.5515409
          ],
          [
            5.3336659,
            50.5525978
          ],
          [
            5.3337459,
            50.5538459
          ],
          [
            5.333939,
            50.554567
          ],
          [
            5.3342952,
            50.5551423
          ],
          [
            5.335117,
            50.5559214
          ],
          [
            5.3368637,
            50.5569546
          ],
          [
            5.3407863,
            50.5587929
          ],
          [
            5.3459715,
            50.5606674
          ],
          [
            5.3488108,
            50.5617171
          ],
          [
            5.3503847,
            50.562291
          ],
          [
            5.3519865,
            50.5628621
          ],
          [
            5.3534531,
            50.5633132
          ],
          [
            5.3549189,
            50.5636985
          ],
          [
            5.3550371,
            50.5637425
          ],
          [
            5.3579732,
            50.5646204
          ],
          [
            5.3594323,
            50.565002
          ],
          [
            5.3625222,
            50.5657244
          ],
          [
            5.3649115,
            50.5661892
          ],
          [
            5.3670358,
            50.5666117
          ],
          [
            5.3693103,
            50.5672795
          ],
          [
            5.3715559,
            50.5680005
          ],
          [
            5.3733154,
            50.5685866
          ],
          [
            5.3755873,
            50.5691677
          ],
          [
            5.3790205,
            50.5699718
          ],
          [
            5.3823083,
            50.5706402
          ],
          [
            5.3835707,
            50.5709871
          ],
          [
            5.3845312,
            50.5713938
          ],
          [
            5.3885791,
            50.5734417
          ],
          [
            5.3913693,
            50.5748796
          ],
          [
            5.3944338,
            50.5762448
          ],
          [
            5.4019444,
            50.5787993
          ],
          [
            5.4033166,
            50.579402
          ],
          [
            5.4054745,
            50.580614
          ],
          [
            5.4056315,
            50.5806934
          ],
          [
            5.406667,
            50.5812173
          ],
          [
            5.4076161,
            50.5816094
          ],
          [
            5.40843,
            50.5818796
          ],
          [
            5.4100861,
            50.5822911
          ],
          [
            5.4237912,
            50.5849635
          ],
          [
            5.4259016,
            50.5854947
          ],
          [
            5.4312117,
            50.587195
          ],
          [
            5.4336962,
            50.5877946
          ],
          [
            5.4447735,
            50.58954
          ],
          [
            5.4475146,
            50.5900469
          ]
        ]
      },
      "id": "way/791914407"
    },
    {
      "type": "Feature",
      "properties": {
        "@id": "way/792250398",
        "CEMT": "none",
        "boat": "no",
        "name": "La Meuse",
        "name:af": "Die Maas",
        "name:ar": "نهر الميز",
        "name:be": "Мёз (Маас)",
        "name:bg": "Мьоз (Маас)",
        "name:bn": "মোজ নদী",
        "name:br": "Ar Meuse",
        "name:ca": "Mosa",
        "name:cs": "Máza",
        "name:cy": "Afon Meuse (Maas)",
        "name:da": "Maas",
        "name:de": "Maas",
        "name:el": "Μεύσης",
        "name:en": "Meuse",
        "name:eo": "Mozo",
        "name:es": "río Mosa",
        "name:et": "Maas",
        "name:eu": "Mosa",
        "name:fa": "رود) موز)",
        "name:fi": "Maas",
        "name:fr": "La Meuse",
        "name:fy": "Maas",
        "name:gl": "Río Mosa",
        "name:he": "מז",
        "name:hr": "Meuse",
        "name:hu": "Maas (Meuse)",
        "name:hy": "Մաաս",
        "name:it": "Mosa",
        "name:ja": "マース川",
        "name:ka": "მაასი",
        "name:ko": "뫼즈 강 (마스 강)",
        "name:la": "Mosa",
        "name:language": "fr",
        "name:lb": "Meuse",
        "name:li": "Maos (Maas)",
        "name:lt": "Masas (Mezas)",
        "name:lv": "Māsa (Mēza)",
        "name:mk": "Меза (Мас)",
        "name:nl": "Maas",
        "name:nn": "Maas (Meuse)",
        "name:no": "Meuse (Maas)",
        "name:oc": "Mòsa",
        "name:pl": "Moza",
        "name:pt": "Mosa",
        "name:ro": "Meuse",
        "name:ru": "Мёз (Маас)",
        "name:sh": "Meza (Maas)",
        "name:sk": "Mása",
        "name:sr": "Меза (Маас)",
        "name:sv": "Meuse",
        "name:ta": "மியூசே ஆறு",
        "name:th": "แม่น้ำเมิซ",
        "name:tl": "Ilog Mosa",
        "name:tr": "Maas Nehri",
        "name:uk": "Мез (Маас)",
        "name:vi": "Sông Maas",
        "name:wa": "Mouze",
        "name:zh": "默兹河",
        "waterway": "river"
      },
      "geometry": {
        "type": "LineString",
        "coordinates": [
          [
            5.2803478,
            50.5362316
          ],
          [
            5.2829982,
            50.5357632
          ],
          [
            5.2833346,
            50.5356999
          ],
          [
            5.2893559,
            50.5347342
          ],
          [
            5.29466,
            50.5337924
          ],
          [
            5.2962155,
            50.5334912
          ],
          [
            5.2963763,
            50.5334636
          ],
          [
            5.2975912,
            50.533256
          ],
          [
            5.3012252,
            50.5326346
          ],
          [
            5.3067945,
            50.5322153
          ]
        ]
      },
      "id": "way/792250398"
    },
    {
      "type": "Feature",
      "properties": {
        "@id": "way/792250400",
        "CEMT": "IV",
        "boat": "yes",
        "name": "La Meuse",
        "name:br": "Ar Meuse",
        "name:fr": "La Meuse",
        "name:uk": "Мез (Маас)",
        "waterway": "river"
      },
      "geometry": {
        "type": "LineString",
        "coordinates": [
          [
            5.2955597,
            50.532828
          ],
          [
            5.2983069,
            50.5322868
          ],
          [
            5.2997034,
            50.5319353
          ]
        ]
      },
      "id": "way/792250400"
    },
    {
      "type": "Feature",
      "properties": {
        "@id": "way/792250402",
        "CEMT": "IV",
        "boat": "yes",
        "name": "La Meuse",
        "name:af": "Die Maas",
        "name:ar": "نهر الميز",
        "name:be": "Мёз (Маас)",
        "name:bg": "Мьоз (Маас)",
        "name:bn": "মোজ নদী",
        "name:br": "Ar Meuse",
        "name:ca": "Mosa",
        "name:cs": "Máza",
        "name:cy": "Afon Meuse (Maas)",
        "name:da": "Maas",
        "name:de": "Maas",
        "name:el": "Μεύσης",
        "name:en": "Meuse",
        "name:eo": "Mozo",
        "name:es": "río Mosa",
        "name:et": "Maas",
        "name:eu": "Mosa",
        "name:fa": "رود) موز)",
        "name:fi": "Maas",
        "name:fr": "La Meuse",
        "name:fy": "Maas",
        "name:gl": "Río Mosa",
        "name:he": "מז",
        "name:hr": "Meuse",
        "name:hu": "Maas (Meuse)",
        "name:hy": "Մաաս",
        "name:it": "Mosa",
        "name:ja": "マース川",
        "name:ka": "მაასი",
        "name:ko": "뫼즈 강 (마스 강)",
        "name:la": "Mosa",
        "name:language": "fr",
        "name:lb": "Meuse",
        "name:li": "Maos (Maas)",
        "name:lt": "Masas (Mezas)",
        "name:lv": "Māsa (Mēza)",
        "name:mk": "Меза (Мас)",
        "name:nl": "Maas",
        "name:nn": "Maas (Meuse)",
        "name:no": "Meuse (Maas)",
        "name:oc": "Mòsa",
        "name:pl": "Moza",
        "name:pt": "Mosa",
        "name:ro": "Meuse",
        "name:ru": "Мёз (Маас)",
        "name:sh": "Meza (Maas)",
        "name:sk": "Mása",
        "name:sr": "Меза (Маас)",
        "name:sv": "Meuse",
        "name:ta": "மியூசே ஆறு",
        "name:th": "แม่น้ำเมิซ",
        "name:tl": "Ilog Mosa",
        "name:tr": "Maas Nehri",
        "name:uk": "Мез (Маас)",
        "name:vi": "Sông Maas",
        "name:wa": "Mouze",
        "name:zh": "默兹河",
        "waterway": "river"
      },
      "geometry": {
        "type": "LineString",
        "coordinates": [
          [
            5.2952608,
            50.5326024
          ],
          [
            5.2981722,
            50.5320362
          ],
          [
            5.2997034,
            50.5319353
          ]
        ]
      },
      "id": "way/792250402"
    },
    {
      "type": "Feature",
      "properties": {
        "@id": "way/792250403",
        "CEMT": "IV",
        "boat": "yes",
        "name": "La Meuse",
        "name:br": "Ar Meuse",
        "name:fr": "La Meuse",
        "name:uk": "Мез (Маас)",
        "waterway": "river"
      },
      "geometry": {
        "type": "LineString",
        "coordinates": [
          [
            5.2847228,
            50.5348909
          ],
          [
            5.2910805,
            50.533699
          ],
          [
            5.2923153,
            50.5334552
          ]
        ]
      },
      "id": "way/792250403"
    },
    {
      "type": "Feature",
      "properties": {
        "@id": "way/829736441",
        "alt_name": "Le Glain",
        "covered": "yes",
        "name": "La Salm",
        "waterway": "river",
        "wikidata": "Q552315",
        "wikipedia": "fr:Salm (rivière de Belgique)"
      },
      "geometry": {
        "type": "LineString",
        "coordinates": [
          [
            5.9135339,
            50.2883004
          ],
          [
            5.9134047,
            50.2885792
          ]
        ]
      },
      "id": "way/829736441"
    },
    {
      "type": "Feature",
      "properties": {
        "@id": "way/830038700",
        "alt_name": "Le Glain",
        "covered": "yes",
        "name": "La Salm",
        "waterway": "river",
        "wikidata": "Q552315",
        "wikipedia": "fr:Salm (rivière de Belgique)"
      },
      "geometry": {
        "type": "LineString",
        "coordinates": [
          [
            5.9133388,
            50.2886816
          ],
          [
            5.913316,
            50.2887246
          ]
        ]
      },
      "id": "way/830038700"
    },
    {
      "type": "Feature",
      "properties": {
        "@id": "way/830038701",
        "alt_name": "Le Glain",
        "name": "La Salm",
        "waterway": "river",
        "wikidata": "Q552315",
        "wikipedia": "fr:Salm (rivière de Belgique)"
      },
      "geometry": {
        "type": "LineString",
        "coordinates": [
          [
            5.9134047,
            50.2885792
          ],
          [
            5.9133665,
            50.2886252
          ],
          [
            5.9133539,
            50.2886464
          ],
          [
            5.9133388,
            50.2886816
          ]
        ]
      },
      "id": "way/830038701"
    },
    {
      "type": "Feature",
      "properties": {
        "@id": "way/928361947",
        "name": "Ourthe",
        "waterway": "river"
      },
      "geometry": {
        "type": "LineString",
        "coordinates": [
          [
            5.5141571,
            50.2357952
          ],
          [
            5.5137728,
            50.2359896
          ],
          [
            5.5134469,
            50.2361644
          ],
          [
            5.5133461,
            50.2362076
          ],
          [
            5.5131133,
            50.2362749
          ],
          [
            5.5127416,
            50.2363572
          ]
        ]
      },
      "id": "way/928361947"
    },
    {
      "type": "Feature",
      "properties": {
        "@id": "way/988059231",
        "name": "Ourthe",
        "waterway": "river"
      },
      "geometry": {
        "type": "LineString",
        "coordinates": [
          [
            5.5313008,
            50.4213743
          ],
          [
            5.5318395,
            50.4213918
          ],
          [
            5.5327407,
            50.4218908
          ],
          [
            5.5334112,
            50.4220549
          ],
          [
            5.5345163,
            50.4229401
          ],
          [
            5.5346991,
            50.4231953
          ]
        ]
      },
      "id": "way/988059231"
    },
    {
      "type": "Feature",
      "properties": {
        "@id": "way/997542109",
        "boat": "no",
        "name": "Ourthe",
        "waterway": "river"
      },
      "geometry": {
        "type": "LineString",
        "coordinates": [
          [
            5.5677395,
            50.5228462
          ],
          [
            5.5686656,
            50.5231831
          ],
          [
            5.5692798,
            50.5236524
          ],
          [
            5.5697995,
            50.5243696
          ],
          [
            5.5699531,
            50.5246512
          ],
          [
            5.569971,
            50.5248045
          ],
          [
            5.5700239,
            50.5252556
          ],
          [
            5.5700357,
            50.5263257
          ],
          [
            5.5703546,
            50.5269264
          ],
          [
            5.5702246,
            50.5273946
          ]
        ]
      },
      "id": "way/997542109"
    },
    {
      "type": "Feature",
      "properties": {
        "@id": "way/1025229070",
        "name": "Ourthe",
        "waterway": "river"
      },
      "geometry": {
        "type": "LineString",
        "coordinates": [
          [
            5.5848696,
            50.5702798
          ],
          [
            5.5855878,
            50.5705033
          ],
          [
            5.5873229,
            50.5709374
          ],
          [
            5.5887653,
            50.5713881
          ],
          [
            5.5893025,
            50.5715207
          ],
          [
            5.5895744,
            50.5715163
          ],
          [
            5.5898513,
            50.571367
          ],
          [
            5.5899375,
            50.5712438
          ],
          [
            5.5903719,
            50.5712259
          ],
          [
            5.5909439,
            50.5711448
          ],
          [
            5.5914694,
            50.5710121
          ],
          [
            5.5918136,
            50.5708215
          ]
        ]
      },
      "id": "way/1025229070"
    },
    {
      "type": "Feature",
      "properties": {
        "@id": "way/1087069238",
        "CEMT": "IV",
        "boat": "yes",
        "name": "La Meuse",
        "name:af": "Die Maas",
        "name:ar": "نهر الميز",
        "name:be": "Мёз (Маас)",
        "name:bg": "Мьоз (Маас)",
        "name:bn": "মোজ নদী",
        "name:br": "Ar Meuse",
        "name:ca": "Mosa",
        "name:cs": "Máza",
        "name:cy": "Afon Meuse (Maas)",
        "name:da": "Maas",
        "name:de": "Maas",
        "name:el": "Μεύσης",
        "name:en": "Meuse",
        "name:eo": "Mozo",
        "name:es": "río Mosa",
        "name:et": "Maas",
        "name:eu": "Mosa",
        "name:fa": "رود) موز)",
        "name:fi": "Maas",
        "name:fr": "La Meuse",
        "name:fy": "Maas",
        "name:gl": "Río Mosa",
        "name:he": "מז",
        "name:hr": "Meuse",
        "name:hu": "Maas (Meuse)",
        "name:hy": "Մաաս",
        "name:it": "Mosa",
        "name:ja": "マース川",
        "name:ka": "მაასი",
        "name:ko": "뫼즈 강 (마스 강)",
        "name:la": "Mosa",
        "name:language": "fr",
        "name:lb": "Meuse",
        "name:li": "Maos (Maas)",
        "name:lt": "Masas (Mezas)",
        "name:lv": "Māsa (Mēza)",
        "name:mk": "Меза (Мас)",
        "name:nl": "Maas",
        "name:nn": "Maas (Meuse)",
        "name:no": "Meuse (Maas)",
        "name:oc": "Mòsa",
        "name:pl": "Moza",
        "name:pt": "Mosa",
        "name:ro": "Meuse",
        "name:ru": "Мёз (Маас)",
        "name:sh": "Meza (Maas)",
        "name:si": "Meuse (Maas)",
        "name:sk": "Mása",
        "name:sr": "Меза (Маас)",
        "name:sv": "Meuse",
        "name:ta": "மியூசே ஆறு",
        "name:th": "แม่น้ำเมิซ",
        "name:tl": "Ilog Mosa",
        "name:tr": "Maas Nehri",
        "name:uk": "Мез (Маас)",
        "name:vi": "Sông Maas",
        "name:wa": "Mouze",
        "name:zh": "默兹河",
        "waterway": "river"
      },
      "geometry": {
        "type": "LineString",
        "coordinates": [
          [
            4.9138446,
            50.2400109
          ],
          [
            4.9141155,
            50.2400247
          ],
          [
            4.9150113,
            50.2400705
          ],
          [
            4.9172895,
            50.2405997
          ],
          [
            4.9183389,
            50.2411462
          ],
          [
            4.9189578,
            50.2418545
          ],
          [
            4.9195049,
            50.2424806
          ],
          [
            4.9197885,
            50.2430592
          ],
          [
            4.9203093,
            50.244122
          ],
          [
            4.9196395,
            50.2467961
          ]
        ]
      },
      "id": "way/1087069238"
    },
    {
      "type": "Feature",
      "properties": {
        "@id": "way/1087069239",
        "CEMT": "IV",
        "boat": "yes",
        "name": "La Meuse",
        "name:af": "Die Maas",
        "name:ar": "نهر الميز",
        "name:be": "Мёз (Маас)",
        "name:bg": "Мьоз (Маас)",
        "name:bn": "মোজ নদী",
        "name:br": "Ar Meuse",
        "name:ca": "Mosa",
        "name:cs": "Máza",
        "name:cy": "Afon Meuse (Maas)",
        "name:da": "Maas",
        "name:de": "Maas",
        "name:el": "Μεύσης",
        "name:en": "Meuse",
        "name:eo": "Mozo",
        "name:es": "río Mosa",
        "name:et": "Maas",
        "name:eu": "Mosa",
        "name:fa": "رود) موز)",
        "name:fi": "Maas",
        "name:fr": "La Meuse",
        "name:fy": "Maas",
        "name:gl": "Río Mosa",
        "name:he": "מז",
        "name:hr": "Meuse",
        "name:hu": "Maas (Meuse)",
        "name:hy": "Մաաս",
        "name:it": "Mosa",
        "name:ja": "マース川",
        "name:ka": "მაასი",
        "name:ko": "뫼즈 강 (마스 강)",
        "name:la": "Mosa",
        "name:language": "fr",
        "name:lb": "Meuse",
        "name:li": "Maos (Maas)",
        "name:lt": "Masas (Mezas)",
        "name:lv": "Māsa (Mēza)",
        "name:mk": "Меза (Мас)",
        "name:nl": "Maas",
        "name:nn": "Maas (Meuse)",
        "name:no": "Meuse (Maas)",
        "name:oc": "Mòsa",
        "name:pl": "Moza",
        "name:pt": "Mosa",
        "name:ro": "Meuse",
        "name:ru": "Мёз (Маас)",
        "name:sh": "Meza (Maas)",
        "name:si": "Meuse (Maas)",
        "name:sk": "Mása",
        "name:sr": "Меза (Маас)",
        "name:sv": "Meuse",
        "name:ta": "மியூசே ஆறு",
        "name:th": "แม่น้ำเมิซ",
        "name:tl": "Ilog Mosa",
        "name:tr": "Maas Nehri",
        "name:uk": "Мез (Маас)",
        "name:vi": "Sông Maas",
        "name:wa": "Mouze",
        "name:zh": "默兹河",
        "waterway": "river"
      },
      "geometry": {
        "type": "LineString",
        "coordinates": [
          [
            4.9196395,
            50.2467961
          ],
          [
            4.9192027,
            50.2485399
          ],
          [
            4.9175228,
            50.2506519
          ]
        ]
      },
      "id": "way/1087069239"
    },
    {
      "type": "Feature",
      "properties": {
        "@id": "way/1087069240",
        "CEMT": "IV",
        "boat": "yes",
        "name": "La Meuse",
        "name:af": "Die Maas",
        "name:ar": "نهر الميز",
        "name:be": "Мёз (Маас)",
        "name:bg": "Мьоз (Маас)",
        "name:bn": "মোজ নদী",
        "name:br": "Ar Meuse",
        "name:ca": "Mosa",
        "name:cs": "Máza",
        "name:cy": "Afon Meuse (Maas)",
        "name:da": "Maas",
        "name:de": "Maas",
        "name:el": "Μεύσης",
        "name:en": "Meuse",
        "name:eo": "Mozo",
        "name:es": "río Mosa",
        "name:et": "Maas",
        "name:eu": "Mosa",
        "name:fa": "رود) موز)",
        "name:fi": "Maas",
        "name:fr": "La Meuse",
        "name:fy": "Maas",
        "name:gl": "Río Mosa",
        "name:he": "מז",
        "name:hr": "Meuse",
        "name:hu": "Maas (Meuse)",
        "name:hy": "Մաաս",
        "name:it": "Mosa",
        "name:ja": "マース川",
        "name:ka": "მაასი",
        "name:ko": "뫼즈 강 (마스 강)",
        "name:la": "Mosa",
        "name:language": "fr",
        "name:lb": "Meuse",
        "name:li": "Maos (Maas)",
        "name:lt": "Masas (Mezas)",
        "name:lv": "Māsa (Mēza)",
        "name:mk": "Меза (Мас)",
        "name:nl": "Maas",
        "name:nn": "Maas (Meuse)",
        "name:no": "Meuse (Maas)",
        "name:oc": "Mòsa",
        "name:pl": "Moza",
        "name:pt": "Mosa",
        "name:ro": "Meuse",
        "name:ru": "Мёз (Маас)",
        "name:sh": "Meza (Maas)",
        "name:si": "Meuse (Maas)",
        "name:sk": "Mása",
        "name:sr": "Меза (Маас)",
        "name:sv": "Meuse",
        "name:ta": "மியூசே ஆறு",
        "name:th": "แม่น้ำเมิซ",
        "name:tl": "Ilog Mosa",
        "name:tr": "Maas Nehri",
        "name:uk": "Мез (Маас)",
        "name:vi": "Sông Maas",
        "name:wa": "Mouze",
        "name:zh": "默兹河",
        "waterway": "river"
      },
      "geometry": {
        "type": "LineString",
        "coordinates": [
          [
            4.910808,
            50.260831
          ],
          [
            4.9096806,
            50.2616538
          ],
          [
            4.9084663,
            50.26247
          ],
          [
            4.9075113,
            50.2635619
          ],
          [
            4.9066823,
            50.26491
          ]
        ]
      },
      "id": "way/1087069240"
    },
    {
      "type": "Feature",
      "properties": {
        "@id": "way/1087069241",
        "CEMT": "IV",
        "boat": "yes",
        "name": "La Meuse",
        "name:af": "Die Maas",
        "name:ar": "نهر الميز",
        "name:be": "Мёз (Маас)",
        "name:bg": "Мьоз (Маас)",
        "name:bn": "মোজ নদী",
        "name:br": "Ar Meuse",
        "name:ca": "Mosa",
        "name:cs": "Máza",
        "name:cy": "Afon Meuse (Maas)",
        "name:da": "Maas",
        "name:de": "Maas",
        "name:el": "Μεύσης",
        "name:en": "Meuse",
        "name:eo": "Mozo",
        "name:es": "río Mosa",
        "name:et": "Maas",
        "name:eu": "Mosa",
        "name:fa": "رود) موز)",
        "name:fi": "Maas",
        "name:fr": "La Meuse",
        "name:fy": "Maas",
        "name:gl": "Río Mosa",
        "name:he": "מז",
        "name:hr": "Meuse",
        "name:hu": "Maas (Meuse)",
        "name:hy": "Մաաս",
        "name:it": "Mosa",
        "name:ja": "マース川",
        "name:ka": "მაასი",
        "name:ko": "뫼즈 강 (마스 강)",
        "name:la": "Mosa",
        "name:language": "fr",
        "name:lb": "Meuse",
        "name:li": "Maos (Maas)",
        "name:lt": "Masas (Mezas)",
        "name:lv": "Māsa (Mēza)",
        "name:mk": "Меза (Мас)",
        "name:nl": "Maas",
        "name:nn": "Maas (Meuse)",
        "name:no": "Meuse (Maas)",
        "name:oc": "Mòsa",
        "name:pl": "Moza",
        "name:pt": "Mosa",
        "name:ro": "Meuse",
        "name:ru": "Мёз (Маас)",
        "name:sh": "Meza (Maas)",
        "name:si": "Meuse (Maas)",
        "name:sk": "Mása",
        "name:sr": "Меза (Маас)",
        "name:sv": "Meuse",
        "name:ta": "மியூசே ஆறு",
        "name:th": "แม่น้ำเมิซ",
        "name:tl": "Ilog Mosa",
        "name:tr": "Maas Nehri",
        "name:uk": "Мез (Маас)",
        "name:vi": "Sông Maas",
        "name:wa": "Mouze",
        "name:zh": "默兹河",
        "waterway": "river"
      },
      "geometry": {
        "type": "LineString",
        "coordinates": [
          [
            4.9128324,
            50.2560573
          ],
          [
            4.9123733,
            50.2579085
          ],
          [
            4.9118076,
            50.259761
          ],
          [
            4.910808,
            50.260831
          ]
        ]
      },
      "id": "way/1087069241"
    },
    {
      "type": "Feature",
      "properties": {
        "@id": "way/1223080411",
        "boat": "no",
        "name": "La Meuse",
        "name:af": "Die Maas",
        "name:ar": "نهر الميز",
        "name:be": "Мёз (Маас)",
        "name:bg": "Мьоз (Маас)",
        "name:bn": "মোজ নদী",
        "name:br": "Ar Meuse",
        "name:ca": "Mosa",
        "name:cs": "Máza",
        "name:cy": "Afon Meuse (Maas)",
        "name:da": "Maas",
        "name:de": "Maas",
        "name:el": "Μεύσης",
        "name:en": "Meuse",
        "name:eo": "Mozo",
        "name:es": "río Mosa",
        "name:et": "Maas",
        "name:eu": "Mosa",
        "name:fa": "رود) موز)",
        "name:fi": "Maas",
        "name:fr": "La Meuse",
        "name:fy": "Maas",
        "name:gl": "Río Mosa",
        "name:he": "מז",
        "name:hr": "Meuse",
        "name:hu": "Maas (Meuse)",
        "name:hy": "Մաաս",
        "name:it": "Mosa",
        "name:ja": "マース川",
        "name:ka": "მაასი",
        "name:ko": "뫼즈 강 (마스 강)",
        "name:la": "Mosa",
        "name:language": "fr",
        "name:lb": "Meuse",
        "name:li": "Maos (Maas)",
        "name:lt": "Masas (Mezas)",
        "name:lv": "Māsa (Mēza)",
        "name:mk": "Меза (Мас)",
        "name:nl": "Maas",
        "name:nn": "Maas (Meuse)",
        "name:no": "Meuse (Maas)",
        "name:oc": "Mòsa",
        "name:pl": "Moza",
        "name:pt": "Mosa",
        "name:ro": "Meuse",
        "name:ru": "Мёз (Маас)",
        "name:sh": "Meza (Maas)",
        "name:sk": "Mása",
        "name:sr": "Меза (Маас)",
        "name:sv": "Meuse",
        "name:ta": "மியூசே ஆறு",
        "name:th": "แม่น้ำเมิซ",
        "name:tl": "Ilog Mosa",
        "name:tr": "Maas Nehri",
        "name:uk": "Мез (Маас)",
        "name:vi": "Sông Maas",
        "name:wa": "Mouze",
        "name:zh": "默兹河",
        "waterway": "river"
      },
      "geometry": {
        "type": "LineString",
        "coordinates": [
          [
            5.0595222,
            50.4947875
          ],
          [
            5.0610865,
            50.4943862
          ],
          [
            5.0620564,
            50.4941253
          ],
          [
            5.0641099,
            50.4936785
          ],
          [
            5.0668729,
            50.4931428
          ],
          [
            5.0671144,
            50.493096
          ],
          [
            5.0686726,
            50.4928799
          ],
          [
            5.0700804,
            50.4927115
          ],
          [
            5.0719116,
            50.4926336
          ],
          [
            5.0732763,
            50.4926302
          ],
          [
            5.0750257,
            50.4926877
          ],
          [
            5.0767473,
            50.4927428
          ]
        ]
      },
      "id": "way/1223080411"
    },
    {
      "type": "Feature",
      "properties": {
        "@id": "way/1236873114",
        "boat": "no",
        "name": "Vesdre",
        "name:de": "Weser",
        "name:en": "Vesdre",
        "name:fr": "Vesdre",
        "name:lb": "Weser",
        "name:nl": "Vesder",
        "name:wa": "Vesse",
        "source": "survey, landsat, srtm, PPNC",
        "waterway": "river",
        "wikidata": "Q707598"
      },
      "geometry": {
        "type": "LineString",
        "coordinates": [
          [
            5.9391534,
            50.6221593
          ],
          [
            5.9388731,
            50.6221313
          ],
          [
            5.9387079,
            50.6220865
          ],
          [
            5.938581,
            50.6219475
          ],
          [
            5.9385376,
            50.6218248
          ],
          [
            5.938486,
            50.6215829
          ],
          [
            5.9384958,
            50.6214075
          ],
          [
            5.9384314,
            50.6211806
          ],
          [
            5.9381725,
            50.6208688
          ],
          [
            5.9378658,
            50.6204955
          ],
          [
            5.937624,
            50.6201227
          ],
          [
            5.9375501,
            50.6198265
          ],
          [
            5.9375233,
            50.6189353
          ],
          [
            5.9377404,
            50.6183618
          ],
          [
            5.9379348,
            50.618145
          ],
          [
            5.9390643,
            50.6175769
          ],
          [
            5.9394622,
            50.617347
          ],
          [
            5.9398356,
            50.616964
          ],
          [
            5.939976,
            50.6166434
          ],
          [
            5.940122,
            50.6161838
          ],
          [
            5.9399785,
            50.6156997
          ],
          [
            5.9395823,
            50.614874
          ],
          [
            5.9392372,
            50.6142209
          ],
          [
            5.9390639,
            50.6139993
          ],
          [
            5.9388748,
            50.6138331
          ],
          [
            5.9386103,
            50.6136133
          ],
          [
            5.9384336,
            50.6134746
          ],
          [
            5.9381686,
            50.6133415
          ],
          [
            5.937883,
            50.6132218
          ],
          [
            5.9375759,
            50.6131257
          ],
          [
            5.9371195,
            50.6129968
          ],
          [
            5.9365285,
            50.6129509
          ],
          [
            5.9359947,
            50.6129202
          ],
          [
            5.9354235,
            50.6130024
          ],
          [
            5.9344779,
            50.6132183
          ],
          [
            5.9326209,
            50.6137816
          ],
          [
            5.9321706,
            50.6139388
          ],
          [
            5.9319528,
            50.6140395
          ],
          [
            5.9315016,
            50.6142704
          ],
          [
            5.9308435,
            50.6146817
          ],
          [
            5.9305202,
            50.6149684
          ],
          [
            5.9304308,
            50.6151625
          ],
          [
            5.9299951,
            50.6159423
          ],
          [
            5.9298729,
            50.6161334
          ],
          [
            5.9297106,
            50.6163085
          ],
          [
            5.9292302,
            50.6166851
          ],
          [
            5.9289188,
            50.6168576
          ],
          [
            5.9285323,
            50.6169729
          ],
          [
            5.928314,
            50.6169729
          ],
          [
            5.9281181,
            50.6168929
          ],
          [
            5.9279237,
            50.616647
          ],
          [
            5.9277014,
            50.6163179
          ],
          [
            5.9275309,
            50.6160591
          ],
          [
            5.9274355,
            50.6158495
          ],
          [
            5.9272684,
            50.6154885
          ],
          [
            5.9272244,
            50.6151263
          ],
          [
            5.9270959,
            50.6147594
          ],
          [
            5.9270629,
            50.6144357
          ],
          [
            5.9271051,
            50.6140979
          ],
          [
            5.9271877,
            50.6135202
          ],
          [
            5.9272024,
            50.6132151
          ],
          [
            5.9270712,
            50.6129624
          ],
          [
            5.9268555,
            50.6127023
          ],
          [
            5.9266113,
            50.6125564
          ],
          [
            5.926209,
            50.6122962
          ],
          [
            5.9257936,
            50.6122221
          ],
          [
            5.92504,
            50.6121372
          ],
          [
            5.9238871,
            50.6120943
          ],
          [
            5.9225116,
            50.6119591
          ],
          [
            5.9222148,
            50.6119242
          ],
          [
            5.9213334,
            50.6118265
          ],
          [
            5.9187562,
            50.6114703
          ],
          [
            5.9170954,
            50.6112215
          ],
          [
            5.9157073,
            50.6110331
          ],
          [
            5.9150757,
            50.6110213
          ],
          [
            5.9146943,
            50.6110525
          ],
          [
            5.9142541,
            50.611174
          ],
          [
            5.913921,
            50.6113296
          ],
          [
            5.9138445,
            50.6114102
          ],
          [
            5.9138185,
            50.6114376
          ],
          [
            5.9135887,
            50.6119768
          ],
          [
            5.9132539,
            50.6128997
          ],
          [
            5.9128898,
            50.6137145
          ],
          [
            5.9127272,
            50.6139177
          ],
          [
            5.9125345,
            50.6140816
          ],
          [
            5.9123719,
            50.6141552
          ],
          [
            5.9120482,
            50.614194
          ]
        ]
      },
      "id": "way/1236873114"
    },
    {
      "type": "Feature",
      "properties": {
        "@id": "way/1236873115",
        "boat": "no",
        "name": "Vesdre",
        "name:de": "Weser",
        "name:en": "Vesdre",
        "name:fr": "Vesdre",
        "name:lb": "Weser",
        "name:nl": "Vesder",
        "name:wa": "Vesse",
        "source": "survey, landsat, srtm, PPNC",
        "waterway": "river",
        "wikidata": "Q707598"
      },
      "geometry": {
        "type": "LineString",
        "coordinates": [
          [
            5.9120482,
            50.614194
          ],
          [
            5.9119231,
            50.6142193
          ],
          [
            5.911776,
            50.6142235
          ],
          [
            5.9115416,
            50.6142008
          ],
          [
            5.9113318,
            50.6141342
          ],
          [
            5.9109825,
            50.6137089
          ],
          [
            5.9107333,
            50.6132771
          ],
          [
            5.9104882,
            50.6127184
          ],
          [
            5.9103452,
            50.6119331
          ],
          [
            5.9102132,
            50.6112603
          ],
          [
            5.9104005,
            50.6105576
          ],
          [
            5.9110392,
            50.6100641
          ],
          [
            5.9113487,
            50.6099399
          ],
          [
            5.911711,
            50.6098498
          ],
          [
            5.9126344,
            50.60966
          ],
          [
            5.9132591,
            50.6095213
          ],
          [
            5.913466,
            50.6094506
          ],
          [
            5.9135491,
            50.6093725
          ],
          [
            5.9136539,
            50.6092741
          ],
          [
            5.9139189,
            50.6086474
          ],
          [
            5.9140986,
            50.608122
          ],
          [
            5.9141603,
            50.6079426
          ],
          [
            5.9140894,
            50.6076682
          ],
          [
            5.9134194,
            50.6070278
          ],
          [
            5.9126403,
            50.6065848
          ],
          [
            5.9124617,
            50.6065212
          ],
          [
            5.9123491,
            50.6064811
          ],
          [
            5.9120112,
            50.6064329
          ],
          [
            5.911554,
            50.6065511
          ],
          [
            5.9114008,
            50.606603
          ],
          [
            5.9112757,
            50.6066577
          ],
          [
            5.911188,
            50.6067165
          ],
          [
            5.9111012,
            50.6067901
          ],
          [
            5.9110445,
            50.606874
          ],
          [
            5.9109774,
            50.6070146
          ],
          [
            5.9108587,
            50.6073404
          ],
          [
            5.9107854,
            50.60754
          ],
          [
            5.910715,
            50.6077239
          ],
          [
            5.9106757,
            50.6078123
          ],
          [
            5.9105338,
            50.6081067
          ],
          [
            5.910427,
            50.6082076
          ],
          [
            5.9102541,
            50.6083919
          ],
          [
            5.9101029,
            50.6084598
          ],
          [
            5.9098539,
            50.6084761
          ],
          [
            5.9081837,
            50.6080922
          ],
          [
            5.907366,
            50.6078977
          ],
          [
            5.9062315,
            50.607624
          ],
          [
            5.9056001,
            50.6072955
          ],
          [
            5.9052736,
            50.6069757
          ],
          [
            5.9051398,
            50.6066098
          ],
          [
            5.9052431,
            50.6060203
          ],
          [
            5.9052378,
            50.6057037
          ],
          [
            5.9052283,
            50.6051226
          ],
          [
            5.9048458,
            50.6046641
          ],
          [
            5.903137,
            50.6037842
          ],
          [
            5.9028684,
            50.6036943
          ],
          [
            5.9015617,
            50.6031636
          ],
          [
            5.9012249,
            50.6030422
          ],
          [
            5.9008894,
            50.6029334
          ],
          [
            5.9001385,
            50.6027345
          ],
          [
            5.8993555,
            50.6025794
          ],
          [
            5.898823,
            50.6025367
          ],
          [
            5.8984704,
            50.6025575
          ],
          [
            5.8981127,
            50.6026785
          ],
          [
            5.8975677,
            50.6030206
          ],
          [
            5.897116,
            50.6032019
          ],
          [
            5.8960292,
            50.6034599
          ],
          [
            5.8956257,
            50.6035376
          ],
          [
            5.8953789,
            50.6035637
          ],
          [
            5.8947324,
            50.6035384
          ],
          [
            5.8935153,
            50.6035579
          ],
          [
            5.8928149,
            50.603644
          ],
          [
            5.8923048,
            50.6036996
          ],
          [
            5.8915273,
            50.6037115
          ],
          [
            5.8911355,
            50.6036685
          ],
          [
            5.8899819,
            50.6033892
          ],
          [
            5.8893055,
            50.6031766
          ],
          [
            5.8883073,
            50.6029335
          ],
          [
            5.8875958,
            50.6027932
          ],
          [
            5.8867842,
            50.6027238
          ],
          [
            5.8861872,
            50.6028064
          ],
          [
            5.8852393,
            50.603121
          ],
          [
            5.8846898,
            50.6035016
          ],
          [
            5.8844963,
            50.6036187
          ],
          [
            5.8840934,
            50.6037366
          ],
          [
            5.8836808,
            50.6037622
          ],
          [
            5.8813693,
            50.6028844
          ],
          [
            5.8805243,
            50.6024698
          ],
          [
            5.8800312,
            50.6020705
          ],
          [
            5.8786713,
            50.6011248
          ],
          [
            5.8781536,
            50.6007772
          ],
          [
            5.8777116,
            50.6005629
          ],
          [
            5.8773113,
            50.6002381
          ],
          [
            5.8770486,
            50.59985
          ],
          [
            5.8768965,
            50.5997215
          ],
          [
            5.8763607,
            50.5989423
          ],
          [
            5.8761353,
            50.5981877
          ],
          [
            5.8758526,
            50.5973276
          ],
          [
            5.8758087,
            50.59705
          ],
          [
            5.8757365,
            50.5969053
          ],
          [
            5.875466,
            50.5967072
          ],
          [
            5.8748914,
            50.5966142
          ],
          [
            5.8738531,
            50.5965535
          ],
          [
            5.8728742,
            50.5967223
          ],
          [
            5.872317,
            50.5967839
          ],
          [
            5.8719034,
            50.5968073
          ],
          [
            5.8714854,
            50.5967811
          ],
          [
            5.8713405,
            50.5967281
          ],
          [
            5.8708578,
            50.5964907
          ],
          [
            5.8703311,
            50.5962113
          ],
          [
            5.8697497,
            50.5960088
          ],
          [
            5.8692888,
            50.5958621
          ],
          [
            5.8686804,
            50.5957188
          ],
          [
            5.8682433,
            50.5956745
          ],
          [
            5.8678762,
            50.595677
          ],
          [
            5.8672483,
            50.5956909
          ],
          [
            5.8662822,
            50.5957707
          ],
          [
            5.8650756,
            50.595918
          ],
          [
            5.8640991,
            50.5960018
          ],
          [
            5.8637479,
            50.5960088
          ],
          [
            5.8632323,
            50.5959529
          ],
          [
            5.8628154,
            50.5958342
          ],
          [
            5.8620034,
            50.5956386
          ],
          [
            5.8613561,
            50.5954431
          ],
          [
            5.8608514,
            50.5951847
          ],
          [
            5.860215,
            50.5947726
          ],
          [
            5.8598498,
            50.5944751
          ],
          [
            5.8591406,
            50.5940387
          ],
          [
            5.8585739,
            50.5936737
          ],
          [
            5.8578384,
            50.5933336
          ],
          [
            5.8565811,
            50.5928796
          ],
          [
            5.8555718,
            50.5926165
          ],
          [
            5.8548158,
            50.5925493
          ],
          [
            5.8541691,
            50.5925354
          ],
          [
            5.853356,
            50.5926165
          ],
          [
            5.8526115,
            50.5928381
          ],
          [
            5.8511838,
            50.5932936
          ],
          [
            5.8507959,
            50.5934087
          ],
          [
            5.8502685,
            50.5935651
          ],
          [
            5.8496989,
            50.5936802
          ],
          [
            5.8491228,
            50.5938027
          ],
          [
            5.8484981,
            50.5939606
          ],
          [
            5.8477229,
            50.5940758
          ],
          [
            5.8469939,
            50.5940812
          ],
          [
            5.8463533,
            50.5939502
          ],
          [
            5.8457598,
            50.5936855
          ],
          [
            5.8452976,
            50.5933956
          ],
          [
            5.8449832,
            50.593192
          ],
          [
            5.8449624,
            50.5926531
          ],
          [
            5.8450466,
            50.5919006
          ],
          [
            5.8452526,
            50.5912262
          ],
          [
            5.8453129,
            50.5905853
          ],
          [
            5.8452742,
            50.5899255
          ],
          [
            5.8453704,
            50.5892761
          ],
          [
            5.8454011,
            50.5891727
          ],
          [
            5.8454086,
            50.5890577
          ],
          [
            5.8453951,
            50.588964
          ]
        ]
      },
      "id": "way/1236873115"
    },
    {
      "type": "Feature",
      "properties": {
        "@id": "way/1238850147",
        "intermittent": "no",
        "name": "L'Ourthe",
        "name:fr": "L'Ourthe",
        "waterway": "river"
      },
      "geometry": {
        "type": "LineString",
        "coordinates": [
          [
            5.3808448,
            50.3040008
          ],
          [
            5.3804693,
            50.3041539
          ],
          [
            5.3803889,
            50.3042624
          ],
          [
            5.3803479,
            50.3045856
          ],
          [
            5.3804642,
            50.3049695
          ]
        ]
      },
      "id": "way/1238850147"
    },
    {
      "type": "Feature",
      "properties": {
        "@id": "way/1238850148",
        "intermittent": "no",
        "name": "L'Ourthe",
        "name:fr": "L'Ourthe",
        "waterway": "river"
      },
      "geometry": {
        "type": "LineString",
        "coordinates": [
          [
            5.3826428,
            50.3034323
          ],
          [
            5.3821803,
            50.3038104
          ],
          [
            5.3814795,
            50.3040091
          ],
          [
            5.3808675,
            50.3042406
          ],
          [
            5.380614,
            50.3044114
          ]
        ]
      },
      "id": "way/1238850148"
    },
    {
      "type": "Feature",
      "properties": {
        "@id": "way/1296077437",
        "intermittent": "no",
        "name": "L'Ourthe",
        "name:fr": "L'Ourthe",
        "name:ru": "Урт",
        "source": "yahoo imagery/survey",
        "waterway": "river",
        "width": "10"
      },
      "geometry": {
        "type": "LineString",
        "coordinates": [
          [
            5.4467451,
            50.2682193
          ],
          [
            5.4444121,
            50.2692159
          ],
          [
            5.4427902,
            50.2702247
          ],
          [
            5.4415424,
            50.270728
          ],
          [
            5.4397691,
            50.2709949
          ],
          [
            5.4375694,
            50.2705223
          ],
          [
            5.43699,
            50.2705178
          ],
          [
            5.4366589,
            50.2705152
          ],
          [
            5.4358873,
            50.2708059
          ],
          [
            5.4358036,
            50.2710819
          ],
          [
            5.4355233,
            50.2715563
          ],
          [
            5.4355361,
            50.2719637
          ],
          [
            5.4356471,
            50.2725016
          ],
          [
            5.4355679,
            50.2727325
          ],
          [
            5.4352312,
            50.2732667
          ],
          [
            5.4347577,
            50.2739985
          ],
          [
            5.4340018,
            50.2746574
          ],
          [
            5.4335867,
            50.2751331
          ],
          [
            5.4333733,
            50.2756379
          ],
          [
            5.4334099,
            50.2764317
          ],
          [
            5.4336446,
            50.2769811
          ],
          [
            5.4343052,
            50.2775272
          ],
          [
            5.4349266,
            50.2779668
          ],
          [
            5.4353872,
            50.2780856
          ],
          [
            5.4354682,
            50.278336
          ],
          [
            5.4346739,
            50.2792819
          ],
          [
            5.43471,
            50.2799048
          ],
          [
            5.434973,
            50.2802463
          ],
          [
            5.4358653,
            50.2808508
          ],
          [
            5.4366776,
            50.2813981
          ],
          [
            5.4369484,
            50.2821889
          ],
          [
            5.4370206,
            50.2837576
          ],
          [
            5.4370657,
            50.2839421
          ],
          [
            5.4373817,
            50.2852341
          ],
          [
            5.4366596,
            50.2862952
          ],
          [
            5.4349627,
            50.2875178
          ],
          [
            5.4331937,
            50.2876562
          ],
          [
            5.4318632,
            50.2877791
          ],
          [
            5.4316269,
            50.2878713
          ],
          [
            5.4313697,
            50.2882898
          ],
          [
            5.4312989,
            50.2886411
          ],
          [
            5.431692,
            50.2909704
          ],
          [
            5.4324314,
            50.2917451
          ],
          [
            5.4338659,
            50.2918113
          ],
          [
            5.4348715,
            50.2914617
          ],
          [
            5.4359214,
            50.2917546
          ],
          [
            5.4361876,
            50.292482
          ],
          [
            5.4365721,
            50.293663
          ],
          [
            5.4363059,
            50.2947966
          ],
          [
            5.4350637,
            50.2956658
          ],
          [
            5.4337032,
            50.2962609
          ],
          [
            5.4328899,
            50.2959964
          ],
          [
            5.4313223,
            50.2959492
          ],
          [
            5.4304324,
            50.2963996
          ],
          [
            5.4296957,
            50.2969222
          ],
          [
            5.4286347,
            50.2979038
          ],
          [
            5.428296,
            50.298666
          ],
          [
            5.4281894,
            50.2987183
          ],
          [
            5.4278239,
            50.2987926
          ],
          [
            5.4275845,
            50.2989163
          ],
          [
            5.4272718,
            50.2990005
          ],
          [
            5.42647,
            50.2990591
          ],
          [
            5.4259219,
            50.2992835
          ],
          [
            5.4246512,
            50.2996127
          ],
          [
            5.4236324,
            50.2997636
          ],
          [
            5.4229819,
            50.29986
          ],
          [
            5.421858,
            50.2998978
          ],
          [
            5.4210048,
            50.3000109
          ],
          [
            5.4201447,
            50.3002196
          ],
          [
            5.419171,
            50.30054
          ],
          [
            5.4183681,
            50.3010597
          ],
          [
            5.4176885,
            50.3014211
          ],
          [
            5.4176287,
            50.3015036
          ],
          [
            5.4169928,
            50.3024482
          ],
          [
            5.415912,
            50.3028785
          ],
          [
            5.4158541,
            50.3029016
          ],
          [
            5.4134289,
            50.3031094
          ],
          [
            5.4118318,
            50.3031283
          ],
          [
            5.4107825,
            50.3029817
          ],
          [
            5.4102445,
            50.3027841
          ],
          [
            5.4098556,
            50.302445
          ],
          [
            5.4094737,
            50.3022293
          ],
          [
            5.4089937,
            50.3020074
          ],
          [
            5.4085347,
            50.3019019
          ],
          [
            5.4078538,
            50.3018437
          ],
          [
            5.4070257,
            50.3021176
          ],
          [
            5.4064785,
            50.3025615
          ],
          [
            5.4063253,
            50.3028161
          ],
          [
            5.4060793,
            50.3032416
          ],
          [
            5.4060793,
            50.3036194
          ],
          [
            5.4068926,
            50.3040256
          ],
          [
            5.4075645,
            50.304048
          ],
          [
            5.4081831,
            50.3038964
          ],
          [
            5.4091552,
            50.3038745
          ],
          [
            5.4094805,
            50.304205
          ],
          [
            5.4092864,
            50.3045619
          ],
          [
            5.4087903,
            50.3048678
          ],
          [
            5.4080956,
            50.3050417
          ],
          [
            5.4070138,
            50.3051365
          ],
          [
            5.4064486,
            50.305417
          ],
          [
            5.4059905,
            50.3060941
          ],
          [
            5.4057059,
            50.3063868
          ],
          [
            5.4052511,
            50.3066135
          ],
          [
            5.4047469,
            50.3066496
          ],
          [
            5.4041864,
            50.3065663
          ],
          [
            5.4037119,
            50.3062285
          ],
          [
            5.4034355,
            50.3058783
          ],
          [
            5.4030286,
            50.3056824
          ],
          [
            5.402129,
            50.3054771
          ],
          [
            5.4016779,
            50.3055369
          ],
          [
            5.4014332,
            50.3056067
          ],
          [
            5.4012436,
            50.3056974
          ],
          [
            5.4009478,
            50.3065096
          ],
          [
            5.3999632,
            50.3075099
          ],
          [
            5.3980734,
            50.3082006
          ],
          [
            5.3955406,
            50.3093561
          ],
          [
            5.3942847,
            50.30976
          ],
          [
            5.3938768,
            50.3095255
          ],
          [
            5.3926506,
            50.3085383
          ],
          [
            5.3925691,
            50.3080575
          ],
          [
            5.3925379,
            50.3073968
          ]
        ]
      },
      "id": "way/1296077437"
    },
    {
      "type": "Feature",
      "properties": {
        "@id": "way/1296077438",
        "intermittent": "no",
        "name": "L'Ourthe",
        "name:fr": "L'Ourthe",
        "name:ru": "Урт",
        "source": "yahoo imagery/survey",
        "waterway": "river",
        "width": "10"
      },
      "geometry": {
        "type": "LineString",
        "coordinates": [
          [
            5.3925379,
            50.3073968
          ],
          [
            5.3925073,
            50.3073186
          ]
        ]
      },
      "id": "way/1296077438"
    },
    {
      "type": "Feature",
      "properties": {
        "@id": "way/1327473476",
        "intermittent": "no",
        "name": "L'Ourthe",
        "name:fr": "L'Ourthe",
        "tidal": "yes",
        "waterway": "river"
      },
      "geometry": {
        "type": "LineString",
        "coordinates": [
          [
            5.4517632,
            50.2675343
          ],
          [
            5.451711,
            50.2674722
          ],
          [
            5.4516329,
            50.2673404
          ],
          [
            5.4515385,
            50.2672631
          ],
          [
            5.4513954,
            50.2671723
          ],
          [
            5.4512454,
            50.2671249
          ],
          [
            5.4509876,
            50.2670938
          ],
          [
            5.4508993,
            50.2670921
          ],
          [
            5.4506644,
            50.2671062
          ],
          [
            5.4505311,
            50.26717
          ],
          [
            5.4503422,
            50.2672733
          ],
          [
            5.4501453,
            50.2673923
          ],
          [
            5.4499952,
            50.2674905
          ],
          [
            5.4499166,
            50.267556
          ],
          [
            5.4498528,
            50.2676087
          ]
        ]
      },
      "id": "way/1327473476"
    },
    {
      "type": "Feature",
      "properties": {
        "@id": "way/1330409392",
        "name": "La Salm",
        "waterway": "river",
        "wikipedia": "fr:Salm (rivière de Belgique)"
      },
      "geometry": {
        "type": "LineString",
        "coordinates": [
          [
            5.9032278,
            50.3279028
          ],
          [
            5.9029454,
            50.3278569
          ],
          [
            5.902865,
            50.327814
          ],
          [
            5.902809,
            50.3277806
          ],
          [
            5.9026745,
            50.3278056
          ],
          [
            5.9025643,
            50.3278832
          ],
          [
            5.9024597,
            50.3279929
          ],
          [
            5.9023993,
            50.3280543
          ]
        ]
      },
      "id": "way/1330409392"
    },
    {
      "type": "Feature",
      "properties": {
        "@id": "way/1330473394",
        "name": "La Salm",
        "waterway": "river"
      },
      "geometry": {
        "type": "LineString",
        "coordinates": [
          [
            5.907805,
            50.3236561
          ],
          [
            5.9077157,
            50.3238221
          ],
          [
            5.9074946,
            50.3239654
          ],
          [
            5.9072572,
            50.3241481
          ],
          [
            5.907036,
            50.3243122
          ],
          [
            5.9067465,
            50.3244575
          ],
          [
            5.9065612,
            50.3245697
          ],
          [
            5.9063237,
            50.3248666
          ],
          [
            5.906044,
            50.3251137
          ],
          [
            5.9058066,
            50.3252902
          ],
          [
            5.9056277,
            50.3253712
          ],
          [
            5.9054196,
            50.3254667
          ],
          [
            5.9052765,
            50.3255913
          ],
          [
            5.9051014,
            50.3256594
          ]
        ]
      },
      "id": "way/1330473394"
    },
    {
      "type": "Feature",
      "properties": {
        "@id": "way/1330473395",
        "name": "La Salm",
        "waterway": "river"
      },
      "geometry": {
        "type": "LineString",
        "coordinates": [
          [
            5.9065612,
            50.3245697
          ],
          [
            5.9063068,
            50.3244766
          ],
          [
            5.9061223,
            50.32443
          ],
          [
            5.9059308,
            50.3243623
          ]
        ]
      },
      "id": "way/1330473395"
    },
    {
      "type": "Feature",
      "properties": {
        "@id": "way/1330585535",
        "intermittent": "yes",
        "name": "Ourthe",
        "tidal": "yes",
        "waterway": "river"
      },
      "geometry": {
        "type": "LineString",
        "coordinates": [
          [
            5.5310843,
            50.4212063
          ],
          [
            5.5310549,
            50.4212903
          ],
          [
            5.5310408,
            50.4213963
          ],
          [
            5.531039,
            50.4215011
          ],
          [
            5.5310744,
            50.4216342
          ],
          [
            5.5311363,
            50.4217649
          ],
          [
            5.5311638,
            50.4218301
          ],
          [
            5.5312726,
            50.4219194
          ],
          [
            5.5314088,
            50.422013
          ],
          [
            5.5315646,
            50.4220874
          ],
          [
            5.5317663,
            50.4221731
          ],
          [
            5.5319769,
            50.4222746
          ],
          [
            5.5321436,
            50.4222767
          ]
        ]
      },
      "id": "way/1330585535"
    },
    {
      "type": "Feature",
      "properties": {
        "@id": "way/1330588483",
        "name": "Amblève",
        "waterway": "river"
      },
      "geometry": {
        "type": "LineString",
        "coordinates": [
          [
            5.6575263,
            50.4761471
          ],
          [
            5.6574533,
            50.4762776
          ],
          [
            5.6570027,
            50.4766074
          ],
          [
            5.6567995,
            50.4767902
          ],
          [
            5.6566198,
            50.4769448
          ],
          [
            5.6562555,
            50.477184
          ],
          [
            5.6560687,
            50.477291
          ],
          [
            5.6559391,
            50.4774055
          ],
          [
            5.6557989,
            50.4775183
          ],
          [
            5.6555463,
            50.4776849
          ],
          [
            5.6553968,
            50.4778163
          ],
          [
            5.6552921,
            50.4778732
          ],
          [
            5.6551519,
            50.4779212
          ],
          [
            5.6550379,
            50.4779712
          ],
          [
            5.6549393,
            50.4779722
          ],
          [
            5.6547667,
            50.4779565
          ],
          [
            5.6545927,
            50.4779555
          ],
          [
            5.654454,
            50.4779741
          ],
          [
            5.6543292,
            50.4780045
          ],
          [
            5.6541875,
            50.4780722
          ],
          [
            5.6538424,
            50.478228
          ],
          [
            5.6535759,
            50.4783633
          ],
          [
            5.6532986,
            50.4784947
          ],
          [
            5.6530645,
            50.4786006
          ],
          [
            5.6528719,
            50.4786829
          ],
          [
            5.6527425,
            50.4787339
          ],
          [
            5.6524652,
            50.4787506
          ],
          [
            5.6520754,
            50.4787557
          ],
          [
            5.6519025,
            50.4787579
          ]
        ]
      },
      "id": "way/1330588483"
    },
    {
      "type": "Feature",
      "properties": {
        "@id": "way/1330588484",
        "name": "Amblève",
        "waterway": "river"
      },
      "geometry": {
        "type": "LineString",
        "coordinates": [
          [
            5.6560687,
            50.477291
          ],
          [
            5.6560293,
            50.4773017
          ],
          [
            5.6556525,
            50.4773598
          ],
          [
            5.6553051,
            50.4774187
          ],
          [
            5.6549953,
            50.4774716
          ],
          [
            5.6547016,
            50.4775211
          ],
          [
            5.6545135,
            50.4775489
          ]
        ]
      },
      "id": "way/1330588484"
    },
    {
      "type": "Feature",
      "properties": {
        "@id": "way/1340553606",
        "intermittent": "no",
        "name": "Ourthe",
        "name:fr": "L'Ourthe",
        "tidal": "no",
        "waterway": "river"
      },
      "geometry": {
        "type": "LineString",
        "coordinates": [
          [
            5.5174247,
            50.2326537
          ],
          [
            5.5173036,
            50.2332231
          ],
          [
            5.5171884,
            50.2334467
          ],
          [
            5.5169509,
            50.2336425
          ],
          [
            5.5164497,
            50.2340042
          ],
          [
            5.5161205,
            50.2342596
          ],
          [
            5.5159174,
            50.2344597
          ],
          [
            5.5156488,
            50.2347032
          ],
          [
            5.5154192,
            50.2348905
          ],
          [
            5.5147896,
            50.2353678
          ],
          [
            5.5145674,
            50.2355186
          ]
        ]
      },
      "id": "way/1340553606"
    },
    {
      "type": "Feature",
      "properties": {
        "@id": "way/1340553611",
        "intermittent": "no",
        "name": "Ourthe",
        "name:fr": "L'Ourthe",
        "tidal": "no",
        "waterway": "river"
      },
      "geometry": {
        "type": "LineString",
        "coordinates": [
          [
            5.5142025,
            50.2357701
          ],
          [
            5.5141571,
            50.2357952
          ]
        ]
      },
      "id": "way/1340553611"
    },
    {
      "type": "Feature",
      "properties": {
        "@id": "way/1340553612",
        "intermittent": "no",
        "layer": "-1",
        "name": "Ourthe",
        "name:fr": "L'Ourthe",
        "tidal": "no",
        "tunnel": "culvert",
        "waterway": "river"
      },
      "geometry": {
        "type": "LineString",
        "coordinates": [
          [
            5.5145674,
            50.2355186
          ],
          [
            5.5145128,
            50.2355525
          ]
        ]
      },
      "id": "way/1340553612"
    },
    {
      "type": "Feature",
      "properties": {
        "@id": "way/1340553613",
        "intermittent": "no",
        "name": "Ourthe",
        "name:fr": "L'Ourthe",
        "tidal": "no",
        "waterway": "river"
      },
      "geometry": {
        "type": "LineString",
        "coordinates": [
          [
            5.5145128,
            50.2355525
          ],
          [
            5.5144066,
            50.235625
          ]
        ]
      },
      "id": "way/1340553613"
    },
    {
      "type": "Feature",
      "properties": {
        "@id": "way/1340553614",
        "intermittent": "no",
        "layer": "-1",
        "name": "Ourthe",
        "name:fr": "L'Ourthe",
        "tidal": "no",
        "tunnel": "culvert",
        "waterway": "river"
      },
      "geometry": {
        "type": "LineString",
        "coordinates": [
          [
            5.5144066,
            50.235625
          ],
          [
            5.5142025,
            50.2357701
          ]
        ]
      },
      "id": "way/1340553614"
    },
    {
      "type": "Feature",
      "properties": {
        "@id": "way/1361088626",
        "name": "La Salm",
        "waterway": "river"
      },
      "geometry": {
        "type": "LineString",
        "coordinates": [
          [
            5.915178,
            50.2520409
          ],
          [
            5.9151058,
            50.2521485
          ],
          [
            5.9150292,
            50.2522342
          ],
          [
            5.9149488,
            50.2523393
          ]
        ]
      },
      "id": "way/1361088626"
    },
    {
      "type": "Feature",
      "properties": {
        "@id": "way/1361088627",
        "name": "La Salm",
        "waterway": "river"
      },
      "geometry": {
        "type": "LineString",
        "coordinates": [
          [
            5.9151935,
            50.2522857
          ],
          [
            5.9152492,
            50.2523655
          ],
          [
            5.9152742,
            50.2524008
          ],
          [
            5.9152831,
            50.2524315
          ],
          [
            5.9152724,
            50.2524724
          ],
          [
            5.9152404,
            50.2525373
          ],
          [
            5.9152475,
            50.2525635
          ],
          [
            5.9152742,
            50.2525737
          ],
          [
            5.9153667,
            50.252601
          ],
          [
            5.9154307,
            50.2526215
          ],
          [
            5.9154877,
            50.2526397
          ],
          [
            5.9155162,
            50.2526579
          ],
          [
            5.9155233,
            50.2526829
          ],
          [
            5.9155179,
            50.2527227
          ],
          [
            5.915477,
            50.2529412
          ],
          [
            5.9154646,
            50.2530049
          ],
          [
            5.915461,
            50.2530823
          ],
          [
            5.915445,
            50.2531232
          ],
          [
            5.9153934,
            50.2531858
          ],
          [
            5.9153685,
            50.253262
          ],
          [
            5.9153667,
            50.2533246
          ],
          [
            5.9153809,
            50.2533883
          ],
          [
            5.9153969,
            50.253452
          ],
          [
            5.9154005,
            50.2535237
          ],
          [
            5.9153934,
            50.2535635
          ],
          [
            5.9153507,
            50.2535988
          ],
          [
            5.9153133,
            50.2536204
          ],
          [
            5.9152991,
            50.2536538
          ],
          [
            5.9152653,
            50.2536716
          ],
          [
            5.9152261,
            50.2537137
          ],
          [
            5.9151247,
            50.2538013
          ],
          [
            5.915066,
            50.2539151
          ],
          [
            5.9150631,
            50.2539353
          ],
          [
            5.9150553,
            50.2539523
          ],
          [
            5.9150322,
            50.253964
          ],
          [
            5.9149264,
            50.2539837
          ],
          [
            5.9148239,
            50.2540125
          ],
          [
            5.914687,
            50.254022
          ],
          [
            5.9145446,
            50.2540129
          ],
          [
            5.9143912,
            50.2539931
          ]
        ]
      },
      "id": "way/1361088627"
    },
    {
      "type": "Feature",
      "properties": {
        "@id": "way/1361088628",
        "name": "La Salm",
        "waterway": "river"
      },
      "geometry": {
        "type": "LineString",
        "coordinates": [
          [
            5.9147443,
            50.2535247
          ],
          [
            5.9148381,
            50.2536103
          ],
          [
            5.9148879,
            50.253666
          ],
          [
            5.914899,
            50.2537058
          ],
          [
            5.9148907,
            50.2537394
          ],
          [
            5.9148531,
            50.2537798
          ]
        ]
      },
      "id": "way/1361088628"
    },
    {
      "type": "Feature",
      "properties": {
        "@id": "way/1387040261",
        "name": "La Salm",
        "name:de": "Salm",
        "old_name": "Le Glain",
        "waterway": "river",
        "wikipedia": "fr:Salm (rivière de Belgique)"
      },
      "geometry": {
        "type": "LineString",
        "coordinates": [
          [
            5.9037886,
            50.3130112
          ],
          [
            5.9041509,
            50.3129395
          ],
          [
            5.9042983,
            50.3129585
          ],
          [
            5.9044111,
            50.3129498
          ],
          [
            5.9046203,
            50.3129036
          ],
          [
            5.9047276,
            50.3129892
          ],
          [
            5.9047061,
            50.3131177
          ],
          [
            5.9046739,
            50.3132187
          ],
          [
            5.9045532,
            50.3133215
          ],
          [
            5.9045451,
            50.3133885
          ],
          [
            5.9046149,
            50.31345
          ],
          [
            5.9048,
            50.3135666
          ],
          [
            5.9048805,
            50.3136983
          ],
          [
            5.9050173,
            50.3137976
          ],
          [
            5.9051245,
            50.3139382
          ],
          [
            5.9052024,
            50.3140032
          ],
          [
            5.9052291,
            50.3141488
          ],
          [
            5.9051791,
            50.3142183
          ],
          [
            5.9051513,
            50.3142568
          ],
          [
            5.9049663,
            50.3144793
          ],
          [
            5.904867,
            50.3146747
          ],
          [
            5.9048322,
            50.3148853
          ],
          [
            5.9049045,
            50.3149967
          ],
          [
            5.9050494,
            50.3151268
          ],
          [
            5.9051298,
            50.3152365
          ],
          [
            5.9053177,
            50.3153785
          ],
          [
            5.9055577,
            50.3154943
          ],
          [
            5.9057468,
            50.3155627
          ],
          [
            5.90583,
            50.3156406
          ],
          [
            5.9059238,
            50.3158257
          ],
          [
            5.9060365,
            50.316002
          ],
          [
            5.9061277,
            50.316091
          ],
          [
            5.9062296,
            50.3161477
          ],
          [
            5.9062645,
            50.3162503
          ],
          [
            5.9062135,
            50.3164079
          ],
          [
            5.9061974,
            50.3165159
          ],
          [
            5.9061947,
            50.3167196
          ],
          [
            5.9062586,
            50.3168431
          ],
          [
            5.9062752,
            50.3169936
          ],
          [
            5.9062512,
            50.3171008
          ],
          [
            5.9060699,
            50.317273
          ]
        ]
      },
      "id": "way/1387040261"
    },
    {
      "type": "Feature",
      "properties": {
        "@id": "way/1450002552",
        "name": "Amblève",
        "waterway": "river"
      },
      "geometry": {
        "type": "LineString",
        "coordinates": [
          [
            5.8486563,
            50.398857
          ],
          [
            5.8486003,
            50.3987475
          ],
          [
            5.8483921,
            50.3986957
          ],
          [
            5.8480116,
            50.3986687
          ],
          [
            5.8475921,
            50.3986978
          ],
          [
            5.8473319,
            50.3987019
          ],
          [
            5.8469501,
            50.3988057
          ]
        ]
      },
      "id": "way/1450002552"
    },
    {
      "type": "Feature",
      "properties": {
        "@id": "way/1450002553",
        "name": "Amblève",
        "waterway": "river"
      },
      "geometry": {
        "type": "LineString",
        "coordinates": [
          [
            5.8528403,
            50.4013123
          ],
          [
            5.8528205,
            50.4011629
          ],
          [
            5.8529718,
            50.4009801
          ],
          [
            5.8530667,
            50.4008879
          ],
          [
            5.853125,
            50.4008336
          ],
          [
            5.8532493,
            50.4006705
          ],
          [
            5.8533371,
            50.4005938
          ],
          [
            5.8534639,
            50.4004678
          ]
        ]
      },
      "id": "way/1450002553"
    },
    {
      "type": "Feature",
      "properties": {
        "@id": "way/1450002555",
        "name": "Amblève",
        "waterway": "river"
      },
      "geometry": {
        "type": "LineString",
        "coordinates": [
          [
            5.8528403,
            50.4013123
          ],
          [
            5.8530756,
            50.4013068
          ],
          [
            5.853199,
            50.4012364
          ],
          [
            5.8533202,
            50.4011372
          ],
          [
            5.853344,
            50.4011047
          ],
          [
            5.8533717,
            50.4010668
          ],
          [
            5.8534371,
            50.4009225
          ],
          [
            5.8534577,
            50.4006572
          ]
        ]
      },
      "id": "way/1450002555"
    },
    {
      "type": "Feature",
      "properties": {
        "@id": "way/1497877606",
        "alt_name": "Le Glain",
        "covered": "yes",
        "name": "La Salm",
        "waterway": "river",
        "wikidata": "Q552315",
        "wikipedia": "fr:Salm (rivière de Belgique)"
      },
      "geometry": {
        "type": "LineString",
        "coordinates": [
          [
            5.913316,
            50.2887246
          ],
          [
            5.9133009,
            50.2887647
          ]
        ]
      },
      "id": "way/1497877606"
    }
  ]
}